Time,main.q1_base,main.q1_collector
1.562500e-08,1.030238e+00,5.600092e+00
1.953125e-08,1.030207e+00,2.724528e+00
2.187500e-08,1.030188e+00,1.093350e+00
2.257812e-08,1.030183e+00,6.122239e-01
2.300000e-08,1.030180e+00,3.718558e-01
2.342187e-08,1.030177e+00,3.201744e-01
2.384375e-08,1.030174e+00,3.178464e-01
2.426562e-08,1.030171e+00,3.192225e-01
2.477187e-08,1.030167e+00,3.199555e-01
2.537937e-08,1.030163e+00,3.200869e-01
2.610837e-08,1.030159e+00,3.200778e-01
2.698317e-08,1.030153e+00,3.200629e-01
2.803293e-08,1.030146e+00,3.200547e-01
2.929265e-08,1.030138e+00,3.200476e-01
3.080430e-08,1.030128e+00,3.200392e-01
3.261829e-08,1.030116e+00,3.200291e-01
3.479507e-08,1.030102e+00,3.200169e-01
3.740721e-08,1.030085e+00,3.200023e-01
4.054177e-08,1.030065e+00,3.199848e-01
4.430325e-08,1.030041e+00,3.199638e-01
4.881703e-08,1.030011e+00,3.199389e-01
5.423356e-08,1.029976e+00,3.199087e-01
6.073340e-08,1.029934e+00,3.198724e-01
6.853320e-08,1.029884e+00,3.198290e-01
7.789297e-08,1.029823e+00,3.197768e-01
8.912469e-08,1.029750e+00,3.197143e-01
1.026027e-07,1.029663e+00,3.196393e-01
1.187764e-07,1.029558e+00,3.195494e-01
1.381848e-07,1.029433e+00,3.194415e-01
1.614749e-07,1.029282e+00,3.193122e-01
1.894230e-07,1.029102e+00,3.191572e-01
2.229608e-07,1.028886e+00,3.189715e-01
2.632060e-07,1.028627e+00,3.187489e-01
3.115004e-07,1.028316e+00,3.184824e-01
3.694536e-07,1.027944e+00,3.181632e-01
4.389974e-07,1.027499e+00,3.177813e-01
5.224500e-07,1.026967e+00,3.173245e-01
6.225932e-07,1.026330e+00,3.167784e-01
7.427649e-07,1.025569e+00,3.161262e-01
8.869710e-07,1.024660e+00,3.153479e-01
1.060018e-06,1.023577e+00,3.144203e-01
1.267675e-06,1.022285e+00,3.133162e-01
1.516863e-06,1.020748e+00,3.120040e-01
1.815889e-06,1.018923e+00,3.104476e-01
2.174720e-06,1.016760e+00,3.086057e-01
2.605317e-06,1.014202e+00,3.064323e-01
3.122034e-06,1.011186e+00,3.038759e-01
3.742094e-06,1.007642e+00,3.008811e-01
4.486166e-06,1.003496e+00,2.973894e-01
5.379052e-06,9.986686e-01,2.933415e-01
6.450515e-06,9.930816e-01,2.886807e-01
7.736271e-06,9.866610e-01,2.833580e-01
9.279179e-06,9.793439e-01,2.773382e-01
1.113067e-05,9.710849e-01,2.707299e-01
1.335245e-05,9.618729e-01,2.633654e-01
1.601860e-05,9.517403e-01,2.553929e-01
1.921797e-05,9.407714e-01,2.470853e-01
2.305722e-05,9.291248e-01,2.384172e-01
2.766432e-05,9.170278e-01,2.299054e-01
3.319283e-05,9.047849e-01,2.217871e-01
3.872135e-05,8.940095e-01,2.150874e-01
4.424986e-05,8.848787e-01,2.101039e-01
4.977838e-05,8.772826e-01,2.063656e-01
5.530690e-05,8.710048e-01,2.038677e-01
6.083541e-05,8.658295e-01,2.022890e-01
6.636393e-05,8.615617e-01,2.025153e-01
7.299815e-05,8.576160e-01,2.023104e-01
8.095921e-05,8.540035e-01,2.028153e-01
9.051249e-05,8.508006e-01,2.040034e-01
1.005125e-04,8.483750e-01,2.059425e-01
1.105125e-04,8.466859e-01,2.081623e-01
1.205125e-04,8.455957e-01,2.107193e-01
1.305125e-04,8.449808e-01,2.132269e-01
1.405125e-04,8.447290e-01,2.157075e-01
1.505125e-04,8.447495e-01,2.179655e-01
1.605125e-04,8.449720e-01,2.202687e-01
1.705125e-04,8.453436e-01,2.225189e-01
1.805125e-04,8.458244e-01,2.247030e-01
1.905125e-04,8.463849e-01,2.268126e-01
2.005125e-04,8.470030e-01,2.288084e-01
2.105125e-04,8.476625e-01,2.307298e-01
2.205125e-04,8.483510e-01,2.326951e-01
2.305125e-04,8.490596e-01,2.346792e-01
2.405125e-04,8.497817e-01,2.366777e-01
2.505125e-04,8.505122e-01,2.389012e-01
2.605125e-04,8.512485e-01,2.408501e-01
2.705125e-04,8.519879e-01,2.430884e-01
2.805125e-04,8.527273e-01,2.469206e-01
2.905125e-04,8.534672e-01,2.492944e-01
3.005125e-04,8.542080e-01,2.517928e-01
3.105125e-04,8.549497e-01,2.543529e-01
3.205125e-04,8.556925e-01,2.570118e-01
3.305125e-04,8.564369e-01,2.597783e-01
3.405125e-04,8.571835e-01,2.626616e-01
3.505125e-04,8.579329e-01,2.656711e-01
3.605125e-04,8.586858e-01,2.689770e-01
3.705125e-04,8.594429e-01,2.723320e-01
3.805125e-04,8.602053e-01,2.758516e-01
3.905125e-04,8.609736e-01,2.797473e-01
4.005125e-04,8.617487e-01,2.837288e-01
4.105125e-04,8.625313e-01,2.881356e-01
4.205125e-04,8.633223e-01,2.926759e-01
4.305125e-04,8.641224e-01,2.977313e-01
4.405125e-04,8.649322e-01,3.029706e-01
4.505125e-04,8.657524e-01,3.088448e-01
4.605125e-04,8.665831e-01,3.152637e-01
4.705125e-04,8.674249e-01,3.222660e-01
4.805125e-04,8.682777e-01,3.302214e-01
4.905125e-04,8.691418e-01,3.386988e-01
5.005125e-04,8.700172e-01,3.481948e-01
5.105125e-04,8.709043e-01,3.582057e-01
5.205125e-04,8.718035e-01,3.687324e-01
5.305125e-04,8.727157e-01,3.795610e-01
5.405125e-04,8.736426e-01,3.896044e-01
5.505125e-04,8.745870e-01,3.983675e-01
5.605125e-04,8.755511e-01,4.057071e-01
5.705125e-04,8.765387e-01,4.103193e-01
5.805125e-04,8.775531e-01,4.121488e-01
5.905125e-04,8.785943e-01,4.137781e-01
6.005125e-04,8.796613e-01,4.150107e-01
6.105125e-04,8.807531e-01,4.156725e-01
6.205125e-04,8.818871e-01,3.998692e-01
6.305125e-04,8.830618e-01,3.864718e-01
6.405125e-04,8.842741e-01,3.721498e-01
6.505125e-04,8.855180e-01,3.593858e-01
6.605125e-04,8.867870e-01,3.484917e-01
6.705125e-04,8.880748e-01,3.399414e-01
6.805125e-04,8.893766e-01,3.330515e-01
6.905125e-04,8.906888e-01,3.274694e-01
7.005125e-04,8.920088e-01,3.231983e-01
7.105125e-04,8.933344e-01,3.201395e-01
7.205125e-04,8.946650e-01,3.170174e-01
7.305125e-04,8.959998e-01,3.145857e-01
7.405125e-04,8.973379e-01,3.126328e-01
7.505125e-04,8.986788e-01,3.109080e-01
7.605125e-04,9.000214e-01,3.096090e-01
7.705125e-04,9.013655e-01,3.083332e-01
7.805125e-04,9.027100e-01,3.073759e-01
7.905125e-04,9.040541e-01,3.065882e-01
8.005125e-04,9.053967e-01,3.062418e-01
8.105125e-04,9.067372e-01,3.056534e-01
8.205125e-04,9.080746e-01,3.053728e-01
8.305125e-04,9.094081e-01,3.049176e-01
8.405125e-04,9.107366e-01,3.048877e-01
8.505125e-04,9.120588e-01,3.050297e-01
8.605125e-04,9.133741e-01,3.048505e-01
8.705125e-04,9.146814e-01,3.050567e-01
8.805125e-04,9.159796e-01,3.053730e-01
8.905125e-04,9.172677e-01,3.057221e-01
9.005125e-04,9.185450e-01,3.059791e-01
9.105125e-04,9.198107e-01,3.063109e-01
9.205125e-04,9.210635e-01,3.069621e-01
9.305125e-04,9.223030e-01,3.073007e-01
9.405125e-04,9.235282e-01,3.080635e-01
9.505125e-04,9.247383e-01,3.086467e-01
9.605125e-04,9.259327e-01,3.095052e-01
9.705125e-04,9.271107e-01,3.102082e-01
9.805125e-04,9.282720e-01,3.109705e-01
9.905125e-04,9.294159e-01,3.118115e-01
1.000512e-03,9.305423e-01,3.123847e-01
1.010512e-03,9.316501e-01,3.136008e-01
1.020512e-03,9.327397e-01,3.142584e-01
1.030512e-03,9.338102e-01,3.154815e-01
1.040512e-03,9.348616e-01,3.165079e-01
1.050512e-03,9.358942e-01,3.173107e-01
1.060512e-03,9.369074e-01,3.185140e-01
1.070512e-03,9.379016e-01,3.194856e-01
1.080512e-03,9.388762e-01,3.209212e-01
1.090512e-03,9.398318e-01,3.220569e-01
1.100512e-03,9.407684e-01,3.233448e-01
1.110512e-03,9.416867e-01,3.243506e-01
1.120512e-03,9.425867e-01,3.257047e-01
1.130512e-03,9.434686e-01,3.271981e-01
1.140512e-03,9.443328e-01,3.286612e-01
1.150512e-03,9.451800e-01,3.300678e-01
1.160512e-03,9.460107e-01,3.315265e-01
1.170512e-03,9.468255e-01,3.332402e-01
1.180512e-03,9.476251e-01,3.347044e-01
1.190512e-03,9.484103e-01,3.363185e-01
1.200512e-03,9.491817e-01,3.381563e-01
1.210512e-03,9.499398e-01,3.401908e-01
1.220512e-03,9.506858e-01,3.419792e-01
1.230512e-03,9.514205e-01,3.440619e-01
1.240512e-03,9.521448e-01,3.461464e-01
1.250512e-03,9.528599e-01,3.481519e-01
1.260512e-03,9.535668e-01,3.502444e-01
1.270512e-03,9.542662e-01,3.527785e-01
1.280512e-03,9.549589e-01,3.554257e-01
1.290512e-03,9.556466e-01,3.577618e-01
1.300512e-03,9.563297e-01,3.608147e-01
1.310512e-03,9.570095e-01,3.637338e-01
1.320512e-03,9.576873e-01,3.667230e-01
1.330512e-03,9.583637e-01,3.702397e-01
1.340512e-03,9.590399e-01,3.738349e-01
1.350512e-03,9.597168e-01,3.777799e-01
1.360512e-03,9.603954e-01,3.821013e-01
1.370512e-03,9.610763e-01,3.868759e-01
1.380512e-03,9.617604e-01,3.921294e-01
1.390512e-03,9.624481e-01,3.981902e-01
1.400512e-03,9.631397e-01,4.051816e-01
1.410512e-03,9.638351e-01,4.134301e-01
1.420512e-03,9.645338e-01,4.234218e-01
1.430512e-03,9.652338e-01,4.362794e-01
1.440512e-03,9.659317e-01,4.534702e-01
1.450512e-03,9.666214e-01,4.773109e-01
1.460512e-03,9.672975e-01,5.074159e-01
1.470512e-03,9.679566e-01,5.428889e-01
1.480512e-03,9.685987e-01,5.816419e-01
1.490512e-03,9.692268e-01,6.219928e-01
1.500512e-03,9.698456e-01,6.628022e-01
1.510512e-03,9.704593e-01,7.044491e-01
1.520512e-03,9.710730e-01,7.453208e-01
1.530512e-03,9.716911e-01,7.859324e-01
1.540512e-03,9.723186e-01,8.246292e-01
1.550512e-03,9.729606e-01,8.612718e-01
1.560512e-03,9.736216e-01,8.954124e-01
1.570512e-03,9.743070e-01,9.257435e-01
1.580512e-03,9.750206e-01,9.531693e-01
1.590512e-03,9.757660e-01,9.769164e-01
1.600512e-03,9.765486e-01,9.948305e-01
1.610512e-03,9.773719e-01,1.008479e+00
1.620512e-03,9.782393e-01,1.016773e+00
1.630512e-03,9.791538e-01,1.019675e+00
1.640512e-03,9.801130e-01,1.021586e+00
1.650512e-03,9.811136e-01,1.021809e+00
1.660512e-03,9.821595e-01,1.014204e+00
1.670512e-03,9.832616e-01,9.940404e-01
1.680512e-03,9.844254e-01,9.661036e-01
1.690512e-03,9.856537e-01,9.309644e-01
1.700512e-03,9.869496e-01,8.870400e-01
1.710512e-03,9.883145e-01,8.354905e-01
1.720512e-03,9.897496e-01,7.757197e-01
1.730512e-03,9.912560e-01,7.075982e-01
1.740512e-03,9.928350e-01,6.305332e-01
1.750512e-03,9.944855e-01,5.466849e-01
1.760512e-03,9.961808e-01,4.774910e-01
1.770512e-03,9.978639e-01,4.464646e-01
1.780512e-03,9.995006e-01,4.321587e-01
1.790512e-03,1.001081e+00,4.240123e-01
1.800512e-03,1.002605e+00,4.188408e-01
1.810512e-03,1.004079e+00,4.153231e-01
1.820512e-03,1.005511e+00,4.128946e-01
1.830512e-03,1.006905e+00,4.110836e-01
1.840512e-03,1.008268e+00,4.098393e-01
1.850512e-03,1.009604e+00,4.091134e-01
1.860512e-03,1.010915e+00,4.085282e-01
1.870512e-03,1.012206e+00,4.081713e-01
1.880512e-03,1.013477e+00,4.078293e-01
1.890512e-03,1.014730e+00,4.077281e-01
1.900512e-03,1.015966e+00,4.077454e-01
1.910512e-03,1.017185e+00,4.078694e-01
1.920512e-03,1.018388e+00,4.080896e-01
1.930512e-03,1.019574e+00,4.083976e-01
1.940512e-03,1.020743e+00,4.087864e-01
1.950512e-03,1.021896e+00,4.093995e-01
1.960512e-03,1.023031e+00,4.098870e-01
1.970512e-03,1.024148e+00,4.106800e-01
1.980512e-03,1.025248e+00,4.110042e-01
1.990512e-03,1.026330e+00,4.120051e-01
2.000512e-03,1.027393e+00,4.124554e-01
2.010512e-03,1.028437e+00,4.134723e-01
2.020512e-03,1.029463e+00,4.144353e-01
2.030512e-03,1.030469e+00,4.149836e-01
2.040512e-03,1.031456e+00,4.159992e-01
2.050512e-03,1.032424e+00,4.169945e-01
2.060512e-03,1.033372e+00,4.179857e-01
2.070512e-03,1.034300e+00,4.193493e-01
2.080512e-03,1.035210e+00,4.202770e-01
2.090512e-03,1.036099e+00,4.216281e-01
2.100512e-03,1.036970e+00,4.225715e-01
2.110512e-03,1.037822e+00,4.237561e-01
2.120512e-03,1.038656e+00,4.253993e-01
2.130512e-03,1.039471e+00,4.267522e-01
2.140512e-03,1.040269e+00,4.281779e-01
2.150512e-03,1.041049e+00,4.296500e-01
2.160512e-03,1.041813e+00,4.310673e-01
2.170512e-03,1.042561e+00,4.326543e-01
2.180512e-03,1.043293e+00,4.344495e-01
2.190512e-03,1.044011e+00,4.361705e-01
2.200512e-03,1.044715e+00,4.379900e-01
2.210512e-03,1.045405e+00,4.398996e-01
2.220512e-03,1.046084e+00,4.418133e-01
2.230512e-03,1.046750e+00,4.439731e-01
2.240512e-03,1.047407e+00,4.462540e-01
2.250512e-03,1.048053e+00,4.486574e-01
2.260512e-03,1.048691e+00,4.511960e-01
2.270512e-03,1.049322e+00,4.538849e-01
2.280512e-03,1.049945e+00,4.567415e-01
2.290512e-03,1.050563e+00,4.597868e-01
2.300512e-03,1.051176e+00,4.632140e-01
2.310512e-03,1.051785e+00,4.668216e-01
2.320512e-03,1.052391e+00,4.707404e-01
2.330512e-03,1.052995e+00,4.752858e-01
2.340512e-03,1.053598e+00,4.801592e-01
2.350512e-03,1.054200e+00,4.859397e-01
2.360512e-03,1.054801e+00,4.923123e-01
2.370512e-03,1.055402e+00,5.005899e-01
2.380512e-03,1.056002e+00,5.103947e-01
2.390512e-03,1.056598e+00,5.238245e-01
2.400512e-03,1.057185e+00,5.431049e-01
2.410512e-03,1.057754e+00,5.715403e-01
2.420512e-03,1.058296e+00,6.102884e-01
2.430512e-03,1.058804e+00,6.567644e-01
2.440512e-03,1.059262e+00,7.232457e-01
2.450512e-03,1.059681e+00,7.818501e-01
2.460512e-03,1.060069e+00,8.435128e-01
2.470512e-03,1.060433e+00,9.076591e-01
2.480512e-03,1.060778e+00,9.736199e-01
2.490512e-03,1.061108e+00,1.040777e+00
2.500512e-03,1.061429e+00,1.108522e+00
2.510512e-03,1.061746e+00,1.176256e+00
2.520512e-03,1.062063e+00,1.243384e+00
2.530512e-03,1.062386e+00,1.309323e+00
2.540512e-03,1.062719e+00,1.373500e+00
2.550512e-03,1.063067e+00,1.435353e+00
2.560512e-03,1.063435e+00,1.494337e+00
2.570512e-03,1.063827e+00,1.549924e+00
2.580512e-03,1.064248e+00,1.601605e+00
2.590512e-03,1.064703e+00,1.648889e+00
2.600512e-03,1.065195e+00,1.691311e+00
2.610512e-03,1.065729e+00,1.728427e+00
2.620512e-03,1.066309e+00,1.759819e+00
2.630512e-03,1.066937e+00,1.785097e+00
2.640512e-03,1.067618e+00,1.803896e+00
2.650512e-03,1.068354e+00,1.815883e+00
2.660512e-03,1.069149e+00,1.820754e+00
2.670512e-03,1.070005e+00,1.818235e+00
2.680512e-03,1.070925e+00,1.808085e+00
2.690512e-03,1.071911e+00,1.790095e+00
2.700512e-03,1.072965e+00,1.764090e+00
2.710512e-03,1.074088e+00,1.729929e+00
2.720512e-03,1.075281e+00,1.687503e+00
2.730512e-03,1.076546e+00,1.636741e+00
2.740512e-03,1.077884e+00,1.577604e+00
2.750512e-03,1.079294e+00,1.510091e+00
2.760512e-03,1.080776e+00,1.434232e+00
2.770512e-03,1.082331e+00,1.350097e+00
2.780512e-03,1.083958e+00,1.257787e+00
2.790512e-03,1.085655e+00,1.157441e+00
2.800512e-03,1.087423e+00,1.049229e+00
2.810512e-03,1.089259e+00,9.333451e-01
2.820512e-03,1.091161e+00,8.100514e-01
2.830512e-03,1.093127e+00,6.800618e-01
2.835512e-03,1.094415e+00,5.912246e-01
2.840512e-03,1.095418e+00,5.580933e-01
2.845512e-03,1.096397e+00,5.409463e-01
2.850512e-03,1.097344e+00,5.307776e-01
2.856512e-03,1.098326e+00,5.242621e-01
2.862512e-03,1.099362e+00,5.184017e-01
2.868512e-03,1.100362e+00,5.147936e-01
2.874512e-03,1.101325e+00,5.114307e-01
2.880512e-03,1.102252e+00,5.091740e-01
2.886512e-03,1.103146e+00,5.079558e-01
2.892512e-03,1.104009e+00,5.068803e-01
2.898512e-03,1.104845e+00,5.055759e-01
2.904512e-03,1.105657e+00,5.048858e-01
2.910512e-03,1.106447e+00,5.039088e-01
2.916512e-03,1.107218e+00,5.040902e-01
2.922512e-03,1.107970e+00,5.038887e-01
2.928512e-03,1.108706e+00,5.034059e-01
2.934512e-03,1.109427e+00,5.032374e-01
2.940512e-03,1.110135e+00,5.033425e-01
2.946512e-03,1.110830e+00,5.030793e-01
2.952512e-03,1.111512e+00,5.033353e-01
2.958512e-03,1.112184e+00,5.036331e-01
2.964512e-03,1.112845e+00,5.033106e-01
2.970512e-03,1.113496e+00,5.037194e-01
2.976512e-03,1.114137e+00,5.041703e-01
2.982512e-03,1.114769e+00,5.045406e-01
2.988512e-03,1.115392e+00,5.045348e-01
2.994512e-03,1.116007e+00,5.047108e-01
3.000512e-03,1.116613e+00,5.053125e-01
3.007712e-03,1.117199e+00,5.061744e-01
3.014912e-03,1.117919e+00,5.066319e-01
3.022112e-03,1.118623e+00,5.069665e-01
3.029312e-03,1.119315e+00,5.075829e-01
3.036512e-03,1.119993e+00,5.080876e-01
3.043712e-03,1.120660e+00,5.083699e-01
3.050912e-03,1.121314e+00,5.097014e-01
3.058112e-03,1.121957e+00,5.102659e-01
3.065312e-03,1.122589e+00,5.106416e-01
3.072512e-03,1.123210e+00,5.114713e-01
3.079712e-03,1.123820e+00,5.122396e-01
3.086912e-03,1.124419e+00,5.135316e-01
3.094112e-03,1.125008e+00,5.137130e-01
3.101312e-03,1.125587e+00,5.147066e-01
3.108512e-03,1.126155e+00,5.160683e-01
3.115712e-03,1.126713e+00,5.168426e-01
3.122912e-03,1.127262e+00,5.174232e-01
3.130112e-03,1.127802e+00,5.184331e-01
3.137312e-03,1.128332e+00,5.199107e-01
3.144512e-03,1.128852e+00,5.212163e-01
3.151712e-03,1.129363e+00,5.220880e-01
3.158912e-03,1.129867e+00,5.229470e-01
3.166112e-03,1.130361e+00,5.244009e-01
3.173312e-03,1.130847e+00,5.256912e-01
3.180512e-03,1.131326e+00,5.268935e-01
3.187712e-03,1.131797e+00,5.282253e-01
3.194912e-03,1.132260e+00,5.294713e-01
3.202112e-03,1.132717e+00,5.313202e-01
3.209312e-03,1.133167e+00,5.323379e-01
3.216512e-03,1.133610e+00,5.341174e-01
3.223712e-03,1.134047e+00,5.360579e-01
3.230912e-03,1.134478e+00,5.374278e-01
3.238112e-03,1.134904e+00,5.398820e-01
3.245312e-03,1.135324e+00,5.410862e-01
3.252512e-03,1.135740e+00,5.434226e-01
3.259712e-03,1.136151e+00,5.455959e-01
3.266912e-03,1.136558e+00,5.482267e-01
3.274112e-03,1.136962e+00,5.504491e-01
3.281312e-03,1.137361e+00,5.533150e-01
3.288512e-03,1.137758e+00,5.560887e-01
3.295712e-03,1.138151e+00,5.593471e-01
3.302912e-03,1.138542e+00,5.625590e-01
3.310112e-03,1.138930e+00,5.668967e-01
3.317312e-03,1.139316e+00,5.711481e-01
3.325952e-03,1.139798e+00,5.756809e-01
3.335952e-03,1.140336e+00,5.823458e-01
3.345952e-03,1.140835e+00,5.924313e-01
3.355952e-03,1.141339e+00,6.062643e-01
3.365952e-03,1.141834e+00,6.266814e-01
3.375952e-03,1.142305e+00,6.594060e-01
3.385952e-03,1.142736e+00,7.059916e-01
3.395952e-03,1.143119e+00,7.619655e-01
3.405952e-03,1.143454e+00,8.239894e-01
3.415952e-03,1.143742e+00,8.912440e-01
3.425952e-03,1.143988e+00,9.631227e-01
3.435952e-03,1.144195e+00,1.039072e+00
3.445952e-03,1.144369e+00,1.118528e+00
3.455952e-03,1.144512e+00,1.200911e+00
3.465952e-03,1.144631e+00,1.285636e+00
3.475952e-03,1.144732e+00,1.371005e+00
3.485952e-03,1.144817e+00,1.458357e+00
3.495952e-03,1.144893e+00,1.546320e+00
3.505952e-03,1.144963e+00,1.634264e+00
3.515952e-03,1.145032e+00,1.721611e+00
3.525952e-03,1.145108e+00,1.806396e+00
3.535952e-03,1.145193e+00,1.890520e+00
3.545952e-03,1.145292e+00,1.972439e+00
3.555952e-03,1.145412e+00,2.049945e+00
3.565952e-03,1.145555e+00,2.125373e+00
3.575952e-03,1.145726e+00,2.197097e+00
3.585952e-03,1.145931e+00,2.262812e+00
3.595952e-03,1.146172e+00,2.325145e+00
3.605952e-03,1.146456e+00,2.380612e+00
3.615952e-03,1.146784e+00,2.432000e+00
3.625952e-03,1.147161e+00,2.475796e+00
3.635952e-03,1.147589e+00,2.514870e+00
3.645952e-03,1.148073e+00,2.545938e+00
3.655952e-03,1.148615e+00,2.569925e+00
3.665952e-03,1.149219e+00,2.584958e+00
3.675952e-03,1.149888e+00,2.594493e+00
3.685952e-03,1.150618e+00,2.598740e+00
3.695952e-03,1.151407e+00,2.599285e+00
3.705952e-03,1.152253e+00,2.595030e+00
3.715952e-03,1.153164e+00,2.576057e+00
3.725952e-03,1.154147e+00,2.546255e+00
3.735952e-03,1.155203e+00,2.508839e+00
3.745952e-03,1.156331e+00,2.464750e+00
3.755952e-03,1.157533e+00,2.410408e+00
3.765952e-03,1.158810e+00,2.347111e+00
3.775952e-03,1.160162e+00,2.275215e+00
3.785952e-03,1.161585e+00,2.196574e+00
3.795952e-03,1.163081e+00,2.108254e+00
3.805952e-03,1.164647e+00,2.013383e+00
3.815952e-03,1.166282e+00,1.909306e+00
3.825952e-03,1.167986e+00,1.797628e+00
3.835952e-03,1.169754e+00,1.679991e+00
3.845952e-03,1.171585e+00,1.554318e+00
3.855952e-03,1.173475e+00,1.423184e+00
3.865952e-03,1.175423e+00,1.284878e+00
3.875952e-03,1.177424e+00,1.140822e+00
3.885952e-03,1.179476e+00,9.922892e-01
3.895952e-03,1.181574e+00,8.381934e-01
3.905952e-03,1.183704e+00,6.896808e-01
3.915952e-03,1.185754e+00,6.294691e-01
3.925952e-03,1.187654e+00,6.114195e-01
3.933952e-03,1.189315e+00,6.028136e-01
3.941952e-03,1.190610e+00,5.992101e-01
3.949952e-03,1.191804e+00,5.965118e-01
3.957952e-03,1.192918e+00,5.943554e-01
3.965952e-03,1.193966e+00,5.932025e-01
3.973952e-03,1.194959e+00,5.922691e-01
3.981952e-03,1.195904e+00,5.921847e-01
3.989952e-03,1.196808e+00,5.917419e-01
3.997952e-03,1.197674e+00,5.923293e-01
4.005952e-03,1.198509e+00,5.917665e-01
4.013952e-03,1.199315e+00,5.926725e-01
4.021952e-03,1.200096e+00,5.926027e-01
4.029952e-03,1.200854e+00,5.928523e-01
4.037952e-03,1.201590e+00,5.932637e-01
4.047552e-03,1.202287e+00,5.949605e-01
4.057152e-03,1.203144e+00,5.956472e-01
4.066752e-03,1.203970e+00,5.960632e-01
4.076352e-03,1.204767e+00,5.972952e-01
4.085952e-03,1.205540e+00,5.982720e-01
4.095552e-03,1.206289e+00,5.993361e-01
4.105152e-03,1.207018e+00,5.999302e-01
4.114752e-03,1.207725e+00,6.013048e-01
4.124352e-03,1.208414e+00,6.022937e-01
4.133952e-03,1.209083e+00,6.043607e-01
4.143552e-03,1.209734e+00,6.057063e-01
4.153152e-03,1.210369e+00,6.069089e-01
4.162752e-03,1.210988e+00,6.080676e-01
4.172352e-03,1.211590e+00,6.106594e-01
4.181952e-03,1.212177e+00,6.124017e-01
4.191552e-03,1.212750e+00,6.143444e-01
4.201152e-03,1.213309e+00,6.163922e-01
4.210752e-03,1.213857e+00,6.182786e-01
4.220352e-03,1.214391e+00,6.210901e-01
4.229952e-03,1.214915e+00,6.236479e-01
4.239552e-03,1.215428e+00,6.264915e-01
4.249152e-03,1.215932e+00,6.292095e-01
4.258752e-03,1.216427e+00,6.327197e-01
4.268352e-03,1.216912e+00,6.371712e-01
4.277952e-03,1.217390e+00,6.412051e-01
4.287952e-03,1.217880e+00,6.463308e-01
4.297952e-03,1.218361e+00,6.524015e-01
4.307952e-03,1.218835e+00,6.599916e-01
4.317952e-03,1.219301e+00,6.696246e-01
4.327952e-03,1.219756e+00,6.829625e-01
4.337952e-03,1.220193e+00,7.027983e-01
4.347952e-03,1.220602e+00,7.347707e-01
4.357952e-03,1.220964e+00,7.830177e-01
4.367952e-03,1.221271e+00,8.416861e-01
4.377952e-03,1.221521e+00,9.071047e-01
4.387952e-03,1.221716e+00,9.797145e-01
4.397952e-03,1.221859e+00,1.056523e+00
4.407952e-03,1.221954e+00,1.139141e+00
4.417952e-03,1.222005e+00,1.226541e+00
4.427952e-03,1.222015e+00,1.318131e+00
4.437952e-03,1.221990e+00,1.413362e+00
4.447952e-03,1.221934e+00,1.510309e+00
4.457952e-03,1.221853e+00,1.610690e+00
4.467952e-03,1.221749e+00,1.713119e+00
4.477952e-03,1.221630e+00,1.815323e+00
4.487952e-03,1.221498e+00,1.919415e+00
4.497952e-03,1.221360e+00,2.022081e+00
4.507952e-03,1.221220e+00,2.125645e+00
4.517952e-03,1.221084e+00,2.226527e+00
4.527952e-03,1.220955e+00,2.327329e+00
4.537952e-03,1.220840e+00,2.424268e+00
4.547952e-03,1.220743e+00,2.517894e+00
4.557952e-03,1.220668e+00,2.610307e+00
4.567952e-03,1.220620e+00,2.697224e+00
4.577952e-03,1.220605e+00,2.779331e+00
4.587952e-03,1.220624e+00,2.859075e+00
4.597952e-03,1.220682e+00,2.931998e+00
4.607952e-03,1.220784e+00,2.998894e+00
4.617952e-03,1.220935e+00,3.059683e+00
4.627952e-03,1.221137e+00,3.114140e+00
4.637952e-03,1.221394e+00,3.162059e+00
4.647952e-03,1.221708e+00,3.203294e+00
4.657952e-03,1.222081e+00,3.237779e+00
4.667952e-03,1.222518e+00,3.262603e+00
4.677952e-03,1.223020e+00,3.281935e+00
4.687952e-03,1.223588e+00,3.292721e+00
4.697952e-03,1.224221e+00,3.299070e+00
4.707952e-03,1.224912e+00,3.303568e+00
4.717952e-03,1.225655e+00,3.305447e+00
4.727952e-03,1.226447e+00,3.304169e+00
4.737952e-03,1.227284e+00,3.299362e+00
4.747952e-03,1.228179e+00,3.276432e+00
4.757952e-03,1.229143e+00,3.241401e+00
4.767952e-03,1.230181e+00,3.195277e+00
4.777952e-03,1.231294e+00,3.142030e+00
4.787952e-03,1.232480e+00,3.080622e+00
4.797952e-03,1.233742e+00,3.007960e+00
4.807952e-03,1.235077e+00,2.928632e+00
4.817952e-03,1.236483e+00,2.841600e+00
4.827952e-03,1.237957e+00,2.746798e+00
4.837952e-03,1.239499e+00,2.644459e+00
4.847952e-03,1.241104e+00,2.534912e+00
4.857952e-03,1.242772e+00,2.418522e+00
4.867952e-03,1.244497e+00,2.295686e+00
4.877952e-03,1.246279e+00,2.166827e+00
4.887952e-03,1.248112e+00,2.032391e+00
4.897952e-03,1.249994e+00,1.892853e+00
4.907952e-03,1.251920e+00,1.748708e+00
4.917952e-03,1.253887e+00,1.600471e+00
4.927952e-03,1.255889e+00,1.448678e+00
4.937952e-03,1.257924e+00,1.292673e+00
4.947952e-03,1.259987e+00,1.135242e+00
4.957952e-03,1.262073e+00,9.751006e-01
4.967952e-03,1.264175e+00,8.155619e-01
4.977952e-03,1.266212e+00,7.218008e-01
4.987952e-03,1.268089e+00,6.970417e-01
4.997952e-03,1.269782e+00,6.868643e-01
5.007952e-03,1.271300e+00,6.816359e-01
5.017952e-03,1.272668e+00,6.781099e-01
5.027952e-03,1.273908e+00,6.764803e-01
5.037952e-03,1.275041e+00,6.757556e-01
5.047952e-03,1.276087e+00,6.755186e-01
5.057952e-03,1.277060e+00,6.750539e-01
5.067952e-03,1.277971e+00,6.751547e-01
5.077952e-03,1.278830e+00,6.759670e-01
5.087952e-03,1.279644e+00,6.767688e-01
5.097952e-03,1.280419e+00,6.774476e-01
5.107952e-03,1.281159e+00,6.790444e-01
5.117952e-03,1.281869e+00,6.796849e-01
5.127952e-03,1.282551e+00,6.810816e-01
5.137952e-03,1.283207e+00,6.826702e-01
5.147952e-03,1.283840e+00,6.844118e-01
5.157952e-03,1.284452e+00,6.856385e-01
5.167952e-03,1.285044e+00,6.881091e-01
5.177952e-03,1.285617e+00,6.895756e-01
5.187952e-03,1.286172e+00,6.922970e-01
5.197952e-03,1.286711e+00,6.945258e-01
5.207952e-03,1.287234e+00,6.971645e-01
5.217952e-03,1.287744e+00,6.999909e-01
5.227952e-03,1.288240e+00,7.031222e-01
5.237952e-03,1.288723e+00,7.066366e-01
5.247952e-03,1.289195e+00,7.107330e-01
5.257952e-03,1.289655e+00,7.153351e-01
5.267952e-03,1.290104e+00,7.208214e-01
5.277952e-03,1.290543e+00,7.272121e-01
5.287952e-03,1.290971e+00,7.354132e-01
5.297952e-03,1.291387e+00,7.460638e-01
5.307952e-03,1.291786e+00,7.613718e-01
5.317952e-03,1.292160e+00,7.865217e-01
5.327952e-03,1.292493e+00,8.267817e-01
5.337952e-03,1.292770e+00,8.812330e-01
5.347952e-03,1.292984e+00,9.463421e-01
5.357952e-03,1.293135e+00,1.018032e+00
5.367952e-03,1.293225e+00,1.096485e+00
5.377952e-03,1.293257e+00,1.181327e+00
5.387952e-03,1.293234e+00,1.272107e+00
5.397952e-03,1.293159e+00,1.368347e+00
5.407952e-03,1.293038e+00,1.469548e+00
5.417952e-03,1.292873e+00,1.575189e+00
5.427952e-03,1.292670e+00,1.683212e+00
5.437952e-03,1.292433e+00,1.795615e+00
5.447952e-03,1.292166e+00,1.910938e+00
5.457952e-03,1.291875e+00,2.026689e+00
5.467952e-03,1.291564e+00,2.145346e+00
5.477952e-03,1.291239e+00,2.263202e+00
5.487952e-03,1.290903e+00,2.383007e+00
5.497952e-03,1.290560e+00,2.503000e+00
5.507952e-03,1.290217e+00,2.620149e+00
5.517952e-03,1.289878e+00,2.737732e+00
5.527952e-03,1.289548e+00,2.851414e+00
5.537952e-03,1.289199e+00,2.994602e+00
5.547952e-03,1.288856e+00,3.110231e+00
5.557952e-03,1.288531e+00,3.222507e+00
5.567952e-03,1.288231e+00,3.330972e+00
5.577952e-03,1.287962e+00,3.434985e+00
5.587952e-03,1.287728e+00,3.534047e+00
5.597952e-03,1.287533e+00,3.627698e+00
5.607952e-03,1.287383e+00,3.715513e+00
5.617952e-03,1.287280e+00,3.797092e+00
5.627952e-03,1.287228e+00,3.872064e+00
5.637952e-03,1.287231e+00,3.940084e+00
5.647952e-03,1.287291e+00,4.000837e+00
5.657952e-03,1.287413e+00,4.054037e+00
5.667952e-03,1.287598e+00,4.099427e+00
5.677952e-03,1.287850e+00,4.136782e+00
5.687952e-03,1.288169e+00,4.165908e+00
5.697952e-03,1.288559e+00,4.186642e+00
5.707952e-03,1.289021e+00,4.198854e+00
5.717952e-03,1.289556e+00,4.202448e+00
5.727952e-03,1.290165e+00,4.197357e+00
5.737952e-03,1.290849e+00,4.183552e+00
5.747952e-03,1.291609e+00,4.161032e+00
5.757952e-03,1.292444e+00,4.129833e+00
5.767952e-03,1.293354e+00,4.090021e+00
5.777952e-03,1.294340e+00,4.041698e+00
5.787952e-03,1.295399e+00,3.984997e+00
5.797952e-03,1.296531e+00,3.920082e+00
5.807952e-03,1.297735e+00,3.847152e+00
5.817952e-03,1.299008e+00,3.766435e+00
5.827952e-03,1.300349e+00,3.678193e+00
5.837952e-03,1.301756e+00,3.582714e+00
5.847952e-03,1.303226e+00,3.480319e+00
5.857952e-03,1.304756e+00,3.371357e+00
5.867952e-03,1.306343e+00,3.256203e+00
5.877952e-03,1.307985e+00,3.135261e+00
5.887952e-03,1.309676e+00,3.008958e+00
5.897952e-03,1.311414e+00,2.877746e+00
5.907952e-03,1.313195e+00,2.742100e+00
5.917952e-03,1.315015e+00,2.602514e+00
5.927952e-03,1.316869e+00,2.459502e+00
5.937952e-03,1.318753e+00,2.313595e+00
5.947952e-03,1.320663e+00,2.165338e+00
5.957952e-03,1.322594e+00,2.015292e+00
5.967952e-03,1.324541e+00,1.864025e+00
5.977952e-03,1.326499e+00,1.712220e+00
5.987952e-03,1.328464e+00,1.560283e+00
5.997952e-03,1.330430e+00,1.408878e+00
6.007952e-03,1.332393e+00,1.258594e+00
6.017952e-03,1.334348e+00,1.110021e+00
6.027952e-03,1.336290e+00,9.638374e-01
6.037952e-03,1.338197e+00,8.347376e-01
6.047952e-03,1.339976e+00,7.858543e-01
6.057952e-03,1.341577e+00,7.693426e-01
6.067952e-03,1.342997e+00,7.623202e-01
6.077952e-03,1.344257e+00,7.583733e-01
6.087952e-03,1.345379e+00,7.560069e-01
6.097952e-03,1.346386e+00,7.552499e-01
6.107952e-03,1.347299e+00,7.542380e-01
6.117952e-03,1.348133e+00,7.548301e-01
6.127952e-03,1.348902e+00,7.548011e-01
6.137952e-03,1.349615e+00,7.559465e-01
6.147952e-03,1.350282e+00,7.574129e-01
6.157952e-03,1.350910e+00,7.586837e-01
6.167952e-03,1.351503e+00,7.606355e-01
6.177952e-03,1.352066e+00,7.622728e-01
6.187952e-03,1.352603e+00,7.653757e-01
6.197952e-03,1.353117e+00,7.673699e-01
6.207952e-03,1.353609e+00,7.707271e-01
6.217952e-03,1.354082e+00,7.746391e-01
6.227952e-03,1.354539e+00,7.774422e-01
6.237952e-03,1.354979e+00,7.825098e-01
6.247952e-03,1.355404e+00,7.884261e-01
6.257952e-03,1.355814e+00,7.949242e-01
6.267952e-03,1.356209e+00,8.034566e-01
6.277952e-03,1.356586e+00,8.162360e-01
6.287952e-03,1.356941e+00,8.342607e-01
6.297952e-03,1.357261e+00,8.643122e-01
6.307952e-03,1.357530e+00,9.113678e-01
6.317952e-03,1.357734e+00,9.721866e-01
6.327952e-03,1.357868e+00,1.041895e+00
6.337952e-03,1.357933e+00,1.119516e+00
6.347952e-03,1.357931e+00,1.204638e+00
6.357952e-03,1.357863e+00,1.296880e+00
6.367952e-03,1.357733e+00,1.395823e+00
6.377952e-03,1.357545e+00,1.501013e+00
6.387952e-03,1.357301e+00,1.611972e+00
6.397952e-03,1.357006e+00,1.728201e+00
6.407952e-03,1.356663e+00,1.849181e+00
6.417952e-03,1.356277e+00,1.974375e+00
6.427952e-03,1.355851e+00,2.103234e+00
6.437952e-03,1.355390e+00,2.235197e+00
6.447952e-03,1.354900e+00,2.369691e+00
6.457952e-03,1.354383e+00,2.506139e+00
6.467952e-03,1.353846e+00,2.643959e+00
6.477952e-03,1.353292e+00,2.782565e+00
6.487952e-03,1.352727e+00,2.921375e+00
6.497952e-03,1.352156e+00,3.059805e+00
6.507952e-03,1.351583e+00,3.197282e+00
6.517952e-03,1.351014e+00,3.333235e+00
6.527952e-03,1.350453e+00,3.467107e+00
6.537952e-03,1.349905e+00,3.598349e+00
6.547952e-03,1.349376e+00,3.726428e+00
6.557952e-03,1.348869e+00,3.850828e+00
6.567952e-03,1.348391e+00,3.969577e+00
6.577952e-03,1.347945e+00,4.084923e+00
6.587952e-03,1.347535e+00,4.195188e+00
6.597952e-03,1.347166e+00,4.299908e+00
6.607952e-03,1.346840e+00,4.398676e+00
6.617952e-03,1.346564e+00,4.491106e+00
6.627952e-03,1.346338e+00,4.576836e+00
6.637952e-03,1.346168e+00,4.655531e+00
6.647952e-03,1.346057e+00,4.726884e+00
6.657952e-03,1.346007e+00,4.790618e+00
6.667952e-03,1.346023e+00,4.844744e+00
6.677952e-03,1.346105e+00,4.892403e+00
6.687952e-03,1.346257e+00,4.931926e+00
6.697952e-03,1.346479e+00,4.963066e+00
6.707952e-03,1.346775e+00,4.983867e+00
6.717952e-03,1.347144e+00,4.998046e+00
6.727952e-03,1.347588e+00,5.002591e+00
6.737952e-03,1.348105e+00,5.001375e+00
6.747952e-03,1.348695e+00,4.990087e+00
6.757952e-03,1.349360e+00,4.970449e+00
6.767952e-03,1.350102e+00,4.939784e+00
6.777952e-03,1.350919e+00,4.902011e+00
6.787952e-03,1.351811e+00,4.855962e+00
6.797952e-03,1.352775e+00,4.801715e+00
6.807952e-03,1.353813e+00,4.737416e+00
6.817952e-03,1.354922e+00,4.666762e+00
6.827952e-03,1.356100e+00,4.588584e+00
6.837952e-03,1.357344e+00,4.503128e+00
6.847952e-03,1.358651e+00,4.410716e+00
6.857952e-03,1.360019e+00,4.311693e+00
6.867952e-03,1.361444e+00,4.206432e+00
6.877952e-03,1.362924e+00,4.095328e+00
6.887952e-03,1.364455e+00,3.978804e+00
6.897952e-03,1.366035e+00,3.855792e+00
6.907952e-03,1.367659e+00,3.729474e+00
6.917952e-03,1.369322e+00,3.599138e+00
6.927952e-03,1.371020e+00,3.465278e+00
6.937952e-03,1.372749e+00,3.328426e+00
6.947952e-03,1.374504e+00,3.189122e+00
6.957952e-03,1.376281e+00,3.047920e+00
6.967952e-03,1.378075e+00,2.905383e+00
6.977952e-03,1.379880e+00,2.762083e+00
6.987952e-03,1.381693e+00,2.618598e+00
6.997952e-03,1.383508e+00,2.475510e+00
7.007952e-03,1.385320e+00,2.333403e+00
7.017952e-03,1.387125e+00,2.192858e+00
7.027952e-03,1.388918e+00,2.054455e+00
7.037952e-03,1.390693e+00,1.918766e+00
7.047952e-03,1.392446e+00,1.786355e+00
7.057952e-03,1.394173e+00,1.657775e+00
7.067952e-03,1.395868e+00,1.533566e+00
7.077952e-03,1.397528e+00,1.414252e+00
7.087952e-03,1.399148e+00,1.299858e+00
7.097952e-03,1.400724e+00,1.191764e+00
7.107952e-03,1.402251e+00,1.090030e+00
7.117952e-03,1.403726e+00,9.954260e-01
7.127952e-03,1.405136e+00,9.159334e-01
7.137952e-03,1.406441e+00,8.742483e-01
7.147952e-03,1.407616e+00,8.568553e-01
7.157952e-03,1.408660e+00,8.480891e-01
7.167952e-03,1.409584e+00,8.445866e-01
7.177952e-03,1.410402e+00,8.435885e-01
7.187952e-03,1.411133e+00,8.437970e-01
7.197952e-03,1.411790e+00,8.445252e-01
7.207952e-03,1.412386e+00,8.470322e-01
7.217952e-03,1.412930e+00,8.511050e-01
7.227952e-03,1.413430e+00,8.552344e-01
7.237952e-03,1.413892e+00,8.617039e-01
7.247952e-03,1.414319e+00,8.704577e-01
7.257952e-03,1.414713e+00,8.835432e-01
7.267952e-03,1.415068e+00,9.042784e-01
7.277952e-03,1.415374e+00,9.375917e-01
7.287952e-03,1.415618e+00,9.865118e-01
7.297952e-03,1.415791e+00,1.046837e+00
7.307952e-03,1.415890e+00,1.116178e+00
7.317952e-03,1.415916e+00,1.193826e+00
7.327952e-03,1.415871e+00,1.279459e+00
7.337952e-03,1.415756e+00,1.372747e+00
7.347952e-03,1.415574e+00,1.473324e+00
7.357952e-03,1.415327e+00,1.580787e+00
7.367952e-03,1.415020e+00,1.694707e+00
7.377952e-03,1.414654e+00,1.814631e+00
7.387952e-03,1.414234e+00,1.940079e+00
7.397952e-03,1.413763e+00,2.070553e+00
7.407952e-03,1.413246e+00,2.205535e+00
7.417952e-03,1.412686e+00,2.344492e+00
7.427952e-03,1.412087e+00,2.486875e+00
7.437952e-03,1.411454e+00,2.632125e+00
7.447952e-03,1.410792e+00,2.779676e+00
7.457952e-03,1.410105e+00,2.928951e+00
7.467952e-03,1.409398e+00,3.079371e+00
7.477952e-03,1.408675e+00,3.230358e+00
7.487952e-03,1.407942e+00,3.381331e+00
7.497952e-03,1.407203e+00,3.531713e+00
7.507952e-03,1.406464e+00,3.680934e+00
7.517952e-03,1.405729e+00,3.828432e+00
7.527952e-03,1.405003e+00,3.973653e+00
7.537952e-03,1.404291e+00,4.116056e+00
7.547952e-03,1.403597e+00,4.255115e+00
7.557952e-03,1.402929e+00,4.388653e+00
7.567952e-03,1.402289e+00,4.519262e+00
7.577952e-03,1.401682e+00,4.645097e+00
7.587952e-03,1.401112e+00,4.765672e+00
7.597952e-03,1.400583e+00,4.880565e+00
7.607952e-03,1.400098e+00,4.989373e+00
7.617952e-03,1.399663e+00,5.091717e+00
7.627952e-03,1.399280e+00,5.187244e+00
7.637952e-03,1.398953e+00,5.275625e+00
7.647952e-03,1.398685e+00,5.356564e+00
7.657952e-03,1.398479e+00,5.429789e+00
7.667952e-03,1.398340e+00,5.493051e+00
7.677952e-03,1.398269e+00,5.549977e+00
7.687952e-03,1.398267e+00,5.598715e+00
7.697952e-03,1.398336e+00,5.639004e+00
7.707952e-03,1.398478e+00,5.670729e+00
7.717952e-03,1.398695e+00,5.691971e+00
7.727952e-03,1.398988e+00,5.706459e+00
7.737952e-03,1.399358e+00,5.711182e+00
7.747952e-03,1.399801e+00,5.710102e+00
7.757952e-03,1.400318e+00,5.699078e+00
7.767952e-03,1.400911e+00,5.679669e+00
7.777952e-03,1.401580e+00,5.649381e+00
7.787952e-03,1.402324e+00,5.612014e+00
7.797952e-03,1.403143e+00,5.566501e+00
7.807952e-03,1.404034e+00,5.512954e+00
7.817952e-03,1.404995e+00,5.451596e+00
7.827952e-03,1.406027e+00,5.380443e+00
7.837952e-03,1.407127e+00,5.303613e+00
7.847952e-03,1.408290e+00,5.219828e+00
7.857952e-03,1.409516e+00,5.129381e+00
7.867952e-03,1.410799e+00,5.032645e+00
7.877952e-03,1.412138e+00,4.930016e+00
7.887952e-03,1.413528e+00,4.821910e+00
7.897952e-03,1.414966e+00,4.708768e+00
7.907952e-03,1.416448e+00,4.591052e+00
7.917952e-03,1.417969e+00,4.469243e+00
7.927952e-03,1.419527e+00,4.343844e+00
7.937952e-03,1.421116e+00,4.215372e+00
7.947952e-03,1.422733e+00,4.082724e+00
7.957952e-03,1.424372e+00,3.949420e+00
7.967952e-03,1.426029e+00,3.814687e+00
7.977952e-03,1.427699e+00,3.679078e+00
7.987952e-03,1.429377e+00,3.543171e+00
7.997952e-03,1.431058e+00,3.407547e+00
8.007952e-03,1.432736e+00,3.272782e+00
8.017952e-03,1.434408e+00,3.139457e+00
8.027952e-03,1.436068e+00,3.008145e+00
8.037952e-03,1.437711e+00,2.879414e+00
8.047952e-03,1.439332e+00,2.753825e+00
8.057952e-03,1.440928e+00,2.631927e+00
8.067952e-03,1.442493e+00,2.514256e+00
8.077952e-03,1.444022e+00,2.401333e+00
8.087952e-03,1.445512e+00,2.293660e+00
8.097952e-03,1.446959e+00,2.191720e+00
8.107952e-03,1.448357e+00,2.095971e+00
8.117952e-03,1.449704e+00,2.006849e+00
8.127952e-03,1.450996e+00,1.924761e+00
8.137952e-03,1.452229e+00,1.850088e+00
8.147952e-03,1.453400e+00,1.783180e+00
8.157952e-03,1.454506e+00,1.724353e+00
8.167952e-03,1.455544e+00,1.674481e+00
8.177952e-03,1.456512e+00,1.632652e+00
8.187952e-03,1.457407e+00,1.599626e+00
8.197952e-03,1.458229e+00,1.575587e+00
8.207952e-03,1.458975e+00,1.561163e+00
8.217952e-03,1.459644e+00,1.555293e+00
8.227952e-03,1.460236e+00,1.558389e+00
8.237952e-03,1.460749e+00,1.571164e+00
8.247952e-03,1.461183e+00,1.593691e+00
8.257952e-03,1.461539e+00,1.625138e+00
8.267952e-03,1.461815e+00,1.665732e+00
8.277952e-03,1.462013e+00,1.715346e+00
8.287952e-03,1.462132e+00,1.774489e+00
8.297952e-03,1.462175e+00,1.841830e+00
8.307952e-03,1.462143e+00,1.917590e+00
8.317952e-03,1.462037e+00,2.001498e+00
8.327952e-03,1.461860e+00,2.093242e+00
8.337952e-03,1.461614e+00,2.192477e+00
8.347952e-03,1.461301e+00,2.298832e+00
8.357952e-03,1.460925e+00,2.411906e+00
8.367952e-03,1.460488e+00,2.531270e+00
8.377952e-03,1.459993e+00,2.656472e+00
8.387952e-03,1.459444e+00,2.787037e+00
8.397952e-03,1.458846e+00,2.922470e+00
8.407952e-03,1.458201e+00,3.062255e+00
8.417952e-03,1.457513e+00,3.205863e+00
8.427952e-03,1.456788e+00,3.352750e+00
8.437952e-03,1.456029e+00,3.502362e+00
8.447952e-03,1.455242e+00,3.654135e+00
8.457952e-03,1.454429e+00,3.807500e+00
8.467952e-03,1.453598e+00,3.961884e+00
8.477952e-03,1.452751e+00,4.116713e+00
8.487952e-03,1.451894e+00,4.271413e+00
8.497952e-03,1.451032e+00,4.425414e+00
8.507952e-03,1.450170e+00,4.578153e+00
8.517952e-03,1.449314e+00,4.727203e+00
8.527952e-03,1.448469e+00,4.875456e+00
8.537952e-03,1.447638e+00,5.020863e+00
8.547952e-03,1.446826e+00,5.162865e+00
8.557952e-03,1.446038e+00,5.300968e+00
8.567952e-03,1.445279e+00,5.434692e+00
8.577952e-03,1.444552e+00,5.563574e+00
8.587952e-03,1.443863e+00,5.687171e+00
8.597952e-03,1.443214e+00,5.805063e+00
8.607952e-03,1.442612e+00,5.916855e+00
8.617952e-03,1.442058e+00,6.022174e+00
8.627952e-03,1.441558e+00,6.120675e+00
8.637952e-03,1.441114e+00,6.212041e+00
8.647952e-03,1.440731e+00,6.293462e+00
8.657952e-03,1.440413e+00,6.369398e+00
8.667952e-03,1.440159e+00,6.437603e+00
8.677952e-03,1.439973e+00,6.497729e+00
8.687952e-03,1.439856e+00,6.549599e+00
8.697952e-03,1.439811e+00,6.593072e+00
8.707952e-03,1.439839e+00,6.628034e+00
8.717952e-03,1.439943e+00,6.652384e+00
8.727952e-03,1.440123e+00,6.670112e+00
8.737952e-03,1.440379e+00,6.679588e+00
8.747952e-03,1.440710e+00,6.680360e+00
8.757952e-03,1.441114e+00,6.674743e+00
8.767952e-03,1.441594e+00,6.657760e+00
8.777952e-03,1.442151e+00,6.633414e+00
8.787952e-03,1.442784e+00,6.598183e+00
8.797952e-03,1.443492e+00,6.556336e+00
8.807952e-03,1.444274e+00,6.506608e+00
8.817952e-03,1.445126e+00,6.449115e+00
8.827952e-03,1.446048e+00,6.384107e+00
8.837952e-03,1.447036e+00,6.311861e+00
8.847952e-03,1.448088e+00,6.232681e+00
8.857952e-03,1.449205e+00,6.144181e+00
8.867952e-03,1.450381e+00,6.051458e+00
8.877952e-03,1.451613e+00,5.952907e+00
8.887952e-03,1.452897e+00,5.848868e+00
8.897952e-03,1.454229e+00,5.739782e+00
8.907952e-03,1.455606e+00,5.626106e+00
8.917952e-03,1.457023e+00,5.508315e+00
8.927952e-03,1.458476e+00,5.386901e+00
8.937952e-03,1.459960e+00,5.262375e+00
8.947952e-03,1.461472e+00,5.135260e+00
8.957952e-03,1.463006e+00,5.006096e+00
8.967952e-03,1.464558e+00,4.875430e+00
8.977952e-03,1.466123e+00,4.743822e+00
8.987952e-03,1.467696e+00,4.611836e+00
8.997952e-03,1.469272e+00,4.480041e+00
9.007952e-03,1.470847e+00,4.349008e+00
9.017952e-03,1.472415e+00,4.219308e+00
9.027952e-03,1.473972e+00,4.091510e+00
9.037952e-03,1.475514e+00,3.964612e+00
9.047952e-03,1.477036e+00,3.842071e+00
9.057952e-03,1.478532e+00,3.723110e+00
9.067952e-03,1.479998e+00,3.608249e+00
9.077952e-03,1.481427e+00,3.499354e+00
9.087952e-03,1.482817e+00,3.394424e+00
9.097952e-03,1.484163e+00,3.295065e+00
9.107952e-03,1.485463e+00,3.201757e+00
9.117952e-03,1.486710e+00,3.114927e+00
9.127952e-03,1.487904e+00,3.034978e+00
9.137952e-03,1.489039e+00,2.962289e+00
9.147952e-03,1.490112e+00,2.897206e+00
9.157952e-03,1.491121e+00,2.840046e+00
9.167952e-03,1.492063e+00,2.791093e+00
9.177952e-03,1.492936e+00,2.750595e+00
9.187952e-03,1.493737e+00,2.718767e+00
9.197952e-03,1.494463e+00,2.696533e+00
9.207952e-03,1.495115e+00,2.682415e+00
9.217952e-03,1.495689e+00,2.677792e+00
9.227952e-03,1.496188e+00,2.680423e+00
9.237952e-03,1.496609e+00,2.694221e+00
9.247952e-03,1.496951e+00,2.716451e+00
9.257952e-03,1.497215e+00,2.747702e+00
9.267952e-03,1.497400e+00,2.789230e+00
9.277952e-03,1.497506e+00,2.838831e+00
9.287952e-03,1.497535e+00,2.897143e+00
9.297952e-03,1.497487e+00,2.963979e+00
9.307952e-03,1.497365e+00,3.039096e+00
9.317952e-03,1.497170e+00,3.122221e+00
9.327952e-03,1.496904e+00,3.213046e+00
9.337952e-03,1.496570e+00,3.311234e+00
9.347952e-03,1.496169e+00,3.416417e+00
9.357952e-03,1.495703e+00,3.529572e+00
9.367952e-03,1.495177e+00,3.647848e+00
9.377952e-03,1.494593e+00,3.771852e+00
9.387952e-03,1.493955e+00,3.901127e+00
9.397952e-03,1.493268e+00,4.035174e+00
9.407952e-03,1.492534e+00,4.173482e+00
9.417952e-03,1.491759e+00,4.315527e+00
9.427952e-03,1.490946e+00,4.460769e+00
9.437952e-03,1.490101e+00,4.606828e+00
9.447952e-03,1.489228e+00,4.756454e+00
9.457952e-03,1.488331e+00,4.907646e+00
9.467952e-03,1.487415e+00,5.059801e+00
9.477952e-03,1.486484e+00,5.212360e+00
9.487952e-03,1.485544e+00,5.364761e+00
9.497952e-03,1.484598e+00,5.516445e+00
9.507952e-03,1.483653e+00,5.666857e+00
9.517952e-03,1.482712e+00,5.815451e+00
9.527952e-03,1.481781e+00,5.961692e+00
9.537952e-03,1.480864e+00,6.105058e+00
9.547952e-03,1.479967e+00,6.245039e+00
9.557952e-03,1.479094e+00,6.381144e+00
9.567952e-03,1.478249e+00,6.512900e+00
9.577952e-03,1.477438e+00,6.639851e+00
9.587952e-03,1.476664e+00,6.761565e+00
9.597952e-03,1.475931e+00,6.877631e+00
9.607952e-03,1.475245e+00,6.987663e+00
9.617952e-03,1.474607e+00,7.091297e+00
9.627952e-03,1.474026e+00,7.185421e+00
9.637952e-03,1.473502e+00,7.274872e+00
9.647952e-03,1.473038e+00,7.357216e+00
9.657952e-03,1.472636e+00,7.432024e+00
9.667952e-03,1.472300e+00,7.499066e+00
9.677952e-03,1.472031e+00,7.558147e+00
9.687952e-03,1.471832e+00,7.609096e+00
9.697952e-03,1.471705e+00,7.651775e+00
9.707952e-03,1.471654e+00,7.683591e+00
9.717952e-03,1.471679e+00,7.709204e+00
9.727952e-03,1.471778e+00,7.726761e+00
9.737952e-03,1.471956e+00,7.733861e+00
9.747952e-03,1.472209e+00,7.735481e+00
9.757952e-03,1.472533e+00,7.730011e+00
9.767952e-03,1.472934e+00,7.713306e+00
9.777952e-03,1.473411e+00,7.689204e+00
9.787952e-03,1.473962e+00,7.657083e+00
9.797952e-03,1.474590e+00,7.613807e+00
9.807952e-03,1.475292e+00,7.564556e+00
9.817952e-03,1.476066e+00,7.507777e+00
9.827952e-03,1.476910e+00,7.443579e+00
9.837952e-03,1.477820e+00,7.372227e+00
9.847952e-03,1.478795e+00,7.294020e+00
9.857952e-03,1.479832e+00,7.209279e+00
9.867952e-03,1.480928e+00,7.118352e+00
9.877952e-03,1.482081e+00,7.018674e+00
9.887952e-03,1.483288e+00,6.915800e+00
9.897952e-03,1.484544e+00,6.807983e+00
9.907952e-03,1.485845e+00,6.695582e+00
9.917952e-03,1.487186e+00,6.579070e+00
9.927952e-03,1.488564e+00,6.458933e+00
9.937952e-03,1.489973e+00,6.335670e+00
9.947952e-03,1.491410e+00,6.209797e+00
9.957952e-03,1.492869e+00,6.081844e+00
9.967952e-03,1.494347e+00,5.952350e+00
9.977952e-03,1.495837e+00,5.821865e+00
9.987952e-03,1.497337e+00,5.690947e+00
9.997952e-03,1.498839e+00,5.560158e+00
1.000795e-02,1.500341e+00,5.430060e+00
1.001795e-02,1.501836e+00,5.301220e+00
1.002795e-02,1.503319e+00,5.174199e+00
1.003795e-02,1.504787e+00,5.049553e+00
1.004795e-02,1.506234e+00,4.927834e+00
1.005795e-02,1.507656e+00,4.809580e+00
1.006795e-02,1.509047e+00,4.695320e+00
1.007795e-02,1.510404e+00,4.585566e+00
1.008795e-02,1.511723e+00,4.480813e+00
1.009795e-02,1.512998e+00,4.381537e+00
1.010795e-02,1.514226e+00,4.288193e+00
1.011795e-02,1.515403e+00,4.201211e+00
1.012795e-02,1.516525e+00,4.120996e+00
1.013795e-02,1.517590e+00,4.047924e+00
1.014795e-02,1.518593e+00,3.982342e+00
1.015795e-02,1.519532e+00,3.924566e+00
1.016795e-02,1.520405e+00,3.874879e+00
1.017795e-02,1.521206e+00,3.834860e+00
1.018795e-02,1.521936e+00,3.802079e+00
1.019795e-02,1.522593e+00,3.777913e+00
1.020795e-02,1.523173e+00,3.763923e+00
1.021795e-02,1.523678e+00,3.757140e+00
1.022795e-02,1.524108e+00,3.758673e+00
1.023795e-02,1.524461e+00,3.769540e+00
1.024795e-02,1.524735e+00,3.790851e+00
1.025795e-02,1.524931e+00,3.820381e+00
1.026795e-02,1.525049e+00,3.858733e+00
1.027795e-02,1.525088e+00,3.907359e+00
1.028795e-02,1.525049e+00,3.963590e+00
1.029795e-02,1.524934e+00,4.028218e+00
1.030795e-02,1.524745e+00,4.101031e+00
1.031795e-02,1.524483e+00,4.181755e+00
1.032795e-02,1.524150e+00,4.270084e+00
1.033795e-02,1.523749e+00,4.365683e+00
1.034795e-02,1.523281e+00,4.468187e+00
1.035795e-02,1.522751e+00,4.577203e+00
1.036795e-02,1.522160e+00,4.692312e+00
1.037795e-02,1.521512e+00,4.813070e+00
1.038795e-02,1.520811e+00,4.939012e+00
1.039795e-02,1.520060e+00,5.069652e+00
1.040795e-02,1.519263e+00,5.204489e+00
1.041795e-02,1.518425e+00,5.343003e+00
1.042795e-02,1.517549e+00,5.484663e+00
1.043795e-02,1.516639e+00,5.628928e+00
1.044795e-02,1.515702e+00,5.775248e+00
1.045795e-02,1.514740e+00,5.923068e+00
1.046795e-02,1.513759e+00,6.071830e+00
1.047795e-02,1.512763e+00,6.220976e+00
1.048795e-02,1.511758e+00,6.369948e+00
1.049795e-02,1.510747e+00,6.518193e+00
1.050795e-02,1.509737e+00,6.665165e+00
1.051795e-02,1.508732e+00,6.810327e+00
1.052795e-02,1.507737e+00,6.953152e+00
1.053795e-02,1.506756e+00,7.093125e+00
1.054795e-02,1.505795e+00,7.229747e+00
1.055795e-02,1.504858e+00,7.362535e+00
1.056795e-02,1.503950e+00,7.491024e+00
1.057795e-02,1.503075e+00,7.614771e+00
1.058795e-02,1.502237e+00,7.733350e+00
1.059795e-02,1.501445e+00,7.843273e+00
1.060795e-02,1.500699e+00,7.949814e+00
1.061795e-02,1.500003e+00,8.050303e+00
1.062795e-02,1.499360e+00,8.144208e+00
1.063795e-02,1.498774e+00,8.231223e+00
1.064795e-02,1.498247e+00,8.311073e+00
1.065795e-02,1.497783e+00,8.383510e+00
1.066795e-02,1.497384e+00,8.448314e+00
1.067795e-02,1.497053e+00,8.505291e+00
1.068795e-02,1.496792e+00,8.554277e+00
1.069795e-02,1.496606e+00,8.592370e+00
1.070795e-02,1.496495e+00,8.624597e+00
1.071795e-02,1.496459e+00,8.648977e+00
1.072795e-02,1.496497e+00,8.665178e+00
1.073795e-02,1.496613e+00,8.671349e+00
1.074795e-02,1.496804e+00,8.671938e+00
1.075795e-02,1.497067e+00,8.665464e+00
1.076795e-02,1.497408e+00,8.647772e+00
1.077795e-02,1.497824e+00,8.622970e+00
1.078795e-02,1.498315e+00,8.590281e+00
1.079795e-02,1.498884e+00,8.546769e+00
1.080795e-02,1.499527e+00,8.497261e+00
1.081795e-02,1.500242e+00,8.440334e+00
1.082795e-02,1.501026e+00,8.376097e+00
1.083795e-02,1.501878e+00,8.304805e+00
1.084795e-02,1.502795e+00,8.226747e+00
1.085795e-02,1.503773e+00,8.142234e+00
1.086795e-02,1.504811e+00,8.051603e+00
1.087795e-02,1.505904e+00,7.955218e+00
1.088795e-02,1.507049e+00,7.853463e+00
1.089795e-02,1.508243e+00,7.746747e+00
1.090795e-02,1.509485e+00,7.632263e+00
1.091795e-02,1.510768e+00,7.516192e+00
1.092795e-02,1.512089e+00,7.396590e+00
1.093795e-02,1.513441e+00,7.273847e+00
1.094795e-02,1.514821e+00,7.148477e+00
1.095795e-02,1.516225e+00,7.021002e+00
1.096795e-02,1.517646e+00,6.891955e+00
1.097795e-02,1.519081e+00,6.761878e+00
1.098795e-02,1.520524e+00,6.631321e+00
1.099795e-02,1.521971e+00,6.500837e+00
1.100795e-02,1.523417e+00,6.370986e+00
1.101795e-02,1.524856e+00,6.242326e+00
1.102795e-02,1.526285e+00,6.115412e+00
1.103795e-02,1.527698e+00,5.990797e+00
1.104795e-02,1.529090e+00,5.869027e+00
1.105795e-02,1.530457e+00,5.750636e+00
1.106795e-02,1.531794e+00,5.636150e+00
1.107795e-02,1.533096e+00,5.526077e+00
1.108795e-02,1.534360e+00,5.420911e+00
1.109795e-02,1.535581e+00,5.321125e+00
1.110795e-02,1.536755e+00,5.227172e+00
1.111795e-02,1.537879e+00,5.139480e+00
1.112795e-02,1.538948e+00,5.058453e+00
1.113795e-02,1.539959e+00,4.984467e+00
1.114795e-02,1.540909e+00,4.917867e+00
1.115795e-02,1.541793e+00,4.860832e+00
1.116795e-02,1.542610e+00,4.810074e+00
1.117795e-02,1.543357e+00,4.767407e+00
1.118795e-02,1.544034e+00,4.733138e+00
1.119795e-02,1.544638e+00,4.707445e+00
1.120795e-02,1.545166e+00,4.691923e+00
1.121795e-02,1.545618e+00,4.683474e+00
1.122795e-02,1.545995e+00,4.683672e+00
1.123795e-02,1.546295e+00,4.692367e+00
1.124795e-02,1.546519e+00,4.709894e+00
1.125795e-02,1.546663e+00,4.738503e+00
1.126795e-02,1.546729e+00,4.774711e+00
1.127795e-02,1.546718e+00,4.819499e+00
1.128795e-02,1.546630e+00,4.872775e+00
1.129795e-02,1.546464e+00,4.936338e+00
1.130795e-02,1.546224e+00,5.006588e+00
1.131795e-02,1.545911e+00,5.084633e+00
1.132795e-02,1.545527e+00,5.170210e+00
1.133795e-02,1.545074e+00,5.262980e+00
1.134795e-02,1.544556e+00,5.362580e+00
1.135795e-02,1.543975e+00,5.468619e+00
1.136795e-02,1.543333e+00,5.580682e+00
1.137795e-02,1.542635e+00,5.698328e+00
1.138795e-02,1.541883e+00,5.821097e+00
1.139795e-02,1.541081e+00,5.948506e+00
1.140795e-02,1.540234e+00,6.080057e+00
1.141795e-02,1.539345e+00,6.215236e+00
1.142795e-02,1.538419e+00,6.353518e+00
1.143795e-02,1.537460e+00,6.494365e+00
1.144795e-02,1.536472e+00,6.637234e+00
1.145795e-02,1.535460e+00,6.781576e+00
1.146795e-02,1.534429e+00,6.926838e+00
1.147795e-02,1.533383e+00,7.072468e+00
1.148795e-02,1.532328e+00,7.217916e+00
1.149795e-02,1.531268e+00,7.362636e+00
1.150795e-02,1.530209e+00,7.506089e+00
1.151795e-02,1.529154e+00,7.647745e+00
1.152795e-02,1.528109e+00,7.787085e+00
1.153795e-02,1.527080e+00,7.923602e+00
1.154795e-02,1.526069e+00,8.056806e+00
1.155795e-02,1.525083e+00,8.186222e+00
1.156795e-02,1.524129e+00,8.308119e+00
1.157795e-02,1.523209e+00,8.428002e+00
1.158795e-02,1.522328e+00,8.543052e+00
1.159795e-02,1.521488e+00,8.652659e+00
1.160795e-02,1.520693e+00,8.756444e+00
1.161795e-02,1.519949e+00,8.854063e+00
1.162795e-02,1.519257e+00,8.945195e+00
1.163795e-02,1.518622e+00,9.029545e+00
1.164795e-02,1.518046e+00,9.106845e+00
1.165795e-02,1.517534e+00,9.176852e+00
1.166795e-02,1.517087e+00,9.239350e+00
1.167795e-02,1.516708e+00,9.294150e+00
1.168795e-02,1.516403e+00,9.338134e+00
1.169795e-02,1.516171e+00,9.376559e+00
1.170795e-02,1.516013e+00,9.407342e+00
1.171795e-02,1.515929e+00,9.430138e+00
1.172795e-02,1.515920e+00,9.444847e+00
1.173795e-02,1.515988e+00,9.449991e+00
1.174795e-02,1.516131e+00,9.449451e+00
1.175795e-02,1.516347e+00,9.441876e+00
1.176795e-02,1.516640e+00,9.423054e+00
1.177795e-02,1.517010e+00,9.397426e+00
1.178795e-02,1.517455e+00,9.364039e+00
1.179795e-02,1.517973e+00,9.322970e+00
1.180795e-02,1.518569e+00,9.271020e+00
1.181795e-02,1.519238e+00,9.213656e+00
1.182795e-02,1.519977e+00,9.149224e+00
1.183795e-02,1.520783e+00,9.077836e+00
1.184795e-02,1.521655e+00,8.999765e+00
1.185795e-02,1.522588e+00,8.915314e+00
1.186795e-02,1.523581e+00,8.824814e+00
1.187795e-02,1.524630e+00,8.728615e+00
1.188795e-02,1.525731e+00,8.627095e+00
1.189795e-02,1.526881e+00,8.520651e+00
1.190795e-02,1.528075e+00,8.409703e+00
1.191795e-02,1.529310e+00,8.294693e+00
1.192795e-02,1.530585e+00,8.172793e+00
1.193795e-02,1.531893e+00,8.050312e+00
1.194795e-02,1.533230e+00,7.925297e+00
1.195795e-02,1.534589e+00,7.798148e+00
1.196795e-02,1.535967e+00,7.669395e+00
1.197795e-02,1.537358e+00,7.539577e+00
1.198795e-02,1.538759e+00,7.409237e+00
1.199795e-02,1.540163e+00,7.278923e+00
1.200795e-02,1.541565e+00,7.149187e+00
1.201795e-02,1.542962e+00,7.020582e+00
1.202795e-02,1.544348e+00,6.893660e+00
1.203795e-02,1.545719e+00,6.768968e+00
1.204795e-02,1.547068e+00,6.647268e+00
1.205795e-02,1.548392e+00,6.528976e+00
1.206795e-02,1.549686e+00,6.414463e+00
1.207795e-02,1.550946e+00,6.303985e+00
1.208795e-02,1.552167e+00,6.198278e+00
1.209795e-02,1.553346e+00,6.097826e+00
1.210795e-02,1.554478e+00,6.003075e+00
1.211795e-02,1.555560e+00,5.914599e+00
1.212795e-02,1.556587e+00,5.832743e+00
1.213795e-02,1.557557e+00,5.757838e+00
1.214795e-02,1.558464e+00,5.692317e+00
1.215795e-02,1.559306e+00,5.632541e+00
1.216795e-02,1.560082e+00,5.580497e+00
1.217795e-02,1.560788e+00,5.536549e+00
1.218795e-02,1.561424e+00,5.500908e+00
1.219795e-02,1.561988e+00,5.473752e+00
1.220795e-02,1.562475e+00,5.456768e+00
1.221795e-02,1.562886e+00,5.446744e+00
1.222795e-02,1.563221e+00,5.445672e+00
1.223795e-02,1.563483e+00,5.450896e+00
1.224795e-02,1.563666e+00,5.467495e+00
1.225795e-02,1.563771e+00,5.494075e+00
1.226795e-02,1.563797e+00,5.528231e+00
1.227795e-02,1.563745e+00,5.570893e+00
1.228795e-02,1.563617e+00,5.621969e+00
1.229795e-02,1.563413e+00,5.681262e+00
1.230795e-02,1.563136e+00,5.748543e+00
1.231795e-02,1.562784e+00,5.825934e+00
1.232795e-02,1.562361e+00,5.909029e+00
1.233795e-02,1.561869e+00,5.999202e+00
1.234795e-02,1.561311e+00,6.096111e+00
1.235795e-02,1.560690e+00,6.199410e+00
1.236795e-02,1.560009e+00,6.308695e+00
1.237795e-02,1.559271e+00,6.423531e+00
1.238795e-02,1.558480e+00,6.543451e+00
1.239795e-02,1.557639e+00,6.667933e+00
1.240795e-02,1.556753e+00,6.796511e+00
1.241795e-02,1.555825e+00,6.928676e+00
1.242795e-02,1.554860e+00,7.063907e+00
1.243795e-02,1.553861e+00,7.201670e+00
1.244795e-02,1.552834e+00,7.341428e+00
1.245795e-02,1.551783e+00,7.482636e+00
1.246795e-02,1.550713e+00,7.624746e+00
1.247795e-02,1.549629e+00,7.767213e+00
1.248795e-02,1.548535e+00,7.909493e+00
1.249795e-02,1.547437e+00,8.051045e+00
1.250795e-02,1.546338e+00,8.191337e+00
1.251795e-02,1.545245e+00,8.329846e+00
1.252795e-02,1.544162e+00,8.466059e+00
1.253795e-02,1.543093e+00,8.599477e+00
1.254795e-02,1.542048e+00,8.726370e+00
1.255795e-02,1.541028e+00,8.852128e+00
1.256795e-02,1.540037e+00,8.973956e+00
1.257795e-02,1.539079e+00,9.091206e+00
1.258795e-02,1.538159e+00,9.203460e+00
1.259795e-02,1.537281e+00,9.310332e+00
1.260795e-02,1.536448e+00,9.411461e+00
1.261795e-02,1.535665e+00,9.506508e+00
1.262795e-02,1.534935e+00,9.595157e+00
1.263795e-02,1.534262e+00,9.677122e+00
1.264795e-02,1.533649e+00,9.752137e+00
1.265795e-02,1.533098e+00,9.819966e+00
1.266795e-02,1.532613e+00,9.880399e+00
1.267795e-02,1.532197e+00,9.933252e+00
1.268795e-02,1.531854e+00,9.975731e+00
1.269795e-02,1.531585e+00,1.001251e+01
1.270795e-02,1.531389e+00,1.004172e+01
1.271795e-02,1.531268e+00,1.006304e+01
1.272795e-02,1.531221e+00,1.007640e+01
1.273795e-02,1.531253e+00,1.008062e+01
1.274795e-02,1.531358e+00,1.007906e+01
1.275795e-02,1.531536e+00,1.007050e+01
1.276795e-02,1.531793e+00,1.005067e+01
1.277795e-02,1.532126e+00,1.002431e+01
1.278795e-02,1.532535e+00,9.990301e+00
1.279795e-02,1.533018e+00,9.948720e+00
1.280795e-02,1.533578e+00,9.896606e+00
1.281795e-02,1.534211e+00,9.839014e+00
1.282795e-02,1.534914e+00,9.774425e+00
1.283795e-02,1.535685e+00,9.702965e+00
1.284795e-02,1.536522e+00,9.624900e+00
1.285795e-02,1.537420e+00,9.540526e+00
1.286795e-02,1.538378e+00,9.450162e+00
1.287795e-02,1.539392e+00,9.354152e+00
1.288795e-02,1.540459e+00,9.252864e+00
1.289795e-02,1.541574e+00,9.146686e+00
1.290795e-02,1.542734e+00,9.036031e+00
1.291795e-02,1.543935e+00,8.921330e+00
1.292795e-02,1.545172e+00,8.803035e+00
1.293795e-02,1.546442e+00,8.681615e+00
1.294795e-02,1.547739e+00,8.557556e+00
1.295795e-02,1.549063e+00,8.427955e+00
1.296795e-02,1.550407e+00,8.299394e+00
1.297795e-02,1.551764e+00,8.169852e+00
1.298795e-02,1.553130e+00,8.040294e+00
1.299795e-02,1.554499e+00,7.910826e+00
1.300795e-02,1.555867e+00,7.781451e+00
1.301795e-02,1.557229e+00,7.653076e+00
1.302795e-02,1.558580e+00,7.526304e+00
1.303795e-02,1.559916e+00,7.401675e+00
1.304795e-02,1.561231e+00,7.279725e+00
1.305795e-02,1.562522e+00,7.160944e+00
1.306795e-02,1.563783e+00,7.045725e+00
1.307795e-02,1.565010e+00,6.934820e+00
1.308795e-02,1.566199e+00,6.828928e+00
1.309795e-02,1.567345e+00,6.728262e+00
1.310795e-02,1.568444e+00,6.633252e+00
1.311795e-02,1.569492e+00,6.544322e+00
1.312795e-02,1.570487e+00,6.461868e+00
1.313795e-02,1.571423e+00,6.386262e+00
1.314795e-02,1.572299e+00,6.317843e+00
1.315795e-02,1.573111e+00,6.256924e+00
1.316795e-02,1.573854e+00,6.205839e+00
1.317795e-02,1.574529e+00,6.160204e+00
1.318795e-02,1.575133e+00,6.123339e+00
1.319795e-02,1.575664e+00,6.094924e+00
1.320795e-02,1.576120e+00,6.076672e+00
1.321795e-02,1.576499e+00,6.065295e+00
1.322795e-02,1.576802e+00,6.063119e+00
1.323795e-02,1.577031e+00,6.067062e+00
1.324795e-02,1.577183e+00,6.081762e+00
1.325795e-02,1.577257e+00,6.104513e+00
1.326795e-02,1.577253e+00,6.138381e+00
1.327795e-02,1.577170e+00,6.179303e+00
1.328795e-02,1.577011e+00,6.228107e+00
1.329795e-02,1.576778e+00,6.284746e+00
1.330795e-02,1.576468e+00,6.352211e+00
1.331795e-02,1.576085e+00,6.425360e+00
1.332795e-02,1.575632e+00,6.505862e+00
1.333795e-02,1.575111e+00,6.593560e+00
1.334795e-02,1.574524e+00,6.688000e+00
1.335795e-02,1.573874e+00,6.788785e+00
1.336795e-02,1.573164e+00,6.895507e+00
1.337795e-02,1.572397e+00,7.007736e+00
1.338795e-02,1.571576e+00,7.125021e+00
1.339795e-02,1.570707e+00,7.246887e+00
1.340795e-02,1.569791e+00,7.372847e+00
1.341795e-02,1.568834e+00,7.502396e+00
1.342795e-02,1.567839e+00,7.635016e+00
1.343795e-02,1.566811e+00,7.770180e+00
1.344795e-02,1.565754e+00,7.907353e+00
1.345795e-02,1.564673e+00,8.045996e+00
1.346795e-02,1.563572e+00,8.185566e+00
1.347795e-02,1.562458e+00,8.325382e+00
1.348795e-02,1.561333e+00,8.464961e+00
1.349795e-02,1.560204e+00,8.603813e+00
1.350795e-02,1.559075e+00,8.741412e+00
1.351795e-02,1.557955e+00,8.873913e+00
1.352795e-02,1.556846e+00,9.006771e+00
1.353795e-02,1.555752e+00,9.137126e+00
1.354795e-02,1.554678e+00,9.264278e+00
1.355795e-02,1.553628e+00,9.387754e+00
1.356795e-02,1.552607e+00,9.507114e+00
1.357795e-02,1.551619e+00,9.621934e+00
1.358795e-02,1.550669e+00,9.731813e+00
1.359795e-02,1.549760e+00,9.836372e+00
1.360795e-02,1.548897e+00,9.935253e+00
1.361795e-02,1.548084e+00,1.002812e+01
1.362795e-02,1.547324e+00,1.011467e+01
1.363795e-02,1.546621e+00,1.019462e+01
1.364795e-02,1.545978e+00,1.026771e+01
1.365795e-02,1.545397e+00,1.033370e+01
1.366795e-02,1.544883e+00,1.039240e+01
1.367795e-02,1.544441e+00,1.044082e+01
1.368795e-02,1.544071e+00,1.048384e+01
1.369795e-02,1.543773e+00,1.051947e+01
1.370795e-02,1.543548e+00,1.054739e+01
1.371795e-02,1.543397e+00,1.056751e+01
1.372795e-02,1.543326e+00,1.057724e+01
1.373795e-02,1.543330e+00,1.058196e+01
1.374795e-02,1.543407e+00,1.057982e+01
1.375795e-02,1.543555e+00,1.057052e+01
1.376795e-02,1.543783e+00,1.054994e+01
1.377795e-02,1.544088e+00,1.052303e+01
1.378795e-02,1.544468e+00,1.048856e+01
1.379795e-02,1.544923e+00,1.044661e+01
1.380795e-02,1.545450e+00,1.039733e+01
1.381795e-02,1.546053e+00,1.033757e+01
1.382795e-02,1.546728e+00,1.027280e+01
1.383795e-02,1.547471e+00,1.020135e+01
1.384795e-02,1.548280e+00,1.012336e+01
1.385795e-02,1.549151e+00,1.003912e+01
1.386795e-02,1.550081e+00,9.948944e+00
1.387795e-02,1.551068e+00,9.853167e+00
1.388795e-02,1.552107e+00,9.752147e+00
1.389795e-02,1.553195e+00,9.646269e+00
1.390795e-02,1.554328e+00,9.535934e+00
1.391795e-02,1.555502e+00,9.421569e+00
1.392795e-02,1.556713e+00,9.303616e+00
1.393795e-02,1.557956e+00,9.182539e+00
1.394795e-02,1.559229e+00,9.056163e+00
1.395795e-02,1.560526e+00,8.930130e+00
1.396795e-02,1.561842e+00,8.802353e+00
1.397795e-02,1.563171e+00,8.673315e+00
1.398795e-02,1.564510e+00,8.543665e+00
1.399795e-02,1.565852e+00,8.413949e+00
1.400795e-02,1.567193e+00,8.284655e+00
1.401795e-02,1.568529e+00,8.156109e+00
1.402795e-02,1.569855e+00,8.029200e+00
1.403795e-02,1.571165e+00,7.904772e+00
1.404795e-02,1.572454e+00,7.783036e+00
1.405795e-02,1.573719e+00,7.664491e+00
1.406795e-02,1.574953e+00,7.549650e+00
1.407795e-02,1.576153e+00,7.439012e+00
1.408795e-02,1.577314e+00,7.333060e+00
1.409795e-02,1.578433e+00,7.232257e+00
1.410795e-02,1.579505e+00,7.136911e+00
1.411795e-02,1.580527e+00,7.047465e+00
1.412795e-02,1.581494e+00,6.964403e+00
1.413795e-02,1.582405e+00,6.888099e+00
1.414795e-02,1.583255e+00,6.818898e+00
1.415795e-02,1.584041e+00,6.757116e+00
1.416795e-02,1.584759e+00,6.705201e+00
1.417795e-02,1.585409e+00,6.658744e+00
1.418795e-02,1.585988e+00,6.620876e+00
1.419795e-02,1.586491e+00,6.593763e+00
1.420795e-02,1.586920e+00,6.572929e+00
1.421795e-02,1.587274e+00,6.560232e+00
1.422795e-02,1.587552e+00,6.557137e+00
1.423795e-02,1.587755e+00,6.560034e+00
1.424795e-02,1.587881e+00,6.573204e+00
1.425795e-02,1.587931e+00,6.594584e+00
1.426795e-02,1.587901e+00,6.626871e+00
1.427795e-02,1.587793e+00,6.666292e+00
1.428795e-02,1.587610e+00,6.713624e+00
1.429795e-02,1.587351e+00,6.768687e+00
1.430795e-02,1.587017e+00,6.834356e+00
1.431795e-02,1.586610e+00,6.905787e+00
1.432795e-02,1.586132e+00,6.984517e+00
1.433795e-02,1.585586e+00,7.070253e+00
1.434795e-02,1.584975e+00,7.162634e+00
1.435795e-02,1.584301e+00,7.261279e+00
1.436795e-02,1.583567e+00,7.365784e+00
1.437795e-02,1.582777e+00,7.475719e+00
1.438795e-02,1.581934e+00,7.590703e+00
1.439795e-02,1.581041e+00,7.710361e+00
1.440795e-02,1.580103e+00,7.834080e+00
1.441795e-02,1.579122e+00,7.961359e+00
1.442795e-02,1.578104e+00,8.091687e+00
1.443795e-02,1.577053e+00,8.224538e+00
1.444795e-02,1.575974e+00,8.359381e+00
1.445795e-02,1.574870e+00,8.495681e+00
1.446795e-02,1.573746e+00,8.632897e+00
1.447795e-02,1.572609e+00,8.770492e+00
1.448795e-02,1.571461e+00,8.907930e+00
1.449795e-02,1.570308e+00,9.044678e+00
1.450795e-02,1.569159e+00,9.177028e+00
1.451795e-02,1.568016e+00,9.309961e+00
1.452795e-02,1.566883e+00,9.440878e+00
1.453795e-02,1.565766e+00,9.569089e+00
1.454795e-02,1.564667e+00,9.694110e+00
1.455795e-02,1.563593e+00,9.815485e+00
1.456795e-02,1.562548e+00,9.932778e+00
1.457795e-02,1.561536e+00,1.004557e+01
1.458795e-02,1.560562e+00,1.015347e+01
1.459795e-02,1.559629e+00,1.025610e+01
1.460795e-02,1.558742e+00,1.035310e+01
1.461795e-02,1.557905e+00,1.044416e+01
1.462795e-02,1.557121e+00,1.052896e+01
1.463795e-02,1.556395e+00,1.060723e+01
1.464795e-02,1.555728e+00,1.067871e+01
1.465795e-02,1.555124e+00,1.074318e+01
1.466795e-02,1.554586e+00,1.080043e+01
1.467795e-02,1.554121e+00,1.084775e+01
1.468795e-02,1.553727e+00,1.088958e+01
1.469795e-02,1.553405e+00,1.092403e+01
1.470795e-02,1.553157e+00,1.095086e+01
1.471795e-02,1.552983e+00,1.096997e+01
1.472795e-02,1.552888e+00,1.097903e+01
1.473795e-02,1.552869e+00,1.098301e+01
1.474795e-02,1.552923e+00,1.098015e+01
1.475795e-02,1.553048e+00,1.097017e+01
1.476795e-02,1.553253e+00,1.094894e+01
1.477795e-02,1.553535e+00,1.092158e+01
1.478795e-02,1.553893e+00,1.088673e+01
1.479795e-02,1.554325e+00,1.084449e+01
1.480795e-02,1.554835e+00,1.079231e+01
1.481795e-02,1.555417e+00,1.073454e+01
1.482795e-02,1.556071e+00,1.066987e+01
1.483795e-02,1.556792e+00,1.059846e+01
1.484795e-02,1.557579e+00,1.052058e+01
1.485795e-02,1.558429e+00,1.043649e+01
1.486795e-02,1.559337e+00,1.034652e+01
1.487795e-02,1.560302e+00,1.025098e+01
1.488795e-02,1.561320e+00,1.015024e+01
1.489795e-02,1.562387e+00,1.004466e+01
1.490795e-02,1.563499e+00,9.934643e+00
1.491795e-02,1.564651e+00,9.820644e+00
1.492795e-02,1.565843e+00,9.701005e+00
1.493795e-02,1.567068e+00,9.579974e+00
1.494795e-02,1.568321e+00,9.456219e+00
1.495795e-02,1.569597e+00,9.330286e+00
1.496795e-02,1.570891e+00,9.202686e+00
1.497795e-02,1.572200e+00,9.073866e+00
1.498795e-02,1.573518e+00,8.944068e+00
1.499795e-02,1.574840e+00,8.814494e+00
1.500795e-02,1.576161e+00,8.685606e+00
1.501795e-02,1.577476e+00,8.557756e+00
1.502795e-02,1.578780e+00,8.431469e+00
1.503795e-02,1.580068e+00,8.307277e+00
1.504795e-02,1.581336e+00,8.185712e+00
1.505795e-02,1.582579e+00,8.067291e+00
1.506795e-02,1.583792e+00,7.952483e+00
1.507795e-02,1.584970e+00,7.841610e+00
1.508795e-02,1.586111e+00,7.735324e+00
1.509795e-02,1.587209e+00,7.634098e+00
1.510795e-02,1.588261e+00,7.538378e+00
1.511795e-02,1.589262e+00,7.448587e+00
1.512795e-02,1.590210e+00,7.365124e+00
1.513795e-02,1.591100e+00,7.288364e+00
1.514795e-02,1.591930e+00,7.218649e+00
1.515795e-02,1.592697e+00,7.156297e+00
1.516795e-02,1.593395e+00,7.103762e+00
1.517795e-02,1.594024e+00,7.056656e+00
1.518795e-02,1.594583e+00,7.017996e+00
1.519795e-02,1.595067e+00,6.990093e+00
1.520795e-02,1.595476e+00,6.968438e+00
1.521795e-02,1.595811e+00,6.954867e+00
1.522795e-02,1.596067e+00,6.951046e+00
1.523795e-02,1.596250e+00,6.953107e+00
1.524795e-02,1.596357e+00,6.965060e+00
1.525795e-02,1.596386e+00,6.985339e+00
1.526795e-02,1.596340e+00,7.014005e+00
1.527795e-02,1.596214e+00,7.053987e+00
1.528795e-02,1.596011e+00,7.100262e+00
1.529795e-02,1.595733e+00,7.154035e+00
1.530795e-02,1.595382e+00,7.215558e+00
1.531795e-02,1.594956e+00,7.287804e+00
1.532795e-02,1.594459e+00,7.365135e+00
1.533795e-02,1.593894e+00,7.449387e+00
1.534795e-02,1.593264e+00,7.540255e+00
1.535795e-02,1.592570e+00,7.637354e+00
1.536795e-02,1.591817e+00,7.740277e+00
1.537795e-02,1.591008e+00,7.848598e+00
1.538795e-02,1.590145e+00,7.961870e+00
1.539795e-02,1.589233e+00,8.079626e+00
1.540795e-02,1.588276e+00,8.201383e+00
1.541795e-02,1.587277e+00,8.326644e+00
1.542795e-02,1.586241e+00,8.455077e+00
1.543795e-02,1.585172e+00,8.586053e+00
1.544795e-02,1.584074e+00,8.719005e+00
1.545795e-02,1.582952e+00,8.853401e+00
1.546795e-02,1.581810e+00,8.988704e+00
1.547795e-02,1.580654e+00,9.124381e+00
1.548795e-02,1.579488e+00,9.259897e+00
1.549795e-02,1.578318e+00,9.394726e+00
1.550795e-02,1.577147e+00,9.528347e+00
1.551795e-02,1.575985e+00,9.656852e+00
1.552795e-02,1.574833e+00,9.786405e+00
1.553795e-02,1.573696e+00,9.912872e+00
1.554795e-02,1.572579e+00,1.003614e+01
1.555795e-02,1.571486e+00,1.015579e+01
1.556795e-02,1.570421e+00,1.027139e+01
1.557795e-02,1.569390e+00,1.038251e+01
1.558795e-02,1.568397e+00,1.048878e+01
1.559795e-02,1.567445e+00,1.058982e+01
1.560795e-02,1.566540e+00,1.068529e+01
1.561795e-02,1.565684e+00,1.077485e+01
1.562795e-02,1.564881e+00,1.085822e+01
1.563795e-02,1.564136e+00,1.093511e+01
1.564795e-02,1.563450e+00,1.100528e+01
1.565795e-02,1.562828e+00,1.106851e+01
1.566795e-02,1.562271e+00,1.112459e+01
1.567795e-02,1.561787e+00,1.117101e+01
1.568795e-02,1.561375e+00,1.121186e+01
1.569795e-02,1.561035e+00,1.124537e+01
1.570795e-02,1.560768e+00,1.127131e+01
1.571795e-02,1.560575e+00,1.128961e+01
1.572795e-02,1.560463e+00,1.129812e+01
1.573795e-02,1.560425e+00,1.130151e+01
1.574795e-02,1.560460e+00,1.129807e+01
1.575795e-02,1.560567e+00,1.128756e+01
1.576795e-02,1.560753e+00,1.126581e+01
1.577795e-02,1.561018e+00,1.123810e+01
1.578795e-02,1.561358e+00,1.120298e+01
1.579795e-02,1.561772e+00,1.116052e+01
1.580795e-02,1.562264e+00,1.110838e+01
1.581795e-02,1.562830e+00,1.105060e+01
1.582795e-02,1.563466e+00,1.098595e+01
1.583795e-02,1.564170e+00,1.091461e+01
1.584795e-02,1.564940e+00,1.083685e+01
1.585795e-02,1.565772e+00,1.075293e+01
1.586795e-02,1.566664e+00,1.066315e+01
1.587795e-02,1.567612e+00,1.056785e+01
1.588795e-02,1.568612e+00,1.046737e+01
1.589795e-02,1.569662e+00,1.036207e+01
1.590795e-02,1.570755e+00,1.025352e+01
1.591795e-02,1.571893e+00,1.013738e+01
1.592795e-02,1.573068e+00,1.001961e+01
1.593795e-02,1.574276e+00,9.898829e+00
1.594795e-02,1.575512e+00,9.775383e+00
1.595795e-02,1.576772e+00,9.649628e+00
1.596795e-02,1.578050e+00,9.521876e+00
1.597795e-02,1.579343e+00,9.393474e+00
1.598795e-02,1.580644e+00,9.264505e+00
1.599795e-02,1.581950e+00,9.135464e+00
1.600795e-02,1.583254e+00,9.006884e+00
1.601795e-02,1.584551e+00,8.879299e+00
1.602795e-02,1.585838e+00,8.753243e+00
1.603795e-02,1.587110e+00,8.629249e+00
1.604795e-02,1.588361e+00,8.507659e+00
1.605795e-02,1.589587e+00,8.389066e+00
1.606795e-02,1.590783e+00,8.274040e+00
1.607795e-02,1.591946e+00,8.163081e+00
1.608795e-02,1.593071e+00,8.056671e+00
1.609795e-02,1.594153e+00,7.955275e+00
1.610795e-02,1.595189e+00,7.859339e+00
1.611795e-02,1.596174e+00,7.769284e+00
1.612795e-02,1.597106e+00,7.685512e+00
1.613795e-02,1.597981e+00,7.608393e+00
1.614795e-02,1.598795e+00,7.538274e+00
1.615795e-02,1.599543e+00,7.478061e+00
1.616795e-02,1.600225e+00,7.422082e+00
1.617795e-02,1.600839e+00,7.374850e+00
1.618795e-02,1.601383e+00,7.335748e+00
1.619795e-02,1.601851e+00,7.307213e+00
1.620795e-02,1.602245e+00,7.284893e+00
1.621795e-02,1.602563e+00,7.270614e+00
1.622795e-02,1.602804e+00,7.266198e+00
1.623795e-02,1.602971e+00,7.267576e+00
1.624795e-02,1.603062e+00,7.278547e+00
1.625795e-02,1.603076e+00,7.297930e+00
1.626795e-02,1.603014e+00,7.325678e+00
1.627795e-02,1.602872e+00,7.364570e+00
1.628795e-02,1.602653e+00,7.410025e+00
1.629795e-02,1.602359e+00,7.463383e+00
1.630795e-02,1.601992e+00,7.523785e+00
1.631795e-02,1.601550e+00,7.594370e+00
1.632795e-02,1.601038e+00,7.670521e+00
1.633795e-02,1.600458e+00,7.753528e+00
1.634795e-02,1.599812e+00,7.843147e+00
1.635795e-02,1.599103e+00,7.938965e+00
1.636795e-02,1.598335e+00,8.040579e+00
1.637795e-02,1.597510e+00,8.147562e+00
1.638795e-02,1.596632e+00,8.259469e+00
1.639795e-02,1.595705e+00,8.375835e+00
1.640795e-02,1.594732e+00,8.496180e+00
1.641795e-02,1.593719e+00,8.620008e+00
1.642795e-02,1.592667e+00,8.746811e+00
1.643795e-02,1.591583e+00,8.876073e+00
1.644795e-02,1.590471e+00,9.007328e+00
1.645795e-02,1.589335e+00,9.140151e+00
1.646795e-02,1.588179e+00,9.273875e+00
1.647795e-02,1.587008e+00,9.407966e+00
1.648795e-02,1.585828e+00,9.541894e+00
1.649795e-02,1.584643e+00,9.675136e+00
1.650795e-02,1.583458e+00,9.807174e+00
1.651795e-02,1.582278e+00,9.937501e+00
1.652795e-02,1.581107e+00,1.006562e+01
1.653795e-02,1.579955e+00,1.018814e+01
1.654795e-02,1.578822e+00,1.031031e+01
1.655795e-02,1.577714e+00,1.042854e+01
1.656795e-02,1.576635e+00,1.054272e+01
1.657795e-02,1.575589e+00,1.065245e+01
1.658795e-02,1.574581e+00,1.075736e+01
1.659795e-02,1.573614e+00,1.085708e+01
1.660795e-02,1.572694e+00,1.095126e+01
1.661795e-02,1.571823e+00,1.103958e+01
1.662795e-02,1.571006e+00,1.112175e+01
1.663795e-02,1.570245e+00,1.119750e+01
1.664795e-02,1.569545e+00,1.126657e+01
1.665795e-02,1.568908e+00,1.132876e+01
1.666795e-02,1.568337e+00,1.138386e+01
1.667795e-02,1.567838e+00,1.142954e+01
1.668795e-02,1.567412e+00,1.146958e+01
1.669795e-02,1.567057e+00,1.150230e+01
1.670795e-02,1.566775e+00,1.152750e+01
1.671795e-02,1.566568e+00,1.154512e+01
1.672795e-02,1.566441e+00,1.155319e+01
1.673795e-02,1.566389e+00,1.155609e+01
1.674795e-02,1.566409e+00,1.155217e+01
1.675795e-02,1.566501e+00,1.154121e+01
1.676795e-02,1.566674e+00,1.151904e+01
1.677795e-02,1.566924e+00,1.149105e+01
1.678795e-02,1.567250e+00,1.145570e+01
1.679795e-02,1.567651e+00,1.141307e+01
1.680795e-02,1.568129e+00,1.136097e+01
1.681795e-02,1.568681e+00,1.130319e+01
1.682795e-02,1.569303e+00,1.123856e+01
1.683795e-02,1.569994e+00,1.116730e+01
1.684795e-02,1.570750e+00,1.108964e+01
1.685795e-02,1.571569e+00,1.100586e+01
1.686795e-02,1.572447e+00,1.091627e+01
1.687795e-02,1.573382e+00,1.082117e+01
1.688795e-02,1.574369e+00,1.072106e+01
1.689795e-02,1.575403e+00,1.061735e+01
1.690795e-02,1.576481e+00,1.050860e+01
1.691795e-02,1.577605e+00,1.039241e+01
1.692795e-02,1.578766e+00,1.027492e+01
1.693795e-02,1.579961e+00,1.015437e+01
1.694795e-02,1.581181e+00,1.003394e+01
1.695795e-02,1.582426e+00,9.906264e+00
1.696795e-02,1.583692e+00,9.779163e+00
1.697795e-02,1.584971e+00,9.651096e+00
1.698795e-02,1.586258e+00,9.522415e+00
1.699795e-02,1.587550e+00,9.393638e+00
1.700795e-02,1.588841e+00,9.265298e+00
1.701795e-02,1.590125e+00,9.137926e+00
1.702795e-02,1.591399e+00,9.011900e+00
1.703795e-02,1.592657e+00,8.887782e+00
1.704795e-02,1.593896e+00,8.766168e+00
1.705795e-02,1.595109e+00,8.647578e+00
1.706795e-02,1.596293e+00,8.532523e+00
1.707795e-02,1.597443e+00,8.421497e+00
1.708795e-02,1.598555e+00,8.314983e+00
1.709795e-02,1.599625e+00,8.213445e+00
1.710795e-02,1.600649e+00,8.117328e+00
1.711795e-02,1.601622e+00,8.027054e+00
1.712795e-02,1.602542e+00,7.942936e+00
1.713795e-02,1.603404e+00,7.865346e+00
1.714795e-02,1.604204e+00,7.797326e+00
1.715795e-02,1.604940e+00,7.733626e+00
1.716795e-02,1.605610e+00,7.678145e+00
1.717795e-02,1.606213e+00,7.630522e+00
1.718795e-02,1.606744e+00,7.590924e+00
1.719795e-02,1.607200e+00,7.561854e+00
1.720795e-02,1.607581e+00,7.538980e+00
1.721795e-02,1.607888e+00,7.524114e+00
1.722795e-02,1.608116e+00,7.519203e+00
1.723795e-02,1.608271e+00,7.520013e+00
1.724795e-02,1.608349e+00,7.530174e+00
1.725795e-02,1.608351e+00,7.548815e+00
1.726795e-02,1.608276e+00,7.575802e+00
1.727795e-02,1.608123e+00,7.613791e+00
1.728795e-02,1.607892e+00,7.658393e+00
1.729795e-02,1.607585e+00,7.710868e+00
1.730795e-02,1.607205e+00,7.771104e+00
1.731795e-02,1.606753e+00,7.838541e+00
1.732795e-02,1.606232e+00,7.912534e+00
1.733795e-02,1.605640e+00,7.996775e+00
1.734795e-02,1.604982e+00,8.085447e+00
1.735795e-02,1.604262e+00,8.180072e+00
1.736795e-02,1.603481e+00,8.280562e+00
1.737795e-02,1.602645e+00,8.386445e+00
1.738795e-02,1.601755e+00,8.497233e+00
1.739795e-02,1.600816e+00,8.612460e+00
1.740795e-02,1.599831e+00,8.731646e+00
1.741795e-02,1.598805e+00,8.854299e+00
1.742795e-02,1.597742e+00,8.979911e+00
1.743795e-02,1.596646e+00,9.107968e+00
1.744795e-02,1.595522e+00,9.237948e+00
1.745795e-02,1.594374e+00,9.369325e+00
1.746795e-02,1.593207e+00,9.501642e+00
1.747795e-02,1.592025e+00,9.634435e+00
1.748795e-02,1.590834e+00,9.767065e+00
1.749795e-02,1.589637e+00,9.899008e+00
1.750795e-02,1.588441e+00,1.002975e+01
1.751795e-02,1.587249e+00,1.015879e+01
1.752795e-02,1.586067e+00,1.028563e+01
1.753795e-02,1.584905e+00,1.040654e+01
1.754795e-02,1.583761e+00,1.052799e+01
1.755795e-02,1.582641e+00,1.064512e+01
1.756795e-02,1.581550e+00,1.075815e+01
1.757795e-02,1.580492e+00,1.086675e+01
1.758795e-02,1.579472e+00,1.097056e+01
1.759795e-02,1.578494e+00,1.106920e+01
1.760795e-02,1.577562e+00,1.116234e+01
1.761795e-02,1.576679e+00,1.124965e+01
1.762795e-02,1.575850e+00,1.133085e+01
1.763795e-02,1.575078e+00,1.140567e+01
1.764795e-02,1.574367e+00,1.147386e+01
1.765795e-02,1.573718e+00,1.153520e+01
1.766795e-02,1.573135e+00,1.158951e+01
1.767795e-02,1.572625e+00,1.163459e+01
1.768795e-02,1.572187e+00,1.167398e+01
1.769795e-02,1.571821e+00,1.170607e+01
1.770795e-02,1.571528e+00,1.173068e+01
1.771795e-02,1.571309e+00,1.174775e+01
1.772795e-02,1.571170e+00,1.175546e+01
1.773795e-02,1.571106e+00,1.175796e+01
1.774795e-02,1.571115e+00,1.175366e+01
1.775795e-02,1.571196e+00,1.174234e+01
1.776795e-02,1.571357e+00,1.171985e+01
1.777795e-02,1.571597e+00,1.169163e+01
1.778795e-02,1.571912e+00,1.165612e+01
1.779795e-02,1.572301e+00,1.161336e+01
1.780795e-02,1.572769e+00,1.156131e+01
1.781795e-02,1.573310e+00,1.150355e+01
1.782795e-02,1.573921e+00,1.143896e+01
1.783795e-02,1.574601e+00,1.136776e+01
1.784795e-02,1.575347e+00,1.129021e+01
1.785795e-02,1.576155e+00,1.120657e+01
1.786795e-02,1.577023e+00,1.111714e+01
1.787795e-02,1.577946e+00,1.102241e+01
1.788795e-02,1.578921e+00,1.092339e+01
1.789795e-02,1.579944e+00,1.081918e+01
1.790795e-02,1.581011e+00,1.071061e+01
1.791795e-02,1.582124e+00,1.059480e+01
1.792795e-02,1.583276e+00,1.047745e+01
1.793795e-02,1.584457e+00,1.035982e+01
1.794795e-02,1.585669e+00,1.023485e+01
1.795795e-02,1.586905e+00,1.010969e+01
1.796795e-02,1.588159e+00,9.983036e+00
1.797795e-02,1.589428e+00,9.855234e+00
1.798795e-02,1.590705e+00,9.726798e+00
1.799795e-02,1.591986e+00,9.598252e+00
1.800795e-02,1.593266e+00,9.470088e+00
1.801795e-02,1.594540e+00,9.342674e+00
1.802795e-02,1.595804e+00,9.216678e+00
1.803795e-02,1.597052e+00,9.092637e+00
1.804795e-02,1.598281e+00,8.971076e+00
1.805795e-02,1.599484e+00,8.852512e+00
1.806795e-02,1.600658e+00,8.737452e+00
1.807795e-02,1.601799e+00,8.626392e+00
1.808795e-02,1.602901e+00,8.519813e+00
1.809795e-02,1.603961e+00,8.418179e+00
1.810795e-02,1.604975e+00,8.321828e+00
1.811795e-02,1.605939e+00,8.231198e+00
1.812795e-02,1.606849e+00,8.146766e+00
1.813795e-02,1.607699e+00,8.071637e+00
1.814795e-02,1.608489e+00,8.000458e+00
1.815795e-02,1.609216e+00,7.937131e+00
1.816795e-02,1.609877e+00,7.881378e+00
1.817795e-02,1.610469e+00,7.833401e+00
1.818795e-02,1.610991e+00,7.793415e+00
1.819795e-02,1.611438e+00,7.763923e+00
1.820795e-02,1.611809e+00,7.740616e+00
1.821795e-02,1.612106e+00,7.725287e+00
1.822795e-02,1.612325e+00,7.719983e+00
1.823795e-02,1.612469e+00,7.720345e+00
1.824795e-02,1.612541e+00,7.727867e+00
1.825795e-02,1.612535e+00,7.747188e+00
1.826795e-02,1.612451e+00,7.773686e+00
1.827795e-02,1.612291e+00,7.808265e+00
1.828795e-02,1.612052e+00,7.854212e+00
1.829795e-02,1.611736e+00,7.906132e+00
1.830795e-02,1.611347e+00,7.965650e+00
1.831795e-02,1.610885e+00,8.032649e+00
1.832795e-02,1.610353e+00,8.106684e+00
1.833795e-02,1.609754e+00,8.186848e+00
1.834795e-02,1.609087e+00,8.276875e+00
1.835795e-02,1.608356e+00,8.370907e+00
1.836795e-02,1.607566e+00,8.470476e+00
1.837795e-02,1.606720e+00,8.575330e+00
1.838795e-02,1.605820e+00,8.685185e+00
1.839795e-02,1.604872e+00,8.799506e+00
1.840795e-02,1.603878e+00,8.917773e+00
1.841795e-02,1.602842e+00,9.039491e+00
1.842795e-02,1.601770e+00,9.164156e+00
1.843795e-02,1.600664e+00,9.291255e+00
1.844795e-02,1.599531e+00,9.420267e+00
1.845795e-02,1.598373e+00,9.550667e+00
1.846795e-02,1.597197e+00,9.681931e+00
1.847795e-02,1.596006e+00,9.813531e+00
1.848795e-02,1.594805e+00,9.945101e+00
1.849795e-02,1.593600e+00,1.007601e+01
1.850795e-02,1.592394e+00,1.020572e+01
1.851795e-02,1.591194e+00,1.033373e+01
1.852795e-02,1.590003e+00,1.045955e+01
1.853795e-02,1.588827e+00,1.058270e+01
1.854795e-02,1.587674e+00,1.069972e+01
1.855795e-02,1.586546e+00,1.081659e+01
1.856795e-02,1.585446e+00,1.092882e+01
1.857795e-02,1.584378e+00,1.103652e+01
1.858795e-02,1.583349e+00,1.113944e+01
1.859795e-02,1.582361e+00,1.123722e+01
1.860795e-02,1.581420e+00,1.132952e+01
1.861795e-02,1.580528e+00,1.141602e+01
1.862795e-02,1.579690e+00,1.149644e+01
1.863795e-02,1.578909e+00,1.157051e+01
1.864795e-02,1.578188e+00,1.163799e+01
1.865795e-02,1.577530e+00,1.169866e+01
1.866795e-02,1.576938e+00,1.175234e+01
1.867795e-02,1.576419e+00,1.179694e+01
1.868795e-02,1.575971e+00,1.183582e+01
1.869795e-02,1.575596e+00,1.186739e+01
1.870795e-02,1.575294e+00,1.189153e+01
1.871795e-02,1.575066e+00,1.190818e+01
1.872795e-02,1.574918e+00,1.191559e+01
1.873795e-02,1.574845e+00,1.191778e+01
1.874795e-02,1.574845e+00,1.191318e+01
1.875795e-02,1.574917e+00,1.190159e+01
1.876795e-02,1.575069e+00,1.187884e+01
1.877795e-02,1.575299e+00,1.185046e+01
1.878795e-02,1.575606e+00,1.181481e+01
1.879795e-02,1.575987e+00,1.177197e+01
1.880795e-02,1.576446e+00,1.171997e+01
1.881795e-02,1.576978e+00,1.166223e+01
1.882795e-02,1.577581e+00,1.159769e+01
1.883795e-02,1.578252e+00,1.152656e+01
1.884795e-02,1.578989e+00,1.144911e+01
1.885795e-02,1.579789e+00,1.136559e+01
1.886795e-02,1.580649e+00,1.127630e+01
1.887795e-02,1.581563e+00,1.118244e+01
1.888795e-02,1.582529e+00,1.108311e+01
1.889795e-02,1.583543e+00,1.097906e+01
1.890795e-02,1.584602e+00,1.087068e+01
1.891795e-02,1.585702e+00,1.075785e+01
1.892795e-02,1.586840e+00,1.064153e+01
1.893795e-02,1.588015e+00,1.051937e+01
1.894795e-02,1.589219e+00,1.039663e+01
1.895795e-02,1.590447e+00,1.027187e+01
1.896795e-02,1.591693e+00,1.014544e+01
1.897795e-02,1.592953e+00,1.001786e+01
1.898795e-02,1.594222e+00,9.889628e+00
1.899795e-02,1.595495e+00,9.761254e+00
1.900795e-02,1.596767e+00,9.633036e+00
1.901795e-02,1.598033e+00,9.505725e+00
1.902795e-02,1.599289e+00,9.379823e+00
1.903795e-02,1.600529e+00,9.255854e+00
1.904795e-02,1.601750e+00,9.134343e+00
1.905795e-02,1.602946e+00,9.015806e+00
1.906795e-02,1.604112e+00,8.900749e+00
1.907795e-02,1.605245e+00,8.789668e+00
1.908795e-02,1.606339e+00,8.683034e+00
1.909795e-02,1.607392e+00,8.581134e+00
1.910795e-02,1.608398e+00,8.484576e+00
1.911795e-02,1.609354e+00,8.393786e+00
1.912795e-02,1.610254e+00,8.312107e+00
1.913795e-02,1.611097e+00,8.233734e+00
1.914795e-02,1.611879e+00,8.162954e+00
1.915795e-02,1.612599e+00,8.099444e+00
1.916795e-02,1.613252e+00,8.043434e+00
1.917795e-02,1.613837e+00,7.995171e+00
1.918795e-02,1.614351e+00,7.954874e+00
1.919795e-02,1.614790e+00,7.925043e+00
1.920795e-02,1.615154e+00,7.901385e+00
1.921795e-02,1.615443e+00,7.885685e+00
1.922795e-02,1.615654e+00,7.880064e+00
1.923795e-02,1.615790e+00,7.880063e+00
1.924795e-02,1.615855e+00,7.887200e+00
1.925795e-02,1.615840e+00,7.905965e+00
1.926795e-02,1.615749e+00,7.931963e+00
1.927795e-02,1.615581e+00,7.966033e+00
1.928795e-02,1.615335e+00,8.011371e+00
1.929795e-02,1.615012e+00,8.062719e+00
1.930795e-02,1.614614e+00,8.121648e+00
1.931795e-02,1.614145e+00,8.188039e+00
1.932795e-02,1.613605e+00,8.261607e+00
1.933795e-02,1.612998e+00,8.341788e+00
1.934795e-02,1.612326e+00,8.427797e+00
1.935795e-02,1.611589e+00,8.523426e+00
1.936795e-02,1.610791e+00,8.622530e+00
1.937795e-02,1.609937e+00,8.726724e+00
1.938795e-02,1.609030e+00,8.835746e+00
1.939795e-02,1.608074e+00,8.949210e+00
1.940795e-02,1.607072e+00,9.066716e+00
1.941795e-02,1.606029e+00,9.187669e+00
1.942795e-02,1.604949e+00,9.311558e+00
1.943795e-02,1.603836e+00,9.437871e+00
1.944795e-02,1.602695e+00,9.566089e+00
1.945795e-02,1.601530e+00,9.695690e+00
1.946795e-02,1.600346e+00,9.826148e+00
1.947795e-02,1.599148e+00,9.956939e+00
1.948795e-02,1.597940e+00,1.008754e+01
1.949795e-02,1.596727e+00,1.021756e+01
1.950795e-02,1.595515e+00,1.034642e+01
1.951795e-02,1.594307e+00,1.047359e+01
1.952795e-02,1.593109e+00,1.059858e+01
1.953795e-02,1.591926e+00,1.072090e+01
1.954795e-02,1.590762e+00,1.084010e+01
1.955795e-02,1.589627e+00,1.095307e+01
1.956795e-02,1.588520e+00,1.106515e+01
1.957795e-02,1.587445e+00,1.117219e+01
1.958795e-02,1.586408e+00,1.127439e+01
1.959795e-02,1.585414e+00,1.137145e+01
1.960795e-02,1.584465e+00,1.146306e+01
1.961795e-02,1.583566e+00,1.154890e+01
1.962795e-02,1.582720e+00,1.162868e+01
1.963795e-02,1.581932e+00,1.170214e+01
1.964795e-02,1.581203e+00,1.176904e+01
1.965795e-02,1.580538e+00,1.182916e+01
1.966795e-02,1.579939e+00,1.188231e+01
1.967795e-02,1.579413e+00,1.192652e+01
1.968795e-02,1.578958e+00,1.196498e+01
1.969795e-02,1.578575e+00,1.199614e+01
1.970795e-02,1.578266e+00,1.201989e+01
1.971795e-02,1.578032e+00,1.203618e+01
1.972795e-02,1.577876e+00,1.204336e+01
1.973795e-02,1.577796e+00,1.204530e+01
1.974795e-02,1.577789e+00,1.204044e+01
1.975795e-02,1.577853e+00,1.202862e+01
1.976795e-02,1.577999e+00,1.200566e+01
1.977795e-02,1.578222e+00,1.197714e+01
1.978795e-02,1.578522e+00,1.194139e+01
1.979795e-02,1.578896e+00,1.189847e+01
1.980795e-02,1.579348e+00,1.184652e+01
1.981795e-02,1.579873e+00,1.178881e+01
1.982795e-02,1.580470e+00,1.172430e+01
1.983795e-02,1.581135e+00,1.165323e+01
1.984795e-02,1.581865e+00,1.157585e+01
1.985795e-02,1.582658e+00,1.149244e+01
1.986795e-02,1.583510e+00,1.140390e+01
1.987795e-02,1.584417e+00,1.130974e+01
1.988795e-02,1.585376e+00,1.121053e+01
1.989795e-02,1.586384e+00,1.110663e+01
1.990795e-02,1.587436e+00,1.099811e+01
1.991795e-02,1.588531e+00,1.088539e+01
1.992795e-02,1.589667e+00,1.076683e+01
1.993795e-02,1.590837e+00,1.064695e+01
1.994795e-02,1.592035e+00,1.052454e+01
1.995795e-02,1.593256e+00,1.039997e+01
1.996795e-02,1.594496e+00,1.027374e+01
1.997795e-02,1.595749e+00,1.014634e+01
1.998795e-02,1.597011e+00,1.001834e+01
1.999795e-02,1.598278e+00,9.889878e+00
2.000795e-02,1.599543e+00,9.761793e+00
2.001795e-02,1.600803e+00,9.634586e+00
2.002795e-02,1.602053e+00,9.508771e+00
2.003795e-02,1.603287e+00,9.384872e+00
2.004795e-02,1.604501e+00,9.263413e+00
2.005795e-02,1.605691e+00,9.144909e+00
2.006795e-02,1.606851e+00,9.029865e+00
2.007795e-02,1.607978e+00,8.918749e+00
2.008795e-02,1.609066e+00,8.811897e+00
2.009795e-02,1.610113e+00,8.709920e+00
2.010795e-02,1.611113e+00,8.613264e+00
2.011795e-02,1.612064e+00,8.522356e+00
2.012795e-02,1.612958e+00,8.440192e+00
2.013795e-02,1.613795e+00,8.362077e+00
2.014795e-02,1.614572e+00,8.291171e+00
2.015795e-02,1.615285e+00,8.227486e+00
2.016795e-02,1.615932e+00,8.171279e+00
2.017795e-02,1.616511e+00,8.122800e+00
2.018795e-02,1.617019e+00,8.082265e+00
2.019795e-02,1.617452e+00,8.052173e+00
2.020795e-02,1.617810e+00,8.028247e+00
2.021795e-02,1.618093e+00,8.012262e+00
2.022795e-02,1.618297e+00,8.006395e+00
2.023795e-02,1.618428e+00,8.006112e+00
2.024795e-02,1.618486e+00,8.012952e+00
2.025795e-02,1.618465e+00,8.031285e+00
2.026795e-02,1.618368e+00,8.056894e+00
2.027795e-02,1.618194e+00,8.090568e+00
2.028795e-02,1.617942e+00,8.135429e+00
2.029795e-02,1.617612e+00,8.186331e+00
2.030795e-02,1.617209e+00,8.244799e+00
2.031795e-02,1.616734e+00,8.310712e+00
2.032795e-02,1.616188e+00,8.383787e+00
2.033795e-02,1.615574e+00,8.463704e+00
2.034795e-02,1.614896e+00,8.549632e+00
2.035795e-02,1.614152e+00,8.644457e+00
2.036795e-02,1.613348e+00,8.743005e+00
2.037795e-02,1.612487e+00,8.846668e+00
2.038795e-02,1.611574e+00,8.955149e+00
2.039795e-02,1.610612e+00,9.067993e+00
2.040795e-02,1.609604e+00,9.184776e+00
2.041795e-02,1.608555e+00,9.305110e+00
2.042795e-02,1.607469e+00,9.428380e+00
2.043795e-02,1.606350e+00,9.554066e+00
2.044795e-02,1.605203e+00,9.681651e+00
2.045795e-02,1.604032e+00,9.810613e+00
2.046795e-02,1.602842e+00,9.940428e+00
2.047795e-02,1.601638e+00,1.007057e+01
2.048795e-02,1.600425e+00,1.020053e+01
2.049795e-02,1.599206e+00,1.032978e+01
2.050795e-02,1.597988e+00,1.045794e+01
2.051795e-02,1.596775e+00,1.058444e+01
2.052795e-02,1.595571e+00,1.070875e+01
2.053795e-02,1.594383e+00,1.083042e+01
2.054795e-02,1.593213e+00,1.094897e+01
2.055795e-02,1.592068e+00,1.106397e+01
2.056795e-02,1.590955e+00,1.117267e+01
2.057795e-02,1.589875e+00,1.127973e+01
2.058795e-02,1.588832e+00,1.138135e+01
2.059795e-02,1.587832e+00,1.147785e+01
2.060795e-02,1.586877e+00,1.156891e+01
2.061795e-02,1.585972e+00,1.165422e+01
2.062795e-02,1.585121e+00,1.173349e+01
2.063795e-02,1.584327e+00,1.180646e+01
2.064795e-02,1.583593e+00,1.187289e+01
2.065795e-02,1.582922e+00,1.193257e+01
2.066795e-02,1.582317e+00,1.198531e+01
2.067795e-02,1.581785e+00,1.202920e+01
2.068795e-02,1.581324e+00,1.206732e+01
2.069795e-02,1.580936e+00,1.209815e+01
2.070795e-02,1.580621e+00,1.212160e+01
2.071795e-02,1.580381e+00,1.213761e+01
2.072795e-02,1.580220e+00,1.214459e+01
2.073795e-02,1.580134e+00,1.214633e+01
2.074795e-02,1.580121e+00,1.214128e+01
2.075795e-02,1.580180e+00,1.212927e+01
2.076795e-02,1.580320e+00,1.210615e+01
2.077795e-02,1.580538e+00,1.207753e+01
2.078795e-02,1.580832e+00,1.204169e+01
2.079795e-02,1.581201e+00,1.199872e+01
2.080795e-02,1.581647e+00,1.194681e+01
2.081795e-02,1.582168e+00,1.188912e+01
2.082795e-02,1.582759e+00,1.182464e+01
2.083795e-02,1.583418e+00,1.175363e+01
2.084795e-02,1.584143e+00,1.167632e+01
2.085795e-02,1.584931e+00,1.159310e+01
2.086795e-02,1.585777e+00,1.150458e+01
2.087795e-02,1.586679e+00,1.141053e+01
2.088795e-02,1.587633e+00,1.131143e+01
2.089795e-02,1.588635e+00,1.120760e+01
2.090795e-02,1.589684e+00,1.109877e+01
2.091795e-02,1.590774e+00,1.098684e+01
2.092795e-02,1.591904e+00,1.086841e+01
2.093795e-02,1.593069e+00,1.074870e+01
2.094795e-02,1.594261e+00,1.062645e+01
2.095795e-02,1.595477e+00,1.050205e+01
2.096795e-02,1.596712e+00,1.037597e+01
2.097795e-02,1.597960e+00,1.024884e+01
2.098795e-02,1.599217e+00,1.012072e+01
2.099795e-02,1.600478e+00,9.992423e+00
2.100795e-02,1.601739e+00,9.864411e+00
2.101795e-02,1.602994e+00,9.737287e+00
2.102795e-02,1.604238e+00,9.611543e+00
2.103795e-02,1.605468e+00,9.487702e+00
2.104795e-02,1.606677e+00,9.366285e+00
2.105795e-02,1.607862e+00,9.247808e+00
2.106795e-02,1.609017e+00,9.132777e+00
2.107795e-02,1.610139e+00,9.021492e+00
2.108795e-02,1.611223e+00,8.914596e+00
2.109795e-02,1.612265e+00,8.812559e+00
2.110795e-02,1.613261e+00,8.715826e+00
2.111795e-02,1.614203e+00,8.627761e+00
2.112795e-02,1.615093e+00,8.542749e+00
2.113795e-02,1.615925e+00,8.464837e+00
2.114795e-02,1.616697e+00,8.393832e+00
2.115795e-02,1.617405e+00,8.330005e+00
2.116795e-02,1.618047e+00,8.273637e+00
2.117795e-02,1.618621e+00,8.224980e+00
2.118795e-02,1.619125e+00,8.184249e+00
2.119795e-02,1.619553e+00,8.153942e+00
2.120795e-02,1.619906e+00,8.129794e+00
2.121795e-02,1.620184e+00,8.113573e+00
2.122795e-02,1.620384e+00,8.107504e+00
2.123795e-02,1.620509e+00,8.106989e+00
2.124795e-02,1.620562e+00,8.113585e+00
2.125795e-02,1.620537e+00,8.131565e+00
2.126795e-02,1.620435e+00,8.156856e+00
2.127795e-02,1.620257e+00,8.190205e+00
2.128795e-02,1.619999e+00,8.234676e+00
2.129795e-02,1.619665e+00,8.285212e+00
2.130795e-02,1.619257e+00,8.343303e+00
2.131795e-02,1.618777e+00,8.408825e+00
2.132795e-02,1.618227e+00,8.481497e+00
2.133795e-02,1.617608e+00,8.561000e+00
2.134795e-02,1.616924e+00,8.646883e+00
2.135795e-02,1.616179e+00,8.738204e+00
2.136795e-02,1.615371e+00,8.838529e+00
2.137795e-02,1.614506e+00,8.941937e+00
2.138795e-02,1.613588e+00,9.049984e+00
2.139795e-02,1.612621e+00,9.162380e+00
2.140795e-02,1.611608e+00,9.278655e+00
2.141795e-02,1.610555e+00,9.398407e+00
2.142795e-02,1.609464e+00,9.521174e+00
2.143795e-02,1.608341e+00,9.646358e+00
2.144795e-02,1.607189e+00,9.773435e+00
2.145795e-02,1.606013e+00,9.901884e+00
2.146795e-02,1.604819e+00,1.003118e+01
2.147795e-02,1.603610e+00,1.016081e+01
2.148795e-02,1.602391e+00,1.029025e+01
2.149795e-02,1.601168e+00,1.041898e+01
2.150795e-02,1.599946e+00,1.054650e+01
2.151795e-02,1.598728e+00,1.067246e+01
2.152795e-02,1.597520e+00,1.079624e+01
2.153795e-02,1.596327e+00,1.091738e+01
2.154795e-02,1.595153e+00,1.103540e+01
2.155795e-02,1.594003e+00,1.114989e+01
2.156795e-02,1.592886e+00,1.125798e+01
2.157795e-02,1.591802e+00,1.136457e+01
2.158795e-02,1.590755e+00,1.146585e+01
2.159795e-02,1.589750e+00,1.156189e+01
2.160795e-02,1.588791e+00,1.165252e+01
2.161795e-02,1.587881e+00,1.173740e+01
2.162795e-02,1.587025e+00,1.181627e+01
2.163795e-02,1.586227e+00,1.188885e+01
2.164795e-02,1.585488e+00,1.195491e+01
2.165795e-02,1.584813e+00,1.201424e+01
2.166795e-02,1.584203e+00,1.206665e+01
2.167795e-02,1.583667e+00,1.211030e+01
2.168795e-02,1.583202e+00,1.214815e+01
2.169795e-02,1.582809e+00,1.217873e+01
2.170795e-02,1.582489e+00,1.220193e+01
2.171795e-02,1.582245e+00,1.221772e+01
2.172795e-02,1.582079e+00,1.222456e+01
2.173795e-02,1.581989e+00,1.222613e+01
2.174795e-02,1.581971e+00,1.222093e+01
2.175795e-02,1.582025e+00,1.220878e+01
2.176795e-02,1.582161e+00,1.218553e+01
2.177795e-02,1.582375e+00,1.215683e+01
2.178795e-02,1.582664e+00,1.212094e+01
2.179795e-02,1.583029e+00,1.207792e+01
2.180795e-02,1.583471e+00,1.202605e+01
2.181795e-02,1.583987e+00,1.196839e+01
2.182795e-02,1.584574e+00,1.190394e+01
2.183795e-02,1.585229e+00,1.183297e+01
2.184795e-02,1.585950e+00,1.175573e+01
2.185795e-02,1.586733e+00,1.167285e+01
2.186795e-02,1.587575e+00,1.158423e+01
2.187795e-02,1.588473e+00,1.149026e+01
2.188795e-02,1.589422e+00,1.139127e+01
2.189795e-02,1.590422e+00,1.128716e+01
2.190795e-02,1.591466e+00,1.117895e+01
2.191795e-02,1.592556e+00,1.106451e+01
2.192795e-02,1.593684e+00,1.094806e+01
2.193795e-02,1.594844e+00,1.082859e+01
2.194795e-02,1.596033e+00,1.070648e+01
2.195795e-02,1.597245e+00,1.058221e+01
2.196795e-02,1.598475e+00,1.045627e+01
2.197795e-02,1.599719e+00,1.032916e+01
2.198795e-02,1.600972e+00,1.020116e+01
2.199795e-02,1.602229e+00,1.007295e+01
2.200795e-02,1.603486e+00,9.945019e+00
2.201795e-02,1.604737e+00,9.817972e+00
2.202795e-02,1.605978e+00,9.692294e+00
2.203795e-02,1.607203e+00,9.568508e+00
2.204795e-02,1.608409e+00,9.447135e+00
2.205795e-02,1.609590e+00,9.328690e+00
2.206795e-02,1.610741e+00,9.213552e+00
2.207795e-02,1.611859e+00,9.102252e+00
2.208795e-02,1.612939e+00,8.995331e+00
2.209795e-02,1.613978e+00,8.893255e+00
2.210795e-02,1.614970e+00,8.796470e+00
2.211795e-02,1.615909e+00,8.708122e+00
2.212795e-02,1.616795e+00,8.623286e+00
2.213795e-02,1.617623e+00,8.545315e+00
2.214795e-02,1.618391e+00,8.474221e+00
2.215795e-02,1.619096e+00,8.410291e+00
2.216795e-02,1.619734e+00,8.353806e+00
2.217795e-02,1.620304e+00,8.305018e+00
2.218795e-02,1.620804e+00,8.264145e+00
2.219795e-02,1.621228e+00,8.233677e+00
2.220795e-02,1.621577e+00,8.209365e+00
2.221795e-02,1.621852e+00,8.192969e+00
2.222795e-02,1.622048e+00,8.186747e+00
2.223795e-02,1.622169e+00,8.186059e+00
2.224795e-02,1.622218e+00,8.192470e+00
2.225795e-02,1.622189e+00,8.210185e+00
2.226795e-02,1.622083e+00,8.235235e+00
2.227795e-02,1.621901e+00,8.268336e+00
2.228795e-02,1.621640e+00,8.312511e+00
2.229795e-02,1.621302e+00,8.362766e+00
2.230795e-02,1.620890e+00,8.420569e+00
2.231795e-02,1.620406e+00,8.485792e+00
2.232795e-02,1.619852e+00,8.558155e+00
2.233795e-02,1.619230e+00,8.637339e+00
2.234795e-02,1.618542e+00,8.722866e+00
2.235795e-02,1.617793e+00,8.814235e+00
2.236795e-02,1.616981e+00,8.914065e+00
2.237795e-02,1.616112e+00,9.017115e+00
2.238795e-02,1.615190e+00,9.124820e+00
2.239795e-02,1.614219e+00,9.236867e+00
2.240795e-02,1.613202e+00,9.352787e+00
2.241795e-02,1.612145e+00,9.472090e+00
2.242795e-02,1.611050e+00,9.594431e+00
2.243795e-02,1.609923e+00,9.719217e+00
2.244795e-02,1.608768e+00,9.845894e+00
2.245795e-02,1.607588e+00,9.973940e+00
2.246795e-02,1.606390e+00,1.010283e+01
2.247795e-02,1.605177e+00,1.023205e+01
2.248795e-02,1.603955e+00,1.036108e+01
2.249795e-02,1.602729e+00,1.048940e+01
2.250795e-02,1.601502e+00,1.061651e+01
2.251795e-02,1.600281e+00,1.074198e+01
2.252795e-02,1.599069e+00,1.086534e+01
2.253795e-02,1.597873e+00,1.098606e+01
2.254795e-02,1.596695e+00,1.110367e+01
2.255795e-02,1.595542e+00,1.121775e+01
2.256795e-02,1.594422e+00,1.132536e+01
2.257795e-02,1.593334e+00,1.143154e+01
2.258795e-02,1.592284e+00,1.153241e+01
2.259795e-02,1.591276e+00,1.162821e+01
2.260795e-02,1.590313e+00,1.171849e+01
2.261795e-02,1.589400e+00,1.180304e+01
2.262795e-02,1.588540e+00,1.188159e+01
2.263795e-02,1.587738e+00,1.195387e+01
2.264795e-02,1.586995e+00,1.201964e+01
2.265795e-02,1.586316e+00,1.207870e+01
2.266795e-02,1.585703e+00,1.213085e+01
2.267795e-02,1.585163e+00,1.217430e+01
2.268795e-02,1.584694e+00,1.221195e+01
2.269795e-02,1.584298e+00,1.224232e+01
2.270795e-02,1.583975e+00,1.226534e+01
2.271795e-02,1.583727e+00,1.228095e+01
2.272795e-02,1.583558e+00,1.228768e+01
2.273795e-02,1.583464e+00,1.228913e+01
2.274795e-02,1.583442e+00,1.228381e+01
2.275795e-02,1.583493e+00,1.227155e+01
2.276795e-02,1.583625e+00,1.224821e+01
2.277795e-02,1.583835e+00,1.221944e+01
2.278795e-02,1.584122e+00,1.218351e+01
2.279795e-02,1.584483e+00,1.214046e+01
2.280795e-02,1.584922e+00,1.208863e+01
2.281795e-02,1.585434e+00,1.203099e+01
2.282795e-02,1.586018e+00,1.196657e+01
2.283795e-02,1.586670e+00,1.189564e+01
2.284795e-02,1.587387e+00,1.181845e+01
2.285795e-02,1.588167e+00,1.173564e+01
2.286795e-02,1.589005e+00,1.164709e+01
2.287795e-02,1.589900e+00,1.155320e+01
2.288795e-02,1.590846e+00,1.145426e+01
2.289795e-02,1.591843e+00,1.135005e+01
2.290795e-02,1.592884e+00,1.124227e+01
2.291795e-02,1.593970e+00,1.112791e+01
2.292795e-02,1.595094e+00,1.101158e+01
2.293795e-02,1.596252e+00,1.089222e+01
2.294795e-02,1.597437e+00,1.077023e+01
2.295795e-02,1.598646e+00,1.064608e+01
2.296795e-02,1.599873e+00,1.052030e+01
2.297795e-02,1.601113e+00,1.039315e+01
2.298795e-02,1.602363e+00,1.026527e+01
2.299795e-02,1.603617e+00,1.013713e+01
2.300795e-02,1.604871e+00,1.000926e+01
2.301795e-02,1.606119e+00,9.882275e+00
2.302795e-02,1.607356e+00,9.756650e+00
2.303795e-02,1.608579e+00,9.632909e+00
2.304795e-02,1.609781e+00,9.511571e+00
2.305795e-02,1.610959e+00,9.393121e+00
2.306795e-02,1.612107e+00,9.277926e+00
2.307795e-02,1.613222e+00,9.166616e+00
2.308795e-02,1.614300e+00,9.059675e+00
2.309795e-02,1.615335e+00,8.957569e+00
2.310795e-02,1.616321e+00,8.863872e+00
2.311795e-02,1.617257e+00,8.772495e+00
2.312795e-02,1.618139e+00,8.687944e+00
2.313795e-02,1.618964e+00,8.609939e+00
2.314795e-02,1.619729e+00,8.538772e+00
2.315795e-02,1.620431e+00,8.474755e+00
2.316795e-02,1.621067e+00,8.418172e+00
2.317795e-02,1.621634e+00,8.369275e+00
2.318795e-02,1.622130e+00,8.328281e+00
2.319795e-02,1.622551e+00,8.297680e+00
2.320795e-02,1.622898e+00,8.273230e+00
2.321795e-02,1.623169e+00,8.256688e+00
2.322795e-02,1.623362e+00,8.250340e+00
2.323795e-02,1.623480e+00,8.249507e+00
2.324795e-02,1.623526e+00,8.255766e+00
2.325795e-02,1.623494e+00,8.273262e+00
2.326795e-02,1.623385e+00,8.298112e+00
2.327795e-02,1.623200e+00,8.331010e+00
2.328795e-02,1.622936e+00,8.374940e+00
2.329795e-02,1.622595e+00,8.424965e+00
2.330795e-02,1.622180e+00,8.482530e+00
2.331795e-02,1.621693e+00,8.547509e+00
2.332795e-02,1.621136e+00,8.619618e+00
2.333795e-02,1.620511e+00,8.698541e+00
2.334795e-02,1.619821e+00,8.783805e+00
2.335795e-02,1.619068e+00,8.875110e+00
2.336795e-02,1.618256e+00,8.971481e+00
2.337795e-02,1.617385e+00,9.076581e+00
2.338795e-02,1.616461e+00,9.184195e+00
2.339795e-02,1.615487e+00,9.295965e+00
2.340795e-02,1.614467e+00,9.411597e+00
2.341795e-02,1.613407e+00,9.530610e+00
2.342795e-02,1.612309e+00,9.652560e+00
2.343795e-02,1.611179e+00,9.777026e+00
2.344795e-02,1.610020e+00,9.903384e+00
2.345795e-02,1.608838e+00,1.003111e+01
2.346795e-02,1.607637e+00,1.015963e+01
2.347795e-02,1.606421e+00,1.028856e+01
2.348795e-02,1.605196e+00,1.041726e+01
2.349795e-02,1.603967e+00,1.054525e+01
2.350795e-02,1.602737e+00,1.067204e+01
2.351795e-02,1.601513e+00,1.079712e+01
2.352795e-02,1.600299e+00,1.092014e+01
2.353795e-02,1.599099e+00,1.104053e+01
2.354795e-02,1.597919e+00,1.115781e+01
2.355795e-02,1.596763e+00,1.127157e+01
2.356795e-02,1.595635e+00,1.138137e+01
2.357795e-02,1.594545e+00,1.148474e+01
2.358795e-02,1.593492e+00,1.158590e+01
2.359795e-02,1.592480e+00,1.168137e+01
2.360795e-02,1.591514e+00,1.177136e+01
2.361795e-02,1.590599e+00,1.185565e+01
2.362795e-02,1.589736e+00,1.193393e+01
2.363795e-02,1.588931e+00,1.200596e+01
2.364795e-02,1.588186e+00,1.207150e+01
2.365795e-02,1.587504e+00,1.213033e+01
2.366795e-02,1.586888e+00,1.218227e+01
2.367795e-02,1.586345e+00,1.222556e+01
2.368795e-02,1.585873e+00,1.226304e+01
2.369795e-02,1.585474e+00,1.229325e+01
2.370795e-02,1.585148e+00,1.231611e+01
2.371795e-02,1.584897e+00,1.233158e+01
2.372795e-02,1.584725e+00,1.233821e+01
2.373795e-02,1.584629e+00,1.233956e+01
2.374795e-02,1.584604e+00,1.233414e+01
2.375795e-02,1.584659e+00,1.231907e+01
2.376795e-02,1.584790e+00,1.229749e+01
2.377795e-02,1.584998e+00,1.226867e+01
2.378795e-02,1.585282e+00,1.223266e+01
2.379795e-02,1.585641e+00,1.218959e+01
2.380795e-02,1.586077e+00,1.213778e+01
2.381795e-02,1.586587e+00,1.208017e+01
2.382795e-02,1.587168e+00,1.201578e+01
2.383795e-02,1.587817e+00,1.194489e+01
2.384795e-02,1.588532e+00,1.186781e+01
2.385795e-02,1.589308e+00,1.178501e+01
2.386795e-02,1.590144e+00,1.169652e+01
2.387795e-02,1.591036e+00,1.160269e+01
2.388795e-02,1.591980e+00,1.150367e+01
2.389795e-02,1.592974e+00,1.139980e+01
2.390795e-02,1.594012e+00,1.129216e+01
2.391795e-02,1.595095e+00,1.117786e+01
2.392795e-02,1.596217e+00,1.106162e+01
2.393795e-02,1.597372e+00,1.094237e+01
2.394795e-02,1.598554e+00,1.082047e+01
2.395795e-02,1.599760e+00,1.069641e+01
2.396795e-02,1.600985e+00,1.057066e+01
2.397795e-02,1.602223e+00,1.044359e+01
2.398795e-02,1.603470e+00,1.031578e+01
2.399795e-02,1.604722e+00,1.018771e+01
2.400795e-02,1.605973e+00,1.005989e+01
2.401795e-02,1.607218e+00,9.932962e+00
2.402795e-02,1.608453e+00,9.807384e+00
2.403795e-02,1.609673e+00,9.683682e+00
2.404795e-02,1.610873e+00,9.562377e+00
2.405795e-02,1.612048e+00,9.443875e+00
2.406795e-02,1.613194e+00,9.328684e+00
2.407795e-02,1.614307e+00,9.217371e+00
2.408795e-02,1.615382e+00,9.110418e+00
2.409795e-02,1.616415e+00,9.008292e+00
2.410795e-02,1.617399e+00,8.914428e+00
2.411795e-02,1.618333e+00,8.823171e+00
2.412795e-02,1.619212e+00,8.738595e+00
2.413795e-02,1.620035e+00,8.660545e+00
2.414795e-02,1.620798e+00,8.589325e+00
2.415795e-02,1.621497e+00,8.525246e+00
2.416795e-02,1.622130e+00,8.468593e+00
2.417795e-02,1.622695e+00,8.419616e+00
2.418795e-02,1.623189e+00,8.378535e+00
2.419795e-02,1.623608e+00,8.347834e+00
2.420795e-02,1.623952e+00,8.323283e+00
2.421795e-02,1.624221e+00,8.306632e+00
2.422795e-02,1.624411e+00,8.300189e+00
2.423795e-02,1.624527e+00,8.299248e+00
2.424795e-02,1.624571e+00,8.305392e+00
2.425795e-02,1.624536e+00,8.322723e+00
2.426795e-02,1.624425e+00,8.347422e+00
2.427795e-02,1.624237e+00,8.380165e+00
2.428795e-02,1.623970e+00,8.423909e+00
2.429795e-02,1.623627e+00,8.473759e+00
2.430795e-02,1.623210e+00,8.531143e+00
2.431795e-02,1.622721e+00,8.595934e+00
2.432795e-02,1.622161e+00,8.667849e+00
2.433795e-02,1.621534e+00,8.746571e+00
2.434795e-02,1.620841e+00,8.831633e+00
2.435795e-02,1.620086e+00,8.922458e+00
2.436795e-02,1.619272e+00,9.019013e+00
2.437795e-02,1.618399e+00,9.123822e+00
2.438795e-02,1.617471e+00,9.231207e+00
2.439795e-02,1.616495e+00,9.342756e+00
2.440795e-02,1.615473e+00,9.458164e+00
2.441795e-02,1.614410e+00,9.576949e+00
2.442795e-02,1.613310e+00,9.698609e+00
2.443795e-02,1.612177e+00,9.822808e+00
2.444795e-02,1.611016e+00,9.948914e+00
2.445795e-02,1.609832e+00,1.007638e+01
2.446795e-02,1.608628e+00,1.020466e+01
2.447795e-02,1.607410e+00,1.033332e+01
2.448795e-02,1.606183e+00,1.046176e+01
2.449795e-02,1.604951e+00,1.058950e+01
2.450795e-02,1.603719e+00,1.071603e+01
2.451795e-02,1.602493e+00,1.084085e+01
2.452795e-02,1.601276e+00,1.096357e+01
2.453795e-02,1.600074e+00,1.108369e+01
2.454795e-02,1.598892e+00,1.120071e+01
2.455795e-02,1.597733e+00,1.131421e+01
2.456795e-02,1.596604e+00,1.142376e+01
2.457795e-02,1.595512e+00,1.152683e+01
2.458795e-02,1.594456e+00,1.162775e+01
2.459795e-02,1.593442e+00,1.172305e+01
2.460795e-02,1.592474e+00,1.181283e+01
2.461795e-02,1.591556e+00,1.189691e+01
2.462795e-02,1.590691e+00,1.197499e+01
2.463795e-02,1.589884e+00,1.204683e+01
2.464795e-02,1.589136e+00,1.211218e+01
2.465795e-02,1.588452e+00,1.217084e+01
2.466795e-02,1.587834e+00,1.222262e+01
2.467795e-02,1.587289e+00,1.226579e+01
2.468795e-02,1.586815e+00,1.230314e+01
2.469795e-02,1.586413e+00,1.233322e+01
2.470795e-02,1.586085e+00,1.235596e+01
2.471795e-02,1.585832e+00,1.237132e+01
2.472795e-02,1.585658e+00,1.237788e+01
2.473795e-02,1.585559e+00,1.237915e+01
2.474795e-02,1.585532e+00,1.237366e+01
2.475795e-02,1.585584e+00,1.235851e+01
2.476795e-02,1.585714e+00,1.233688e+01
2.477795e-02,1.585920e+00,1.230802e+01
2.478795e-02,1.586201e+00,1.227199e+01
2.479795e-02,1.586557e+00,1.222890e+01
2.480795e-02,1.586992e+00,1.217712e+01
2.481795e-02,1.587500e+00,1.211952e+01
2.482795e-02,1.588078e+00,1.205516e+01
2.483795e-02,1.588725e+00,1.198430e+01
2.484795e-02,1.589438e+00,1.190734e+01
2.485795e-02,1.590212e+00,1.182452e+01
2.486795e-02,1.591046e+00,1.173608e+01
2.487795e-02,1.591936e+00,1.164231e+01
2.488795e-02,1.592878e+00,1.154310e+01
2.489795e-02,1.593870e+00,1.143957e+01
2.490795e-02,1.594910e+00,1.132963e+01
2.491795e-02,1.595993e+00,1.121703e+01
2.492795e-02,1.597113e+00,1.110094e+01
2.493795e-02,1.598266e+00,1.098175e+01
2.494795e-02,1.599446e+00,1.085993e+01
2.495795e-02,1.600650e+00,1.073594e+01
2.496795e-02,1.601873e+00,1.061022e+01
2.497795e-02,1.603109e+00,1.048322e+01
2.498795e-02,1.604354e+00,1.035547e+01
2.499795e-02,1.605603e+00,1.022746e+01
2.500795e-02,1.606852e+00,1.009969e+01
2.501795e-02,1.608096e+00,9.972807e+00
2.502795e-02,1.609329e+00,9.847270e+00
2.503795e-02,1.610547e+00,9.723604e+00
2.504795e-02,1.611745e+00,9.602329e+00
2.505795e-02,1.612918e+00,9.483790e+00
2.506795e-02,1.614063e+00,9.368606e+00
2.507795e-02,1.615173e+00,9.257295e+00
2.508795e-02,1.616247e+00,9.150338e+00
2.509795e-02,1.617278e+00,9.048200e+00
2.510795e-02,1.618260e+00,8.954207e+00
2.511795e-02,1.619191e+00,8.863051e+00
2.512795e-02,1.620069e+00,8.778459e+00
2.513795e-02,1.620890e+00,8.700378e+00
2.514795e-02,1.621651e+00,8.629120e+00
2.515795e-02,1.622348e+00,8.564996e+00
2.516795e-02,1.622979e+00,8.508290e+00
2.517795e-02,1.623542e+00,8.459255e+00
2.518795e-02,1.624031e+00,8.420952e+00
2.519795e-02,1.624446e+00,8.388310e+00
2.520795e-02,1.624787e+00,8.363399e+00
2.521795e-02,1.625054e+00,8.346617e+00
2.522795e-02,1.625243e+00,8.340094e+00
2.523795e-02,1.625357e+00,8.339064e+00
2.524795e-02,1.625398e+00,8.345114e+00
2.525795e-02,1.625362e+00,8.362309e+00
2.526795e-02,1.625248e+00,8.386886e+00
2.527795e-02,1.625059e+00,8.419503e+00
2.528795e-02,1.624790e+00,8.463095e+00
2.529795e-02,1.624445e+00,8.512803e+00
2.530795e-02,1.624026e+00,8.570039e+00
2.531795e-02,1.623535e+00,8.634677e+00
2.532795e-02,1.622974e+00,8.706434e+00
2.533795e-02,1.622344e+00,8.784994e+00
2.534795e-02,1.621650e+00,8.869892e+00
2.535795e-02,1.620893e+00,8.960548e+00
2.536795e-02,1.620077e+00,9.057102e+00
2.537795e-02,1.619201e+00,9.161652e+00
2.538795e-02,1.618272e+00,9.268849e+00
2.539795e-02,1.617293e+00,9.380219e+00
2.540795e-02,1.616270e+00,9.495445e+00
2.541795e-02,1.615205e+00,9.614044e+00
2.542795e-02,1.614103e+00,9.735516e+00
2.543795e-02,1.612968e+00,9.859465e+00
2.544795e-02,1.611805e+00,9.985363e+00
2.545795e-02,1.610619e+00,1.011263e+01
2.546795e-02,1.609414e+00,1.024070e+01
2.547795e-02,1.608194e+00,1.036905e+01
2.548795e-02,1.606965e+00,1.049736e+01
2.549795e-02,1.605731e+00,1.062489e+01
2.550795e-02,1.604497e+00,1.075120e+01
2.551795e-02,1.603269e+00,1.087582e+01
2.552795e-02,1.602051e+00,1.099829e+01
2.553795e-02,1.600847e+00,1.111820e+01
2.554795e-02,1.599663e+00,1.123501e+01
2.555795e-02,1.598503e+00,1.134830e+01
2.556795e-02,1.597371e+00,1.145764e+01
2.557795e-02,1.596277e+00,1.156048e+01
2.558795e-02,1.595220e+00,1.166120e+01
2.559795e-02,1.594205e+00,1.175630e+01
2.560795e-02,1.593235e+00,1.184595e+01
2.561795e-02,1.592315e+00,1.192985e+01
2.562795e-02,1.591448e+00,1.200777e+01
2.563795e-02,1.590639e+00,1.207946e+01
2.564795e-02,1.589890e+00,1.214466e+01
2.565795e-02,1.589204e+00,1.220318e+01
2.566795e-02,1.588584e+00,1.225483e+01
2.567795e-02,1.588037e+00,1.229790e+01
2.568795e-02,1.587561e+00,1.233514e+01
2.569795e-02,1.587158e+00,1.236512e+01
2.570795e-02,1.586828e+00,1.238776e+01
2.571795e-02,1.586573e+00,1.240304e+01
2.572795e-02,1.586397e+00,1.240954e+01
2.573795e-02,1.586296e+00,1.241075e+01
2.574795e-02,1.586268e+00,1.240520e+01
2.575795e-02,1.586318e+00,1.238999e+01
2.576795e-02,1.586446e+00,1.236832e+01
2.577795e-02,1.586650e+00,1.233943e+01
2.578795e-02,1.586930e+00,1.230337e+01
2.579795e-02,1.587284e+00,1.226027e+01
2.580795e-02,1.587717e+00,1.220851e+01
2.581795e-02,1.588223e+00,1.215093e+01
2.582795e-02,1.588800e+00,1.208658e+01
2.583795e-02,1.589445e+00,1.201574e+01
2.584795e-02,1.590156e+00,1.193881e+01
2.585795e-02,1.590929e+00,1.185603e+01
2.586795e-02,1.591761e+00,1.176762e+01
2.587795e-02,1.592649e+00,1.167389e+01
2.588795e-02,1.593591e+00,1.157458e+01
2.589795e-02,1.594581e+00,1.147128e+01
2.590795e-02,1.595619e+00,1.136139e+01
2.591795e-02,1.596700e+00,1.124885e+01
2.592795e-02,1.597819e+00,1.113282e+01
2.593795e-02,1.598970e+00,1.101369e+01
2.594795e-02,1.600149e+00,1.089193e+01
2.595795e-02,1.601351e+00,1.076799e+01
2.596795e-02,1.602571e+00,1.064230e+01
2.597795e-02,1.603806e+00,1.051535e+01
2.598795e-02,1.605050e+00,1.038764e+01
2.599795e-02,1.606297e+00,1.025968e+01
2.600795e-02,1.607545e+00,1.013194e+01
2.601795e-02,1.608787e+00,1.000509e+01
2.602795e-02,1.610018e+00,9.879582e+00
2.603795e-02,1.611235e+00,9.755940e+00
2.604795e-02,1.612431e+00,9.634659e+00
2.605795e-02,1.613603e+00,9.516109e+00
2.606795e-02,1.614746e+00,9.400928e+00
2.607795e-02,1.615855e+00,9.289614e+00
2.608795e-02,1.616927e+00,9.182648e+00
2.609795e-02,1.617957e+00,9.080496e+00
2.610795e-02,1.618937e+00,8.986398e+00
2.611795e-02,1.619868e+00,8.895314e+00
2.612795e-02,1.620744e+00,8.810704e+00
2.613795e-02,1.621564e+00,8.732593e+00
2.614795e-02,1.622323e+00,8.661299e+00
2.615795e-02,1.623018e+00,8.597134e+00
2.616795e-02,1.623648e+00,8.540382e+00
2.617795e-02,1.624209e+00,8.491295e+00
2.618795e-02,1.624696e+00,8.452930e+00
2.619795e-02,1.625110e+00,8.420226e+00
2.620795e-02,1.625450e+00,8.395249e+00
2.621795e-02,1.625715e+00,8.378396e+00
2.622795e-02,1.625902e+00,8.371811e+00
2.623795e-02,1.626015e+00,8.370710e+00
2.624795e-02,1.626055e+00,8.376686e+00
2.625795e-02,1.626017e+00,8.393774e+00
2.626795e-02,1.625902e+00,8.418253e+00
2.627795e-02,1.625711e+00,8.450769e+00
2.628795e-02,1.625441e+00,8.494241e+00
2.629795e-02,1.625094e+00,8.543834e+00
2.630795e-02,1.624674e+00,8.600954e+00
2.631795e-02,1.624181e+00,8.665470e+00
2.632795e-02,1.623618e+00,8.737101e+00
2.633795e-02,1.622987e+00,8.815531e+00
2.634795e-02,1.622291e+00,8.900299e+00
2.635795e-02,1.621533e+00,8.990820e+00
2.636795e-02,1.620715e+00,9.087371e+00
2.637795e-02,1.619838e+00,9.191713e+00
2.638795e-02,1.618907e+00,9.298762e+00
2.639795e-02,1.617927e+00,9.409988e+00
2.640795e-02,1.616902e+00,9.525069e+00
2.641795e-02,1.615835e+00,9.643520e+00
2.642795e-02,1.614732e+00,9.764841e+00
2.643795e-02,1.613596e+00,9.888592e+00
2.644795e-02,1.612431e+00,1.001432e+01
2.645795e-02,1.611243e+00,1.014142e+01
2.646795e-02,1.610036e+00,1.026933e+01
2.647795e-02,1.608815e+00,1.039752e+01
2.648795e-02,1.607585e+00,1.052566e+01
2.649795e-02,1.606349e+00,1.065302e+01
2.650795e-02,1.605114e+00,1.077917e+01
2.651795e-02,1.603885e+00,1.090362e+01
2.652795e-02,1.602665e+00,1.102589e+01
2.653795e-02,1.601460e+00,1.114563e+01
2.654795e-02,1.600274e+00,1.126228e+01
2.655795e-02,1.599112e+00,1.137540e+01
2.656795e-02,1.597980e+00,1.148458e+01
2.657795e-02,1.596885e+00,1.158723e+01
2.658795e-02,1.595826e+00,1.168779e+01
2.659795e-02,1.594810e+00,1.178272e+01
2.660795e-02,1.593838e+00,1.187227e+01
2.661795e-02,1.592917e+00,1.195604e+01
2.662795e-02,1.592049e+00,1.203383e+01
2.663795e-02,1.591238e+00,1.210539e+01
2.664795e-02,1.590487e+00,1.217047e+01
2.665795e-02,1.589800e+00,1.222888e+01
2.666795e-02,1.589179e+00,1.228043e+01
2.667795e-02,1.588630e+00,1.232342e+01
2.668795e-02,1.588153e+00,1.236058e+01
2.669795e-02,1.587748e+00,1.239047e+01
2.670795e-02,1.587417e+00,1.241304e+01
2.671795e-02,1.587160e+00,1.242825e+01
2.672795e-02,1.586983e+00,1.243470e+01
2.673795e-02,1.586881e+00,1.243586e+01
2.674795e-02,1.586851e+00,1.243026e+01
2.675795e-02,1.586900e+00,1.241500e+01
2.676795e-02,1.587026e+00,1.239330e+01
2.677795e-02,1.587229e+00,1.236438e+01
2.678795e-02,1.587508e+00,1.232831e+01
2.679795e-02,1.587861e+00,1.228519e+01
2.680795e-02,1.588292e+00,1.223345e+01
2.681795e-02,1.588797e+00,1.217588e+01
2.682795e-02,1.589372e+00,1.211154e+01
2.683795e-02,1.590017e+00,1.204072e+01
2.684795e-02,1.590726e+00,1.196382e+01
2.685795e-02,1.591498e+00,1.188106e+01
2.686795e-02,1.592328e+00,1.179268e+01
2.687795e-02,1.593215e+00,1.169896e+01
2.688795e-02,1.594155e+00,1.159978e+01
2.689795e-02,1.595143e+00,1.149654e+01
2.690795e-02,1.596181e+00,1.138668e+01
2.691795e-02,1.597261e+00,1.127419e+01
2.692795e-02,1.598378e+00,1.115821e+01
2.693795e-02,1.599527e+00,1.103913e+01
2.694795e-02,1.600705e+00,1.091741e+01
2.695795e-02,1.601906e+00,1.079349e+01
2.696795e-02,1.603125e+00,1.066784e+01
2.697795e-02,1.604358e+00,1.054093e+01
2.698795e-02,1.605601e+00,1.041326e+01
2.699795e-02,1.606847e+00,1.028533e+01
2.700795e-02,1.608094e+00,1.015762e+01
2.701795e-02,1.609334e+00,1.003080e+01
2.702795e-02,1.610565e+00,9.905311e+00
2.703795e-02,1.611780e+00,9.781688e+00
2.704795e-02,1.612975e+00,9.660386e+00
2.705795e-02,1.614146e+00,9.541841e+00
2.706795e-02,1.615287e+00,9.426662e+00
2.707795e-02,1.616396e+00,9.315345e+00
2.708795e-02,1.617466e+00,9.208372e+00
2.709795e-02,1.618495e+00,9.106209e+00
2.710795e-02,1.619474e+00,9.012029e+00
2.711795e-02,1.620403e+00,8.920999e+00
2.712795e-02,1.621279e+00,8.836374e+00
2.713795e-02,1.622097e+00,8.758239e+00
2.714795e-02,1.622855e+00,8.686916e+00
2.715795e-02,1.623549e+00,8.622718e+00
2.716795e-02,1.624178e+00,8.565929e+00
2.717795e-02,1.624738e+00,8.516799e+00
2.718795e-02,1.625224e+00,8.478385e+00
2.719795e-02,1.625636e+00,8.445631e+00
2.720795e-02,1.625975e+00,8.420602e+00
2.721795e-02,1.626239e+00,8.403692e+00
2.722795e-02,1.626425e+00,8.397057e+00
2.723795e-02,1.626536e+00,8.395899e+00
2.724795e-02,1.626575e+00,8.401815e+00
2.725795e-02,1.626536e+00,8.418817e+00
2.726795e-02,1.626420e+00,8.443217e+00
2.727795e-02,1.626227e+00,8.475653e+00
2.728795e-02,1.625956e+00,8.519028e+00
2.729795e-02,1.625609e+00,8.568530e+00
2.730795e-02,1.625187e+00,8.625556e+00
2.731795e-02,1.624693e+00,8.689974e+00
2.732795e-02,1.624129e+00,8.761505e+00
2.733795e-02,1.623497e+00,8.839830e+00
2.734795e-02,1.622799e+00,8.924494e+00
2.735795e-02,1.622040e+00,9.014907e+00
2.736795e-02,1.621221e+00,9.111418e+00
2.737795e-02,1.620346e+00,9.212391e+00
2.738795e-02,1.619416e+00,9.321741e+00
2.739795e-02,1.618435e+00,9.433052e+00
2.740795e-02,1.617408e+00,9.548025e+00
2.741795e-02,1.616341e+00,9.666361e+00
2.742795e-02,1.615236e+00,9.787569e+00
2.743795e-02,1.614099e+00,9.911169e+00
2.744795e-02,1.612933e+00,1.003678e+01
2.745795e-02,1.611744e+00,1.016375e+01
2.746795e-02,1.610536e+00,1.029154e+01
2.747795e-02,1.609314e+00,1.041960e+01
2.748795e-02,1.608082e+00,1.054761e+01
2.749795e-02,1.606845e+00,1.067485e+01
2.750795e-02,1.605609e+00,1.080087e+01
2.751795e-02,1.604378e+00,1.092520e+01
2.752795e-02,1.603157e+00,1.104734e+01
2.753795e-02,1.601951e+00,1.116694e+01
2.754795e-02,1.600764e+00,1.128346e+01
2.755795e-02,1.599601e+00,1.139646e+01
2.756795e-02,1.598467e+00,1.150551e+01
2.757795e-02,1.597371e+00,1.160802e+01
2.758795e-02,1.596312e+00,1.170846e+01
2.759795e-02,1.595294e+00,1.180326e+01
2.760795e-02,1.594322e+00,1.189274e+01
2.761795e-02,1.593399e+00,1.197640e+01
2.762795e-02,1.592530e+00,1.205410e+01
2.763795e-02,1.591718e+00,1.212556e+01
2.764795e-02,1.590966e+00,1.219056e+01
2.765795e-02,1.590278e+00,1.224888e+01
2.766795e-02,1.589655e+00,1.230035e+01
2.767795e-02,1.589106e+00,1.234328e+01
2.768795e-02,1.588627e+00,1.238038e+01
2.769795e-02,1.588221e+00,1.241021e+01
2.770795e-02,1.587889e+00,1.243272e+01
2.771795e-02,1.587631e+00,1.244788e+01
2.772795e-02,1.587453e+00,1.245430e+01
2.773795e-02,1.587349e+00,1.245543e+01
2.774795e-02,1.587318e+00,1.244979e+01
2.775795e-02,1.587366e+00,1.243449e+01
2.776795e-02,1.587491e+00,1.241277e+01
2.777795e-02,1.587693e+00,1.238384e+01
2.778795e-02,1.587970e+00,1.234776e+01
2.779795e-02,1.588323e+00,1.230463e+01
2.780795e-02,1.588753e+00,1.225291e+01
2.781795e-02,1.589256e+00,1.219535e+01
2.782795e-02,1.589831e+00,1.213103e+01
2.783795e-02,1.590474e+00,1.206022e+01
2.784795e-02,1.591182e+00,1.198334e+01
2.785795e-02,1.591953e+00,1.190061e+01
2.786795e-02,1.592783e+00,1.181225e+01
2.787795e-02,1.593668e+00,1.171852e+01
2.788795e-02,1.594607e+00,1.161946e+01
2.789795e-02,1.595594e+00,1.151627e+01
2.790795e-02,1.596631e+00,1.140644e+01
2.791795e-02,1.597709e+00,1.129399e+01
2.792795e-02,1.598825e+00,1.117805e+01
2.793795e-02,1.599974e+00,1.105901e+01
2.794795e-02,1.601150e+00,1.093733e+01
2.795795e-02,1.602350e+00,1.081343e+01
2.796795e-02,1.603569e+00,1.068782e+01
2.797795e-02,1.604801e+00,1.056094e+01
2.798795e-02,1.606042e+00,1.043330e+01
2.799795e-02,1.607288e+00,1.030535e+01
2.800795e-02,1.608533e+00,1.017770e+01
2.801795e-02,1.609773e+00,1.005090e+01
2.802795e-02,1.611002e+00,9.925434e+00
2.803795e-02,1.612216e+00,9.801829e+00
2.804795e-02,1.613411e+00,9.680513e+00
2.805795e-02,1.614580e+00,9.561975e+00
2.806795e-02,1.615721e+00,9.446800e+00
2.807795e-02,1.616829e+00,9.335484e+00
2.808795e-02,1.617898e+00,9.228509e+00
2.809795e-02,1.618922e+00,9.129557e+00
2.810795e-02,1.619900e+00,9.032348e+00
2.811795e-02,1.620828e+00,8.941587e+00
2.812795e-02,1.621702e+00,8.856972e+00
2.813795e-02,1.622520e+00,8.778820e+00
2.814795e-02,1.623276e+00,8.707473e+00
2.815795e-02,1.623970e+00,8.643247e+00
2.816795e-02,1.624598e+00,8.586426e+00
2.817795e-02,1.625157e+00,8.537262e+00
2.818795e-02,1.625642e+00,8.498807e+00
2.819795e-02,1.626053e+00,8.466012e+00
2.820795e-02,1.626391e+00,8.440938e+00
2.821795e-02,1.626654e+00,8.423981e+00
2.822795e-02,1.626839e+00,8.417306e+00
2.823795e-02,1.626949e+00,8.416101e+00
2.824795e-02,1.626987e+00,8.421967e+00
2.825795e-02,1.626947e+00,8.438899e+00
2.826795e-02,1.626830e+00,8.463235e+00
2.827795e-02,1.626637e+00,8.495605e+00
2.828795e-02,1.626364e+00,8.538900e+00
2.829795e-02,1.626016e+00,8.588328e+00
2.830795e-02,1.625593e+00,8.645277e+00
2.831795e-02,1.625099e+00,8.709616e+00
2.832795e-02,1.624533e+00,8.781064e+00
2.833795e-02,1.623900e+00,8.859305e+00
2.834795e-02,1.623202e+00,8.943883e+00
2.835795e-02,1.622442e+00,9.034208e+00
2.836795e-02,1.621622e+00,9.130468e+00
2.837795e-02,1.620747e+00,9.231536e+00
2.838795e-02,1.619815e+00,9.340769e+00
2.839795e-02,1.618833e+00,9.451981e+00
2.840795e-02,1.617806e+00,9.566859e+00
2.841795e-02,1.616737e+00,9.685100e+00
2.842795e-02,1.615631e+00,9.806210e+00
2.843795e-02,1.614493e+00,9.929684e+00
2.844795e-02,1.613327e+00,1.005519e+01
2.845795e-02,1.612137e+00,1.018206e+01
2.846795e-02,1.610928e+00,1.030974e+01
2.847795e-02,1.609704e+00,1.043769e+01
2.848795e-02,1.608472e+00,1.056559e+01
2.849795e-02,1.607234e+00,1.069272e+01
2.850795e-02,1.605997e+00,1.081864e+01
2.851795e-02,1.604765e+00,1.094286e+01
2.852795e-02,1.603543e+00,1.106490e+01
2.853795e-02,1.602336e+00,1.118436e+01
2.854795e-02,1.601148e+00,1.130078e+01
2.855795e-02,1.599985e+00,1.141367e+01
2.856795e-02,1.598850e+00,1.152262e+01
2.857795e-02,1.597748e+00,1.162724e+01
2.858795e-02,1.596688e+00,1.172540e+01
2.859795e-02,1.595669e+00,1.182070e+01
2.860795e-02,1.594696e+00,1.190998e+01
2.861795e-02,1.593772e+00,1.199355e+01
2.862795e-02,1.592902e+00,1.207116e+01
2.863795e-02,1.592089e+00,1.214253e+01
2.864795e-02,1.591337e+00,1.220745e+01
2.865795e-02,1.590647e+00,1.226570e+01
2.866795e-02,1.590024e+00,1.231709e+01
2.867795e-02,1.589473e+00,1.235997e+01
2.868795e-02,1.588994e+00,1.239700e+01
2.869795e-02,1.588587e+00,1.242678e+01
2.870795e-02,1.588254e+00,1.244923e+01
2.871795e-02,1.588002e+00,1.246168e+01
2.872795e-02,1.587826e+00,1.246960e+01
2.873795e-02,1.587723e+00,1.247085e+01
2.874795e-02,1.587691e+00,1.246514e+01
2.875795e-02,1.587738e+00,1.244976e+01
2.876795e-02,1.587862e+00,1.242800e+01
2.877795e-02,1.588063e+00,1.239905e+01
2.878795e-02,1.588340e+00,1.236296e+01
2.879795e-02,1.588691e+00,1.231984e+01
2.880795e-02,1.589120e+00,1.226812e+01
2.881795e-02,1.589623e+00,1.221057e+01
2.882795e-02,1.590197e+00,1.214627e+01
2.883795e-02,1.590839e+00,1.207548e+01
2.884795e-02,1.591547e+00,1.199862e+01
2.885795e-02,1.592316e+00,1.191590e+01
2.886795e-02,1.593145e+00,1.182757e+01
2.887795e-02,1.594030e+00,1.173382e+01
2.888795e-02,1.594968e+00,1.163486e+01
2.889795e-02,1.595954e+00,1.153172e+01
2.890795e-02,1.596990e+00,1.142191e+01
2.891795e-02,1.598067e+00,1.130949e+01
2.892795e-02,1.599182e+00,1.119358e+01
2.893795e-02,1.600330e+00,1.107458e+01
2.894795e-02,1.601506e+00,1.095294e+01
2.895795e-02,1.602705e+00,1.082905e+01
2.896795e-02,1.603922e+00,1.070347e+01
2.897795e-02,1.605154e+00,1.057662e+01
2.898795e-02,1.606394e+00,1.044901e+01
2.899795e-02,1.607639e+00,1.032103e+01
2.900795e-02,1.608884e+00,1.019344e+01
2.901795e-02,1.610123e+00,1.006666e+01
2.902795e-02,1.611351e+00,9.941210e+00
2.903795e-02,1.612565e+00,9.817621e+00
2.904795e-02,1.613758e+00,9.696296e+00
2.905795e-02,1.614927e+00,9.577765e+00
2.906795e-02,1.616067e+00,9.462594e+00
2.907795e-02,1.617174e+00,9.351281e+00
2.908795e-02,1.618243e+00,9.244305e+00
2.909795e-02,1.619266e+00,9.145305e+00
2.910795e-02,1.620243e+00,9.048140e+00
2.911795e-02,1.621170e+00,8.957377e+00
2.912795e-02,1.622044e+00,8.872754e+00
2.913795e-02,1.622860e+00,8.794591e+00
2.914795e-02,1.623616e+00,8.723230e+00
2.915795e-02,1.624309e+00,8.658988e+00
2.916795e-02,1.624936e+00,8.602147e+00
2.917795e-02,1.625494e+00,8.552961e+00
2.918795e-02,1.625979e+00,8.514479e+00
2.919795e-02,1.626389e+00,8.481656e+00
2.920795e-02,1.626726e+00,8.456554e+00
2.921795e-02,1.626989e+00,8.439565e+00
2.922795e-02,1.627173e+00,8.432861e+00
2.923795e-02,1.627282e+00,8.431625e+00
2.924795e-02,1.627319e+00,8.437457e+00
2.925795e-02,1.627278e+00,8.454339e+00
2.926795e-02,1.627160e+00,8.478630e+00
2.927795e-02,1.626966e+00,8.510954e+00
2.928795e-02,1.626693e+00,8.554193e+00
2.929795e-02,1.626344e+00,8.603568e+00
2.930795e-02,1.625921e+00,8.660461e+00
2.931795e-02,1.625425e+00,8.724743e+00
2.932795e-02,1.624859e+00,8.796132e+00
2.933795e-02,1.624226e+00,8.874311e+00
2.934795e-02,1.623527e+00,8.958828e+00
2.935795e-02,1.622765e+00,9.049089e+00
2.936795e-02,1.621945e+00,9.145174e+00
2.937795e-02,1.621069e+00,9.246314e+00
2.938795e-02,1.620137e+00,9.355456e+00
2.939795e-02,1.619154e+00,9.466597e+00
2.940795e-02,1.618126e+00,9.581405e+00
2.941795e-02,1.617056e+00,9.699575e+00
2.942795e-02,1.615950e+00,9.820614e+00
2.943795e-02,1.614811e+00,9.944014e+00
2.944795e-02,1.613643e+00,1.006942e+01
2.945795e-02,1.612453e+00,1.019621e+01
2.946795e-02,1.611243e+00,1.032381e+01
2.947795e-02,1.610019e+00,1.045169e+01
2.948795e-02,1.608785e+00,1.057951e+01
2.949795e-02,1.607547e+00,1.070656e+01
2.950795e-02,1.606309e+00,1.083239e+01
2.951795e-02,1.605077e+00,1.095653e+01
2.952795e-02,1.603854e+00,1.107849e+01
2.953795e-02,1.602646e+00,1.119787e+01
2.954795e-02,1.601458e+00,1.131420e+01
2.955795e-02,1.600293e+00,1.142701e+01
2.956795e-02,1.599158e+00,1.153589e+01
2.957795e-02,1.598056e+00,1.164043e+01
2.958795e-02,1.596995e+00,1.173849e+01
2.959795e-02,1.595975e+00,1.183372e+01
2.960795e-02,1.595001e+00,1.192296e+01
2.961795e-02,1.594077e+00,1.200646e+01
2.962795e-02,1.593206e+00,1.208400e+01
2.963795e-02,1.592392e+00,1.215532e+01
2.964795e-02,1.591639e+00,1.222018e+01
2.965795e-02,1.590949e+00,1.227837e+01
2.966795e-02,1.590325e+00,1.232972e+01
2.967795e-02,1.589773e+00,1.237256e+01
2.968795e-02,1.589293e+00,1.240955e+01
2.969795e-02,1.588886e+00,1.243929e+01
2.970795e-02,1.588552e+00,1.246171e+01
2.971795e-02,1.588299e+00,1.247413e+01
2.972795e-02,1.588122e+00,1.248203e+01
2.973795e-02,1.588018e+00,1.248325e+01
2.974795e-02,1.587986e+00,1.247752e+01
2.975795e-02,1.588032e+00,1.246212e+01
2.976795e-02,1.588156e+00,1.244034e+01
2.977795e-02,1.588356e+00,1.241138e+01
2.978795e-02,1.588632e+00,1.237528e+01
2.979795e-02,1.588982e+00,1.233216e+01
2.980795e-02,1.589411e+00,1.228045e+01
2.981795e-02,1.589913e+00,1.222291e+01
2.982795e-02,1.590486e+00,1.215861e+01
2.983795e-02,1.591128e+00,1.208783e+01
2.984795e-02,1.591835e+00,1.201099e+01
2.985795e-02,1.592604e+00,1.192828e+01
2.986795e-02,1.593432e+00,1.183997e+01
2.987795e-02,1.594316e+00,1.174619e+01
2.988795e-02,1.595253e+00,1.164732e+01
2.989795e-02,1.596239e+00,1.154421e+01
2.990795e-02,1.597274e+00,1.143442e+01
2.991795e-02,1.598351e+00,1.132203e+01
2.992795e-02,1.599465e+00,1.120615e+01
2.993795e-02,1.600612e+00,1.108717e+01
2.994795e-02,1.601787e+00,1.096555e+01
2.995795e-02,1.602985e+00,1.084168e+01
2.996795e-02,1.604202e+00,1.071612e+01
2.997795e-02,1.605433e+00,1.058929e+01
2.998795e-02,1.606673e+00,1.046170e+01
2.999795e-02,1.607917e+00,1.033374e+01
3.000795e-02,1.609161e+00,1.020616e+01
