Time,main.q1_base,main.q1_collector,main.v_in
1.000000e-06,-1.022992e+00,-2.375916e-01,-1.030000e+00
2.200000e-06,-1.019114e+00,-2.329129e-01,-1.029874e+00
3.640000e-06,-1.014580e+00,-2.296299e-01,-1.029724e+00
5.368000e-06,-1.009359e+00,-2.263606e-01,-1.029543e+00
7.441600e-06,-1.003419e+00,-2.226401e-01,-1.029326e+00
9.929920e-06,-9.967400e-01,-2.184704e-01,-1.029065e+00
1.291590e-05,-9.893250e-01,-2.139485e-01,-1.028753e+00
1.649908e-05,-9.812125e-01,-2.091752e-01,-1.028379e+00
2.079890e-05,-9.724850e-01,-2.042896e-01,-1.027930e+00
2.595868e-05,-9.632775e-01,-1.994540e-01,-1.027394e+00
3.215042e-05,-9.537805e-01,-1.949087e-01,-1.026752e+00
3.958050e-05,-9.442368e-01,-1.909362e-01,-1.025987e+00
4.849660e-05,-9.349315e-01,-1.878578e-01,-1.025077e+00
5.849660e-05,-9.264244e-01,-1.860416e-01,-1.024000e+00
6.849660e-05,-9.193424e-01,-1.856385e-01,-1.022813e+00
7.849660e-05,-9.137763e-01,-1.864720e-01,-1.021656e+00
8.849660e-05,-9.095044e-01,-1.882551e-01,-1.020531e+00
9.849660e-05,-9.062853e-01,-1.907396e-01,-1.019443e+00
1.084966e-04,-9.039087e-01,-1.937224e-01,-1.018398e+00
1.184966e-04,-9.022053e-01,-1.970400e-01,-1.017398e+00
1.284966e-04,-9.010425e-01,-2.005621e-01,-1.016447e+00
1.384966e-04,-9.003174e-01,-2.041569e-01,-1.015551e+00
1.484966e-04,-8.999499e-01,-2.077353e-01,-1.014711e+00
1.584966e-04,-8.998770e-01,-2.111998e-01,-1.013931e+00
1.684966e-04,-9.000491e-01,-2.144523e-01,-1.013215e+00
1.784966e-04,-9.004263e-01,-2.174564e-01,-1.012566e+00
1.884966e-04,-9.009763e-01,-2.201379e-01,-1.011985e+00
1.984966e-04,-9.016726e-01,-2.224627e-01,-1.011475e+00
2.084966e-04,-9.024936e-01,-2.244185e-01,-1.011038e+00
2.184966e-04,-9.034210e-01,-2.260145e-01,-1.010676e+00
2.284966e-04,-9.044393e-01,-2.272776e-01,-1.010391e+00
2.384966e-04,-9.055354e-01,-2.282476e-01,-1.010182e+00
2.484966e-04,-9.066981e-01,-2.289719e-01,-1.010052e+00
2.584966e-04,-9.079175e-01,-2.294995e-01,-1.010001e+00
2.684966e-04,-9.091849e-01,-2.298779e-01,-1.010028e+00
2.784966e-04,-9.104927e-01,-2.301500e-01,-1.010135e+00
2.884966e-04,-9.118341e-01,-2.303528e-01,-1.010320e+00
2.984966e-04,-9.132031e-01,-2.305168e-01,-1.010582e+00
3.084966e-04,-9.145941e-01,-2.306667e-01,-1.010921e+00
3.184966e-04,-9.160024e-01,-2.308216e-01,-1.011336e+00
3.284966e-04,-9.174233e-01,-2.309960e-01,-1.011824e+00
3.384966e-04,-9.188530e-01,-2.312005e-01,-1.012384e+00
3.484966e-04,-9.202877e-01,-2.314424e-01,-1.013013e+00
3.584966e-04,-9.217240e-01,-2.317269e-01,-1.013709e+00
3.684966e-04,-9.231589e-01,-2.320570e-01,-1.014470e+00
3.784966e-04,-9.245895e-01,-2.324345e-01,-1.015292e+00
3.884966e-04,-9.260134e-01,-2.328597e-01,-1.016172e+00
3.984966e-04,-9.274282e-01,-2.333327e-01,-1.017107e+00
4.084966e-04,-9.288317e-01,-2.338525e-01,-1.018092e+00
4.184966e-04,-9.302219e-01,-2.344180e-01,-1.019124e+00
4.284966e-04,-9.315971e-01,-2.350278e-01,-1.020200e+00
4.384966e-04,-9.329556e-01,-2.356803e-01,-1.021314e+00
4.484966e-04,-9.342959e-01,-2.363740e-01,-1.022462e+00
4.584966e-04,-9.356168e-01,-2.371071e-01,-1.023640e+00
4.684966e-04,-9.369169e-01,-2.378782e-01,-1.024843e+00
4.784966e-04,-9.381951e-01,-2.386857e-01,-1.026067e+00
4.884966e-04,-9.394506e-01,-2.395283e-01,-1.027306e+00
4.984966e-04,-9.406825e-01,-2.404047e-01,-1.028556e+00
5.084966e-04,-9.418901e-01,-2.413137e-01,-1.029811e+00
5.184966e-04,-9.430726e-01,-2.422544e-01,-1.031067e+00
5.284966e-04,-9.442297e-01,-2.432259e-01,-1.032319e+00
5.384966e-04,-9.453609e-01,-2.442276e-01,-1.033562e+00
5.484966e-04,-9.464658e-01,-2.452590e-01,-1.034791e+00
5.584966e-04,-9.475443e-01,-2.463198e-01,-1.036000e+00
5.684966e-04,-9.485963e-01,-2.474098e-01,-1.037187e+00
5.784966e-04,-9.496217e-01,-2.485292e-01,-1.038344e+00
5.884966e-04,-9.506205e-01,-2.496781e-01,-1.039469e+00
5.984966e-04,-9.515930e-01,-2.508569e-01,-1.040557e+00
6.084966e-04,-9.525394e-01,-2.520663e-01,-1.041602e+00
6.184966e-04,-9.534599e-01,-2.533072e-01,-1.042602e+00
6.284966e-04,-9.543551e-01,-2.545804e-01,-1.043553e+00
6.384966e-04,-9.552253e-01,-2.558874e-01,-1.044449e+00
6.484966e-04,-9.560712e-01,-2.572294e-01,-1.045289e+00
6.584966e-04,-9.568933e-01,-2.586083e-01,-1.046069e+00
6.684966e-04,-9.576925e-01,-2.600258e-01,-1.046785e+00
6.784966e-04,-9.584695e-01,-2.614843e-01,-1.047434e+00
6.884966e-04,-9.592251e-01,-2.629863e-01,-1.048015e+00
6.984966e-04,-9.599602e-01,-2.645345e-01,-1.048525e+00
7.084966e-04,-9.606759e-01,-2.661319e-01,-1.048962e+00
7.184966e-04,-9.613733e-01,-2.677822e-01,-1.049324e+00
7.284966e-04,-9.620533e-01,-2.694890e-01,-1.049609e+00
7.384966e-04,-9.627172e-01,-2.712567e-01,-1.049818e+00
7.484966e-04,-9.633662e-01,-2.730900e-01,-1.049948e+00
7.584966e-04,-9.640016e-01,-2.749944e-01,-1.049999e+00
7.684966e-04,-9.646246e-01,-2.769756e-01,-1.049972e+00
7.784966e-04,-9.652367e-01,-2.790405e-01,-1.049865e+00
7.884966e-04,-9.658392e-01,-2.811966e-01,-1.049680e+00
7.984966e-04,-9.664336e-01,-2.834523e-01,-1.049418e+00
8.084966e-04,-9.670212e-01,-2.858175e-01,-1.049079e+00
8.184966e-04,-9.676037e-01,-2.883033e-01,-1.048664e+00
8.284966e-04,-9.681825e-01,-2.909227e-01,-1.048176e+00
8.384966e-04,-9.687590e-01,-2.936908e-01,-1.047616e+00
8.484966e-04,-9.693349e-01,-2.966254e-01,-1.046987e+00
8.584966e-04,-9.699117e-01,-2.997478e-01,-1.046291e+00
8.684966e-04,-9.704908e-01,-3.030838e-01,-1.045530e+00
8.784966e-04,-9.710737e-01,-3.066651e-01,-1.044708e+00
8.884966e-04,-9.716620e-01,-3.105312e-01,-1.043828e+00
8.984966e-04,-9.722570e-01,-3.147326e-01,-1.042893e+00
9.084966e-04,-9.728601e-01,-3.193350e-01,-1.041908e+00
9.184966e-04,-9.734725e-01,-3.244261e-01,-1.040876e+00
9.284966e-04,-9.740953e-01,-3.301807e-01,-1.039800e+00
9.384966e-04,-9.747296e-01,-3.366856e-01,-1.038686e+00
9.484966e-04,-9.753761e-01,-3.442371e-01,-1.037538e+00
9.584966e-04,-9.760351e-01,-3.532312e-01,-1.036360e+00
9.684966e-04,-9.767064e-01,-3.643566e-01,-1.035157e+00
9.784966e-04,-9.773888e-01,-3.785187e-01,-1.033933e+00
9.884966e-04,-9.780801e-01,-3.971059e-01,-1.032694e+00
9.984966e-04,-9.787769e-01,-4.211067e-01,-1.031444e+00
1.008497e-03,-9.794768e-01,-4.496015e-01,-1.030189e+00
1.018497e-03,-9.801795e-01,-4.802102e-01,-1.028933e+00
1.028497e-03,-9.808871e-01,-5.110714e-01,-1.027681e+00
1.038497e-03,-9.816032e-01,-5.411101e-01,-1.026438e+00
1.048497e-03,-9.823320e-01,-5.696549e-01,-1.025209e+00
1.058497e-03,-9.830779e-01,-5.961590e-01,-1.024000e+00
1.068497e-03,-9.838456e-01,-6.201252e-01,-1.022813e+00
1.078497e-03,-9.846394e-01,-6.410787e-01,-1.021656e+00
1.088497e-03,-9.854638e-01,-6.585644e-01,-1.020531e+00
1.098497e-03,-9.863231e-01,-6.721473e-01,-1.019443e+00
1.108497e-03,-9.872212e-01,-6.814132e-01,-1.018398e+00
1.118497e-03,-9.881621e-01,-6.859702e-01,-1.017398e+00
1.128497e-03,-9.891495e-01,-6.854504e-01,-1.016447e+00
1.138497e-03,-9.901869e-01,-6.795114e-01,-1.015551e+00
1.148497e-03,-9.912773e-01,-6.678379e-01,-1.014711e+00
1.158497e-03,-9.924240e-01,-6.501432e-01,-1.013931e+00
1.168497e-03,-9.936296e-01,-6.261713e-01,-1.013215e+00
1.178497e-03,-9.948965e-01,-5.957024e-01,-1.012566e+00
1.188497e-03,-9.962269e-01,-5.585756e-01,-1.011985e+00
1.198497e-03,-9.976224e-01,-5.148581e-01,-1.011475e+00
1.208497e-03,-9.990831e-01,-4.661494e-01,-1.011038e+00
1.218497e-03,-1.000601e+00,-4.215466e-01,-1.010676e+00
1.228497e-03,-1.002157e+00,-3.927975e-01,-1.010391e+00
1.238497e-03,-1.003731e+00,-3.763428e-01,-1.010182e+00
1.248497e-03,-1.005311e+00,-3.661361e-01,-1.010052e+00
1.258497e-03,-1.006888e+00,-3.591619e-01,-1.010001e+00
1.268497e-03,-1.008459e+00,-3.540292e-01,-1.010028e+00
1.278497e-03,-1.010022e+00,-3.503089e-01,-1.010135e+00
1.288497e-03,-1.011575e+00,-3.474458e-01,-1.010320e+00
1.298497e-03,-1.013117e+00,-3.452628e-01,-1.010582e+00
1.308497e-03,-1.014648e+00,-3.435066e-01,-1.010921e+00
1.318497e-03,-1.016168e+00,-3.421359e-01,-1.011336e+00
1.328497e-03,-1.017674e+00,-3.410751e-01,-1.011824e+00
1.338497e-03,-1.019168e+00,-3.402680e-01,-1.012384e+00
1.348497e-03,-1.020649e+00,-3.396725e-01,-1.013013e+00
1.358497e-03,-1.022115e+00,-3.392565e-01,-1.013709e+00
1.368497e-03,-1.023566e+00,-3.389948e-01,-1.014470e+00
1.378497e-03,-1.025000e+00,-3.388674e-01,-1.015292e+00
1.388497e-03,-1.026419e+00,-3.388581e-01,-1.016172e+00
1.398497e-03,-1.027819e+00,-3.389536e-01,-1.017107e+00
1.408497e-03,-1.029201e+00,-3.391428e-01,-1.018092e+00
1.418497e-03,-1.030563e+00,-3.394164e-01,-1.019124e+00
1.428497e-03,-1.031904e+00,-3.397667e-01,-1.020200e+00
1.438497e-03,-1.033225e+00,-3.401869e-01,-1.021314e+00
1.448497e-03,-1.034523e+00,-3.406713e-01,-1.022462e+00
1.458497e-03,-1.035798e+00,-3.412147e-01,-1.023640e+00
1.468497e-03,-1.037050e+00,-3.418134e-01,-1.024843e+00
1.478497e-03,-1.038277e+00,-3.424635e-01,-1.026067e+00
1.488497e-03,-1.039480e+00,-3.431618e-01,-1.027306e+00
1.498497e-03,-1.040656e+00,-3.439056e-01,-1.028556e+00
1.508497e-03,-1.041807e+00,-3.446925e-01,-1.029811e+00
1.518497e-03,-1.042932e+00,-3.455208e-01,-1.031067e+00
1.528497e-03,-1.044029e+00,-3.463887e-01,-1.032319e+00
1.538497e-03,-1.045100e+00,-3.472952e-01,-1.033562e+00
1.548497e-03,-1.046143e+00,-3.482392e-01,-1.034791e+00
1.558497e-03,-1.047158e+00,-3.492201e-01,-1.036000e+00
1.568497e-03,-1.048147e+00,-3.502375e-01,-1.037187e+00
1.578497e-03,-1.049108e+00,-3.512914e-01,-1.038344e+00
1.588497e-03,-1.050042e+00,-3.523819e-01,-1.039469e+00
1.598497e-03,-1.050948e+00,-3.535094e-01,-1.040557e+00
1.608497e-03,-1.051828e+00,-3.546748e-01,-1.041602e+00
1.618497e-03,-1.052682e+00,-3.558790e-01,-1.042602e+00
1.628497e-03,-1.053510e+00,-3.571233e-01,-1.043553e+00
1.638497e-03,-1.054312e+00,-3.584094e-01,-1.044449e+00
1.648497e-03,-1.055089e+00,-3.597394e-01,-1.045289e+00
1.658497e-03,-1.055842e+00,-3.611152e-01,-1.046069e+00
1.668497e-03,-1.056572e+00,-3.625397e-01,-1.046785e+00
1.678497e-03,-1.057278e+00,-3.640160e-01,-1.047434e+00
1.688497e-03,-1.057963e+00,-3.655472e-01,-1.048015e+00
1.698497e-03,-1.058628e+00,-3.671380e-01,-1.048525e+00
1.708497e-03,-1.059272e+00,-3.687925e-01,-1.048962e+00
1.718497e-03,-1.059897e+00,-3.705161e-01,-1.049324e+00
1.728497e-03,-1.060505e+00,-3.723148e-01,-1.049609e+00
1.738497e-03,-1.061096e+00,-3.741952e-01,-1.049818e+00
1.748497e-03,-1.061672e+00,-3.761653e-01,-1.049948e+00
1.758497e-03,-1.062234e+00,-3.782341e-01,-1.049999e+00
1.768497e-03,-1.062783e+00,-3.804121e-01,-1.049972e+00
1.778497e-03,-1.063320e+00,-3.827115e-01,-1.049865e+00
1.788497e-03,-1.063848e+00,-3.851470e-01,-1.049680e+00
1.798497e-03,-1.064366e+00,-3.877358e-01,-1.049418e+00
1.808497e-03,-1.064878e+00,-3.904989e-01,-1.049079e+00
1.818497e-03,-1.065384e+00,-3.934620e-01,-1.048664e+00
1.828497e-03,-1.065886e+00,-3.966572e-01,-1.048176e+00
1.838497e-03,-1.066384e+00,-4.001251e-01,-1.047616e+00
1.848497e-03,-1.066882e+00,-4.039185e-01,-1.046987e+00
1.858497e-03,-1.067379e+00,-4.081078e-01,-1.046291e+00
1.868497e-03,-1.067877e+00,-4.127896e-01,-1.045530e+00
1.878497e-03,-1.068378e+00,-4.181495e-01,-1.044708e+00
1.888497e-03,-1.068883e+00,-4.243206e-01,-1.043828e+00
1.898497e-03,-1.069392e+00,-4.316644e-01,-1.042893e+00
1.908497e-03,-1.069906e+00,-4.407349e-01,-1.041908e+00
1.918497e-03,-1.070423e+00,-4.526315e-01,-1.040876e+00
1.928497e-03,-1.070942e+00,-4.692480e-01,-1.039800e+00
1.938497e-03,-1.071458e+00,-4.945273e-01,-1.038686e+00
1.948497e-03,-1.071961e+00,-5.319741e-01,-1.037538e+00
1.958497e-03,-1.072444e+00,-5.786438e-01,-1.036360e+00
1.968497e-03,-1.072906e+00,-6.294396e-01,-1.035157e+00
1.978497e-03,-1.073349e+00,-6.823231e-01,-1.033933e+00
1.988497e-03,-1.073777e+00,-7.365359e-01,-1.032694e+00
1.998497e-03,-1.074195e+00,-7.915216e-01,-1.031444e+00
2.008497e-03,-1.074606e+00,-8.467514e-01,-1.030189e+00
2.018497e-03,-1.075016e+00,-9.016992e-01,-1.028933e+00
2.028497e-03,-1.075431e+00,-9.558395e-01,-1.027681e+00
2.038497e-03,-1.075854e+00,-1.008654e+00,-1.026438e+00
2.048497e-03,-1.076291e+00,-1.059633e+00,-1.025209e+00
2.058497e-03,-1.076746e+00,-1.108279e+00,-1.024000e+00
2.068497e-03,-1.077224e+00,-1.154110e+00,-1.022813e+00
2.078497e-03,-1.077730e+00,-1.196656e+00,-1.021656e+00
2.088497e-03,-1.078267e+00,-1.235467e+00,-1.020531e+00
2.098497e-03,-1.078841e+00,-1.270112e+00,-1.019443e+00
2.108497e-03,-1.079455e+00,-1.300181e+00,-1.018398e+00
2.118497e-03,-1.080114e+00,-1.325284e+00,-1.017398e+00
2.128497e-03,-1.080820e+00,-1.345057e+00,-1.016447e+00
2.138497e-03,-1.081577e+00,-1.359161e+00,-1.015551e+00
2.148497e-03,-1.082389e+00,-1.367281e+00,-1.014711e+00
2.158497e-03,-1.083259e+00,-1.369131e+00,-1.013931e+00
2.168497e-03,-1.084188e+00,-1.364454e+00,-1.013215e+00
2.178497e-03,-1.085181e+00,-1.353021e+00,-1.012566e+00
2.188497e-03,-1.086239e+00,-1.334634e+00,-1.011985e+00
2.198497e-03,-1.087363e+00,-1.309126e+00,-1.011475e+00
2.208497e-03,-1.088556e+00,-1.276362e+00,-1.011038e+00
2.218497e-03,-1.089819e+00,-1.236240e+00,-1.010676e+00
2.228497e-03,-1.091153e+00,-1.188689e+00,-1.010391e+00
2.238497e-03,-1.092559e+00,-1.133673e+00,-1.010182e+00
2.248497e-03,-1.094037e+00,-1.071191e+00,-1.010052e+00
2.258497e-03,-1.095586e+00,-1.001275e+00,-1.010001e+00
2.268497e-03,-1.097208e+00,-9.239945e-01,-1.010028e+00
2.278497e-03,-1.098901e+00,-8.394570e-01,-1.010135e+00
2.288497e-03,-1.100665e+00,-7.478152e-01,-1.010320e+00
2.298497e-03,-1.102497e+00,-6.493836e-01,-1.010582e+00
2.308497e-03,-1.104393e+00,-5.500996e-01,-1.010921e+00
2.318497e-03,-1.106310e+00,-4.926573e-01,-1.011336e+00
2.328497e-03,-1.108204e+00,-4.706400e-01,-1.011824e+00
2.338497e-03,-1.110050e+00,-4.592766e-01,-1.012384e+00
2.348497e-03,-1.111840e+00,-4.526463e-01,-1.013013e+00
2.358497e-03,-1.113572e+00,-4.480400e-01,-1.013709e+00
2.368497e-03,-1.115246e+00,-4.449530e-01,-1.014470e+00
2.378497e-03,-1.116866e+00,-4.427471e-01,-1.015292e+00
2.388497e-03,-1.118434e+00,-4.411936e-01,-1.016172e+00
2.398497e-03,-1.119955e+00,-4.400673e-01,-1.017107e+00
2.408497e-03,-1.121431e+00,-4.392962e-01,-1.018092e+00
2.418497e-03,-1.122865e+00,-4.388020e-01,-1.019124e+00
2.428497e-03,-1.124259e+00,-4.385286e-01,-1.020200e+00
2.438497e-03,-1.125615e+00,-4.384332e-01,-1.021314e+00
2.448497e-03,-1.126934e+00,-4.384903e-01,-1.022462e+00
2.458497e-03,-1.128217e+00,-4.386737e-01,-1.023640e+00
2.468497e-03,-1.129467e+00,-4.389655e-01,-1.024843e+00
2.478497e-03,-1.130683e+00,-4.393520e-01,-1.026067e+00
2.488497e-03,-1.131867e+00,-4.398219e-01,-1.027306e+00
2.498497e-03,-1.133018e+00,-4.403667e-01,-1.028556e+00
2.508497e-03,-1.134138e+00,-4.409791e-01,-1.029811e+00
2.518497e-03,-1.135226e+00,-4.416536e-01,-1.031067e+00
2.528497e-03,-1.136284e+00,-4.423859e-01,-1.032319e+00
2.538497e-03,-1.137311e+00,-4.431723e-01,-1.033562e+00
2.548497e-03,-1.138307e+00,-4.440102e-01,-1.034791e+00
2.558497e-03,-1.139274e+00,-4.448976e-01,-1.036000e+00
2.568497e-03,-1.140211e+00,-4.458331e-01,-1.037187e+00
2.578497e-03,-1.141119e+00,-4.468159e-01,-1.038344e+00
2.588497e-03,-1.141998e+00,-4.478456e-01,-1.039469e+00
2.598497e-03,-1.142848e+00,-4.489225e-01,-1.040557e+00
2.608497e-03,-1.143670e+00,-4.500471e-01,-1.041602e+00
2.618497e-03,-1.144465e+00,-4.512206e-01,-1.042602e+00
2.628497e-03,-1.145232e+00,-4.524444e-01,-1.043553e+00
2.638497e-03,-1.145973e+00,-4.537207e-01,-1.044449e+00
2.648497e-03,-1.146689e+00,-4.550518e-01,-1.045289e+00
2.658497e-03,-1.147379e+00,-4.564410e-01,-1.046069e+00
2.668497e-03,-1.148045e+00,-4.578921e-01,-1.046785e+00
2.678497e-03,-1.148688e+00,-4.594090e-01,-1.047434e+00
2.688497e-03,-1.149308e+00,-4.609966e-01,-1.048015e+00
2.698497e-03,-1.149907e+00,-4.626612e-01,-1.048525e+00
2.708497e-03,-1.150486e+00,-4.644098e-01,-1.048962e+00
2.718497e-03,-1.151045e+00,-4.662502e-01,-1.049324e+00
2.728497e-03,-1.151585e+00,-4.681920e-01,-1.049609e+00
2.738497e-03,-1.152109e+00,-4.702464e-01,-1.049818e+00
2.748497e-03,-1.152617e+00,-4.724265e-01,-1.049948e+00
2.758497e-03,-1.153110e+00,-4.747484e-01,-1.049999e+00
2.768497e-03,-1.153590e+00,-4.772313e-01,-1.049972e+00
2.778497e-03,-1.154057e+00,-4.798991e-01,-1.049865e+00
2.788497e-03,-1.154515e+00,-4.827813e-01,-1.049680e+00
2.798497e-03,-1.154962e+00,-4.859156e-01,-1.049418e+00
2.808497e-03,-1.155402e+00,-4.893508e-01,-1.049079e+00
2.818497e-03,-1.155836e+00,-4.931519e-01,-1.048664e+00
2.828497e-03,-1.156264e+00,-4.974079e-01,-1.048176e+00
2.838497e-03,-1.156688e+00,-5.022454e-01,-1.047616e+00
2.848497e-03,-1.157109e+00,-5.079108e-01,-1.046987e+00
2.858497e-03,-1.157527e+00,-5.146174e-01,-1.046291e+00
2.868497e-03,-1.157945e+00,-5.229130e-01,-1.045530e+00
2.878497e-03,-1.158360e+00,-5.338195e-01,-1.044708e+00
2.888497e-03,-1.158771e+00,-5.492255e-01,-1.043828e+00
2.898497e-03,-1.159173e+00,-5.736851e-01,-1.042893e+00
2.908497e-03,-1.159553e+00,-6.139111e-01,-1.041908e+00
2.918497e-03,-1.159900e+00,-6.682785e-01,-1.040876e+00
2.928497e-03,-1.160211e+00,-7.292827e-01,-1.039800e+00
2.938497e-03,-1.160485e+00,-7.941573e-01,-1.038686e+00
2.948497e-03,-1.160727e+00,-8.621740e-01,-1.037538e+00
2.958497e-03,-1.160940e+00,-9.328141e-01,-1.036360e+00
2.968497e-03,-1.161128e+00,-1.005569e+00,-1.035157e+00
2.978497e-03,-1.161298e+00,-1.079914e+00,-1.033933e+00
2.988497e-03,-1.161452e+00,-1.155316e+00,-1.032694e+00
2.998497e-03,-1.161597e+00,-1.231241e+00,-1.031444e+00
3.008497e-03,-1.161737e+00,-1.307155e+00,-1.030189e+00
3.018497e-03,-1.161878e+00,-1.382528e+00,-1.028933e+00
3.028497e-03,-1.162024e+00,-1.456836e+00,-1.027681e+00
3.038497e-03,-1.162179e+00,-1.529565e+00,-1.026438e+00
3.048497e-03,-1.162350e+00,-1.600208e+00,-1.025209e+00
3.058497e-03,-1.162540e+00,-1.668272e+00,-1.024000e+00
3.068497e-03,-1.162754e+00,-1.733278e+00,-1.022813e+00
3.078497e-03,-1.162997e+00,-1.794763e+00,-1.021656e+00
3.088497e-03,-1.163274e+00,-1.852281e+00,-1.020531e+00
3.098497e-03,-1.163587e+00,-1.905404e+00,-1.019443e+00
3.108497e-03,-1.163942e+00,-1.953727e+00,-1.018398e+00
3.118497e-03,-1.164343e+00,-1.996865e+00,-1.017398e+00
3.128497e-03,-1.164792e+00,-2.034458e+00,-1.016447e+00
3.138497e-03,-1.165294e+00,-2.066170e+00,-1.015551e+00
3.148497e-03,-1.165852e+00,-2.091691e+00,-1.014711e+00
3.158497e-03,-1.166468e+00,-2.110739e+00,-1.013931e+00
3.168497e-03,-1.167146e+00,-2.123060e+00,-1.013215e+00
3.178497e-03,-1.167888e+00,-2.128428e+00,-1.012566e+00
3.188497e-03,-1.168696e+00,-2.126648e+00,-1.011985e+00
3.198497e-03,-1.169572e+00,-2.117553e+00,-1.011475e+00
3.208497e-03,-1.170518e+00,-2.101012e+00,-1.011038e+00
3.218497e-03,-1.171535e+00,-2.076921e+00,-1.010676e+00
3.228497e-03,-1.172624e+00,-2.045210e+00,-1.010391e+00
3.238497e-03,-1.173786e+00,-2.005842e+00,-1.010182e+00
3.248497e-03,-1.175022e+00,-1.958811e+00,-1.010052e+00
3.258497e-03,-1.176330e+00,-1.904145e+00,-1.010001e+00
3.268497e-03,-1.177712e+00,-1.841905e+00,-1.010028e+00
3.278497e-03,-1.179167e+00,-1.772183e+00,-1.010135e+00
3.288497e-03,-1.180694e+00,-1.695105e+00,-1.010320e+00
3.298497e-03,-1.182291e+00,-1.610830e+00,-1.010582e+00
3.308497e-03,-1.183958e+00,-1.519546e+00,-1.010921e+00
3.318497e-03,-1.185693e+00,-1.421478e+00,-1.011336e+00
3.328497e-03,-1.187493e+00,-1.316877e+00,-1.011824e+00
3.338497e-03,-1.189356e+00,-1.206030e+00,-1.012384e+00
3.348497e-03,-1.191280e+00,-1.089257e+00,-1.013013e+00
3.358497e-03,-1.193262e+00,-9.669137e-01,-1.013709e+00
3.368497e-03,-1.195298e+00,-8.394060e-01,-1.014470e+00
3.378497e-03,-1.197385e+00,-7.076888e-01,-1.015292e+00
3.388497e-03,-1.199495e+00,-6.023746e-01,-1.016172e+00
3.398497e-03,-1.201558e+00,-5.668397e-01,-1.017107e+00
3.408497e-03,-1.203537e+00,-5.525336e-01,-1.018092e+00
3.418497e-03,-1.205416e+00,-5.448126e-01,-1.019124e+00
3.428497e-03,-1.207195e+00,-5.397424e-01,-1.020200e+00
3.438497e-03,-1.208878e+00,-5.365911e-01,-1.021314e+00
3.448497e-03,-1.210471e+00,-5.344448e-01,-1.022462e+00
3.458497e-03,-1.211981e+00,-5.329986e-01,-1.023640e+00
3.468497e-03,-1.213416e+00,-5.320542e-01,-1.024843e+00
3.478497e-03,-1.214781e+00,-5.314831e-01,-1.026067e+00
3.488497e-03,-1.216082e+00,-5.311986e-01,-1.027306e+00
3.498497e-03,-1.217325e+00,-5.311405e-01,-1.028556e+00
3.508497e-03,-1.218513e+00,-5.312656e-01,-1.029811e+00
3.518497e-03,-1.219650e+00,-5.315423e-01,-1.031067e+00
3.528497e-03,-1.220740e+00,-5.319466e-01,-1.032319e+00
3.538497e-03,-1.221785e+00,-5.324613e-01,-1.033562e+00
3.548497e-03,-1.222787e+00,-5.330733e-01,-1.034791e+00
3.558497e-03,-1.223750e+00,-5.337725e-01,-1.036000e+00
3.568497e-03,-1.224674e+00,-5.345514e-01,-1.037187e+00
3.578497e-03,-1.225562e+00,-5.354048e-01,-1.038344e+00
3.588497e-03,-1.226414e+00,-5.363287e-01,-1.039469e+00
3.598497e-03,-1.227233e+00,-5.373208e-01,-1.040557e+00
3.608497e-03,-1.228018e+00,-5.383799e-01,-1.041602e+00
3.618497e-03,-1.228773e+00,-5.395058e-01,-1.042602e+00
3.628497e-03,-1.229497e+00,-5.406994e-01,-1.043553e+00
3.638497e-03,-1.230192e+00,-5.419625e-01,-1.044449e+00
3.648497e-03,-1.230859e+00,-5.432977e-01,-1.045289e+00
3.658497e-03,-1.231498e+00,-5.447087e-01,-1.046069e+00
3.668497e-03,-1.232112e+00,-5.462003e-01,-1.046785e+00
3.678497e-03,-1.232700e+00,-5.477789e-01,-1.047434e+00
3.688497e-03,-1.233265e+00,-5.494509e-01,-1.048015e+00
3.698497e-03,-1.233807e+00,-5.512251e-01,-1.048525e+00
3.708497e-03,-1.234327e+00,-5.531123e-01,-1.048962e+00
3.718497e-03,-1.234827e+00,-5.551233e-01,-1.049324e+00
3.728497e-03,-1.235308e+00,-5.572766e-01,-1.049609e+00
3.738497e-03,-1.235770e+00,-5.595899e-01,-1.049818e+00
3.748497e-03,-1.236216e+00,-5.620868e-01,-1.049948e+00
3.758497e-03,-1.236646e+00,-5.647967e-01,-1.049999e+00
3.768497e-03,-1.237063e+00,-5.677575e-01,-1.049972e+00
3.778497e-03,-1.237466e+00,-5.710186e-01,-1.049865e+00
3.788497e-03,-1.237857e+00,-5.746462e-01,-1.049680e+00
3.798497e-03,-1.238239e+00,-5.787313e-01,-1.049418e+00
3.808497e-03,-1.238611e+00,-5.834046e-01,-1.049079e+00
3.818497e-03,-1.238975e+00,-5.889176e-01,-1.048664e+00
3.828497e-03,-1.239331e+00,-5.955049e-01,-1.048176e+00
3.838497e-03,-1.239681e+00,-6.037477e-01,-1.047616e+00
3.848497e-03,-1.240023e+00,-6.147652e-01,-1.046987e+00
3.858497e-03,-1.240355e+00,-6.307262e-01,-1.046291e+00
3.868497e-03,-1.240671e+00,-6.572677e-01,-1.045530e+00
3.878497e-03,-1.240956e+00,-7.024106e-01,-1.044708e+00
3.888497e-03,-1.241196e+00,-7.632684e-01,-1.043828e+00
3.898497e-03,-1.241389e+00,-8.313717e-01,-1.042893e+00
3.908497e-03,-1.241534e+00,-9.044208e-01,-1.041908e+00
3.918497e-03,-1.241633e+00,-9.818369e-01,-1.040876e+00
3.928497e-03,-1.241692e+00,-1.063154e+00,-1.039800e+00
3.938497e-03,-1.241713e+00,-1.147894e+00,-1.038686e+00
3.948497e-03,-1.241702e+00,-1.235555e+00,-1.037538e+00
3.958497e-03,-1.241663e+00,-1.325617e+00,-1.036360e+00
3.968497e-03,-1.241601e+00,-1.417555e+00,-1.035157e+00
3.978497e-03,-1.241520e+00,-1.510840e+00,-1.033933e+00
3.988497e-03,-1.241426e+00,-1.604938e+00,-1.032694e+00
3.998497e-03,-1.241324e+00,-1.699317e+00,-1.031444e+00
4.008497e-03,-1.241218e+00,-1.793447e+00,-1.030189e+00
4.018497e-03,-1.241113e+00,-1.886801e+00,-1.028933e+00
4.028497e-03,-1.241015e+00,-1.978859e+00,-1.027681e+00
4.038497e-03,-1.240927e+00,-2.069110e+00,-1.026438e+00
4.048497e-03,-1.240856e+00,-2.157053e+00,-1.025209e+00
4.058497e-03,-1.240805e+00,-2.242199e+00,-1.024000e+00
4.068497e-03,-1.240780e+00,-2.324073e+00,-1.022813e+00
4.078497e-03,-1.240784e+00,-2.402216e+00,-1.021656e+00
4.088497e-03,-1.240823e+00,-2.476187e+00,-1.020531e+00
4.098497e-03,-1.240900e+00,-2.545563e+00,-1.019443e+00
4.108497e-03,-1.241019e+00,-2.609943e+00,-1.018398e+00
4.118497e-03,-1.241185e+00,-2.668949e+00,-1.017398e+00
4.128497e-03,-1.241401e+00,-2.722223e+00,-1.016447e+00
4.138497e-03,-1.241670e+00,-2.769435e+00,-1.015551e+00
4.148497e-03,-1.241996e+00,-2.810279e+00,-1.014711e+00
4.158497e-03,-1.242382e+00,-2.844479e+00,-1.013931e+00
4.168497e-03,-1.242830e+00,-2.871782e+00,-1.013215e+00
4.178497e-03,-1.243343e+00,-2.891967e+00,-1.012566e+00
4.188497e-03,-1.243924e+00,-2.904843e+00,-1.011985e+00
4.198497e-03,-1.244574e+00,-2.910247e+00,-1.011475e+00
4.208497e-03,-1.245294e+00,-2.908048e+00,-1.011038e+00
4.218497e-03,-1.246087e+00,-2.898147e+00,-1.010676e+00
4.228497e-03,-1.246952e+00,-2.880474e+00,-1.010391e+00
4.238497e-03,-1.247892e+00,-2.854993e+00,-1.010182e+00
4.248497e-03,-1.248906e+00,-2.821700e+00,-1.010052e+00
4.258497e-03,-1.249995e+00,-2.780623e+00,-1.010001e+00
4.268497e-03,-1.251158e+00,-2.731819e+00,-1.010028e+00
4.278497e-03,-1.252394e+00,-2.675382e+00,-1.010135e+00
4.288497e-03,-1.253704e+00,-2.611435e+00,-1.010320e+00
4.298497e-03,-1.255086e+00,-2.540132e+00,-1.010582e+00
4.308497e-03,-1.256538e+00,-2.461658e+00,-1.010921e+00
4.318497e-03,-1.258059e+00,-2.376231e+00,-1.011336e+00
4.328497e-03,-1.259647e+00,-2.284095e+00,-1.011824e+00
4.338497e-03,-1.261299e+00,-2.185525e+00,-1.012384e+00
4.348497e-03,-1.263013e+00,-2.080825e+00,-1.013013e+00
4.358497e-03,-1.264786e+00,-1.970325e+00,-1.013709e+00
4.368497e-03,-1.266616e+00,-1.854380e+00,-1.014470e+00
4.378497e-03,-1.268498e+00,-1.733374e+00,-1.015292e+00
4.388497e-03,-1.270429e+00,-1.607710e+00,-1.016172e+00
4.398497e-03,-1.272406e+00,-1.477820e+00,-1.017107e+00
4.408497e-03,-1.274424e+00,-1.344154e+00,-1.018092e+00
4.418497e-03,-1.276479e+00,-1.207189e+00,-1.019124e+00
4.428497e-03,-1.278568e+00,-1.067427e+00,-1.020200e+00
4.438497e-03,-1.280684e+00,-9.254142e-01,-1.021314e+00
4.448497e-03,-1.282824e+00,-7.824907e-01,-1.022462e+00
4.458497e-03,-1.284948e+00,-6.798532e-01,-1.023640e+00
4.468497e-03,-1.286988e+00,-6.485355e-01,-1.024843e+00
4.478497e-03,-1.288908e+00,-6.358239e-01,-1.026067e+00
4.488497e-03,-1.290698e+00,-6.288138e-01,-1.027306e+00
4.498497e-03,-1.292362e+00,-6.243444e-01,-1.028556e+00
4.508497e-03,-1.293908e+00,-6.215869e-01,-1.029811e+00
4.518497e-03,-1.295344e+00,-6.197898e-01,-1.031067e+00
4.528497e-03,-1.296682e+00,-6.186604e-01,-1.032319e+00
4.538497e-03,-1.297930e+00,-6.180135e-01,-1.033562e+00
4.548497e-03,-1.299098e+00,-6.177300e-01,-1.034791e+00
4.558497e-03,-1.300191e+00,-6.177281e-01,-1.036000e+00
4.568497e-03,-1.301218e+00,-6.179529e-01,-1.037187e+00
4.578497e-03,-1.302184e+00,-6.183662e-01,-1.038344e+00
4.588497e-03,-1.303094e+00,-6.189401e-01,-1.039469e+00
4.598497e-03,-1.303952e+00,-6.196548e-01,-1.040557e+00
4.608497e-03,-1.304763e+00,-6.204964e-01,-1.041602e+00
4.618497e-03,-1.305529e+00,-6.214554e-01,-1.042602e+00
4.628497e-03,-1.306255e+00,-6.225262e-01,-1.043553e+00
4.638497e-03,-1.306942e+00,-6.237057e-01,-1.044449e+00
4.648497e-03,-1.307593e+00,-6.249938e-01,-1.045289e+00
4.658497e-03,-1.308211e+00,-6.263924e-01,-1.046069e+00
4.668497e-03,-1.308796e+00,-6.279059e-01,-1.046785e+00
4.678497e-03,-1.309352e+00,-6.295418e-01,-1.047434e+00
4.688497e-03,-1.309880e+00,-6.313085e-01,-1.048015e+00
4.698497e-03,-1.310382e+00,-6.332187e-01,-1.048525e+00
4.708497e-03,-1.310859e+00,-6.352884e-01,-1.048962e+00
4.718497e-03,-1.311313e+00,-6.375379e-01,-1.049324e+00
4.728497e-03,-1.311745e+00,-6.399936e-01,-1.049609e+00
4.738497e-03,-1.312157e+00,-6.426893e-01,-1.049818e+00
4.748497e-03,-1.312551e+00,-6.456607e-01,-1.049948e+00
4.758497e-03,-1.312927e+00,-6.489811e-01,-1.049999e+00
4.768497e-03,-1.313287e+00,-6.527257e-01,-1.049972e+00
4.778497e-03,-1.313633e+00,-6.570099e-01,-1.049865e+00
4.788497e-03,-1.313965e+00,-6.620489e-01,-1.049680e+00
4.798497e-03,-1.314284e+00,-6.680497e-01,-1.049418e+00
4.808497e-03,-1.314591e+00,-6.754987e-01,-1.049079e+00
4.818497e-03,-1.314887e+00,-6.852411e-01,-1.048664e+00
4.828497e-03,-1.315168e+00,-6.991885e-01,-1.048176e+00
4.838497e-03,-1.315430e+00,-7.215980e-01,-1.047616e+00
4.848497e-03,-1.315661e+00,-7.615291e-01,-1.046987e+00
4.858497e-03,-1.315843e+00,-8.213418e-01,-1.046291e+00
4.868497e-03,-1.315970e+00,-8.912166e-01,-1.045530e+00
4.878497e-03,-1.316040e+00,-9.672356e-01,-1.044708e+00
4.888497e-03,-1.316054e+00,-1.048741e+00,-1.043828e+00
4.898497e-03,-1.316015e+00,-1.135316e+00,-1.042893e+00
4.908497e-03,-1.315928e+00,-1.226534e+00,-1.041908e+00
4.918497e-03,-1.315796e+00,-1.321933e+00,-1.040876e+00
4.928497e-03,-1.315624e+00,-1.421032e+00,-1.039800e+00
4.938497e-03,-1.315415e+00,-1.523332e+00,-1.038686e+00
4.948497e-03,-1.315175e+00,-1.628323e+00,-1.037538e+00
4.958497e-03,-1.314908e+00,-1.735489e+00,-1.036360e+00
4.968497e-03,-1.314620e+00,-1.844306e+00,-1.035157e+00
4.978497e-03,-1.314313e+00,-1.954245e+00,-1.033933e+00
4.988497e-03,-1.313995e+00,-2.064777e+00,-1.032694e+00
4.998497e-03,-1.313668e+00,-2.175372e+00,-1.031444e+00
5.008497e-03,-1.313340e+00,-2.285503e+00,-1.030189e+00
5.018497e-03,-1.313013e+00,-2.394648e+00,-1.028933e+00
5.028497e-03,-1.312694e+00,-2.502291e+00,-1.027681e+00
5.038497e-03,-1.312387e+00,-2.607924e+00,-1.026438e+00
5.048497e-03,-1.312096e+00,-2.711049e+00,-1.025209e+00
5.058497e-03,-1.311827e+00,-2.811183e+00,-1.024000e+00
5.068497e-03,-1.311585e+00,-2.907855e+00,-1.022813e+00
5.078497e-03,-1.311373e+00,-3.000611e+00,-1.021656e+00
5.088497e-03,-1.311196e+00,-3.089013e+00,-1.020531e+00
5.098497e-03,-1.311059e+00,-3.172646e+00,-1.019443e+00
5.108497e-03,-1.310965e+00,-3.251111e+00,-1.018398e+00
5.118497e-03,-1.310918e+00,-3.324036e+00,-1.017398e+00
5.128497e-03,-1.310922e+00,-3.391068e+00,-1.016447e+00
5.138497e-03,-1.310981e+00,-3.451882e+00,-1.015551e+00
5.148497e-03,-1.311097e+00,-3.506177e+00,-1.014711e+00
5.158497e-03,-1.311273e+00,-3.553680e+00,-1.013931e+00
5.168497e-03,-1.311514e+00,-3.594145e+00,-1.013215e+00
5.178497e-03,-1.311820e+00,-3.627354e+00,-1.012566e+00
5.188497e-03,-1.312194e+00,-3.653120e+00,-1.011985e+00
5.198497e-03,-1.312638e+00,-3.671283e+00,-1.011475e+00
5.208497e-03,-1.313154e+00,-3.681717e+00,-1.011038e+00
5.218497e-03,-1.313743e+00,-3.684324e+00,-1.010676e+00
5.228497e-03,-1.314406e+00,-3.679037e+00,-1.010391e+00
5.238497e-03,-1.315143e+00,-3.665823e+00,-1.010182e+00
5.248497e-03,-1.315957e+00,-3.644678e+00,-1.010052e+00
5.258497e-03,-1.316845e+00,-3.615630e+00,-1.010001e+00
5.268497e-03,-1.317809e+00,-3.578739e+00,-1.010028e+00
5.278497e-03,-1.318847e+00,-3.534096e+00,-1.010135e+00
5.288497e-03,-1.319960e+00,-3.481824e+00,-1.010320e+00
5.298497e-03,-1.321145e+00,-3.422077e+00,-1.010582e+00
5.308497e-03,-1.322402e+00,-3.355037e+00,-1.010921e+00
5.318497e-03,-1.323728e+00,-3.280918e+00,-1.011336e+00
5.328497e-03,-1.325123e+00,-3.199964e+00,-1.011824e+00
5.338497e-03,-1.326582e+00,-3.112444e+00,-1.012384e+00
5.348497e-03,-1.328105e+00,-3.018658e+00,-1.013013e+00
5.358497e-03,-1.329688e+00,-2.918931e+00,-1.013709e+00
5.368497e-03,-1.331328e+00,-2.813613e+00,-1.014470e+00
5.378497e-03,-1.333021e+00,-2.703081e+00,-1.015292e+00
5.388497e-03,-1.334765e+00,-2.587731e+00,-1.016172e+00
5.398497e-03,-1.336556e+00,-2.467983e+00,-1.017107e+00
5.408497e-03,-1.338389e+00,-2.344277e+00,-1.018092e+00
5.418497e-03,-1.340261e+00,-2.217070e+00,-1.019124e+00
5.428497e-03,-1.342166e+00,-2.086836e+00,-1.020200e+00
5.438497e-03,-1.344102e+00,-1.954066e+00,-1.021314e+00
5.448497e-03,-1.346062e+00,-1.819261e+00,-1.022462e+00
5.458497e-03,-1.348044e+00,-1.682936e+00,-1.023640e+00
5.468497e-03,-1.350041e+00,-1.545613e+00,-1.024843e+00
5.478497e-03,-1.352048e+00,-1.407827e+00,-1.026067e+00
5.488497e-03,-1.354062e+00,-1.270117e+00,-1.027306e+00
5.498497e-03,-1.356077e+00,-1.133034e+00,-1.028556e+00
5.508497e-03,-1.358087e+00,-9.971513e-01,-1.029811e+00
5.518497e-03,-1.360088e+00,-8.636959e-01,-1.031067e+00
5.528497e-03,-1.362049e+00,-7.640803e-01,-1.032319e+00
5.538497e-03,-1.363908e+00,-7.309157e-01,-1.033562e+00
5.548497e-03,-1.365636e+00,-7.174236e-01,-1.034791e+00
5.558497e-03,-1.367224e+00,-7.101533e-01,-1.036000e+00
5.568497e-03,-1.368677e+00,-7.058562e-01,-1.037187e+00
5.578497e-03,-1.370005e+00,-7.031622e-01,-1.038344e+00
5.588497e-03,-1.371219e+00,-7.015390e-01,-1.039469e+00
5.598497e-03,-1.372330e+00,-7.006360e-01,-1.040557e+00
5.608497e-03,-1.373349e+00,-7.002634e-01,-1.041602e+00
5.618497e-03,-1.374284e+00,-7.002988e-01,-1.042602e+00
5.628497e-03,-1.375145e+00,-7.006651e-01,-1.043553e+00
5.638497e-03,-1.375939e+00,-7.013108e-01,-1.044449e+00
5.648497e-03,-1.376673e+00,-7.022023e-01,-1.045289e+00
5.658497e-03,-1.377352e+00,-7.033190e-01,-1.046069e+00
5.668497e-03,-1.377982e+00,-7.046504e-01,-1.046785e+00
5.678497e-03,-1.378567e+00,-7.061942e-01,-1.047434e+00
5.688497e-03,-1.379111e+00,-7.079571e-01,-1.048015e+00
5.698497e-03,-1.379618e+00,-7.099511e-01,-1.048525e+00
5.708497e-03,-1.380090e+00,-7.121985e-01,-1.048962e+00
5.718497e-03,-1.380532e+00,-7.147316e-01,-1.049324e+00
5.728497e-03,-1.380945e+00,-7.175968e-01,-1.049609e+00
5.738497e-03,-1.381331e+00,-7.208590e-01,-1.049818e+00
5.748497e-03,-1.381694e+00,-7.246120e-01,-1.049948e+00
5.758497e-03,-1.382034e+00,-7.289934e-01,-1.049999e+00
5.768497e-03,-1.382354e+00,-7.342150e-01,-1.049972e+00
5.778497e-03,-1.382655e+00,-7.406217e-01,-1.049865e+00
5.788497e-03,-1.382937e+00,-7.488193e-01,-1.049680e+00
5.798497e-03,-1.383200e+00,-7.600783e-01,-1.049418e+00
5.808497e-03,-1.383441e+00,-7.770803e-01,-1.049079e+00
5.818497e-03,-1.383653e+00,-8.064187e-01,-1.048664e+00
5.828497e-03,-1.383819e+00,-8.568851e-01,-1.048176e+00
5.838497e-03,-1.383925e+00,-9.230862e-01,-1.047616e+00
5.848497e-03,-1.383968e+00,-9.973221e-01,-1.046987e+00
5.858497e-03,-1.383948e+00,-1.078050e+00,-1.046291e+00
5.868497e-03,-1.383866e+00,-1.164862e+00,-1.045530e+00
5.878497e-03,-1.383724e+00,-1.257397e+00,-1.044708e+00
5.888497e-03,-1.383528e+00,-1.355259e+00,-1.043828e+00
5.898497e-03,-1.383279e+00,-1.458017e+00,-1.042893e+00
5.908497e-03,-1.382983e+00,-1.565219e+00,-1.041908e+00
5.918497e-03,-1.382643e+00,-1.676395e+00,-1.040876e+00
5.928497e-03,-1.382263e+00,-1.791059e+00,-1.039800e+00
5.938497e-03,-1.381849e+00,-1.908715e+00,-1.038686e+00
5.948497e-03,-1.381403e+00,-2.028856e+00,-1.037538e+00
5.958497e-03,-1.380932e+00,-2.150965e+00,-1.036360e+00
5.968497e-03,-1.380439e+00,-2.274522e+00,-1.035157e+00
5.978497e-03,-1.379930e+00,-2.399000e+00,-1.033933e+00
5.988497e-03,-1.379409e+00,-2.523874e+00,-1.032694e+00
5.998497e-03,-1.378882e+00,-2.648616e+00,-1.031444e+00
6.008497e-03,-1.378353e+00,-2.772702e+00,-1.030189e+00
6.018497e-03,-1.377827e+00,-2.895614e+00,-1.028933e+00
6.028497e-03,-1.377309e+00,-3.016839e+00,-1.027681e+00
6.038497e-03,-1.376804e+00,-3.135872e+00,-1.026438e+00
6.048497e-03,-1.376317e+00,-3.252221e+00,-1.025209e+00
6.058497e-03,-1.375852e+00,-3.365406e+00,-1.024000e+00
6.068497e-03,-1.375414e+00,-3.474961e+00,-1.022813e+00
6.078497e-03,-1.375008e+00,-3.580435e+00,-1.021656e+00
6.088497e-03,-1.374637e+00,-3.681397e+00,-1.020531e+00
6.098497e-03,-1.374307e+00,-3.777436e+00,-1.019443e+00
6.108497e-03,-1.374021e+00,-3.868158e+00,-1.018398e+00
6.118497e-03,-1.373782e+00,-3.953195e+00,-1.017398e+00
6.128497e-03,-1.373596e+00,-4.032201e+00,-1.016447e+00
6.138497e-03,-1.373465e+00,-4.104855e+00,-1.015551e+00
6.148497e-03,-1.373392e+00,-4.170861e+00,-1.014711e+00
6.158497e-03,-1.373380e+00,-4.229951e+00,-1.013931e+00
6.168497e-03,-1.373433e+00,-4.281884e+00,-1.013215e+00
6.178497e-03,-1.373552e+00,-4.326447e+00,-1.012566e+00
6.188497e-03,-1.373740e+00,-4.363456e+00,-1.011985e+00
6.198497e-03,-1.373999e+00,-4.392757e+00,-1.011475e+00
6.208497e-03,-1.374331e+00,-4.414225e+00,-1.011038e+00
6.218497e-03,-1.374736e+00,-4.427767e+00,-1.010676e+00
6.228497e-03,-1.375216e+00,-4.433319e+00,-1.010391e+00
6.238497e-03,-1.375772e+00,-4.430848e+00,-1.010182e+00
6.248497e-03,-1.376404e+00,-4.420354e+00,-1.010052e+00
6.258497e-03,-1.377112e+00,-4.401866e+00,-1.010001e+00
6.268497e-03,-1.377896e+00,-4.375445e+00,-1.010028e+00
6.278497e-03,-1.378755e+00,-4.341181e+00,-1.010135e+00
6.288497e-03,-1.379690e+00,-4.299198e+00,-1.010320e+00
6.298497e-03,-1.380698e+00,-4.249648e+00,-1.010582e+00
6.308497e-03,-1.381778e+00,-4.192712e+00,-1.010921e+00
6.318497e-03,-1.382929e+00,-4.128602e+00,-1.011336e+00
6.328497e-03,-1.384148e+00,-4.057560e+00,-1.011824e+00
6.338497e-03,-1.385434e+00,-3.979852e+00,-1.012384e+00
6.348497e-03,-1.386784e+00,-3.895775e+00,-1.013013e+00
6.358497e-03,-1.388194e+00,-3.805650e+00,-1.013709e+00
6.368497e-03,-1.389663e+00,-3.709825e+00,-1.014470e+00
6.378497e-03,-1.391186e+00,-3.608669e+00,-1.015292e+00
6.388497e-03,-1.392760e+00,-3.502576e+00,-1.016172e+00
6.398497e-03,-1.394382e+00,-3.391962e+00,-1.017107e+00
6.408497e-03,-1.396047e+00,-3.277261e+00,-1.018092e+00
6.418497e-03,-1.397751e+00,-3.158925e+00,-1.019124e+00
6.428497e-03,-1.399491e+00,-3.037424e+00,-1.020200e+00
6.438497e-03,-1.401261e+00,-2.913241e+00,-1.021314e+00
6.448497e-03,-1.403058e+00,-2.786872e+00,-1.022462e+00
6.458497e-03,-1.404876e+00,-2.658825e+00,-1.023640e+00
6.468497e-03,-1.406710e+00,-2.529615e+00,-1.024843e+00
6.478497e-03,-1.408557e+00,-2.399765e+00,-1.026067e+00
6.488497e-03,-1.410410e+00,-2.269800e+00,-1.027306e+00
6.498497e-03,-1.412266e+00,-2.140250e+00,-1.028556e+00
6.508497e-03,-1.414119e+00,-2.011643e+00,-1.029811e+00
6.518497e-03,-1.415964e+00,-1.884506e+00,-1.031067e+00
6.528497e-03,-1.417796e+00,-1.759359e+00,-1.032319e+00
6.538497e-03,-1.419611e+00,-1.636720e+00,-1.033562e+00
6.548497e-03,-1.421403e+00,-1.517094e+00,-1.034791e+00
6.558497e-03,-1.423168e+00,-1.400978e+00,-1.036000e+00
6.568497e-03,-1.424901e+00,-1.288855e+00,-1.037187e+00
6.578497e-03,-1.426598e+00,-1.181196e+00,-1.038344e+00
6.588497e-03,-1.428254e+00,-1.078461e+00,-1.039469e+00
6.598497e-03,-1.429866e+00,-9.811837e-01,-1.040557e+00
6.608497e-03,-1.431425e+00,-8.928105e-01,-1.041602e+00
6.618497e-03,-1.432909e+00,-8.359129e-01,-1.042602e+00
6.628497e-03,-1.434288e+00,-8.120310e-01,-1.043553e+00
6.638497e-03,-1.435548e+00,-8.007830e-01,-1.044449e+00
6.648497e-03,-1.436690e+00,-7.945913e-01,-1.045289e+00
6.658497e-03,-1.437719e+00,-7.911326e-01,-1.046069e+00
6.668497e-03,-1.438646e+00,-7.893885e-01,-1.046785e+00
6.678497e-03,-1.439479e+00,-7.888081e-01,-1.047434e+00
6.688497e-03,-1.440229e+00,-7.891254e-01,-1.048015e+00
6.698497e-03,-1.440905e+00,-7.902088e-01,-1.048525e+00
6.708497e-03,-1.441514e+00,-7.920010e-01,-1.048962e+00
6.718497e-03,-1.442063e+00,-7.945105e-01,-1.049324e+00
6.728497e-03,-1.442560e+00,-7.978108e-01,-1.049609e+00
6.738497e-03,-1.443009e+00,-8.020818e-01,-1.049818e+00
6.748497e-03,-1.443415e+00,-8.075874e-01,-1.049948e+00
6.758497e-03,-1.443781e+00,-8.148673e-01,-1.049999e+00
6.768497e-03,-1.444110e+00,-8.249438e-01,-1.049972e+00
6.778497e-03,-1.444402e+00,-8.401478e-01,-1.049865e+00
6.788497e-03,-1.444652e+00,-8.654434e-01,-1.049680e+00
6.798497e-03,-1.444848e+00,-9.081597e-01,-1.049418e+00
6.808497e-03,-1.444980e+00,-9.667600e-01,-1.049079e+00
6.818497e-03,-1.445042e+00,-1.034665e+00,-1.048664e+00
6.828497e-03,-1.445034e+00,-1.109946e+00,-1.048176e+00
6.838497e-03,-1.444957e+00,-1.192176e+00,-1.047616e+00
6.848497e-03,-1.444812e+00,-1.281047e+00,-1.046987e+00
6.858497e-03,-1.444603e+00,-1.376233e+00,-1.046291e+00
6.868497e-03,-1.444333e+00,-1.477368e+00,-1.045530e+00
6.878497e-03,-1.444004e+00,-1.584063e+00,-1.044708e+00
6.888497e-03,-1.443621e+00,-1.695900e+00,-1.043828e+00
6.898497e-03,-1.443186e+00,-1.812447e+00,-1.042893e+00
6.908497e-03,-1.442705e+00,-1.933248e+00,-1.041908e+00
6.918497e-03,-1.442180e+00,-2.057836e+00,-1.040876e+00
6.928497e-03,-1.441617e+00,-2.185726e+00,-1.039800e+00
6.938497e-03,-1.441020e+00,-2.316422e+00,-1.038686e+00
6.948497e-03,-1.440392e+00,-2.449420e+00,-1.037538e+00
6.958497e-03,-1.439740e+00,-2.584206e+00,-1.036360e+00
6.968497e-03,-1.439066e+00,-2.720260e+00,-1.035157e+00
6.978497e-03,-1.438378e+00,-2.857060e+00,-1.033933e+00
6.988497e-03,-1.437678e+00,-2.994080e+00,-1.032694e+00
6.998497e-03,-1.436973e+00,-3.130798e+00,-1.031444e+00
7.008497e-03,-1.436266e+00,-3.266692e+00,-1.030189e+00
7.018497e-03,-1.435563e+00,-3.401246e+00,-1.028933e+00
7.028497e-03,-1.434869e+00,-3.533951e+00,-1.027681e+00
7.038497e-03,-1.434189e+00,-3.664307e+00,-1.026438e+00
7.048497e-03,-1.433527e+00,-3.791825e+00,-1.025209e+00
7.058497e-03,-1.432888e+00,-3.916029e+00,-1.024000e+00
7.068497e-03,-1.432277e+00,-4.036456e+00,-1.022813e+00
7.078497e-03,-1.431698e+00,-4.152663e+00,-1.021656e+00
7.088497e-03,-1.431155e+00,-4.264222e+00,-1.020531e+00
7.098497e-03,-1.430654e+00,-4.370725e+00,-1.019443e+00
7.108497e-03,-1.430197e+00,-4.471786e+00,-1.018398e+00
7.118497e-03,-1.429788e+00,-4.567040e+00,-1.017398e+00
7.128497e-03,-1.429433e+00,-4.656148e+00,-1.016447e+00
7.138497e-03,-1.429133e+00,-4.738793e+00,-1.015551e+00
7.148497e-03,-1.428892e+00,-4.814685e+00,-1.014711e+00
7.158497e-03,-1.428713e+00,-4.883561e+00,-1.013931e+00
7.168497e-03,-1.428599e+00,-4.945184e+00,-1.013215e+00
7.178497e-03,-1.428552e+00,-4.999346e+00,-1.012566e+00
7.188497e-03,-1.428575e+00,-5.045868e+00,-1.011985e+00
7.198497e-03,-1.428669e+00,-5.084599e+00,-1.011475e+00
7.208497e-03,-1.428837e+00,-5.115420e+00,-1.011038e+00
7.218497e-03,-1.429079e+00,-5.138239e+00,-1.010676e+00
7.228497e-03,-1.429396e+00,-5.152997e+00,-1.010391e+00
7.238497e-03,-1.429790e+00,-5.159662e+00,-1.010182e+00
7.248497e-03,-1.430260e+00,-5.158237e+00,-1.010052e+00
7.258497e-03,-1.430808e+00,-5.148752e+00,-1.010001e+00
7.268497e-03,-1.431432e+00,-5.131269e+00,-1.010028e+00
7.278497e-03,-1.432132e+00,-5.105880e+00,-1.010135e+00
7.288497e-03,-1.432908e+00,-5.072705e+00,-1.010320e+00
7.298497e-03,-1.433758e+00,-5.031899e+00,-1.010582e+00
7.308497e-03,-1.434681e+00,-4.983640e+00,-1.010921e+00
7.318497e-03,-1.435676e+00,-4.928140e+00,-1.011336e+00
7.328497e-03,-1.436739e+00,-4.865636e+00,-1.011824e+00
7.338497e-03,-1.437870e+00,-4.796394e+00,-1.012384e+00
7.348497e-03,-1.439065e+00,-4.720706e+00,-1.013013e+00
7.358497e-03,-1.440322e+00,-4.638892e+00,-1.013709e+00
7.368497e-03,-1.441638e+00,-4.551294e+00,-1.014470e+00
7.378497e-03,-1.443009e+00,-4.458278e+00,-1.015292e+00
7.388497e-03,-1.444432e+00,-4.360236e+00,-1.016172e+00
7.398497e-03,-1.445903e+00,-4.257576e+00,-1.017107e+00
7.408497e-03,-1.447418e+00,-4.150730e+00,-1.018092e+00
7.418497e-03,-1.448973e+00,-4.040145e+00,-1.019124e+00
7.428497e-03,-1.450565e+00,-3.926287e+00,-1.020200e+00
7.438497e-03,-1.452187e+00,-3.809635e+00,-1.021314e+00
7.448497e-03,-1.453837e+00,-3.690681e+00,-1.022462e+00
7.458497e-03,-1.455509e+00,-3.569928e+00,-1.023640e+00
7.468497e-03,-1.457198e+00,-3.447889e+00,-1.024843e+00
7.478497e-03,-1.458900e+00,-3.325080e+00,-1.026067e+00
7.488497e-03,-1.460610e+00,-3.202027e+00,-1.027306e+00
7.498497e-03,-1.462323e+00,-3.079253e+00,-1.028556e+00
7.508497e-03,-1.464034e+00,-2.957285e+00,-1.029811e+00
7.518497e-03,-1.465737e+00,-2.836646e+00,-1.031067e+00
7.528497e-03,-1.467429e+00,-2.717855e+00,-1.032319e+00
7.538497e-03,-1.469104e+00,-2.601425e+00,-1.033562e+00
7.548497e-03,-1.470757e+00,-2.487860e+00,-1.034791e+00
7.558497e-03,-1.472384e+00,-2.377652e+00,-1.036000e+00
7.568497e-03,-1.473980e+00,-2.271281e+00,-1.037187e+00
7.578497e-03,-1.475541e+00,-2.169212e+00,-1.038344e+00
7.588497e-03,-1.477062e+00,-2.071891e+00,-1.039469e+00
7.598497e-03,-1.478539e+00,-1.979749e+00,-1.040557e+00
7.608497e-03,-1.479968e+00,-1.893190e+00,-1.041602e+00
7.618497e-03,-1.481345e+00,-1.812602e+00,-1.042602e+00
7.628497e-03,-1.482666e+00,-1.738343e+00,-1.043553e+00
7.638497e-03,-1.483929e+00,-1.670749e+00,-1.044449e+00
7.648497e-03,-1.485129e+00,-1.610128e+00,-1.045289e+00
7.658497e-03,-1.486264e+00,-1.556760e+00,-1.046069e+00
7.668497e-03,-1.487332e+00,-1.510894e+00,-1.046785e+00
7.678497e-03,-1.488329e+00,-1.472751e+00,-1.047434e+00
7.688497e-03,-1.489254e+00,-1.442522e+00,-1.048015e+00
7.698497e-03,-1.490105e+00,-1.420363e+00,-1.048525e+00
7.708497e-03,-1.490880e+00,-1.406401e+00,-1.048962e+00
7.718497e-03,-1.491578e+00,-1.400730e+00,-1.049324e+00
7.728497e-03,-1.492197e+00,-1.403412e+00,-1.049609e+00
7.738497e-03,-1.492738e+00,-1.414474e+00,-1.049818e+00
7.748497e-03,-1.493200e+00,-1.433912e+00,-1.049948e+00
7.758497e-03,-1.493582e+00,-1.461687e+00,-1.049999e+00
7.768497e-03,-1.493885e+00,-1.497727e+00,-1.049972e+00
7.778497e-03,-1.494110e+00,-1.541927e+00,-1.049865e+00
7.788497e-03,-1.494256e+00,-1.594149e+00,-1.049680e+00
7.798497e-03,-1.494326e+00,-1.654222e+00,-1.049418e+00
7.808497e-03,-1.494321e+00,-1.721945e+00,-1.049079e+00
7.818497e-03,-1.494242e+00,-1.797084e+00,-1.048664e+00
7.828497e-03,-1.494092e+00,-1.879377e+00,-1.048176e+00
7.838497e-03,-1.493872e+00,-1.968531e+00,-1.047616e+00
7.848497e-03,-1.493586e+00,-2.064229e+00,-1.046987e+00
7.858497e-03,-1.493235e+00,-2.166124e+00,-1.046291e+00
7.868497e-03,-1.492824e+00,-2.273848e+00,-1.045530e+00
7.878497e-03,-1.492354e+00,-2.387007e+00,-1.044708e+00
7.888497e-03,-1.491831e+00,-2.505188e+00,-1.043828e+00
7.898497e-03,-1.491257e+00,-2.627955e+00,-1.042893e+00
7.908497e-03,-1.490637e+00,-2.754857e+00,-1.041908e+00
7.918497e-03,-1.489974e+00,-2.885427e+00,-1.040876e+00
7.928497e-03,-1.489272e+00,-3.019183e+00,-1.039800e+00
7.938497e-03,-1.488537e+00,-3.155630e+00,-1.038686e+00
7.948497e-03,-1.487772e+00,-3.294265e+00,-1.037538e+00
7.958497e-03,-1.486983e+00,-3.434578e+00,-1.036360e+00
7.968497e-03,-1.486174e+00,-3.576051e+00,-1.035157e+00
7.978497e-03,-1.485349e+00,-3.718163e+00,-1.033933e+00
7.988497e-03,-1.484514e+00,-3.860394e+00,-1.032694e+00
7.998497e-03,-1.483673e+00,-4.002224e+00,-1.031444e+00
8.008497e-03,-1.482832e+00,-4.143134e+00,-1.030189e+00
8.018497e-03,-1.481994e+00,-4.282613e+00,-1.028933e+00
8.028497e-03,-1.481167e+00,-4.420156e+00,-1.027681e+00
8.038497e-03,-1.480353e+00,-4.555267e+00,-1.026438e+00
8.048497e-03,-1.479557e+00,-4.687462e+00,-1.025209e+00
8.058497e-03,-1.478786e+00,-4.816271e+00,-1.024000e+00
8.068497e-03,-1.478042e+00,-4.941236e+00,-1.022813e+00
8.078497e-03,-1.477331e+00,-5.061918e+00,-1.021656e+00
8.088497e-03,-1.476657e+00,-5.177896e+00,-1.020531e+00
8.098497e-03,-1.476024e+00,-5.288769e+00,-1.019443e+00
8.108497e-03,-1.475436e+00,-5.394154e+00,-1.018398e+00
8.118497e-03,-1.474898e+00,-5.493696e+00,-1.017398e+00
8.128497e-03,-1.474412e+00,-5.587058e+00,-1.016447e+00
8.138497e-03,-1.473982e+00,-5.673930e+00,-1.015551e+00
8.148497e-03,-1.473612e+00,-5.754028e+00,-1.014711e+00
8.158497e-03,-1.473305e+00,-5.827094e+00,-1.013931e+00
8.168497e-03,-1.473062e+00,-5.892897e+00,-1.013215e+00
8.178497e-03,-1.472888e+00,-5.951232e+00,-1.012566e+00
8.188497e-03,-1.472783e+00,-6.001926e+00,-1.011985e+00
8.198497e-03,-1.472750e+00,-6.044831e+00,-1.011475e+00
8.208497e-03,-1.472791e+00,-6.079831e+00,-1.011038e+00
8.218497e-03,-1.472907e+00,-6.106837e+00,-1.010676e+00
8.228497e-03,-1.473099e+00,-6.125792e+00,-1.010391e+00
8.238497e-03,-1.473367e+00,-6.136666e+00,-1.010182e+00
8.248497e-03,-1.473713e+00,-6.139461e+00,-1.010052e+00
8.258497e-03,-1.474136e+00,-6.134208e+00,-1.010001e+00
8.268497e-03,-1.474637e+00,-6.120969e+00,-1.010028e+00
8.278497e-03,-1.475214e+00,-6.099833e+00,-1.010135e+00
8.288497e-03,-1.475867e+00,-6.070920e+00,-1.010320e+00
8.298497e-03,-1.476595e+00,-6.034380e+00,-1.010582e+00
8.308497e-03,-1.477396e+00,-5.990389e+00,-1.010921e+00
8.318497e-03,-1.478269e+00,-5.939155e+00,-1.011336e+00
8.328497e-03,-1.479212e+00,-5.880911e+00,-1.011824e+00
8.338497e-03,-1.480223e+00,-5.815917e+00,-1.012384e+00
8.348497e-03,-1.481298e+00,-5.744461e+00,-1.013013e+00
8.358497e-03,-1.482436e+00,-5.666855e+00,-1.013709e+00
8.368497e-03,-1.483633e+00,-5.583438e+00,-1.014470e+00
8.378497e-03,-1.484886e+00,-5.494569e+00,-1.015292e+00
8.388497e-03,-1.486192e+00,-5.400633e+00,-1.016172e+00
8.398497e-03,-1.487546e+00,-5.302033e+00,-1.017107e+00
8.408497e-03,-1.488945e+00,-5.199193e+00,-1.018092e+00
8.418497e-03,-1.490384e+00,-5.092556e+00,-1.019124e+00
8.428497e-03,-1.491860e+00,-4.982581e+00,-1.020200e+00
8.438497e-03,-1.493369e+00,-4.869741e+00,-1.021314e+00
8.448497e-03,-1.494904e+00,-4.754523e+00,-1.022462e+00
8.458497e-03,-1.496463e+00,-4.637425e+00,-1.023640e+00
8.468497e-03,-1.498039e+00,-4.518955e+00,-1.024843e+00
8.478497e-03,-1.499629e+00,-4.399625e+00,-1.026067e+00
8.488497e-03,-1.501227e+00,-4.279956e+00,-1.027306e+00
8.498497e-03,-1.502829e+00,-4.160469e+00,-1.028556e+00
8.508497e-03,-1.504429e+00,-4.041687e+00,-1.029811e+00
8.518497e-03,-1.506023e+00,-3.924131e+00,-1.031067e+00
8.528497e-03,-1.507605e+00,-3.808318e+00,-1.032319e+00
8.538497e-03,-1.509172e+00,-3.694759e+00,-1.033562e+00
8.548497e-03,-1.510717e+00,-3.583957e+00,-1.034791e+00
8.558497e-03,-1.512236e+00,-3.476404e+00,-1.036000e+00
8.568497e-03,-1.513725e+00,-3.372580e+00,-1.037187e+00
8.578497e-03,-1.515180e+00,-3.272950e+00,-1.038344e+00
8.588497e-03,-1.516595e+00,-3.177963e+00,-1.039469e+00
8.598497e-03,-1.517966e+00,-3.088047e+00,-1.040557e+00
8.608497e-03,-1.519290e+00,-3.003614e+00,-1.041602e+00
8.618497e-03,-1.520563e+00,-2.925049e+00,-1.042602e+00
8.628497e-03,-1.521781e+00,-2.852716e+00,-1.043553e+00
8.638497e-03,-1.522940e+00,-2.786953e+00,-1.044449e+00
8.648497e-03,-1.524037e+00,-2.728071e+00,-1.045289e+00
8.658497e-03,-1.525070e+00,-2.676354e+00,-1.046069e+00
8.668497e-03,-1.526035e+00,-2.632056e+00,-1.046785e+00
8.678497e-03,-1.526931e+00,-2.595400e+00,-1.047434e+00
8.688497e-03,-1.527755e+00,-2.566580e+00,-1.048015e+00
8.698497e-03,-1.528504e+00,-2.545756e+00,-1.048525e+00
8.708497e-03,-1.529178e+00,-2.533058e+00,-1.048962e+00
8.718497e-03,-1.529776e+00,-2.528579e+00,-1.049324e+00
8.728497e-03,-1.530295e+00,-2.532384e+00,-1.049609e+00
8.738497e-03,-1.530736e+00,-2.544499e+00,-1.049818e+00
8.748497e-03,-1.531097e+00,-2.564921e+00,-1.049948e+00
8.758497e-03,-1.531380e+00,-2.593611e+00,-1.049999e+00
8.768497e-03,-1.531584e+00,-2.630495e+00,-1.049972e+00
8.778497e-03,-1.531709e+00,-2.675469e+00,-1.049865e+00
8.788497e-03,-1.531757e+00,-2.728394e+00,-1.049680e+00
8.798497e-03,-1.531728e+00,-2.789100e+00,-1.049418e+00
8.808497e-03,-1.531624e+00,-2.857384e+00,-1.049079e+00
8.818497e-03,-1.531447e+00,-2.933014e+00,-1.048664e+00
8.828497e-03,-1.531198e+00,-3.015726e+00,-1.048176e+00
8.838497e-03,-1.530881e+00,-3.105231e+00,-1.047616e+00
8.848497e-03,-1.530496e+00,-3.201210e+00,-1.046987e+00
8.858497e-03,-1.530048e+00,-3.303317e+00,-1.046291e+00
8.868497e-03,-1.529539e+00,-3.411184e+00,-1.045530e+00
8.878497e-03,-1.528972e+00,-3.524420e+00,-1.044708e+00
8.888497e-03,-1.528352e+00,-3.642609e+00,-1.043828e+00
8.898497e-03,-1.527681e+00,-3.765321e+00,-1.042893e+00
8.908497e-03,-1.526964e+00,-3.892103e+00,-1.041908e+00
8.918497e-03,-1.526204e+00,-4.022490e+00,-1.040876e+00
8.928497e-03,-1.525406e+00,-4.156002e+00,-1.039800e+00
8.938497e-03,-1.524574e+00,-4.292148e+00,-1.038686e+00
8.948497e-03,-1.523713e+00,-4.430425e+00,-1.037538e+00
8.958497e-03,-1.522828e+00,-4.570326e+00,-1.036360e+00
8.968497e-03,-1.521922e+00,-4.711337e+00,-1.035157e+00
8.978497e-03,-1.521002e+00,-4.852941e+00,-1.033933e+00
8.988497e-03,-1.520071e+00,-4.994621e+00,-1.032694e+00
8.998497e-03,-1.519134e+00,-5.135860e+00,-1.031444e+00
9.008497e-03,-1.518198e+00,-5.276146e+00,-1.030189e+00
9.018497e-03,-1.517265e+00,-5.414972e+00,-1.028933e+00
9.028497e-03,-1.516342e+00,-5.551838e+00,-1.027681e+00
9.038497e-03,-1.515433e+00,-5.686254e+00,-1.026438e+00
9.048497e-03,-1.514543e+00,-5.817743e+00,-1.025209e+00
9.058497e-03,-1.513677e+00,-5.945839e+00,-1.024000e+00
9.068497e-03,-1.512838e+00,-6.070093e+00,-1.022813e+00
9.078497e-03,-1.512033e+00,-6.190072e+00,-1.021656e+00
9.088497e-03,-1.511265e+00,-6.305361e+00,-1.020531e+00
9.098497e-03,-1.510538e+00,-6.415567e+00,-1.019443e+00
9.108497e-03,-1.509856e+00,-6.520315e+00,-1.018398e+00
9.118497e-03,-1.509224e+00,-6.619254e+00,-1.017398e+00
9.128497e-03,-1.508645e+00,-6.712057e+00,-1.016447e+00
9.138497e-03,-1.508122e+00,-6.798418e+00,-1.015551e+00
9.148497e-03,-1.507659e+00,-6.878061e+00,-1.014711e+00
9.158497e-03,-1.507259e+00,-6.950733e+00,-1.013931e+00
9.168497e-03,-1.506924e+00,-7.016208e+00,-1.013215e+00
9.178497e-03,-1.506657e+00,-7.074287e+00,-1.012566e+00
9.188497e-03,-1.506460e+00,-7.124800e+00,-1.011985e+00
9.198497e-03,-1.506335e+00,-7.167603e+00,-1.011475e+00
9.208497e-03,-1.506285e+00,-7.202583e+00,-1.011038e+00
9.218497e-03,-1.506309e+00,-7.229653e+00,-1.010676e+00
9.228497e-03,-1.506410e+00,-7.248756e+00,-1.010391e+00
9.238497e-03,-1.506588e+00,-7.259864e+00,-1.010182e+00
9.248497e-03,-1.506843e+00,-7.262978e+00,-1.010052e+00
9.258497e-03,-1.507176e+00,-7.258127e+00,-1.010001e+00
9.268497e-03,-1.507587e+00,-7.245370e+00,-1.010028e+00
9.278497e-03,-1.508075e+00,-7.224794e+00,-1.010135e+00
9.288497e-03,-1.508639e+00,-7.196514e+00,-1.010320e+00
9.298497e-03,-1.509278e+00,-7.160676e+00,-1.010582e+00
9.308497e-03,-1.509991e+00,-7.117451e+00,-1.010921e+00
9.318497e-03,-1.510776e+00,-7.067039e+00,-1.011336e+00
9.328497e-03,-1.511631e+00,-7.009668e+00,-1.011824e+00
9.338497e-03,-1.512554e+00,-6.945589e+00,-1.012384e+00
9.348497e-03,-1.513543e+00,-6.875085e+00,-1.013013e+00
9.358497e-03,-1.514594e+00,-6.798458e+00,-1.013709e+00
9.368497e-03,-1.515705e+00,-6.716038e+00,-1.014470e+00
9.378497e-03,-1.516872e+00,-6.628178e+00,-1.015292e+00
9.388497e-03,-1.518092e+00,-6.535252e+00,-1.016172e+00
9.398497e-03,-1.519361e+00,-6.437657e+00,-1.017107e+00
9.408497e-03,-1.520676e+00,-6.335808e+00,-1.018092e+00
9.418497e-03,-1.522031e+00,-6.230140e+00,-1.019124e+00
9.428497e-03,-1.523423e+00,-6.121103e+00,-1.020200e+00
9.438497e-03,-1.524848e+00,-6.009165e+00,-1.021314e+00
9.448497e-03,-1.526301e+00,-5.894804e+00,-1.022462e+00
9.458497e-03,-1.527777e+00,-5.778511e+00,-1.023640e+00
9.468497e-03,-1.529271e+00,-5.660789e+00,-1.024843e+00
9.478497e-03,-1.530779e+00,-5.542144e+00,-1.026067e+00
9.488497e-03,-1.532296e+00,-5.423093e+00,-1.027306e+00
9.498497e-03,-1.533817e+00,-5.304151e+00,-1.028556e+00
9.508497e-03,-1.535337e+00,-5.185837e+00,-1.029811e+00
9.518497e-03,-1.536851e+00,-5.068670e+00,-1.031067e+00
9.528497e-03,-1.538354e+00,-4.953164e+00,-1.032319e+00
9.538497e-03,-1.539841e+00,-4.839827e+00,-1.033562e+00
9.548497e-03,-1.541307e+00,-4.729160e+00,-1.034791e+00
9.558497e-03,-1.542748e+00,-4.621656e+00,-1.036000e+00
9.568497e-03,-1.544159e+00,-4.517793e+00,-1.037187e+00
9.578497e-03,-1.545536e+00,-4.418035e+00,-1.038344e+00
9.588497e-03,-1.546874e+00,-4.322833e+00,-1.039469e+00
9.598497e-03,-1.548169e+00,-4.232616e+00,-1.040557e+00
9.608497e-03,-1.549416e+00,-4.147795e+00,-1.041602e+00
9.618497e-03,-1.550613e+00,-4.068759e+00,-1.042602e+00
9.628497e-03,-1.551755e+00,-3.995872e+00,-1.043553e+00
9.638497e-03,-1.552838e+00,-3.929474e+00,-1.044449e+00
9.648497e-03,-1.553861e+00,-3.869879e+00,-1.045289e+00
9.658497e-03,-1.554818e+00,-3.817373e+00,-1.046069e+00
9.668497e-03,-1.555709e+00,-3.772211e+00,-1.046785e+00
9.678497e-03,-1.556530e+00,-3.734620e+00,-1.047434e+00
9.688497e-03,-1.557280e+00,-3.704794e+00,-1.048015e+00
9.698497e-03,-1.557956e+00,-3.682898e+00,-1.048525e+00
9.708497e-03,-1.558556e+00,-3.669060e+00,-1.048962e+00
9.718497e-03,-1.559080e+00,-3.663379e+00,-1.049324e+00
9.728497e-03,-1.559526e+00,-3.665919e+00,-1.049609e+00
9.738497e-03,-1.559893e+00,-3.676708e+00,-1.049818e+00
9.748497e-03,-1.560182e+00,-3.695745e+00,-1.049948e+00
9.758497e-03,-1.560392e+00,-3.722990e+00,-1.049999e+00
9.768497e-03,-1.560523e+00,-3.758372e+00,-1.049972e+00
9.778497e-03,-1.560575e+00,-3.801787e+00,-1.049865e+00
9.788497e-03,-1.560551e+00,-3.853097e+00,-1.049680e+00
9.798497e-03,-1.560449e+00,-3.912133e+00,-1.049418e+00
9.808497e-03,-1.560273e+00,-3.978692e+00,-1.049079e+00
9.818497e-03,-1.560024e+00,-4.052542e+00,-1.048664e+00
9.828497e-03,-1.559703e+00,-4.133421e+00,-1.048176e+00
9.838497e-03,-1.559313e+00,-4.221040e+00,-1.047616e+00
9.848497e-03,-1.558857e+00,-4.315079e+00,-1.046987e+00
9.858497e-03,-1.558336e+00,-4.415195e+00,-1.046291e+00
9.868497e-03,-1.557755e+00,-4.521021e+00,-1.045530e+00
9.878497e-03,-1.557117e+00,-4.632164e+00,-1.044708e+00
9.888497e-03,-1.556425e+00,-4.748214e+00,-1.043828e+00
9.898497e-03,-1.555682e+00,-4.868737e+00,-1.042893e+00
9.908497e-03,-1.554893e+00,-4.993286e+00,-1.041908e+00
9.918497e-03,-1.554062e+00,-5.121396e+00,-1.040876e+00
9.928497e-03,-1.553192e+00,-5.252589e+00,-1.039800e+00
9.938497e-03,-1.552289e+00,-5.386376e+00,-1.038686e+00
9.948497e-03,-1.551356e+00,-5.522258e+00,-1.037538e+00
9.958497e-03,-1.550399e+00,-5.659731e+00,-1.036360e+00
9.968497e-03,-1.549422e+00,-5.798284e+00,-1.035157e+00
9.978497e-03,-1.548430e+00,-5.937405e+00,-1.033933e+00
9.988497e-03,-1.547428e+00,-6.076580e+00,-1.032694e+00
9.998497e-03,-1.546420e+00,-6.215298e+00,-1.031444e+00
1.000850e-02,-1.545412e+00,-6.353051e+00,-1.030189e+00
1.001850e-02,-1.544409e+00,-6.489338e+00,-1.028933e+00
1.002850e-02,-1.543415e+00,-6.623666e+00,-1.027681e+00
1.003850e-02,-1.542434e+00,-6.755551e+00,-1.026438e+00
1.004850e-02,-1.541473e+00,-6.884521e+00,-1.025209e+00
1.005850e-02,-1.540536e+00,-7.010119e+00,-1.024000e+00
1.006850e-02,-1.539627e+00,-7.131901e+00,-1.022813e+00
1.007850e-02,-1.538751e+00,-7.249444e+00,-1.021656e+00
1.008850e-02,-1.537912e+00,-7.362339e+00,-1.020531e+00
1.009850e-02,-1.537114e+00,-7.470199e+00,-1.019443e+00
1.010850e-02,-1.536362e+00,-7.572659e+00,-1.018398e+00
1.011850e-02,-1.535660e+00,-7.669374e+00,-1.017398e+00
1.012850e-02,-1.535010e+00,-7.760023e+00,-1.016447e+00
1.013850e-02,-1.534417e+00,-7.844310e+00,-1.015551e+00
1.014850e-02,-1.533884e+00,-7.921962e+00,-1.014711e+00
1.015850e-02,-1.533414e+00,-7.992734e+00,-1.013931e+00
1.016850e-02,-1.533009e+00,-8.056405e+00,-1.013215e+00
1.017850e-02,-1.532673e+00,-8.112782e+00,-1.012566e+00
1.018850e-02,-1.532407e+00,-8.161698e+00,-1.011985e+00
1.019850e-02,-1.532213e+00,-8.203012e+00,-1.011475e+00
1.020850e-02,-1.532093e+00,-8.236614e+00,-1.011038e+00
1.021850e-02,-1.532049e+00,-8.262419e+00,-1.010676e+00
1.022850e-02,-1.532081e+00,-8.280372e+00,-1.010391e+00
1.023850e-02,-1.532191e+00,-8.290442e+00,-1.010182e+00
1.024850e-02,-1.532378e+00,-8.292631e+00,-1.010052e+00
1.025850e-02,-1.532643e+00,-8.286966e+00,-1.010001e+00
1.026850e-02,-1.532986e+00,-8.273502e+00,-1.010028e+00
1.027850e-02,-1.533406e+00,-8.252324e+00,-1.010135e+00
1.028850e-02,-1.533902e+00,-8.223541e+00,-1.010320e+00
1.029850e-02,-1.534474e+00,-8.187293e+00,-1.010582e+00
1.030850e-02,-1.535121e+00,-8.143746e+00,-1.010921e+00
1.031850e-02,-1.535839e+00,-8.093093e+00,-1.011336e+00
1.032850e-02,-1.536628e+00,-8.035552e+00,-1.011824e+00
1.033850e-02,-1.537485e+00,-7.971371e+00,-1.012384e+00
1.034850e-02,-1.538408e+00,-7.900820e+00,-1.013013e+00
1.035850e-02,-1.539394e+00,-7.824194e+00,-1.013709e+00
1.036850e-02,-1.540439e+00,-7.741815e+00,-1.014470e+00
1.037850e-02,-1.541542e+00,-7.654026e+00,-1.015292e+00
1.038850e-02,-1.542697e+00,-7.561192e+00,-1.016172e+00
1.039850e-02,-1.543902e+00,-7.463700e+00,-1.017107e+00
1.040850e-02,-1.545152e+00,-7.361958e+00,-1.018092e+00
1.041850e-02,-1.546444e+00,-7.256390e+00,-1.019124e+00
1.042850e-02,-1.547773e+00,-7.147440e+00,-1.020200e+00
1.043850e-02,-1.549135e+00,-7.035566e+00,-1.021314e+00
1.044850e-02,-1.550525e+00,-6.921240e+00,-1.022462e+00
1.045850e-02,-1.551938e+00,-6.804945e+00,-1.023640e+00
1.046850e-02,-1.553370e+00,-6.687177e+00,-1.024843e+00
1.047850e-02,-1.554817e+00,-6.568437e+00,-1.026067e+00
1.048850e-02,-1.556272e+00,-6.449235e+00,-1.027306e+00
1.049850e-02,-1.557732e+00,-6.330083e+00,-1.028556e+00
1.050850e-02,-1.559191e+00,-6.211494e+00,-1.029811e+00
1.051850e-02,-1.560644e+00,-6.093984e+00,-1.031067e+00
1.052850e-02,-1.562087e+00,-5.978063e+00,-1.032319e+00
1.053850e-02,-1.563514e+00,-5.864238e+00,-1.033562e+00
1.054850e-02,-1.564921e+00,-5.753007e+00,-1.034791e+00
1.055850e-02,-1.566302e+00,-5.644860e+00,-1.036000e+00
1.056850e-02,-1.567654e+00,-5.540275e+00,-1.037187e+00
1.057850e-02,-1.568972e+00,-5.439718e+00,-1.038344e+00
1.058850e-02,-1.570252e+00,-5.343635e+00,-1.039469e+00
1.059850e-02,-1.571488e+00,-5.252459e+00,-1.040557e+00
1.060850e-02,-1.572678e+00,-5.166599e+00,-1.041602e+00
1.061850e-02,-1.573817e+00,-5.086446e+00,-1.042602e+00
1.062850e-02,-1.574901e+00,-5.012366e+00,-1.043553e+00
1.063850e-02,-1.575927e+00,-4.944700e+00,-1.044449e+00
1.064850e-02,-1.576893e+00,-4.883762e+00,-1.045289e+00
1.065850e-02,-1.577794e+00,-4.829841e+00,-1.046069e+00
1.066850e-02,-1.578628e+00,-4.783193e+00,-1.046785e+00
1.067850e-02,-1.579393e+00,-4.744047e+00,-1.047434e+00
1.068850e-02,-1.580086e+00,-4.712599e+00,-1.048015e+00
1.069850e-02,-1.580706e+00,-4.689014e+00,-1.048525e+00
1.070850e-02,-1.581250e+00,-4.673425e+00,-1.048962e+00
1.071850e-02,-1.581718e+00,-4.665930e+00,-1.049324e+00
1.072850e-02,-1.582108e+00,-4.666595e+00,-1.049609e+00
1.073850e-02,-1.582421e+00,-4.675451e+00,-1.049818e+00
1.074850e-02,-1.582654e+00,-4.692496e+00,-1.049948e+00
1.075850e-02,-1.582808e+00,-4.717693e+00,-1.049999e+00
1.076850e-02,-1.582884e+00,-4.750972e+00,-1.049972e+00
1.077850e-02,-1.582882e+00,-4.792229e+00,-1.049865e+00
1.078850e-02,-1.582802e+00,-4.841328e+00,-1.049680e+00
1.079850e-02,-1.582645e+00,-4.898099e+00,-1.049418e+00
1.080850e-02,-1.582414e+00,-4.962343e+00,-1.049079e+00
1.081850e-02,-1.582110e+00,-5.033827e+00,-1.048664e+00
1.082850e-02,-1.581734e+00,-5.112291e+00,-1.048176e+00
1.083850e-02,-1.581290e+00,-5.197445e+00,-1.047616e+00
1.084850e-02,-1.580778e+00,-5.288972e+00,-1.046987e+00
1.085850e-02,-1.580204e+00,-5.386529e+00,-1.046291e+00
1.086850e-02,-1.579568e+00,-5.489749e+00,-1.045530e+00
1.087850e-02,-1.578875e+00,-5.598243e+00,-1.044708e+00
1.088850e-02,-1.578128e+00,-5.711599e+00,-1.043828e+00
1.089850e-02,-1.577331e+00,-5.829388e+00,-1.042893e+00
1.090850e-02,-1.576487e+00,-5.951164e+00,-1.041908e+00
1.091850e-02,-1.575601e+00,-6.076462e+00,-1.040876e+00
1.092850e-02,-1.574677e+00,-6.204809e+00,-1.039800e+00
1.093850e-02,-1.573719e+00,-6.335718e+00,-1.038686e+00
1.094850e-02,-1.572732e+00,-6.468693e+00,-1.037538e+00
1.095850e-02,-1.571720e+00,-6.603232e+00,-1.036360e+00
1.096850e-02,-1.570689e+00,-6.738830e+00,-1.035157e+00
1.097850e-02,-1.569642e+00,-6.874978e+00,-1.033933e+00
1.098850e-02,-1.568585e+00,-7.011167e+00,-1.032694e+00
1.099850e-02,-1.567523e+00,-7.146890e+00,-1.031444e+00
1.100850e-02,-1.566461e+00,-7.281646e+00,-1.030189e+00
1.101850e-02,-1.565403e+00,-7.414939e+00,-1.028933e+00
1.102850e-02,-1.564354e+00,-7.546280e+00,-1.027681e+00
1.103850e-02,-1.563319e+00,-7.675194e+00,-1.026438e+00
1.104850e-02,-1.562304e+00,-7.801215e+00,-1.025209e+00
1.105850e-02,-1.561312e+00,-7.923892e+00,-1.024000e+00
1.106850e-02,-1.560349e+00,-8.042790e+00,-1.022813e+00
1.107850e-02,-1.559419e+00,-8.157491e+00,-1.021656e+00
1.108850e-02,-1.558526e+00,-8.267595e+00,-1.020531e+00
1.109850e-02,-1.557674e+00,-8.372722e+00,-1.019443e+00
1.110850e-02,-1.556868e+00,-8.472514e+00,-1.018398e+00
1.111850e-02,-1.556111e+00,-8.566633e+00,-1.017398e+00
1.112850e-02,-1.555408e+00,-8.654766e+00,-1.016447e+00
1.113850e-02,-1.554761e+00,-8.736623e+00,-1.015551e+00
1.114850e-02,-1.554175e+00,-8.811939e+00,-1.014711e+00
1.115850e-02,-1.553651e+00,-8.880472e+00,-1.013931e+00
1.116850e-02,-1.553193e+00,-8.942008e+00,-1.013215e+00
1.117850e-02,-1.552803e+00,-8.996357e+00,-1.012566e+00
1.118850e-02,-1.552484e+00,-9.043358e+00,-1.011985e+00
1.119850e-02,-1.552237e+00,-9.082874e+00,-1.011475e+00
1.120850e-02,-1.552064e+00,-9.114795e+00,-1.011038e+00
1.121850e-02,-1.551967e+00,-9.139039e+00,-1.010676e+00
1.122850e-02,-1.551946e+00,-9.155550e+00,-1.010391e+00
1.123850e-02,-1.552003e+00,-9.164301e+00,-1.010182e+00
1.124850e-02,-1.552138e+00,-9.165287e+00,-1.010052e+00
1.125850e-02,-1.552351e+00,-9.158537e+00,-1.010001e+00
1.126850e-02,-1.552641e+00,-9.144102e+00,-1.010028e+00
1.127850e-02,-1.553010e+00,-9.122062e+00,-1.010135e+00
1.128850e-02,-1.553454e+00,-9.092524e+00,-1.010320e+00
1.129850e-02,-1.553975e+00,-9.055620e+00,-1.010582e+00
1.130850e-02,-1.554570e+00,-9.011510e+00,-1.010921e+00
1.131850e-02,-1.555237e+00,-8.960381e+00,-1.011336e+00
1.132850e-02,-1.555975e+00,-8.902445e+00,-1.011824e+00
1.133850e-02,-1.556781e+00,-8.837938e+00,-1.012384e+00
1.134850e-02,-1.557654e+00,-8.767125e+00,-1.013013e+00
1.135850e-02,-1.558589e+00,-8.690292e+00,-1.013709e+00
1.136850e-02,-1.559585e+00,-8.607751e+00,-1.014470e+00
1.137850e-02,-1.560637e+00,-8.519837e+00,-1.015292e+00
1.138850e-02,-1.561743e+00,-8.426905e+00,-1.016172e+00
1.139850e-02,-1.562898e+00,-8.329335e+00,-1.017107e+00
1.140850e-02,-1.564099e+00,-8.227525e+00,-1.018092e+00
1.141850e-02,-1.565342e+00,-8.121890e+00,-1.019124e+00
1.142850e-02,-1.566622e+00,-8.012867e+00,-1.020200e+00
1.143850e-02,-1.567935e+00,-7.900904e+00,-1.021314e+00
1.144850e-02,-1.569277e+00,-7.786468e+00,-1.022462e+00
1.145850e-02,-1.570643e+00,-7.670034e+00,-1.023640e+00
1.146850e-02,-1.572027e+00,-7.552091e+00,-1.024843e+00
1.147850e-02,-1.573426e+00,-7.433135e+00,-1.026067e+00
1.148850e-02,-1.574834e+00,-7.313669e+00,-1.027306e+00
1.149850e-02,-1.576247e+00,-7.194201e+00,-1.028556e+00
1.150850e-02,-1.577659e+00,-7.075240e+00,-1.029811e+00
1.151850e-02,-1.579065e+00,-6.957298e+00,-1.031067e+00
1.152850e-02,-1.580462e+00,-6.840880e+00,-1.032319e+00
1.153850e-02,-1.581843e+00,-6.726492e+00,-1.033562e+00
1.154850e-02,-1.583204e+00,-6.614630e+00,-1.034791e+00
1.155850e-02,-1.584540e+00,-6.505782e+00,-1.036000e+00
1.156850e-02,-1.585846e+00,-6.400424e+00,-1.037187e+00
1.157850e-02,-1.587119e+00,-6.299020e+00,-1.038344e+00
1.158850e-02,-1.588353e+00,-6.202019e+00,-1.039469e+00
1.159850e-02,-1.589545e+00,-6.109850e+00,-1.040557e+00
1.160850e-02,-1.590690e+00,-6.022926e+00,-1.041602e+00
1.161850e-02,-1.591784e+00,-5.941636e+00,-1.042602e+00
1.162850e-02,-1.592825e+00,-5.866346e+00,-1.043553e+00
1.163850e-02,-1.593807e+00,-5.797400e+00,-1.044449e+00
1.164850e-02,-1.594728e+00,-5.735112e+00,-1.045289e+00
1.165850e-02,-1.595586e+00,-5.679772e+00,-1.046069e+00
1.166850e-02,-1.596376e+00,-5.631639e+00,-1.046785e+00
1.167850e-02,-1.597098e+00,-5.590941e+00,-1.047434e+00
1.168850e-02,-1.597748e+00,-5.557878e+00,-1.048015e+00
1.169850e-02,-1.598324e+00,-5.532615e+00,-1.048525e+00
1.170850e-02,-1.598825e+00,-5.515286e+00,-1.048962e+00
1.171850e-02,-1.599250e+00,-5.505992e+00,-1.049324e+00
1.172850e-02,-1.599598e+00,-5.504799e+00,-1.049609e+00
1.173850e-02,-1.599867e+00,-5.511740e+00,-1.049818e+00
1.174850e-02,-1.600058e+00,-5.526814e+00,-1.049948e+00
1.175850e-02,-1.600170e+00,-5.549985e+00,-1.049999e+00
1.176850e-02,-1.600203e+00,-5.581185e+00,-1.049972e+00
1.177850e-02,-1.600158e+00,-5.620311e+00,-1.049865e+00
1.178850e-02,-1.600036e+00,-5.667227e+00,-1.049680e+00
1.179850e-02,-1.599837e+00,-5.721765e+00,-1.049418e+00
1.180850e-02,-1.599564e+00,-5.783727e+00,-1.049079e+00
1.181850e-02,-1.599217e+00,-5.852880e+00,-1.048664e+00
1.182850e-02,-1.598799e+00,-5.928966e+00,-1.048176e+00
1.183850e-02,-1.598312e+00,-6.011696e+00,-1.047616e+00
1.184850e-02,-1.597759e+00,-6.100753e+00,-1.046987e+00
1.185850e-02,-1.597142e+00,-6.195797e+00,-1.046291e+00
1.186850e-02,-1.596464e+00,-6.296462e+00,-1.045530e+00
1.187850e-02,-1.595729e+00,-6.402358e+00,-1.044708e+00
1.188850e-02,-1.594940e+00,-6.513078e+00,-1.043828e+00
1.189850e-02,-1.594100e+00,-6.628193e+00,-1.042893e+00
1.190850e-02,-1.593215e+00,-6.747257e+00,-1.041908e+00
1.191850e-02,-1.592286e+00,-6.869811e+00,-1.040876e+00
1.192850e-02,-1.591320e+00,-6.995382e+00,-1.039800e+00
1.193850e-02,-1.590320e+00,-7.123486e+00,-1.038686e+00
1.194850e-02,-1.589291e+00,-7.253632e+00,-1.037538e+00
1.195850e-02,-1.588237e+00,-7.385320e+00,-1.036360e+00
1.196850e-02,-1.587164e+00,-7.518047e+00,-1.035157e+00
1.197850e-02,-1.586075e+00,-7.651310e+00,-1.033933e+00
1.198850e-02,-1.584976e+00,-7.784605e+00,-1.032694e+00
1.199850e-02,-1.583872e+00,-7.917429e+00,-1.031444e+00
1.200850e-02,-1.582767e+00,-8.049285e+00,-1.030189e+00
1.201850e-02,-1.581667e+00,-8.179683e+00,-1.028933e+00
1.202850e-02,-1.580577e+00,-8.308142e+00,-1.027681e+00
1.203850e-02,-1.579500e+00,-8.434190e+00,-1.026438e+00
1.204850e-02,-1.578443e+00,-8.557368e+00,-1.025209e+00
1.205850e-02,-1.577409e+00,-8.677234e+00,-1.024000e+00
1.206850e-02,-1.576404e+00,-8.793357e+00,-1.022813e+00
1.207850e-02,-1.575432e+00,-8.905326e+00,-1.021656e+00
1.208850e-02,-1.574497e+00,-9.012749e+00,-1.020531e+00
1.209850e-02,-1.573603e+00,-9.115253e+00,-1.019443e+00
1.210850e-02,-1.572756e+00,-9.212486e+00,-1.018398e+00
1.211850e-02,-1.571957e+00,-9.304117e+00,-1.017398e+00
1.212850e-02,-1.571212e+00,-9.389841e+00,-1.016447e+00
1.213850e-02,-1.570524e+00,-9.469372e+00,-1.015551e+00
1.214850e-02,-1.569896e+00,-9.542451e+00,-1.014711e+00
1.215850e-02,-1.569331e+00,-9.608843e+00,-1.013931e+00
1.216850e-02,-1.568831e+00,-9.668338e+00,-1.013215e+00
1.217850e-02,-1.568400e+00,-9.720752e+00,-1.012566e+00
1.218850e-02,-1.568040e+00,-9.765926e+00,-1.011985e+00
1.219850e-02,-1.567752e+00,-9.803725e+00,-1.011475e+00
1.220850e-02,-1.567538e+00,-9.834044e+00,-1.011038e+00
1.221850e-02,-1.567400e+00,-9.856800e+00,-1.010676e+00
1.222850e-02,-1.567339e+00,-9.871939e+00,-1.010391e+00
1.223850e-02,-1.567355e+00,-9.879433e+00,-1.010182e+00
1.224850e-02,-1.567449e+00,-9.879277e+00,-1.010052e+00
1.225850e-02,-1.567622e+00,-9.871496e+00,-1.010001e+00
1.226850e-02,-1.567872e+00,-9.856140e+00,-1.010028e+00
1.227850e-02,-1.568200e+00,-9.833285e+00,-1.010135e+00
1.228850e-02,-1.568605e+00,-9.803032e+00,-1.010320e+00
1.229850e-02,-1.569086e+00,-9.765510e+00,-1.010582e+00
1.230850e-02,-1.569641e+00,-9.720873e+00,-1.010921e+00
1.231850e-02,-1.570268e+00,-9.669300e+00,-1.011336e+00
1.232850e-02,-1.570967e+00,-9.610996e+00,-1.011824e+00
1.233850e-02,-1.571734e+00,-9.546193e+00,-1.012384e+00
1.234850e-02,-1.572567e+00,-9.475144e+00,-1.013013e+00
1.235850e-02,-1.573464e+00,-9.398129e+00,-1.013709e+00
1.236850e-02,-1.574420e+00,-9.315452e+00,-1.014470e+00
1.237850e-02,-1.575434e+00,-9.227438e+00,-1.015292e+00
1.238850e-02,-1.576502e+00,-9.134437e+00,-1.016172e+00
1.239850e-02,-1.577619e+00,-9.036817e+00,-1.017107e+00
1.240850e-02,-1.578782e+00,-8.934969e+00,-1.018092e+00
1.241850e-02,-1.579987e+00,-8.829302e+00,-1.019124e+00
1.242850e-02,-1.581229e+00,-8.720243e+00,-1.020200e+00
1.243850e-02,-1.582505e+00,-8.608234e+00,-1.021314e+00
1.244850e-02,-1.583809e+00,-8.493734e+00,-1.022462e+00
1.245850e-02,-1.585137e+00,-8.377213e+00,-1.023640e+00
1.246850e-02,-1.586485e+00,-8.259152e+00,-1.024843e+00
1.247850e-02,-1.587847e+00,-8.140043e+00,-1.026067e+00
1.248850e-02,-1.589219e+00,-8.020383e+00,-1.027306e+00
1.249850e-02,-1.590595e+00,-7.900676e+00,-1.028556e+00
1.250850e-02,-1.591971e+00,-7.781426e+00,-1.029811e+00
1.251850e-02,-1.593341e+00,-7.663141e+00,-1.031067e+00
1.252850e-02,-1.594701e+00,-7.546325e+00,-1.032319e+00
1.253850e-02,-1.596047e+00,-7.431479e+00,-1.033562e+00
1.254850e-02,-1.597372e+00,-7.319098e+00,-1.034791e+00
1.255850e-02,-1.598673e+00,-7.209668e+00,-1.036000e+00
1.256850e-02,-1.599944e+00,-7.103664e+00,-1.037187e+00
1.257850e-02,-1.601182e+00,-7.001549e+00,-1.038344e+00
1.258850e-02,-1.602382e+00,-6.903770e+00,-1.039469e+00
1.259850e-02,-1.603539e+00,-6.810758e+00,-1.040557e+00
1.260850e-02,-1.604649e+00,-6.722924e+00,-1.041602e+00
1.261850e-02,-1.605709e+00,-6.640658e+00,-1.042602e+00
1.262850e-02,-1.606715e+00,-6.564328e+00,-1.043553e+00
1.263850e-02,-1.607663e+00,-6.494276e+00,-1.044449e+00
1.264850e-02,-1.608551e+00,-6.430819e+00,-1.045289e+00
1.265850e-02,-1.609374e+00,-6.374246e+00,-1.046069e+00
1.266850e-02,-1.610131e+00,-6.324819e+00,-1.046785e+00
1.267850e-02,-1.610819e+00,-6.282766e+00,-1.047434e+00
1.268850e-02,-1.611435e+00,-6.248289e+00,-1.048015e+00
1.269850e-02,-1.611978e+00,-6.221554e+00,-1.048525e+00
1.270850e-02,-1.612446e+00,-6.202696e+00,-1.048962e+00
1.271850e-02,-1.612838e+00,-6.191817e+00,-1.049324e+00
1.272850e-02,-1.613153e+00,-6.188984e+00,-1.049609e+00
1.273850e-02,-1.613389e+00,-6.194232e+00,-1.049818e+00
1.274850e-02,-1.613546e+00,-6.207561e+00,-1.049948e+00
1.275850e-02,-1.613625e+00,-6.228937e+00,-1.049999e+00
1.276850e-02,-1.613626e+00,-6.258291e+00,-1.049972e+00
1.277850e-02,-1.613548e+00,-6.295523e+00,-1.049865e+00
1.278850e-02,-1.613393e+00,-6.340497e+00,-1.049680e+00
1.279850e-02,-1.613161e+00,-6.393047e+00,-1.049418e+00
1.280850e-02,-1.612855e+00,-6.452973e+00,-1.049079e+00
1.281850e-02,-1.612476e+00,-6.520048e+00,-1.048664e+00
1.282850e-02,-1.612025e+00,-6.594010e+00,-1.048176e+00
1.283850e-02,-1.611506e+00,-6.674574e+00,-1.047616e+00
1.284850e-02,-1.610920e+00,-6.761424e+00,-1.046987e+00
1.285850e-02,-1.610270e+00,-6.854220e+00,-1.046291e+00
1.286850e-02,-1.609559e+00,-6.952598e+00,-1.045530e+00
1.287850e-02,-1.608792e+00,-7.056169e+00,-1.044708e+00
1.288850e-02,-1.607970e+00,-7.164528e+00,-1.043828e+00
1.289850e-02,-1.607098e+00,-7.277247e+00,-1.042893e+00
1.290850e-02,-1.606179e+00,-7.393884e+00,-1.041908e+00
1.291850e-02,-1.605219e+00,-7.513980e+00,-1.040876e+00
1.292850e-02,-1.604220e+00,-7.637065e+00,-1.039800e+00
1.293850e-02,-1.603187e+00,-7.762657e+00,-1.038686e+00
1.294850e-02,-1.602125e+00,-7.890269e+00,-1.037538e+00
1.295850e-02,-1.601039e+00,-8.019403e+00,-1.036360e+00
1.296850e-02,-1.599933e+00,-8.149561e+00,-1.035157e+00
1.297850e-02,-1.598812e+00,-8.280242e+00,-1.033933e+00
1.298850e-02,-1.597680e+00,-8.410947e+00,-1.032694e+00
1.299850e-02,-1.596543e+00,-8.541177e+00,-1.031444e+00
1.300850e-02,-1.595406e+00,-8.670441e+00,-1.030189e+00
1.301850e-02,-1.594274e+00,-8.798252e+00,-1.028933e+00
1.302850e-02,-1.593150e+00,-8.924135e+00,-1.027681e+00
1.303850e-02,-1.592041e+00,-9.047624e+00,-1.026438e+00
1.304850e-02,-1.590952e+00,-9.168267e+00,-1.025209e+00
1.305850e-02,-1.589885e+00,-9.285624e+00,-1.024000e+00
1.306850e-02,-1.588848e+00,-9.399273e+00,-1.022813e+00
1.307850e-02,-1.587843e+00,-9.508809e+00,-1.021656e+00
1.308850e-02,-1.586876e+00,-9.613846e+00,-1.020531e+00
1.309850e-02,-1.585950e+00,-9.714017e+00,-1.019443e+00
1.310850e-02,-1.585070e+00,-9.808976e+00,-1.018398e+00
1.311850e-02,-1.584239e+00,-9.898400e+00,-1.017398e+00
1.312850e-02,-1.583462e+00,-9.981986e+00,-1.016447e+00
1.313850e-02,-1.582742e+00,-1.005946e+01,-1.015551e+00
1.314850e-02,-1.582081e+00,-1.013056e+01,-1.014711e+00
1.315850e-02,-1.581484e+00,-1.019506e+01,-1.013931e+00
1.316850e-02,-1.580953e+00,-1.025276e+01,-1.013215e+00
1.317850e-02,-1.580489e+00,-1.030347e+01,-1.012566e+00
1.318850e-02,-1.580097e+00,-1.034703e+01,-1.011985e+00
1.319850e-02,-1.579777e+00,-1.038333e+01,-1.011475e+00
1.320850e-02,-1.579532e+00,-1.041225e+01,-1.011038e+00
1.321850e-02,-1.579362e+00,-1.043371e+01,-1.010676e+00
1.322850e-02,-1.579269e+00,-1.044765e+01,-1.010391e+00
1.323850e-02,-1.579254e+00,-1.045406e+01,-1.010182e+00
1.324850e-02,-1.579317e+00,-1.045292e+01,-1.010052e+00
1.325850e-02,-1.579458e+00,-1.044426e+01,-1.010001e+00
1.326850e-02,-1.579677e+00,-1.042813e+01,-1.010028e+00
1.327850e-02,-1.579974e+00,-1.040458e+01,-1.010135e+00
1.328850e-02,-1.580348e+00,-1.037374e+01,-1.010320e+00
1.329850e-02,-1.580798e+00,-1.033571e+01,-1.010582e+00
1.330850e-02,-1.581322e+00,-1.029065e+01,-1.010921e+00
1.331850e-02,-1.581919e+00,-1.023873e+01,-1.011336e+00
1.332850e-02,-1.582587e+00,-1.018015e+01,-1.011824e+00
1.333850e-02,-1.583324e+00,-1.011514e+01,-1.012384e+00
1.334850e-02,-1.584126e+00,-1.004393e+01,-1.013013e+00
1.335850e-02,-1.584993e+00,-9.966809e+00,-1.013709e+00
1.336850e-02,-1.585919e+00,-9.884068e+00,-1.014470e+00
1.337850e-02,-1.586903e+00,-9.796024e+00,-1.015292e+00
1.338850e-02,-1.587941e+00,-9.703020e+00,-1.016172e+00
1.339850e-02,-1.589028e+00,-9.605418e+00,-1.017107e+00
1.340850e-02,-1.590162e+00,-9.503600e+00,-1.018092e+00
1.341850e-02,-1.591337e+00,-9.397968e+00,-1.019124e+00
1.342850e-02,-1.592551e+00,-9.288943e+00,-1.020200e+00
1.343850e-02,-1.593797e+00,-9.176961e+00,-1.021314e+00
1.344850e-02,-1.595073e+00,-9.062473e+00,-1.022462e+00
1.345850e-02,-1.596372e+00,-8.945944e+00,-1.023640e+00
1.346850e-02,-1.597691e+00,-8.827849e+00,-1.024843e+00
1.347850e-02,-1.599024e+00,-8.708676e+00,-1.026067e+00
1.348850e-02,-1.600368e+00,-8.588917e+00,-1.027306e+00
1.349850e-02,-1.601716e+00,-8.469071e+00,-1.028556e+00
1.350850e-02,-1.603063e+00,-8.349640e+00,-1.029811e+00
1.351850e-02,-1.604406e+00,-8.231128e+00,-1.031067e+00
1.352850e-02,-1.605738e+00,-8.114035e+00,-1.032319e+00
1.353850e-02,-1.607056e+00,-7.998861e+00,-1.033562e+00
1.354850e-02,-1.608354e+00,-7.886098e+00,-1.034791e+00
1.355850e-02,-1.609627e+00,-7.776231e+00,-1.036000e+00
1.356850e-02,-1.610872e+00,-7.669733e+00,-1.037187e+00
1.357850e-02,-1.612082e+00,-7.567067e+00,-1.038344e+00
1.358850e-02,-1.613255e+00,-7.468679e+00,-1.039469e+00
1.359850e-02,-1.614385e+00,-7.375000e+00,-1.040557e+00
1.360850e-02,-1.615468e+00,-7.286440e+00,-1.041602e+00
1.361850e-02,-1.616502e+00,-7.203390e+00,-1.042602e+00
1.362850e-02,-1.617481e+00,-7.126217e+00,-1.043553e+00
1.363850e-02,-1.618403e+00,-7.055266e+00,-1.044449e+00
1.364850e-02,-1.619264e+00,-6.990852e+00,-1.045289e+00
1.365850e-02,-1.620061e+00,-6.933268e+00,-1.046069e+00
1.366850e-02,-1.620792e+00,-6.882773e+00,-1.046785e+00
1.367850e-02,-1.621454e+00,-6.839599e+00,-1.047434e+00
1.368850e-02,-1.622044e+00,-6.803947e+00,-1.048015e+00
1.369850e-02,-1.622561e+00,-6.775985e+00,-1.048525e+00
1.370850e-02,-1.623003e+00,-6.755849e+00,-1.048962e+00
1.371850e-02,-1.623369e+00,-6.743642e+00,-1.049324e+00
1.372850e-02,-1.623658e+00,-6.739433e+00,-1.049609e+00
1.373850e-02,-1.623869e+00,-6.743257e+00,-1.049818e+00
1.374850e-02,-1.624001e+00,-6.755114e+00,-1.049948e+00
1.375850e-02,-1.624054e+00,-6.774973e+00,-1.049999e+00
1.376850e-02,-1.624029e+00,-6.802765e+00,-1.049972e+00
1.377850e-02,-1.623925e+00,-6.838391e+00,-1.049865e+00
1.378850e-02,-1.623745e+00,-6.881716e+00,-1.049680e+00
1.379850e-02,-1.623488e+00,-6.932574e+00,-1.049418e+00
1.380850e-02,-1.623157e+00,-6.990769e+00,-1.049079e+00
1.381850e-02,-1.622752e+00,-7.056071e+00,-1.048664e+00
1.382850e-02,-1.622276e+00,-7.128222e+00,-1.048176e+00
1.383850e-02,-1.621731e+00,-7.206936e+00,-1.047616e+00
1.384850e-02,-1.621120e+00,-7.291900e+00,-1.046987e+00
1.385850e-02,-1.620445e+00,-7.382773e+00,-1.046291e+00
1.386850e-02,-1.619709e+00,-7.479192e+00,-1.045530e+00
1.387850e-02,-1.618916e+00,-7.580773e+00,-1.044708e+00
1.388850e-02,-1.618069e+00,-7.687108e+00,-1.043828e+00
1.389850e-02,-1.617171e+00,-7.797774e+00,-1.042893e+00
1.390850e-02,-1.616228e+00,-7.912328e+00,-1.041908e+00
1.391850e-02,-1.615242e+00,-8.030315e+00,-1.040876e+00
1.392850e-02,-1.614217e+00,-8.151265e+00,-1.039800e+00
1.393850e-02,-1.613160e+00,-8.274702e+00,-1.038686e+00
1.394850e-02,-1.612073e+00,-8.400137e+00,-1.037538e+00
1.395850e-02,-1.610961e+00,-8.527078e+00,-1.036360e+00
1.396850e-02,-1.609830e+00,-8.655030e+00,-1.035157e+00
1.397850e-02,-1.608683e+00,-8.783494e+00,-1.033933e+00
1.398850e-02,-1.607526e+00,-8.911974e+00,-1.032694e+00
1.399850e-02,-1.606364e+00,-9.039978e+00,-1.031444e+00
1.400850e-02,-1.605202e+00,-9.167015e+00,-1.030189e+00
1.401850e-02,-1.604044e+00,-9.292607e+00,-1.028933e+00
1.402850e-02,-1.602896e+00,-9.416280e+00,-1.027681e+00
1.403850e-02,-1.601761e+00,-9.537574e+00,-1.026438e+00
1.404850e-02,-1.600646e+00,-9.656041e+00,-1.025209e+00
1.405850e-02,-1.599555e+00,-9.771248e+00,-1.024000e+00
1.406850e-02,-1.598492e+00,-9.882778e+00,-1.022813e+00
1.407850e-02,-1.597462e+00,-9.990231e+00,-1.021656e+00
1.408850e-02,-1.596470e+00,-1.009323e+01,-1.020531e+00
1.409850e-02,-1.595519e+00,-1.019140e+01,-1.019443e+00
1.410850e-02,-1.594614e+00,-1.028442e+01,-1.018398e+00
1.411850e-02,-1.593758e+00,-1.037196e+01,-1.017398e+00
1.412850e-02,-1.592956e+00,-1.045372e+01,-1.016447e+00
1.413850e-02,-1.592211e+00,-1.052944e+01,-1.015551e+00
1.414850e-02,-1.591525e+00,-1.059886e+01,-1.014711e+00
1.415850e-02,-1.590903e+00,-1.066175e+01,-1.013931e+00
1.416850e-02,-1.590347e+00,-1.071792e+01,-1.013215e+00
1.417850e-02,-1.589859e+00,-1.076719e+01,-1.012566e+00
1.418850e-02,-1.589442e+00,-1.080941e+01,-1.011985e+00
1.419850e-02,-1.589097e+00,-1.084444e+01,-1.011475e+00
1.420850e-02,-1.588827e+00,-1.087218e+01,-1.011038e+00
1.421850e-02,-1.588633e+00,-1.089256e+01,-1.010676e+00
1.422850e-02,-1.588516e+00,-1.090551e+01,-1.010391e+00
1.423850e-02,-1.588476e+00,-1.091102e+01,-1.010182e+00
1.424850e-02,-1.588514e+00,-1.090907e+01,-1.010052e+00
1.425850e-02,-1.588631e+00,-1.089969e+01,-1.010001e+00
1.426850e-02,-1.588826e+00,-1.088292e+01,-1.010028e+00
1.427850e-02,-1.589099e+00,-1.085883e+01,-1.010135e+00
1.428850e-02,-1.589449e+00,-1.082752e+01,-1.010320e+00
1.429850e-02,-1.589875e+00,-1.078910e+01,-1.010582e+00
1.430850e-02,-1.590375e+00,-1.074373e+01,-1.010921e+00
1.431850e-02,-1.590948e+00,-1.069156e+01,-1.011336e+00
1.432850e-02,-1.591592e+00,-1.063279e+01,-1.011824e+00
1.433850e-02,-1.592306e+00,-1.056764e+01,-1.012384e+00
1.434850e-02,-1.593085e+00,-1.049635e+01,-1.013013e+00
1.435850e-02,-1.593928e+00,-1.041919e+01,-1.013709e+00
1.436850e-02,-1.594831e+00,-1.033644e+01,-1.014470e+00
1.437850e-02,-1.595792e+00,-1.024843e+01,-1.015292e+00
1.438850e-02,-1.596806e+00,-1.015548e+01,-1.016172e+00
1.439850e-02,-1.597871e+00,-1.005795e+01,-1.017107e+00
1.440850e-02,-1.598981e+00,-9.956210e+00,-1.018092e+00
1.441850e-02,-1.600134e+00,-9.850666e+00,-1.019124e+00
1.442850e-02,-1.601325e+00,-9.741729e+00,-1.020200e+00
1.443850e-02,-1.602549e+00,-9.629827e+00,-1.021314e+00
1.444850e-02,-1.603802e+00,-9.515408e+00,-1.022462e+00
1.445850e-02,-1.605079e+00,-9.398932e+00,-1.023640e+00
1.446850e-02,-1.606376e+00,-9.280869e+00,-1.024843e+00
1.447850e-02,-1.607687e+00,-9.161701e+00,-1.026067e+00
1.448850e-02,-1.609008e+00,-9.041918e+00,-1.027306e+00
1.449850e-02,-1.610334e+00,-8.922014e+00,-1.028556e+00
1.450850e-02,-1.611660e+00,-8.802488e+00,-1.029811e+00
1.451850e-02,-1.612981e+00,-8.683841e+00,-1.031067e+00
1.452850e-02,-1.614292e+00,-8.566573e+00,-1.032319e+00
1.453850e-02,-1.615588e+00,-8.451178e+00,-1.033562e+00
1.454850e-02,-1.616865e+00,-8.338149e+00,-1.034791e+00
1.455850e-02,-1.618117e+00,-8.227968e+00,-1.036000e+00
1.456850e-02,-1.619340e+00,-8.121108e+00,-1.037187e+00
1.457850e-02,-1.620529e+00,-8.018030e+00,-1.038344e+00
1.458850e-02,-1.621681e+00,-7.919181e+00,-1.039469e+00
1.459850e-02,-1.622790e+00,-7.824990e+00,-1.040557e+00
1.460850e-02,-1.623853e+00,-7.735867e+00,-1.041602e+00
1.461850e-02,-1.624866e+00,-7.652204e+00,-1.042602e+00
1.462850e-02,-1.625825e+00,-7.574369e+00,-1.043553e+00
1.463850e-02,-1.626726e+00,-7.502705e+00,-1.044449e+00
1.464850e-02,-1.627567e+00,-7.437530e+00,-1.045289e+00
1.465850e-02,-1.628343e+00,-7.379135e+00,-1.046069e+00
1.466850e-02,-1.629054e+00,-7.327782e+00,-1.046785e+00
1.467850e-02,-1.629695e+00,-7.283703e+00,-1.047434e+00
1.468850e-02,-1.630266e+00,-7.247100e+00,-1.048015e+00
1.469850e-02,-1.630763e+00,-7.218141e+00,-1.048525e+00
1.470850e-02,-1.631185e+00,-7.196964e+00,-1.048962e+00
1.471850e-02,-1.631531e+00,-7.183673e+00,-1.049324e+00
1.472850e-02,-1.631800e+00,-7.178336e+00,-1.049609e+00
1.473850e-02,-1.631990e+00,-7.180991e+00,-1.049818e+00
1.474850e-02,-1.632102e+00,-7.191639e+00,-1.049948e+00
1.475850e-02,-1.632136e+00,-7.210247e+00,-1.049999e+00
1.476850e-02,-1.632091e+00,-7.236751e+00,-1.049972e+00
1.477850e-02,-1.631968e+00,-7.271049e+00,-1.049865e+00
1.478850e-02,-1.631768e+00,-7.313009e+00,-1.049680e+00
1.479850e-02,-1.631491e+00,-7.362466e+00,-1.049418e+00
1.480850e-02,-1.631140e+00,-7.419223e+00,-1.049079e+00
1.481850e-02,-1.630715e+00,-7.483053e+00,-1.048664e+00
1.482850e-02,-1.630220e+00,-7.553697e+00,-1.048176e+00
1.483850e-02,-1.629655e+00,-7.630872e+00,-1.047616e+00
1.484850e-02,-1.629024e+00,-7.714263e+00,-1.046987e+00
1.485850e-02,-1.628330e+00,-7.803533e+00,-1.046291e+00
1.486850e-02,-1.627574e+00,-7.898319e+00,-1.045530e+00
1.487850e-02,-1.626762e+00,-7.998237e+00,-1.044708e+00
1.488850e-02,-1.625895e+00,-8.102882e+00,-1.043828e+00
1.489850e-02,-1.624978e+00,-8.211831e+00,-1.042893e+00
1.490850e-02,-1.624015e+00,-8.324644e+00,-1.041908e+00
1.491850e-02,-1.623009e+00,-8.440866e+00,-1.040876e+00
1.492850e-02,-1.621965e+00,-8.560031e+00,-1.039800e+00
1.493850e-02,-1.620888e+00,-8.681662e+00,-1.038686e+00
1.494850e-02,-1.619781e+00,-8.805276e+00,-1.037538e+00
1.495850e-02,-1.618650e+00,-8.930381e+00,-1.036360e+00
1.496850e-02,-1.617499e+00,-9.056484e+00,-1.035157e+00
1.497850e-02,-1.616333e+00,-9.183092e+00,-1.033933e+00
1.498850e-02,-1.615157e+00,-9.309710e+00,-1.032694e+00
1.499850e-02,-1.613975e+00,-9.435848e+00,-1.031444e+00
1.500850e-02,-1.612793e+00,-9.561021e+00,-1.030189e+00
1.501850e-02,-1.611616e+00,-9.684754e+00,-1.028933e+00
1.502850e-02,-1.610448e+00,-9.806576e+00,-1.027681e+00
1.503850e-02,-1.609294e+00,-9.926033e+00,-1.026438e+00
1.504850e-02,-1.608159e+00,-1.004268e+01,-1.025209e+00
1.505850e-02,-1.607048e+00,-1.015609e+01,-1.024000e+00
1.506850e-02,-1.605966e+00,-1.026585e+01,-1.022813e+00
1.507850e-02,-1.604917e+00,-1.037156e+01,-1.021656e+00
1.508850e-02,-1.603905e+00,-1.047285e+01,-1.020531e+00
1.509850e-02,-1.602935e+00,-1.056936e+01,-1.019443e+00
1.510850e-02,-1.602010e+00,-1.066076e+01,-1.018398e+00
1.511850e-02,-1.601135e+00,-1.074672e+01,-1.017398e+00
1.512850e-02,-1.600313e+00,-1.082697e+01,-1.016447e+00
1.513850e-02,-1.599549e+00,-1.090123e+01,-1.015551e+00
1.514850e-02,-1.598844e+00,-1.096925e+01,-1.014711e+00
1.515850e-02,-1.598202e+00,-1.103082e+01,-1.013931e+00
1.516850e-02,-1.597627e+00,-1.108572e+01,-1.013215e+00
1.517850e-02,-1.597120e+00,-1.113380e+01,-1.012566e+00
1.518850e-02,-1.596684e+00,-1.117490e+01,-1.011985e+00
1.519850e-02,-1.596320e+00,-1.120888e+01,-1.011475e+00
1.520850e-02,-1.596031e+00,-1.123566e+01,-1.011038e+00
1.521850e-02,-1.595817e+00,-1.125515e+01,-1.010676e+00
1.522850e-02,-1.595681e+00,-1.126730e+01,-1.010391e+00
1.523850e-02,-1.595622e+00,-1.127208e+01,-1.010182e+00
1.524850e-02,-1.595642e+00,-1.126948e+01,-1.010052e+00
1.525850e-02,-1.595740e+00,-1.125953e+01,-1.010001e+00
1.526850e-02,-1.595916e+00,-1.124226e+01,-1.010028e+00
1.527850e-02,-1.596170e+00,-1.121774e+01,-1.010135e+00
1.528850e-02,-1.596501e+00,-1.118607e+01,-1.010320e+00
1.529850e-02,-1.596909e+00,-1.114736e+01,-1.010582e+00
1.530850e-02,-1.597390e+00,-1.110175e+01,-1.010921e+00
1.531850e-02,-1.597945e+00,-1.104940e+01,-1.011336e+00
1.532850e-02,-1.598571e+00,-1.099051e+01,-1.011824e+00
1.533850e-02,-1.599266e+00,-1.092529e+01,-1.012384e+00
1.534850e-02,-1.600027e+00,-1.085397e+01,-1.013013e+00
1.535850e-02,-1.600852e+00,-1.077681e+01,-1.013709e+00
1.536850e-02,-1.601737e+00,-1.069411e+01,-1.014470e+00
1.537850e-02,-1.602680e+00,-1.060616e+01,-1.015292e+00
1.538850e-02,-1.603676e+00,-1.051329e+01,-1.016172e+00
1.539850e-02,-1.604723e+00,-1.041586e+01,-1.017107e+00
1.540850e-02,-1.605816e+00,-1.031424e+01,-1.018092e+00
1.541850e-02,-1.606951e+00,-1.020881e+01,-1.019124e+00
1.542850e-02,-1.608124e+00,-1.009999e+01,-1.020200e+00
1.543850e-02,-1.609331e+00,-9.988195e+00,-1.021314e+00
1.544850e-02,-1.610566e+00,-9.873878e+00,-1.022462e+00
1.545850e-02,-1.611826e+00,-9.757489e+00,-1.023640e+00
1.546850e-02,-1.613105e+00,-9.639496e+00,-1.024843e+00
1.547850e-02,-1.614400e+00,-9.520376e+00,-1.026067e+00
1.548850e-02,-1.615704e+00,-9.400616e+00,-1.027306e+00
1.549850e-02,-1.617013e+00,-9.280707e+00,-1.028556e+00
1.550850e-02,-1.618322e+00,-9.161146e+00,-1.029811e+00
1.551850e-02,-1.619626e+00,-9.042430e+00,-1.031067e+00
1.552850e-02,-1.620920e+00,-8.925056e+00,-1.032319e+00
1.553850e-02,-1.622200e+00,-8.809520e+00,-1.033562e+00
1.554850e-02,-1.623460e+00,-8.696311e+00,-1.034791e+00
1.555850e-02,-1.624695e+00,-8.585909e+00,-1.036000e+00
1.556850e-02,-1.625902e+00,-8.478788e+00,-1.037187e+00
1.557850e-02,-1.627075e+00,-8.375408e+00,-1.038344e+00
1.558850e-02,-1.628211e+00,-8.276214e+00,-1.039469e+00
1.559850e-02,-1.629304e+00,-8.181635e+00,-1.040557e+00
1.560850e-02,-1.630350e+00,-8.092082e+00,-1.041602e+00
1.561850e-02,-1.631347e+00,-8.007946e+00,-1.042602e+00
1.562850e-02,-1.632290e+00,-7.929595e+00,-1.043553e+00
1.563850e-02,-1.633175e+00,-7.857373e+00,-1.044449e+00
1.564850e-02,-1.634000e+00,-7.791599e+00,-1.045289e+00
1.565850e-02,-1.634761e+00,-7.732564e+00,-1.046069e+00
1.566850e-02,-1.635456e+00,-7.680530e+00,-1.046785e+00
1.567850e-02,-1.636082e+00,-7.635731e+00,-1.047434e+00
1.568850e-02,-1.636636e+00,-7.598367e+00,-1.048015e+00
1.569850e-02,-1.637118e+00,-7.568610e+00,-1.048525e+00
1.570850e-02,-1.637525e+00,-7.546597e+00,-1.048962e+00
1.571850e-02,-1.637855e+00,-7.532432e+00,-1.049324e+00
1.572850e-02,-1.638108e+00,-7.526185e+00,-1.049609e+00
1.573850e-02,-1.638284e+00,-7.527895e+00,-1.049818e+00
1.574850e-02,-1.638380e+00,-7.537563e+00,-1.049948e+00
1.575850e-02,-1.638398e+00,-7.555157e+00,-1.049999e+00
1.576850e-02,-1.638338e+00,-7.580613e+00,-1.049972e+00
1.577850e-02,-1.638200e+00,-7.613830e+00,-1.049865e+00
1.578850e-02,-1.637984e+00,-7.654679e+00,-1.049680e+00
1.579850e-02,-1.637693e+00,-7.702992e+00,-1.049418e+00
1.580850e-02,-1.637326e+00,-7.758576e+00,-1.049079e+00
1.581850e-02,-1.636886e+00,-7.821202e+00,-1.048664e+00
1.582850e-02,-1.636376e+00,-7.890614e+00,-1.048176e+00
1.583850e-02,-1.635796e+00,-7.966527e+00,-1.047616e+00
1.584850e-02,-1.635150e+00,-8.048630e+00,-1.046987e+00
1.585850e-02,-1.634440e+00,-8.136585e+00,-1.046291e+00
1.586850e-02,-1.633669e+00,-8.230031e+00,-1.045530e+00
1.587850e-02,-1.632841e+00,-8.328584e+00,-1.044708e+00
1.588850e-02,-1.631959e+00,-8.431840e+00,-1.043828e+00
1.589850e-02,-1.631027e+00,-8.539379e+00,-1.042893e+00
1.590850e-02,-1.630049e+00,-8.650759e+00,-1.041908e+00
1.591850e-02,-1.629028e+00,-8.765530e+00,-1.040876e+00
1.592850e-02,-1.627969e+00,-8.883227e+00,-1.039800e+00
1.593850e-02,-1.626876e+00,-9.003374e+00,-1.038686e+00
1.594850e-02,-1.625755e+00,-9.125488e+00,-1.037538e+00
1.595850e-02,-1.624608e+00,-9.249081e+00,-1.036360e+00
1.596850e-02,-1.623442e+00,-9.373663e+00,-1.035157e+00
1.597850e-02,-1.622261e+00,-9.498742e+00,-1.033933e+00
1.598850e-02,-1.621069e+00,-9.623826e+00,-1.032694e+00
1.599850e-02,-1.619873e+00,-9.748429e+00,-1.031444e+00
1.600850e-02,-1.618675e+00,-9.872068e+00,-1.030189e+00
1.601850e-02,-1.617483e+00,-9.994269e+00,-1.028933e+00
1.602850e-02,-1.616300e+00,-1.011457e+01,-1.027681e+00
1.603850e-02,-1.615131e+00,-1.023251e+01,-1.026438e+00
1.604850e-02,-1.613981e+00,-1.034766e+01,-1.025209e+00
1.605850e-02,-1.612855e+00,-1.045959e+01,-1.024000e+00
1.606850e-02,-1.611757e+00,-1.056789e+01,-1.022813e+00
1.607850e-02,-1.610693e+00,-1.067217e+01,-1.021656e+00
1.608850e-02,-1.609666e+00,-1.077206e+01,-1.020531e+00
1.609850e-02,-1.608681e+00,-1.086721e+01,-1.019443e+00
1.610850e-02,-1.607741e+00,-1.095727e+01,-1.018398e+00
1.611850e-02,-1.606851e+00,-1.104195e+01,-1.017398e+00
1.612850e-02,-1.606014e+00,-1.112096e+01,-1.016447e+00
1.613850e-02,-1.605234e+00,-1.119402e+01,-1.015551e+00
1.614850e-02,-1.604515e+00,-1.126090e+01,-1.014711e+00
1.615850e-02,-1.603858e+00,-1.132138e+01,-1.013931e+00
1.616850e-02,-1.603268e+00,-1.137525e+01,-1.013215e+00
1.617850e-02,-1.602746e+00,-1.142236e+01,-1.012566e+00
1.618850e-02,-1.602295e+00,-1.146255e+01,-1.011985e+00
1.619850e-02,-1.601916e+00,-1.149569e+01,-1.011475e+00
1.620850e-02,-1.601612e+00,-1.152169e+01,-1.011038e+00
1.621850e-02,-1.601384e+00,-1.154047e+01,-1.010676e+00
1.622850e-02,-1.601233e+00,-1.155197e+01,-1.010391e+00
1.623850e-02,-1.601160e+00,-1.155616e+01,-1.010182e+00
1.624850e-02,-1.601165e+00,-1.155305e+01,-1.010052e+00
1.625850e-02,-1.601248e+00,-1.154264e+01,-1.010001e+00
1.626850e-02,-1.601410e+00,-1.152498e+01,-1.010028e+00
1.627850e-02,-1.601649e+00,-1.150013e+01,-1.010135e+00
1.628850e-02,-1.601966e+00,-1.146818e+01,-1.010320e+00
1.629850e-02,-1.602359e+00,-1.142925e+01,-1.010582e+00
1.630850e-02,-1.602826e+00,-1.138347e+01,-1.010921e+00
1.631850e-02,-1.603367e+00,-1.133101e+01,-1.011336e+00
1.632850e-02,-1.603979e+00,-1.127204e+01,-1.011824e+00
1.633850e-02,-1.604659e+00,-1.120678e+01,-1.012384e+00
1.634850e-02,-1.605406e+00,-1.113546e+01,-1.013013e+00
1.635850e-02,-1.606217e+00,-1.105834e+01,-1.013709e+00
1.636850e-02,-1.607088e+00,-1.097569e+01,-1.014470e+00
1.637850e-02,-1.608017e+00,-1.088782e+01,-1.015292e+00
1.638850e-02,-1.609000e+00,-1.079506e+01,-1.016172e+00
1.639850e-02,-1.610032e+00,-1.069774e+01,-1.017107e+00
1.640850e-02,-1.611112e+00,-1.059623e+01,-1.018092e+00
1.641850e-02,-1.612233e+00,-1.049093e+01,-1.019124e+00
1.642850e-02,-1.613392e+00,-1.038223e+01,-1.020200e+00
1.643850e-02,-1.614585e+00,-1.027056e+01,-1.021314e+00
1.644850e-02,-1.615807e+00,-1.015636e+01,-1.022462e+00
1.645850e-02,-1.617054e+00,-1.004007e+01,-1.023640e+00
1.646850e-02,-1.618320e+00,-9.922165e+00,-1.024843e+00
1.647850e-02,-1.619601e+00,-9.803114e+00,-1.026067e+00
1.648850e-02,-1.620892e+00,-9.683402e+00,-1.027306e+00
1.649850e-02,-1.622188e+00,-9.563519e+00,-1.028556e+00
1.650850e-02,-1.623484e+00,-9.443957e+00,-1.029811e+00
1.651850e-02,-1.624775e+00,-9.325213e+00,-1.031067e+00
1.652850e-02,-1.626056e+00,-9.207783e+00,-1.032319e+00
1.653850e-02,-1.627323e+00,-9.092158e+00,-1.033562e+00
1.654850e-02,-1.628570e+00,-8.978830e+00,-1.034791e+00
1.655850e-02,-1.629793e+00,-8.868275e+00,-1.036000e+00
1.656850e-02,-1.630987e+00,-8.760966e+00,-1.037187e+00
1.657850e-02,-1.632147e+00,-8.657363e+00,-1.038344e+00
1.658850e-02,-1.633270e+00,-8.557912e+00,-1.039469e+00
1.659850e-02,-1.634350e+00,-8.463040e+00,-1.040557e+00
1.660850e-02,-1.635385e+00,-8.373159e+00,-1.041602e+00
1.661850e-02,-1.636369e+00,-8.288660e+00,-1.042602e+00
1.662850e-02,-1.637299e+00,-8.209911e+00,-1.043553e+00
1.663850e-02,-1.638173e+00,-8.137255e+00,-1.044449e+00
1.664850e-02,-1.638985e+00,-8.071013e+00,-1.045289e+00
1.665850e-02,-1.639734e+00,-8.011475e+00,-1.046069e+00
1.666850e-02,-1.640417e+00,-7.958905e+00,-1.046785e+00
1.667850e-02,-1.641030e+00,-7.913535e+00,-1.047434e+00
1.668850e-02,-1.641573e+00,-7.875569e+00,-1.048015e+00
1.669850e-02,-1.642042e+00,-7.845177e+00,-1.048525e+00
1.670850e-02,-1.642437e+00,-7.822498e+00,-1.048962e+00
1.671850e-02,-1.642755e+00,-7.807636e+00,-1.049324e+00
1.672850e-02,-1.642996e+00,-7.800662e+00,-1.049609e+00
1.673850e-02,-1.643160e+00,-7.801614e+00,-1.049818e+00
1.674850e-02,-1.643245e+00,-7.810496e+00,-1.049948e+00
1.675850e-02,-1.643251e+00,-7.827275e+00,-1.049999e+00
1.676850e-02,-1.643179e+00,-7.851888e+00,-1.049972e+00
1.677850e-02,-1.643028e+00,-7.884237e+00,-1.049865e+00
1.678850e-02,-1.642801e+00,-7.924188e+00,-1.049680e+00
1.679850e-02,-1.642497e+00,-7.971580e+00,-1.049418e+00
1.680850e-02,-1.642119e+00,-8.026215e+00,-1.049079e+00
1.681850e-02,-1.641668e+00,-8.087868e+00,-1.048664e+00
1.682850e-02,-1.641145e+00,-8.156283e+00,-1.048176e+00
1.683850e-02,-1.640553e+00,-8.231176e+00,-1.047616e+00
1.684850e-02,-1.639896e+00,-8.312236e+00,-1.046987e+00
1.685850e-02,-1.639174e+00,-8.399126e+00,-1.046291e+00
1.686850e-02,-1.638392e+00,-8.491485e+00,-1.045530e+00
1.687850e-02,-1.637552e+00,-8.588931e+00,-1.044708e+00
1.688850e-02,-1.636658e+00,-8.691060e+00,-1.043828e+00
1.689850e-02,-1.635714e+00,-8.797453e+00,-1.042893e+00
1.690850e-02,-1.634724e+00,-8.907671e+00,-1.041908e+00
1.691850e-02,-1.633691e+00,-9.021263e+00,-1.040876e+00
1.692850e-02,-1.632621e+00,-9.137766e+00,-1.039800e+00
1.693850e-02,-1.631516e+00,-9.256705e+00,-1.038686e+00
1.694850e-02,-1.630383e+00,-9.377600e+00,-1.037538e+00
1.695850e-02,-1.629225e+00,-9.499966e+00,-1.036360e+00
1.696850e-02,-1.628047e+00,-9.623312e+00,-1.035157e+00
1.697850e-02,-1.626854e+00,-9.747147e+00,-1.033933e+00
1.698850e-02,-1.625650e+00,-9.870984e+00,-1.032694e+00
1.699850e-02,-1.624442e+00,-9.994338e+00,-1.031444e+00
1.700850e-02,-1.623233e+00,-1.011673e+01,-1.030189e+00
1.701850e-02,-1.622029e+00,-1.023769e+01,-1.028933e+00
1.702850e-02,-1.620834e+00,-1.035675e+01,-1.027681e+00
1.703850e-02,-1.619653e+00,-1.047346e+01,-1.026438e+00
1.704850e-02,-1.618492e+00,-1.058740e+01,-1.025209e+00
1.705850e-02,-1.617354e+00,-1.069812e+01,-1.024000e+00
1.706850e-02,-1.616245e+00,-1.080524e+01,-1.022813e+00
1.707850e-02,-1.615168e+00,-1.090836e+01,-1.021656e+00
1.708850e-02,-1.614130e+00,-1.100711e+01,-1.020531e+00
1.709850e-02,-1.613133e+00,-1.110115e+01,-1.019443e+00
1.710850e-02,-1.612181e+00,-1.119013e+01,-1.018398e+00
1.711850e-02,-1.611280e+00,-1.127377e+01,-1.017398e+00
1.712850e-02,-1.610431e+00,-1.135177e+01,-1.016447e+00
1.713850e-02,-1.609640e+00,-1.142386e+01,-1.015551e+00
1.714850e-02,-1.608909e+00,-1.148982e+01,-1.014711e+00
1.715850e-02,-1.608241e+00,-1.154941e+01,-1.013931e+00
1.716850e-02,-1.607639e+00,-1.160246e+01,-1.013215e+00
1.717850e-02,-1.607105e+00,-1.164878e+01,-1.012566e+00
1.718850e-02,-1.606642e+00,-1.168824e+01,-1.011985e+00
1.719850e-02,-1.606252e+00,-1.172071e+01,-1.011475e+00
1.720850e-02,-1.605937e+00,-1.174608e+01,-1.011038e+00
1.721850e-02,-1.605698e+00,-1.176428e+01,-1.010676e+00
1.722850e-02,-1.605535e+00,-1.177527e+01,-1.010391e+00
1.723850e-02,-1.605450e+00,-1.177900e+01,-1.010182e+00
1.724850e-02,-1.605444e+00,-1.177548e+01,-1.010052e+00
1.725850e-02,-1.605516e+00,-1.176471e+01,-1.010001e+00
1.726850e-02,-1.605666e+00,-1.174674e+01,-1.010028e+00
1.727850e-02,-1.605895e+00,-1.172164e+01,-1.010135e+00
1.728850e-02,-1.606200e+00,-1.168949e+01,-1.010320e+00
1.729850e-02,-1.606582e+00,-1.165039e+01,-1.010582e+00
1.730850e-02,-1.607038e+00,-1.160449e+01,-1.010921e+00
1.731850e-02,-1.607568e+00,-1.155195e+01,-1.011336e+00
1.732850e-02,-1.608168e+00,-1.149294e+01,-1.011824e+00
1.733850e-02,-1.608838e+00,-1.142767e+01,-1.012384e+00
1.734850e-02,-1.609574e+00,-1.135636e+01,-1.013013e+00
1.735850e-02,-1.610374e+00,-1.127928e+01,-1.013709e+00
1.736850e-02,-1.611234e+00,-1.119670e+01,-1.014470e+00
1.737850e-02,-1.612152e+00,-1.110892e+01,-1.015292e+00
1.738850e-02,-1.613124e+00,-1.101625e+01,-1.016172e+00
1.739850e-02,-1.614146e+00,-1.091904e+01,-1.017107e+00
1.740850e-02,-1.615215e+00,-1.081765e+01,-1.018092e+00
1.741850e-02,-1.616325e+00,-1.071247e+01,-1.019124e+00
1.742850e-02,-1.617474e+00,-1.060389e+01,-1.020200e+00
1.743850e-02,-1.618657e+00,-1.049234e+01,-1.021314e+00
1.744850e-02,-1.619868e+00,-1.037825e+01,-1.022462e+00
1.745850e-02,-1.621104e+00,-1.026206e+01,-1.023640e+00
1.746850e-02,-1.622360e+00,-1.014425e+01,-1.024843e+00
1.747850e-02,-1.623631e+00,-1.002527e+01,-1.026067e+00
1.748850e-02,-1.624911e+00,-9.905617e+00,-1.027306e+00
1.749850e-02,-1.626197e+00,-9.785773e+00,-1.028556e+00
1.750850e-02,-1.627483e+00,-9.666230e+00,-1.029811e+00
1.751850e-02,-1.628764e+00,-9.547482e+00,-1.031067e+00
1.752850e-02,-1.630035e+00,-9.430025e+00,-1.032319e+00
1.753850e-02,-1.631292e+00,-9.314347e+00,-1.033562e+00
1.754850e-02,-1.632529e+00,-9.200938e+00,-1.034791e+00
1.755850e-02,-1.633742e+00,-9.090276e+00,-1.036000e+00
1.756850e-02,-1.634926e+00,-8.982833e+00,-1.037187e+00
1.757850e-02,-1.636077e+00,-8.879067e+00,-1.038344e+00
1.758850e-02,-1.637190e+00,-8.779423e+00,-1.039469e+00
1.759850e-02,-1.638261e+00,-8.684331e+00,-1.040557e+00
1.760850e-02,-1.639285e+00,-8.594200e+00,-1.041602e+00
1.761850e-02,-1.640260e+00,-8.509422e+00,-1.042602e+00
1.762850e-02,-1.641181e+00,-8.430365e+00,-1.043553e+00
1.763850e-02,-1.642044e+00,-8.357373e+00,-1.044449e+00
1.764850e-02,-1.642847e+00,-8.290766e+00,-1.045289e+00
1.765850e-02,-1.643587e+00,-8.230835e+00,-1.046069e+00
1.766850e-02,-1.644260e+00,-8.177843e+00,-1.046785e+00
1.767850e-02,-1.644864e+00,-8.132026e+00,-1.047434e+00
1.768850e-02,-1.645397e+00,-8.093584e+00,-1.048015e+00
1.769850e-02,-1.645857e+00,-8.062691e+00,-1.048525e+00
1.770850e-02,-1.646243e+00,-8.039484e+00,-1.048962e+00
1.771850e-02,-1.646552e+00,-8.024068e+00,-1.049324e+00
1.772850e-02,-1.646784e+00,-8.016517e+00,-1.049609e+00
1.773850e-02,-1.646938e+00,-8.016867e+00,-1.049818e+00
1.774850e-02,-1.647014e+00,-8.025122e+00,-1.049948e+00
1.775850e-02,-1.647011e+00,-8.041252e+00,-1.049999e+00
1.776850e-02,-1.646929e+00,-8.065192e+00,-1.049972e+00
1.777850e-02,-1.646770e+00,-8.096845e+00,-1.049865e+00
1.778850e-02,-1.646533e+00,-8.136080e+00,-1.049680e+00
1.779850e-02,-1.646220e+00,-8.182733e+00,-1.049418e+00
1.780850e-02,-1.645833e+00,-8.236609e+00,-1.049079e+00
1.781850e-02,-1.645372e+00,-8.297483e+00,-1.048664e+00
1.782850e-02,-1.644841e+00,-8.365098e+00,-1.048176e+00
1.783850e-02,-1.644240e+00,-8.439172e+00,-1.047616e+00
1.784850e-02,-1.643573e+00,-8.519394e+00,-1.046987e+00
1.785850e-02,-1.642842e+00,-8.605428e+00,-1.046291e+00
1.786850e-02,-1.642051e+00,-8.696914e+00,-1.045530e+00
1.787850e-02,-1.641202e+00,-8.793470e+00,-1.044708e+00
1.788850e-02,-1.640299e+00,-8.894694e+00,-1.043828e+00
1.789850e-02,-1.639346e+00,-9.000166e+00,-1.042893e+00
1.790850e-02,-1.638346e+00,-9.109448e+00,-1.041908e+00
1.791850e-02,-1.637305e+00,-9.222092e+00,-1.040876e+00
1.792850e-02,-1.636225e+00,-9.337634e+00,-1.039800e+00
1.793850e-02,-1.635112e+00,-9.455602e+00,-1.038686e+00
1.794850e-02,-1.633969e+00,-9.575515e+00,-1.037538e+00
1.795850e-02,-1.632802e+00,-9.696891e+00,-1.036360e+00
1.796850e-02,-1.631615e+00,-9.819241e+00,-1.035157e+00
1.797850e-02,-1.630412e+00,-9.942076e+00,-1.033933e+00
1.798850e-02,-1.629200e+00,-1.006491e+01,-1.032694e+00
1.799850e-02,-1.627982e+00,-1.018726e+01,-1.031444e+00
1.800850e-02,-1.626764e+00,-1.030864e+01,-1.030189e+00
1.801850e-02,-1.625551e+00,-1.042860e+01,-1.028933e+00
1.802850e-02,-1.624347e+00,-1.054666e+01,-1.027681e+00
1.803850e-02,-1.623157e+00,-1.066239e+01,-1.026438e+00
1.804850e-02,-1.621986e+00,-1.077534e+01,-1.025209e+00
1.805850e-02,-1.620840e+00,-1.088510e+01,-1.024000e+00
1.806850e-02,-1.619721e+00,-1.099127e+01,-1.022813e+00
1.807850e-02,-1.618636e+00,-1.109345e+01,-1.021656e+00
1.808850e-02,-1.617588e+00,-1.119129e+01,-1.020531e+00
1.809850e-02,-1.616582e+00,-1.128443e+01,-1.019443e+00
1.810850e-02,-1.615622e+00,-1.137255e+01,-1.018398e+00
1.811850e-02,-1.614711e+00,-1.145535e+01,-1.017398e+00
1.812850e-02,-1.613854e+00,-1.153254e+01,-1.016447e+00
1.813850e-02,-1.613053e+00,-1.160386e+01,-1.015551e+00
1.814850e-02,-1.612313e+00,-1.166907e+01,-1.014711e+00
1.815850e-02,-1.611636e+00,-1.172796e+01,-1.013931e+00
1.816850e-02,-1.611025e+00,-1.178034e+01,-1.013215e+00
1.817850e-02,-1.610483e+00,-1.182604e+01,-1.012566e+00
1.818850e-02,-1.610011e+00,-1.186492e+01,-1.011985e+00
1.819850e-02,-1.609612e+00,-1.189684e+01,-1.011475e+00
1.820850e-02,-1.609288e+00,-1.192171e+01,-1.011038e+00
1.821850e-02,-1.609039e+00,-1.193947e+01,-1.010676e+00
1.822850e-02,-1.608868e+00,-1.195004e+01,-1.010391e+00
1.823850e-02,-1.608775e+00,-1.195341e+01,-1.010182e+00
1.824850e-02,-1.608759e+00,-1.194956e+01,-1.010052e+00
1.825850e-02,-1.608823e+00,-1.193852e+01,-1.010001e+00
1.826850e-02,-1.608964e+00,-1.192031e+01,-1.010028e+00
1.827850e-02,-1.609184e+00,-1.189501e+01,-1.010135e+00
1.828850e-02,-1.609481e+00,-1.186270e+01,-1.010320e+00
1.829850e-02,-1.609854e+00,-1.182348e+01,-1.010582e+00
1.830850e-02,-1.610301e+00,-1.177750e+01,-1.010921e+00
1.831850e-02,-1.610822e+00,-1.172490e+01,-1.011336e+00
1.832850e-02,-1.611414e+00,-1.166586e+01,-1.011824e+00
1.833850e-02,-1.612076e+00,-1.160059e+01,-1.012384e+00
1.834850e-02,-1.612803e+00,-1.152931e+01,-1.013013e+00
1.835850e-02,-1.613594e+00,-1.145228e+01,-1.013709e+00
1.836850e-02,-1.614447e+00,-1.136976e+01,-1.014470e+00
1.837850e-02,-1.615356e+00,-1.128206e+01,-1.015292e+00
1.838850e-02,-1.616320e+00,-1.118948e+01,-1.016172e+00
1.839850e-02,-1.617333e+00,-1.109237e+01,-1.017107e+00
1.840850e-02,-1.618394e+00,-1.099109e+01,-1.018092e+00
1.841850e-02,-1.619496e+00,-1.088602e+01,-1.019124e+00
1.842850e-02,-1.620637e+00,-1.077755e+01,-1.020200e+00
1.843850e-02,-1.621811e+00,-1.066611e+01,-1.021314e+00
1.844850e-02,-1.623015e+00,-1.055211e+01,-1.022462e+00
1.845850e-02,-1.624243e+00,-1.043602e+01,-1.023640e+00
1.846850e-02,-1.625490e+00,-1.031829e+01,-1.024843e+00
1.847850e-02,-1.626753e+00,-1.019939e+01,-1.026067e+00
1.848850e-02,-1.628026e+00,-1.007979e+01,-1.027306e+00
1.849850e-02,-1.629304e+00,-9.959993e+00,-1.028556e+00
1.850850e-02,-1.630582e+00,-9.840477e+00,-1.029811e+00
1.851850e-02,-1.631855e+00,-9.721739e+00,-1.031067e+00
1.852850e-02,-1.633118e+00,-9.604269e+00,-1.032319e+00
1.853850e-02,-1.634367e+00,-9.488560e+00,-1.033562e+00
1.854850e-02,-1.635597e+00,-9.375098e+00,-1.034791e+00
1.855850e-02,-1.636802e+00,-9.264362e+00,-1.036000e+00
1.856850e-02,-1.637979e+00,-9.156821e+00,-1.037187e+00
1.857850e-02,-1.639122e+00,-9.052934e+00,-1.038344e+00
1.858850e-02,-1.640227e+00,-8.953147e+00,-1.039469e+00
1.859850e-02,-1.641290e+00,-8.857888e+00,-1.040557e+00
1.860850e-02,-1.642308e+00,-8.767567e+00,-1.041602e+00
1.861850e-02,-1.643275e+00,-8.682574e+00,-1.042602e+00
1.862850e-02,-1.644188e+00,-8.603279e+00,-1.043553e+00
1.863850e-02,-1.645044e+00,-8.530027e+00,-1.044449e+00
1.864850e-02,-1.645840e+00,-8.463135e+00,-1.045289e+00
1.865850e-02,-1.646572e+00,-8.402897e+00,-1.046069e+00
1.866850e-02,-1.647238e+00,-8.349576e+00,-1.046785e+00
1.867850e-02,-1.647835e+00,-8.303406e+00,-1.047434e+00
1.868850e-02,-1.648361e+00,-8.264591e+00,-1.048015e+00
1.869850e-02,-1.648814e+00,-8.233303e+00,-1.048525e+00
1.870850e-02,-1.649192e+00,-8.209679e+00,-1.048962e+00
1.871850e-02,-1.649494e+00,-8.193827e+00,-1.049324e+00
1.872850e-02,-1.649718e+00,-8.185819e+00,-1.049609e+00
1.873850e-02,-1.649865e+00,-8.185692e+00,-1.049818e+00
1.874850e-02,-1.649934e+00,-8.193450e+00,-1.049948e+00
1.875850e-02,-1.649924e+00,-8.209065e+00,-1.049999e+00
1.876850e-02,-1.649835e+00,-8.232471e+00,-1.049972e+00
1.877850e-02,-1.649669e+00,-8.263572e+00,-1.049865e+00
1.878850e-02,-1.649425e+00,-8.302237e+00,-1.049680e+00
1.879850e-02,-1.649105e+00,-8.348303e+00,-1.049418e+00
1.880850e-02,-1.648710e+00,-8.401575e+00,-1.049079e+00
1.881850e-02,-1.648243e+00,-8.461828e+00,-1.048664e+00
1.882850e-02,-1.647704e+00,-8.528806e+00,-1.048176e+00
1.883850e-02,-1.647096e+00,-8.602228e+00,-1.047616e+00
1.884850e-02,-1.646422e+00,-8.681782e+00,-1.046987e+00
1.885850e-02,-1.645684e+00,-8.767133e+00,-1.046291e+00
1.886850e-02,-1.644886e+00,-8.857923e+00,-1.045530e+00
1.887850e-02,-1.644030e+00,-8.953768e+00,-1.044708e+00
1.888850e-02,-1.643120e+00,-9.054269e+00,-1.043828e+00
1.889850e-02,-1.642160e+00,-9.159006e+00,-1.042893e+00
1.890850e-02,-1.641153e+00,-9.267542e+00,-1.041908e+00
1.891850e-02,-1.640105e+00,-9.379427e+00,-1.040876e+00
1.892850e-02,-1.639018e+00,-9.494201e+00,-1.039800e+00
1.893850e-02,-1.637897e+00,-9.611392e+00,-1.038686e+00
1.894850e-02,-1.636747e+00,-9.730522e+00,-1.037538e+00
1.895850e-02,-1.635573e+00,-9.851107e+00,-1.036360e+00
1.896850e-02,-1.634379e+00,-9.972660e+00,-1.035157e+00
1.897850e-02,-1.633170e+00,-1.009469e+01,-1.033933e+00
1.898850e-02,-1.631950e+00,-1.021673e+01,-1.032694e+00
1.899850e-02,-1.630726e+00,-1.033827e+01,-1.031444e+00
1.900850e-02,-1.629501e+00,-1.045885e+01,-1.030189e+00
1.901850e-02,-1.628280e+00,-1.057801e+01,-1.028933e+00
1.902850e-02,-1.627069e+00,-1.069527e+01,-1.027681e+00
1.903850e-02,-1.625872e+00,-1.081021e+01,-1.026438e+00
1.904850e-02,-1.624694e+00,-1.092238e+01,-1.025209e+00
1.905850e-02,-1.623541e+00,-1.103137e+01,-1.024000e+00
1.906850e-02,-1.622415e+00,-1.113677e+01,-1.022813e+00
1.907850e-02,-1.621323e+00,-1.123821e+01,-1.021656e+00
1.908850e-02,-1.620268e+00,-1.133531e+01,-1.020531e+00
1.909850e-02,-1.619255e+00,-1.142774e+01,-1.019443e+00
1.910850e-02,-1.618288e+00,-1.151518e+01,-1.018398e+00
1.911850e-02,-1.617370e+00,-1.159730e+01,-1.017398e+00
1.912850e-02,-1.616506e+00,-1.167385e+01,-1.016447e+00
1.913850e-02,-1.615698e+00,-1.174455e+01,-1.015551e+00
1.914850e-02,-1.614951e+00,-1.180917e+01,-1.014711e+00
1.915850e-02,-1.614267e+00,-1.186750e+01,-1.013931e+00
1.916850e-02,-1.613649e+00,-1.191936e+01,-1.013215e+00
1.917850e-02,-1.613100e+00,-1.196456e+01,-1.012566e+00
1.918850e-02,-1.612621e+00,-1.200297e+01,-1.011985e+00
1.919850e-02,-1.612215e+00,-1.203446e+01,-1.011475e+00
1.920850e-02,-1.611884e+00,-1.205894e+01,-1.011038e+00
1.921850e-02,-1.611629e+00,-1.207634e+01,-1.010676e+00
1.922850e-02,-1.611451e+00,-1.208659e+01,-1.010391e+00
1.923850e-02,-1.611350e+00,-1.208967e+01,-1.010182e+00
1.924850e-02,-1.611328e+00,-1.208557e+01,-1.010052e+00
1.925850e-02,-1.611385e+00,-1.207431e+01,-1.010001e+00
1.926850e-02,-1.611520e+00,-1.205592e+01,-1.010028e+00
1.927850e-02,-1.611733e+00,-1.203047e+01,-1.010135e+00
1.928850e-02,-1.612023e+00,-1.199803e+01,-1.010320e+00
1.929850e-02,-1.612389e+00,-1.195872e+01,-1.010582e+00
1.930850e-02,-1.612830e+00,-1.191268e+01,-1.010921e+00
1.931850e-02,-1.613344e+00,-1.186004e+01,-1.011336e+00
1.932850e-02,-1.613930e+00,-1.180099e+01,-1.011824e+00
1.933850e-02,-1.614584e+00,-1.173572e+01,-1.012384e+00
1.934850e-02,-1.615305e+00,-1.166448e+01,-1.013013e+00
1.935850e-02,-1.616090e+00,-1.158749e+01,-1.013709e+00
1.936850e-02,-1.616936e+00,-1.150503e+01,-1.014470e+00
1.937850e-02,-1.617839e+00,-1.141739e+01,-1.015292e+00
1.938850e-02,-1.618796e+00,-1.132490e+01,-1.016172e+00
1.939850e-02,-1.619803e+00,-1.122788e+01,-1.017107e+00
1.940850e-02,-1.620857e+00,-1.112669e+01,-1.018092e+00
1.941850e-02,-1.621953e+00,-1.102171e+01,-1.019124e+00
1.942850e-02,-1.623088e+00,-1.091334e+01,-1.020200e+00
1.943850e-02,-1.624256e+00,-1.080198e+01,-1.021314e+00
1.944850e-02,-1.625453e+00,-1.068808e+01,-1.022462e+00
1.945850e-02,-1.626675e+00,-1.057207e+01,-1.023640e+00
1.946850e-02,-1.627916e+00,-1.045442e+01,-1.024843e+00
1.947850e-02,-1.629173e+00,-1.033558e+01,-1.026067e+00
1.948850e-02,-1.630439e+00,-1.021604e+01,-1.027306e+00
1.949850e-02,-1.631711e+00,-1.009628e+01,-1.028556e+00
1.950850e-02,-1.632983e+00,-9.976795e+00,-1.029811e+00
1.951850e-02,-1.634250e+00,-9.858070e+00,-1.031067e+00
1.952850e-02,-1.635507e+00,-9.740598e+00,-1.032319e+00
1.953850e-02,-1.636750e+00,-9.624871e+00,-1.033562e+00
1.954850e-02,-1.637974e+00,-9.511374e+00,-1.034791e+00
1.955850e-02,-1.639173e+00,-9.400585e+00,-1.036000e+00
1.956850e-02,-1.640344e+00,-9.292972e+00,-1.037187e+00
1.957850e-02,-1.641481e+00,-9.188997e+00,-1.038344e+00
1.958850e-02,-1.642581e+00,-9.089102e+00,-1.039469e+00
1.959850e-02,-1.643638e+00,-8.993715e+00,-1.040557e+00
1.960850e-02,-1.644649e+00,-8.903248e+00,-1.041602e+00
1.961850e-02,-1.645611e+00,-8.818091e+00,-1.042602e+00
1.962850e-02,-1.646518e+00,-8.738613e+00,-1.043553e+00
1.963850e-02,-1.647369e+00,-8.665157e+00,-1.044449e+00
1.964850e-02,-1.648159e+00,-8.598045e+00,-1.045289e+00
1.965850e-02,-1.648885e+00,-8.537567e+00,-1.046069e+00
1.966850e-02,-1.649545e+00,-8.483988e+00,-1.046785e+00
1.967850e-02,-1.650137e+00,-8.437543e+00,-1.047434e+00
1.968850e-02,-1.650657e+00,-8.398435e+00,-1.048015e+00
1.969850e-02,-1.651104e+00,-8.366837e+00,-1.048525e+00
1.970850e-02,-1.651477e+00,-8.342886e+00,-1.048962e+00
1.971850e-02,-1.651773e+00,-8.326690e+00,-1.049324e+00
1.972850e-02,-1.651992e+00,-8.318321e+00,-1.049609e+00
1.973850e-02,-1.652134e+00,-8.317818e+00,-1.049818e+00
1.974850e-02,-1.652197e+00,-8.325185e+00,-1.049948e+00
1.975850e-02,-1.652181e+00,-8.340393e+00,-1.049999e+00
1.976850e-02,-1.652087e+00,-8.363378e+00,-1.049972e+00
1.977850e-02,-1.651915e+00,-8.394042e+00,-1.049865e+00
1.978850e-02,-1.651666e+00,-8.432256e+00,-1.049680e+00
1.979850e-02,-1.651340e+00,-8.477857e+00,-1.049418e+00
1.980850e-02,-1.650940e+00,-8.530650e+00,-1.049079e+00
1.981850e-02,-1.650467e+00,-8.590411e+00,-1.048664e+00
1.982850e-02,-1.649923e+00,-8.656885e+00,-1.048176e+00
1.983850e-02,-1.649309e+00,-8.729789e+00,-1.047616e+00
1.984850e-02,-1.648630e+00,-8.808814e+00,-1.046987e+00
1.985850e-02,-1.647886e+00,-8.893624e+00,-1.046291e+00
1.986850e-02,-1.647082e+00,-8.983861e+00,-1.045530e+00
1.987850e-02,-1.646221e+00,-9.079143e+00,-1.044708e+00
1.988850e-02,-1.645306e+00,-9.179070e+00,-1.043828e+00
1.989850e-02,-1.644340e+00,-9.283222e+00,-1.042893e+00
1.990850e-02,-1.643328e+00,-9.391165e+00,-1.041908e+00
1.991850e-02,-1.642274e+00,-9.502450e+00,-1.040876e+00
1.992850e-02,-1.641182e+00,-9.616613e+00,-1.039800e+00
1.993850e-02,-1.640056e+00,-9.733188e+00,-1.038686e+00
1.994850e-02,-1.638900e+00,-9.851695e+00,-1.037538e+00
1.995850e-02,-1.637721e+00,-9.971652e+00,-1.036360e+00
1.996850e-02,-1.636521e+00,-1.009257e+01,-1.035157e+00
1.997850e-02,-1.635306e+00,-1.021397e+01,-1.033933e+00
1.998850e-02,-1.634082e+00,-1.033536e+01,-1.032694e+00
1.999850e-02,-1.632851e+00,-1.045627e+01,-1.031444e+00
2.000850e-02,-1.631621e+00,-1.057622e+01,-1.030189e+00
2.001850e-02,-1.630395e+00,-1.069473e+01,-1.028933e+00
2.002850e-02,-1.629178e+00,-1.081137e+01,-1.027681e+00
2.003850e-02,-1.627976e+00,-1.092567e+01,-1.026438e+00
2.004850e-02,-1.626793e+00,-1.103722e+01,-1.025209e+00
2.005850e-02,-1.625634e+00,-1.114560e+01,-1.024000e+00
2.006850e-02,-1.624503e+00,-1.125040e+01,-1.022813e+00
2.007850e-02,-1.623405e+00,-1.135124e+01,-1.021656e+00
2.008850e-02,-1.622345e+00,-1.144777e+01,-1.020531e+00
2.009850e-02,-1.621326e+00,-1.153963e+01,-1.019443e+00
2.010850e-02,-1.620353e+00,-1.162651e+01,-1.018398e+00
2.011850e-02,-1.619430e+00,-1.170811e+01,-1.017398e+00
2.012850e-02,-1.618560e+00,-1.178414e+01,-1.016447e+00
2.013850e-02,-1.617748e+00,-1.185436e+01,-1.015551e+00
2.014850e-02,-1.616995e+00,-1.191851e+01,-1.014711e+00
2.015850e-02,-1.616306e+00,-1.197640e+01,-1.013931e+00
2.016850e-02,-1.615682e+00,-1.202783e+01,-1.013215e+00
2.017850e-02,-1.615128e+00,-1.207264e+01,-1.012566e+00
2.018850e-02,-1.614644e+00,-1.211069e+01,-1.011985e+00
2.019850e-02,-1.614233e+00,-1.214184e+01,-1.011475e+00
2.020850e-02,-1.613896e+00,-1.216601e+01,-1.011038e+00
2.021850e-02,-1.613636e+00,-1.218312e+01,-1.010676e+00
2.022850e-02,-1.613452e+00,-1.219312e+01,-1.010391e+00
2.023850e-02,-1.613346e+00,-1.219598e+01,-1.010182e+00
2.024850e-02,-1.613319e+00,-1.219168e+01,-1.010052e+00
2.025850e-02,-1.613370e+00,-1.218025e+01,-1.010001e+00
2.026850e-02,-1.613500e+00,-1.216171e+01,-1.010028e+00
2.027850e-02,-1.613707e+00,-1.213614e+01,-1.010135e+00
2.028850e-02,-1.613992e+00,-1.210362e+01,-1.010320e+00
2.029850e-02,-1.614353e+00,-1.206424e+01,-1.010582e+00
2.030850e-02,-1.614789e+00,-1.201815e+01,-1.010921e+00
2.031850e-02,-1.615298e+00,-1.196548e+01,-1.011336e+00
2.032850e-02,-1.615879e+00,-1.190642e+01,-1.011824e+00
2.033850e-02,-1.616528e+00,-1.184117e+01,-1.012384e+00
2.034850e-02,-1.617244e+00,-1.176995e+01,-1.013013e+00
2.035850e-02,-1.618024e+00,-1.169300e+01,-1.013709e+00
2.036850e-02,-1.618864e+00,-1.161059e+01,-1.014470e+00
2.037850e-02,-1.619762e+00,-1.152302e+01,-1.015292e+00
2.038850e-02,-1.620714e+00,-1.143059e+01,-1.016172e+00
2.039850e-02,-1.621717e+00,-1.133364e+01,-1.017107e+00
2.040850e-02,-1.622766e+00,-1.123253e+01,-1.018092e+00
2.041850e-02,-1.623857e+00,-1.112764e+01,-1.019124e+00
2.042850e-02,-1.624987e+00,-1.101934e+01,-1.020200e+00
2.043850e-02,-1.626150e+00,-1.090807e+01,-1.021314e+00
2.044850e-02,-1.627342e+00,-1.079424e+01,-1.022462e+00
2.045850e-02,-1.628559e+00,-1.067830e+01,-1.023640e+00
2.046850e-02,-1.629796e+00,-1.056071e+01,-1.024843e+00
2.047850e-02,-1.631047e+00,-1.044193e+01,-1.026067e+00
2.048850e-02,-1.632309e+00,-1.032244e+01,-1.027306e+00
2.049850e-02,-1.633576e+00,-1.020272e+01,-1.028556e+00
2.050850e-02,-1.634843e+00,-1.008326e+01,-1.029811e+00
2.051850e-02,-1.636106e+00,-9.964550e+00,-1.031067e+00
2.052850e-02,-1.637359e+00,-9.847082e+00,-1.032319e+00
2.053850e-02,-1.638597e+00,-9.731345e+00,-1.033562e+00
2.054850e-02,-1.639816e+00,-9.617824e+00,-1.034791e+00
2.055850e-02,-1.641011e+00,-9.506996e+00,-1.036000e+00
2.056850e-02,-1.642177e+00,-9.399332e+00,-1.037187e+00
2.057850e-02,-1.643309e+00,-9.295290e+00,-1.038344e+00
2.058850e-02,-1.644404e+00,-9.195313e+00,-1.039469e+00
2.059850e-02,-1.645457e+00,-9.099830e+00,-1.040557e+00
2.060850e-02,-1.646464e+00,-9.009251e+00,-1.041602e+00
2.061850e-02,-1.647421e+00,-8.923967e+00,-1.042602e+00
2.062850e-02,-1.648324e+00,-8.844346e+00,-1.043553e+00
2.063850e-02,-1.649170e+00,-8.770733e+00,-1.044449e+00
2.064850e-02,-1.649956e+00,-8.703449e+00,-1.045289e+00
2.065850e-02,-1.650678e+00,-8.642784e+00,-1.046069e+00
2.066850e-02,-1.651333e+00,-8.589005e+00,-1.046785e+00
2.067850e-02,-1.651920e+00,-8.542344e+00,-1.047434e+00
2.068850e-02,-1.652436e+00,-8.503007e+00,-1.048015e+00
2.069850e-02,-1.652879e+00,-8.471165e+00,-1.048525e+00
2.070850e-02,-1.653247e+00,-8.446958e+00,-1.048962e+00
2.071850e-02,-1.653539e+00,-8.430492e+00,-1.049324e+00
2.072850e-02,-1.653754e+00,-8.421841e+00,-1.049609e+00
2.073850e-02,-1.653891e+00,-8.421042e+00,-1.049818e+00
2.074850e-02,-1.653950e+00,-8.428101e+00,-1.049948e+00
2.075850e-02,-1.653930e+00,-8.442989e+00,-1.049999e+00
2.076850e-02,-1.653832e+00,-8.465641e+00,-1.049972e+00
2.077850e-02,-1.653655e+00,-8.495961e+00,-1.049865e+00
2.078850e-02,-1.653402e+00,-8.533820e+00,-1.049680e+00
2.079850e-02,-1.653072e+00,-8.579055e+00,-1.049418e+00
2.080850e-02,-1.652668e+00,-8.631471e+00,-1.049079e+00
2.081850e-02,-1.652190e+00,-8.690844e+00,-1.048664e+00
2.082850e-02,-1.651642e+00,-8.756919e+00,-1.048176e+00
2.083850e-02,-1.651024e+00,-8.829415e+00,-1.047616e+00
2.084850e-02,-1.650340e+00,-8.908022e+00,-1.046987e+00
2.085850e-02,-1.649593e+00,-8.992404e+00,-1.046291e+00
2.086850e-02,-1.648785e+00,-9.082204e+00,-1.045530e+00
2.087850e-02,-1.647919e+00,-9.177041e+00,-1.044708e+00
2.088850e-02,-1.647000e+00,-9.276515e+00,-1.043828e+00
2.089850e-02,-1.646030e+00,-9.380206e+00,-1.042893e+00
2.090850e-02,-1.645014e+00,-9.487680e+00,-1.041908e+00
2.091850e-02,-1.643955e+00,-9.598489e+00,-1.040876e+00
2.092850e-02,-1.642859e+00,-9.712172e+00,-1.039800e+00
2.093850e-02,-1.641728e+00,-9.828259e+00,-1.038686e+00
2.094850e-02,-1.640569e+00,-9.946273e+00,-1.037538e+00
2.095850e-02,-1.639385e+00,-1.006573e+01,-1.036360e+00
2.096850e-02,-1.638181e+00,-1.018615e+01,-1.035157e+00
2.097850e-02,-1.636962e+00,-1.030705e+01,-1.033933e+00
2.098850e-02,-1.635733e+00,-1.042794e+01,-1.032694e+00
2.099850e-02,-1.634499e+00,-1.054834e+01,-1.031444e+00
2.100850e-02,-1.633264e+00,-1.066778e+01,-1.030189e+00
2.101850e-02,-1.632034e+00,-1.078580e+01,-1.028933e+00
2.102850e-02,-1.630813e+00,-1.090193e+01,-1.027681e+00
2.103850e-02,-1.629606e+00,-1.101574e+01,-1.026438e+00
2.104850e-02,-1.628419e+00,-1.112680e+01,-1.025209e+00
2.105850e-02,-1.627255e+00,-1.123469e+01,-1.024000e+00
2.106850e-02,-1.626120e+00,-1.133901e+01,-1.022813e+00
2.107850e-02,-1.625019e+00,-1.143939e+01,-1.021656e+00
2.108850e-02,-1.623954e+00,-1.153545e+01,-1.020531e+00
2.109850e-02,-1.622931e+00,-1.162687e+01,-1.019443e+00
2.110850e-02,-1.621954e+00,-1.171332e+01,-1.018398e+00
2.111850e-02,-1.621027e+00,-1.179450e+01,-1.017398e+00
2.112850e-02,-1.620153e+00,-1.187013e+01,-1.016447e+00
2.113850e-02,-1.619336e+00,-1.193995e+01,-1.015551e+00
2.114850e-02,-1.618579e+00,-1.200374e+01,-1.014711e+00
2.115850e-02,-1.617885e+00,-1.206128e+01,-1.013931e+00
2.116850e-02,-1.617258e+00,-1.211238e+01,-1.013215e+00
2.117850e-02,-1.616699e+00,-1.215688e+01,-1.012566e+00
2.118850e-02,-1.616211e+00,-1.219464e+01,-1.011985e+00
2.119850e-02,-1.615796e+00,-1.222553e+01,-1.011475e+00
2.120850e-02,-1.615455e+00,-1.224945e+01,-1.011038e+00
2.121850e-02,-1.615190e+00,-1.226634e+01,-1.010676e+00
2.122850e-02,-1.615003e+00,-1.227614e+01,-1.010391e+00
2.123850e-02,-1.614893e+00,-1.227882e+01,-1.010182e+00
2.124850e-02,-1.614862e+00,-1.227437e+01,-1.010052e+00
2.125850e-02,-1.614909e+00,-1.226280e+01,-1.010001e+00
2.126850e-02,-1.615034e+00,-1.224416e+01,-1.010028e+00
2.127850e-02,-1.615238e+00,-1.221850e+01,-1.010135e+00
2.128850e-02,-1.615519e+00,-1.218590e+01,-1.010320e+00
2.129850e-02,-1.615876e+00,-1.214647e+01,-1.010582e+00
2.130850e-02,-1.616308e+00,-1.210034e+01,-1.010921e+00
2.131850e-02,-1.616813e+00,-1.204766e+01,-1.011336e+00
2.132850e-02,-1.617389e+00,-1.198860e+01,-1.011824e+00
2.133850e-02,-1.618035e+00,-1.192336e+01,-1.012384e+00
2.134850e-02,-1.618747e+00,-1.185216e+01,-1.013013e+00
2.135850e-02,-1.619522e+00,-1.177524e+01,-1.013709e+00
2.136850e-02,-1.620359e+00,-1.169288e+01,-1.014470e+00
2.137850e-02,-1.621253e+00,-1.160536e+01,-1.015292e+00
2.138850e-02,-1.622201e+00,-1.151298e+01,-1.016172e+00
2.139850e-02,-1.623200e+00,-1.141610e+01,-1.017107e+00
2.140850e-02,-1.624245e+00,-1.131505e+01,-1.018092e+00
2.141850e-02,-1.625332e+00,-1.121022e+01,-1.019124e+00
2.142850e-02,-1.626458e+00,-1.110199e+01,-1.020200e+00
2.143850e-02,-1.627617e+00,-1.099078e+01,-1.021314e+00
2.144850e-02,-1.628806e+00,-1.087702e+01,-1.022462e+00
2.145850e-02,-1.630019e+00,-1.076114e+01,-1.023640e+00
2.146850e-02,-1.631252e+00,-1.064360e+01,-1.024843e+00
2.147850e-02,-1.632500e+00,-1.052487e+01,-1.026067e+00
2.148850e-02,-1.633758e+00,-1.040542e+01,-1.027306e+00
2.149850e-02,-1.635022e+00,-1.028573e+01,-1.028556e+00
2.150850e-02,-1.636285e+00,-1.016629e+01,-1.029811e+00
2.151850e-02,-1.637544e+00,-1.004760e+01,-1.031067e+00
2.152850e-02,-1.638793e+00,-9.930137e+00,-1.032319e+00
2.153850e-02,-1.640028e+00,-9.814395e+00,-1.033562e+00
2.154850e-02,-1.641243e+00,-9.700857e+00,-1.034791e+00
2.155850e-02,-1.642434e+00,-9.590003e+00,-1.036000e+00
2.156850e-02,-1.643597e+00,-9.482300e+00,-1.037187e+00
2.157850e-02,-1.644726e+00,-9.378208e+00,-1.038344e+00
2.158850e-02,-1.645817e+00,-9.278168e+00,-1.039469e+00
2.159850e-02,-1.646867e+00,-9.182611e+00,-1.040557e+00
2.160850e-02,-1.647870e+00,-9.091946e+00,-1.041602e+00
2.161850e-02,-1.648824e+00,-9.006564e+00,-1.042602e+00
2.162850e-02,-1.649724e+00,-8.926833e+00,-1.043553e+00
2.163850e-02,-1.650566e+00,-8.853098e+00,-1.044449e+00
2.164850e-02,-1.651348e+00,-8.785680e+00,-1.045289e+00
2.165850e-02,-1.652067e+00,-8.724871e+00,-1.046069e+00
2.166850e-02,-1.652719e+00,-8.670934e+00,-1.046785e+00
2.167850e-02,-1.653303e+00,-8.624106e+00,-1.047434e+00
2.168850e-02,-1.653815e+00,-8.584589e+00,-1.048015e+00
2.169850e-02,-1.654255e+00,-8.552557e+00,-1.048525e+00
2.170850e-02,-1.654620e+00,-8.528149e+00,-1.048962e+00
2.171850e-02,-1.654908e+00,-8.511472e+00,-1.049324e+00
2.172850e-02,-1.655120e+00,-8.502599e+00,-1.049609e+00
2.173850e-02,-1.655254e+00,-8.501569e+00,-1.049818e+00
2.174850e-02,-1.655309e+00,-8.508386e+00,-1.049948e+00
2.175850e-02,-1.655286e+00,-8.523022e+00,-1.049999e+00
2.176850e-02,-1.655184e+00,-8.545414e+00,-1.049972e+00
2.177850e-02,-1.655004e+00,-8.575464e+00,-1.049865e+00
2.178850e-02,-1.654747e+00,-8.613044e+00,-1.049680e+00
2.179850e-02,-1.654415e+00,-8.657990e+00,-1.049418e+00
2.180850e-02,-1.654007e+00,-8.710110e+00,-1.049079e+00
2.181850e-02,-1.653526e+00,-8.769178e+00,-1.048664e+00
2.182850e-02,-1.652974e+00,-8.834940e+00,-1.048176e+00
2.183850e-02,-1.652354e+00,-8.907115e+00,-1.047616e+00
2.184850e-02,-1.651666e+00,-8.985393e+00,-1.046987e+00
2.185850e-02,-1.650915e+00,-9.069439e+00,-1.046291e+00
2.186850e-02,-1.650104e+00,-9.158895e+00,-1.045530e+00
2.187850e-02,-1.649235e+00,-9.253382e+00,-1.044708e+00
2.188850e-02,-1.648312e+00,-9.352499e+00,-1.043828e+00
2.189850e-02,-1.647339e+00,-9.455827e+00,-1.042893e+00
2.190850e-02,-1.646320e+00,-9.562932e+00,-1.041908e+00
2.191850e-02,-1.645258e+00,-9.673367e+00,-1.040876e+00
2.192850e-02,-1.644158e+00,-9.786671e+00,-1.039800e+00
2.193850e-02,-1.643025e+00,-9.902374e+00,-1.038686e+00
2.194850e-02,-1.641862e+00,-1.002000e+01,-1.037538e+00
2.195850e-02,-1.640675e+00,-1.013907e+01,-1.036360e+00
2.196850e-02,-1.639467e+00,-1.025910e+01,-1.035157e+00
2.197850e-02,-1.638245e+00,-1.037960e+01,-1.033933e+00
2.198850e-02,-1.637013e+00,-1.050009e+01,-1.032694e+00
2.199850e-02,-1.635775e+00,-1.062009e+01,-1.031444e+00
2.200850e-02,-1.634537e+00,-1.073914e+01,-1.030189e+00
2.201850e-02,-1.633304e+00,-1.085675e+01,-1.028933e+00
2.202850e-02,-1.632080e+00,-1.097249e+01,-1.027681e+00
2.203850e-02,-1.630870e+00,-1.108591e+01,-1.026438e+00
2.204850e-02,-1.629679e+00,-1.119658e+01,-1.025209e+00
2.205850e-02,-1.628512e+00,-1.130409e+01,-1.024000e+00
2.206850e-02,-1.627374e+00,-1.140804e+01,-1.022813e+00
2.207850e-02,-1.626269e+00,-1.150805e+01,-1.021656e+00
2.208850e-02,-1.625201e+00,-1.160375e+01,-1.020531e+00
2.209850e-02,-1.624175e+00,-1.169482e+01,-1.019443e+00
2.210850e-02,-1.623195e+00,-1.178093e+01,-1.018398e+00
2.211850e-02,-1.622264e+00,-1.186178e+01,-1.017398e+00
2.212850e-02,-1.621387e+00,-1.193709e+01,-1.016447e+00
2.213850e-02,-1.620567e+00,-1.200661e+01,-1.015551e+00
2.214850e-02,-1.619807e+00,-1.207011e+01,-1.014711e+00
2.215850e-02,-1.619110e+00,-1.212737e+01,-1.013931e+00
2.216850e-02,-1.618479e+00,-1.217821e+01,-1.013215e+00
2.217850e-02,-1.617917e+00,-1.222247e+01,-1.012566e+00
2.218850e-02,-1.617426e+00,-1.226000e+01,-1.011985e+00
2.219850e-02,-1.617007e+00,-1.229068e+01,-1.011475e+00
2.220850e-02,-1.616663e+00,-1.231442e+01,-1.011038e+00
2.221850e-02,-1.616396e+00,-1.233113e+01,-1.010676e+00
2.222850e-02,-1.616205e+00,-1.234077e+01,-1.010391e+00
2.223850e-02,-1.616092e+00,-1.234331e+01,-1.010182e+00
2.224850e-02,-1.616057e+00,-1.233874e+01,-1.010052e+00
2.225850e-02,-1.616101e+00,-1.232707e+01,-1.010001e+00
2.226850e-02,-1.616224e+00,-1.230834e+01,-1.010028e+00
2.227850e-02,-1.616424e+00,-1.228261e+01,-1.010135e+00
2.228850e-02,-1.616702e+00,-1.224996e+01,-1.010320e+00
2.229850e-02,-1.617056e+00,-1.221049e+01,-1.010582e+00
2.230850e-02,-1.617484e+00,-1.216434e+01,-1.010921e+00
2.231850e-02,-1.617986e+00,-1.211164e+01,-1.011336e+00
2.232850e-02,-1.618560e+00,-1.205258e+01,-1.011824e+00
2.233850e-02,-1.619202e+00,-1.198735e+01,-1.012384e+00
2.234850e-02,-1.619911e+00,-1.191617e+01,-1.013013e+00
2.235850e-02,-1.620684e+00,-1.183928e+01,-1.013709e+00
2.236850e-02,-1.621517e+00,-1.175695e+01,-1.014470e+00
2.237850e-02,-1.622408e+00,-1.166947e+01,-1.015292e+00
2.238850e-02,-1.623354e+00,-1.157715e+01,-1.016172e+00
2.239850e-02,-1.624349e+00,-1.148031e+01,-1.017107e+00
2.240850e-02,-1.625391e+00,-1.137932e+01,-1.018092e+00
2.241850e-02,-1.626476e+00,-1.127454e+01,-1.019124e+00
2.242850e-02,-1.627599e+00,-1.116637e+01,-1.020200e+00
2.243850e-02,-1.628755e+00,-1.105521e+01,-1.021314e+00
2.244850e-02,-1.629941e+00,-1.094149e+01,-1.022462e+00
2.245850e-02,-1.631151e+00,-1.082566e+01,-1.023640e+00
2.246850e-02,-1.632381e+00,-1.070817e+01,-1.024843e+00
2.247850e-02,-1.633626e+00,-1.058947e+01,-1.026067e+00
2.248850e-02,-1.634881e+00,-1.047006e+01,-1.027306e+00
2.249850e-02,-1.636142e+00,-1.035040e+01,-1.028556e+00
2.250850e-02,-1.637402e+00,-1.023098e+01,-1.029811e+00
2.251850e-02,-1.638659e+00,-1.011230e+01,-1.031067e+00
2.252850e-02,-1.639905e+00,-9.994845e+00,-1.032319e+00
2.253850e-02,-1.641137e+00,-9.879100e+00,-1.033562e+00
2.254850e-02,-1.642349e+00,-9.765550e+00,-1.034791e+00
2.255850e-02,-1.643538e+00,-9.654677e+00,-1.036000e+00
2.256850e-02,-1.644698e+00,-9.546945e+00,-1.037187e+00
2.257850e-02,-1.645824e+00,-9.442815e+00,-1.038344e+00
2.258850e-02,-1.646913e+00,-9.342728e+00,-1.039469e+00
2.259850e-02,-1.647960e+00,-9.247114e+00,-1.040557e+00
2.260850e-02,-1.648960e+00,-9.156382e+00,-1.041602e+00
2.261850e-02,-1.649911e+00,-9.070924e+00,-1.042602e+00
2.262850e-02,-1.650808e+00,-8.991108e+00,-1.043553e+00
2.263850e-02,-1.651648e+00,-8.917279e+00,-1.044449e+00
2.264850e-02,-1.652427e+00,-8.849757e+00,-1.045289e+00
2.265850e-02,-1.653143e+00,-8.788834e+00,-1.046069e+00
2.266850e-02,-1.653793e+00,-8.734776e+00,-1.046785e+00
2.267850e-02,-1.654374e+00,-8.687816e+00,-1.047434e+00
2.268850e-02,-1.654884e+00,-8.648160e+00,-1.048015e+00
2.269850e-02,-1.655321e+00,-8.615979e+00,-1.048525e+00
2.270850e-02,-1.655683e+00,-8.591415e+00,-1.048962e+00
2.271850e-02,-1.655969e+00,-8.574572e+00,-1.049324e+00
2.272850e-02,-1.656178e+00,-8.565526e+00,-1.049609e+00
2.273850e-02,-1.656309e+00,-8.564314e+00,-1.049818e+00
2.274850e-02,-1.656362e+00,-8.570942e+00,-1.049948e+00
2.275850e-02,-1.656336e+00,-8.585381e+00,-1.049999e+00
2.276850e-02,-1.656232e+00,-8.607569e+00,-1.049972e+00
2.277850e-02,-1.656050e+00,-8.637408e+00,-1.049865e+00
2.278850e-02,-1.655790e+00,-8.674769e+00,-1.049680e+00
2.279850e-02,-1.655455e+00,-8.719489e+00,-1.049418e+00
2.280850e-02,-1.655045e+00,-8.771376e+00,-1.049079e+00
2.281850e-02,-1.654561e+00,-8.830205e+00,-1.048664e+00
2.282850e-02,-1.654007e+00,-8.895722e+00,-1.048176e+00
2.283850e-02,-1.653384e+00,-8.967645e+00,-1.047616e+00
2.284850e-02,-1.652694e+00,-9.045665e+00,-1.046987e+00
2.285850e-02,-1.651940e+00,-9.129447e+00,-1.046291e+00
2.286850e-02,-1.651126e+00,-9.218634e+00,-1.045530e+00
2.287850e-02,-1.650255e+00,-9.312846e+00,-1.044708e+00
2.288850e-02,-1.649330e+00,-9.411682e+00,-1.043828e+00
2.289850e-02,-1.648354e+00,-9.514726e+00,-1.042893e+00
2.290850e-02,-1.647332e+00,-9.621542e+00,-1.041908e+00
2.291850e-02,-1.646268e+00,-9.731682e+00,-1.040876e+00
2.292850e-02,-1.645165e+00,-9.844689e+00,-1.039800e+00
2.293850e-02,-1.644029e+00,-9.960091e+00,-1.038686e+00
2.294850e-02,-1.642864e+00,-1.007741e+01,-1.037538e+00
2.295850e-02,-1.641674e+00,-1.019617e+01,-1.036360e+00
2.296850e-02,-1.640464e+00,-1.031589e+01,-1.035157e+00
2.297850e-02,-1.639240e+00,-1.043608e+01,-1.033933e+00
2.298850e-02,-1.638005e+00,-1.055626e+01,-1.032694e+00
2.299850e-02,-1.636765e+00,-1.067595e+01,-1.031444e+00
2.300850e-02,-1.635524e+00,-1.079469e+01,-1.030189e+00
2.301850e-02,-1.634288e+00,-1.091199e+01,-1.028933e+00
2.302850e-02,-1.633061e+00,-1.102742e+01,-1.027681e+00
2.303850e-02,-1.631849e+00,-1.114054e+01,-1.026438e+00
2.304850e-02,-1.630656e+00,-1.125090e+01,-1.025209e+00
2.305850e-02,-1.629487e+00,-1.135811e+01,-1.024000e+00
2.306850e-02,-1.628346e+00,-1.146176e+01,-1.022813e+00
2.307850e-02,-1.627238e+00,-1.156148e+01,-1.021656e+00
2.308850e-02,-1.626168e+00,-1.165691e+01,-1.020531e+00
2.309850e-02,-1.625139e+00,-1.174770e+01,-1.019443e+00
2.310850e-02,-1.624156e+00,-1.183354e+01,-1.018398e+00
2.311850e-02,-1.623223e+00,-1.191413e+01,-1.017398e+00
2.312850e-02,-1.622343e+00,-1.198919e+01,-1.016447e+00
2.313850e-02,-1.621521e+00,-1.205847e+01,-1.015551e+00
2.314850e-02,-1.620758e+00,-1.212175e+01,-1.014711e+00
2.315850e-02,-1.620059e+00,-1.217879e+01,-1.013931e+00
2.316850e-02,-1.619426e+00,-1.222943e+01,-1.013215e+00
2.317850e-02,-1.618861e+00,-1.227350e+01,-1.012566e+00
2.318850e-02,-1.618367e+00,-1.231085e+01,-1.011985e+00
2.319850e-02,-1.617946e+00,-1.234137e+01,-1.011475e+00
2.320850e-02,-1.617600e+00,-1.236495e+01,-1.011038e+00
2.321850e-02,-1.617329e+00,-1.238153e+01,-1.010676e+00
2.322850e-02,-1.617136e+00,-1.239105e+01,-1.010391e+00
2.323850e-02,-1.617021e+00,-1.239349e+01,-1.010182e+00
2.324850e-02,-1.616984e+00,-1.238882e+01,-1.010052e+00
2.325850e-02,-1.617025e+00,-1.237707e+01,-1.010001e+00
2.326850e-02,-1.617145e+00,-1.235827e+01,-1.010028e+00
2.327850e-02,-1.617343e+00,-1.233249e+01,-1.010135e+00
2.328850e-02,-1.617619e+00,-1.229979e+01,-1.010320e+00
2.329850e-02,-1.617970e+00,-1.226030e+01,-1.010582e+00
2.330850e-02,-1.618396e+00,-1.221412e+01,-1.010921e+00
2.331850e-02,-1.618896e+00,-1.216142e+01,-1.011336e+00
2.332850e-02,-1.619467e+00,-1.210236e+01,-1.011824e+00
2.333850e-02,-1.620107e+00,-1.203713e+01,-1.012384e+00
2.334850e-02,-1.620814e+00,-1.196597e+01,-1.013013e+00
2.335850e-02,-1.621584e+00,-1.188911e+01,-1.013709e+00
2.336850e-02,-1.622415e+00,-1.180681e+01,-1.014470e+00
2.337850e-02,-1.623304e+00,-1.171936e+01,-1.015292e+00
2.338850e-02,-1.624247e+00,-1.162707e+01,-1.016172e+00
2.339850e-02,-1.625240e+00,-1.153028e+01,-1.017107e+00
2.340850e-02,-1.626280e+00,-1.142932e+01,-1.018092e+00
2.341850e-02,-1.627362e+00,-1.132459e+01,-1.019124e+00
2.342850e-02,-1.628482e+00,-1.121646e+01,-1.020200e+00
2.343850e-02,-1.629637e+00,-1.110534e+01,-1.021314e+00
2.344850e-02,-1.630820e+00,-1.099167e+01,-1.022462e+00
2.345850e-02,-1.632028e+00,-1.087588e+01,-1.023640e+00
2.346850e-02,-1.633256e+00,-1.075842e+01,-1.024843e+00
2.347850e-02,-1.634499e+00,-1.063976e+01,-1.026067e+00
2.348850e-02,-1.635752e+00,-1.052037e+01,-1.027306e+00
2.349850e-02,-1.637010e+00,-1.040073e+01,-1.028556e+00
2.350850e-02,-1.638269e+00,-1.028133e+01,-1.029811e+00
2.351850e-02,-1.639522e+00,-1.016266e+01,-1.031067e+00
2.352850e-02,-1.640767e+00,-1.004521e+01,-1.032319e+00
2.353850e-02,-1.641996e+00,-9.929464e+00,-1.033562e+00
2.354850e-02,-1.643207e+00,-9.815907e+00,-1.034791e+00
2.355850e-02,-1.644393e+00,-9.705018e+00,-1.036000e+00
2.356850e-02,-1.645551e+00,-9.597266e+00,-1.037187e+00
2.357850e-02,-1.646675e+00,-9.493106e+00,-1.038344e+00
2.358850e-02,-1.647762e+00,-9.392983e+00,-1.039469e+00
2.359850e-02,-1.648806e+00,-9.297324e+00,-1.040557e+00
2.360850e-02,-1.649805e+00,-9.206542e+00,-1.041602e+00
2.361850e-02,-1.650754e+00,-9.121025e+00,-1.042602e+00
2.362850e-02,-1.651649e+00,-9.041143e+00,-1.043553e+00
2.363850e-02,-1.652486e+00,-8.967240e+00,-1.044449e+00
2.364850e-02,-1.653264e+00,-8.899637e+00,-1.045289e+00
2.365850e-02,-1.653978e+00,-8.838627e+00,-1.046069e+00
2.366850e-02,-1.654625e+00,-8.784473e+00,-1.046785e+00
2.367850e-02,-1.655204e+00,-8.737412e+00,-1.047434e+00
2.368850e-02,-1.655712e+00,-8.697646e+00,-1.048015e+00
2.369850e-02,-1.656147e+00,-8.665350e+00,-1.048525e+00
2.370850e-02,-1.656507e+00,-8.640663e+00,-1.048962e+00
2.371850e-02,-1.656791e+00,-8.623692e+00,-1.049324e+00
2.372850e-02,-1.656998e+00,-8.614510e+00,-1.049609e+00
2.373850e-02,-1.657127e+00,-8.613156e+00,-1.049818e+00
2.374850e-02,-1.657178e+00,-8.619637e+00,-1.049948e+00
2.375850e-02,-1.657150e+00,-8.633922e+00,-1.049999e+00
2.376850e-02,-1.657044e+00,-8.655950e+00,-1.049972e+00
2.377850e-02,-1.656860e+00,-8.685624e+00,-1.049865e+00
2.378850e-02,-1.656599e+00,-8.722814e+00,-1.049680e+00
2.379850e-02,-1.656261e+00,-8.767358e+00,-1.049418e+00
2.380850e-02,-1.655849e+00,-8.819063e+00,-1.049079e+00
2.381850e-02,-1.655364e+00,-8.877705e+00,-1.048664e+00
2.382850e-02,-1.654807e+00,-8.943030e+00,-1.048176e+00
2.383850e-02,-1.654182e+00,-9.014756e+00,-1.047616e+00
2.384850e-02,-1.653490e+00,-9.092573e+00,-1.046987e+00
2.385850e-02,-1.652735e+00,-9.176149e+00,-1.046291e+00
2.386850e-02,-1.651919e+00,-9.265125e+00,-1.045530e+00
2.387850e-02,-1.651046e+00,-9.359122e+00,-1.044708e+00
2.388850e-02,-1.650118e+00,-9.457739e+00,-1.043828e+00
2.389850e-02,-1.649141e+00,-9.560559e+00,-1.042893e+00
2.390850e-02,-1.648117e+00,-9.667149e+00,-1.041908e+00
2.391850e-02,-1.647050e+00,-9.777059e+00,-1.040876e+00
2.392850e-02,-1.645946e+00,-9.889833e+00,-1.039800e+00
2.393850e-02,-1.644808e+00,-1.000500e+01,-1.038686e+00
2.394850e-02,-1.643641e+00,-1.012208e+01,-1.037538e+00
2.395850e-02,-1.642449e+00,-1.024060e+01,-1.036360e+00
2.396850e-02,-1.641237e+00,-1.036008e+01,-1.035157e+00
2.397850e-02,-1.640011e+00,-1.048003e+01,-1.033933e+00
2.398850e-02,-1.638774e+00,-1.059996e+01,-1.032694e+00
2.399850e-02,-1.637531e+00,-1.071941e+01,-1.031444e+00
2.400850e-02,-1.636289e+00,-1.083790e+01,-1.030189e+00
2.401850e-02,-1.635051e+00,-1.095496e+01,-1.028933e+00
2.402850e-02,-1.633822e+00,-1.107015e+01,-1.027681e+00
2.403850e-02,-1.632608e+00,-1.118302e+01,-1.026438e+00
2.404850e-02,-1.631413e+00,-1.129315e+01,-1.025209e+00
2.405850e-02,-1.630242e+00,-1.140013e+01,-1.024000e+00
2.406850e-02,-1.629099e+00,-1.150355e+01,-1.022813e+00
2.407850e-02,-1.627989e+00,-1.160304e+01,-1.021656e+00
2.408850e-02,-1.626917e+00,-1.169824e+01,-1.020531e+00
2.409850e-02,-1.625886e+00,-1.178882e+01,-1.019443e+00
2.410850e-02,-1.624901e+00,-1.187445e+01,-1.018398e+00
2.411850e-02,-1.623966e+00,-1.195484e+01,-1.017398e+00
2.412850e-02,-1.623085e+00,-1.202971e+01,-1.016447e+00
2.413850e-02,-1.622260e+00,-1.209880e+01,-1.015551e+00
2.414850e-02,-1.621495e+00,-1.216189e+01,-1.014711e+00
2.415850e-02,-1.620794e+00,-1.221877e+01,-1.013931e+00
2.416850e-02,-1.620159e+00,-1.226925e+01,-1.013215e+00
2.417850e-02,-1.619592e+00,-1.231317e+01,-1.012566e+00
2.418850e-02,-1.619097e+00,-1.235038e+01,-1.011985e+00
2.419850e-02,-1.618674e+00,-1.238077e+01,-1.011475e+00
2.420850e-02,-1.618326e+00,-1.240424e+01,-1.011038e+00
2.421850e-02,-1.618053e+00,-1.242072e+01,-1.010676e+00
2.422850e-02,-1.617858e+00,-1.243014e+01,-1.010391e+00
2.423850e-02,-1.617741e+00,-1.243249e+01,-1.010182e+00
2.424850e-02,-1.617702e+00,-1.242775e+01,-1.010052e+00
2.425850e-02,-1.617742e+00,-1.241594e+01,-1.010001e+00
2.426850e-02,-1.617860e+00,-1.239709e+01,-1.010028e+00
2.427850e-02,-1.618056e+00,-1.237126e+01,-1.010135e+00
2.428850e-02,-1.618329e+00,-1.233854e+01,-1.010320e+00
2.429850e-02,-1.618679e+00,-1.229902e+01,-1.010582e+00
2.430850e-02,-1.619103e+00,-1.225282e+01,-1.010921e+00
2.431850e-02,-1.619601e+00,-1.220011e+01,-1.011336e+00
2.432850e-02,-1.620170e+00,-1.214105e+01,-1.011824e+00
2.433850e-02,-1.620808e+00,-1.207584e+01,-1.012384e+00
2.434850e-02,-1.621513e+00,-1.200469e+01,-1.013013e+00
2.435850e-02,-1.622282e+00,-1.192784e+01,-1.013709e+00
2.436850e-02,-1.623111e+00,-1.184557e+01,-1.014470e+00
2.437850e-02,-1.623998e+00,-1.175815e+01,-1.015292e+00
2.438850e-02,-1.624939e+00,-1.166589e+01,-1.016172e+00
2.439850e-02,-1.625931e+00,-1.156913e+01,-1.017107e+00
2.440850e-02,-1.626969e+00,-1.146821e+01,-1.018092e+00
2.441850e-02,-1.628049e+00,-1.136351e+01,-1.019124e+00
2.442850e-02,-1.629168e+00,-1.125541e+01,-1.020200e+00
2.443850e-02,-1.630320e+00,-1.114433e+01,-1.021314e+00
2.444850e-02,-1.631502e+00,-1.103069e+01,-1.022462e+00
2.445850e-02,-1.632708e+00,-1.091493e+01,-1.023640e+00
2.446850e-02,-1.633934e+00,-1.079749e+01,-1.024843e+00
2.447850e-02,-1.635175e+00,-1.067886e+01,-1.026067e+00
2.448850e-02,-1.636426e+00,-1.055949e+01,-1.027306e+00
2.449850e-02,-1.637683e+00,-1.043987e+01,-1.028556e+00
2.450850e-02,-1.638940e+00,-1.032049e+01,-1.029811e+00
2.451850e-02,-1.640192e+00,-1.020183e+01,-1.031067e+00
2.452850e-02,-1.641435e+00,-1.008438e+01,-1.032319e+00
2.453850e-02,-1.642663e+00,-9.968634e+00,-1.033562e+00
2.454850e-02,-1.643871e+00,-9.855073e+00,-1.034791e+00
2.455850e-02,-1.645056e+00,-9.744174e+00,-1.036000e+00
2.456850e-02,-1.646212e+00,-9.636404e+00,-1.037187e+00
2.457850e-02,-1.647335e+00,-9.532222e+00,-1.038344e+00
2.458850e-02,-1.648420e+00,-9.432071e+00,-1.039469e+00
2.459850e-02,-1.649463e+00,-9.336379e+00,-1.040557e+00
2.460850e-02,-1.650460e+00,-9.245557e+00,-1.041602e+00
2.461850e-02,-1.651407e+00,-9.159995e+00,-1.042602e+00
2.462850e-02,-1.652300e+00,-9.080061e+00,-1.043553e+00
2.463850e-02,-1.653136e+00,-9.006102e+00,-1.044449e+00
2.464850e-02,-1.653912e+00,-8.938436e+00,-1.045289e+00
2.465850e-02,-1.654625e+00,-8.877357e+00,-1.046069e+00
2.466850e-02,-1.655271e+00,-8.823130e+00,-1.046785e+00
2.467850e-02,-1.655848e+00,-8.775989e+00,-1.047434e+00
2.468850e-02,-1.656354e+00,-8.736139e+00,-1.048015e+00
2.469850e-02,-1.656787e+00,-8.703752e+00,-1.048525e+00
2.470850e-02,-1.657146e+00,-8.678969e+00,-1.048962e+00
2.471850e-02,-1.657429e+00,-8.661898e+00,-1.049324e+00
2.472850e-02,-1.657634e+00,-8.652610e+00,-1.049609e+00
2.473850e-02,-1.657762e+00,-8.651146e+00,-1.049818e+00
2.474850e-02,-1.657811e+00,-8.657512e+00,-1.049948e+00
2.475850e-02,-1.657781e+00,-8.671677e+00,-1.049999e+00
2.476850e-02,-1.657674e+00,-8.693580e+00,-1.049972e+00
2.477850e-02,-1.657488e+00,-8.723125e+00,-1.049865e+00
2.478850e-02,-1.657225e+00,-8.760181e+00,-1.049680e+00
2.479850e-02,-1.656886e+00,-8.804588e+00,-1.049418e+00
2.480850e-02,-1.656472e+00,-8.856151e+00,-1.049079e+00
2.481850e-02,-1.655986e+00,-8.914647e+00,-1.048664e+00
2.482850e-02,-1.655428e+00,-8.979822e+00,-1.048176e+00
2.483850e-02,-1.654801e+00,-9.051393e+00,-1.047616e+00
2.484850e-02,-1.654108e+00,-9.129054e+00,-1.046987e+00
2.485850e-02,-1.653351e+00,-9.212468e+00,-1.046291e+00
2.486850e-02,-1.652533e+00,-9.301280e+00,-1.045530e+00
2.487850e-02,-1.651658e+00,-9.395108e+00,-1.044708e+00
2.488850e-02,-1.650729e+00,-9.493554e+00,-1.043828e+00
2.489850e-02,-1.649750e+00,-9.596200e+00,-1.042893e+00
2.490850e-02,-1.648725e+00,-9.702612e+00,-1.041908e+00
2.491850e-02,-1.647657e+00,-9.812343e+00,-1.040876e+00
2.492850e-02,-1.646551e+00,-9.924934e+00,-1.039800e+00
2.493850e-02,-1.645412e+00,-1.003992e+01,-1.038686e+00
2.494850e-02,-1.644243e+00,-1.015682e+01,-1.037538e+00
2.495850e-02,-1.643049e+00,-1.027515e+01,-1.036360e+00
2.496850e-02,-1.641836e+00,-1.039443e+01,-1.035157e+00
2.497850e-02,-1.640608e+00,-1.051419e+01,-1.033933e+00
2.498850e-02,-1.639370e+00,-1.063394e+01,-1.032694e+00
2.499850e-02,-1.638126e+00,-1.075319e+01,-1.031444e+00
2.500850e-02,-1.636882e+00,-1.087149e+01,-1.030189e+00
2.501850e-02,-1.635642e+00,-1.098836e+01,-1.028933e+00
2.502850e-02,-1.634412e+00,-1.110336e+01,-1.027681e+00
2.503850e-02,-1.633196e+00,-1.121605e+01,-1.026438e+00
2.504850e-02,-1.632000e+00,-1.132599e+01,-1.025209e+00
2.505850e-02,-1.630827e+00,-1.143278e+01,-1.024000e+00
2.506850e-02,-1.629683e+00,-1.153602e+01,-1.022813e+00
2.507850e-02,-1.628571e+00,-1.163534e+01,-1.021656e+00
2.508850e-02,-1.627498e+00,-1.173037e+01,-1.020531e+00
2.509850e-02,-1.626465e+00,-1.182078e+01,-1.019443e+00
2.510850e-02,-1.625479e+00,-1.190624e+01,-1.018398e+00
2.511850e-02,-1.624543e+00,-1.198647e+01,-1.017398e+00
2.512850e-02,-1.623659e+00,-1.206119e+01,-1.016447e+00
2.513850e-02,-1.622833e+00,-1.213014e+01,-1.015551e+00
2.514850e-02,-1.622067e+00,-1.219309e+01,-1.014711e+00
2.515850e-02,-1.621364e+00,-1.224984e+01,-1.013931e+00
2.516850e-02,-1.620728e+00,-1.230020e+01,-1.013215e+00
2.517850e-02,-1.620160e+00,-1.234400e+01,-1.012566e+00
2.518850e-02,-1.619662e+00,-1.238110e+01,-1.011985e+00
2.519850e-02,-1.619238e+00,-1.241139e+01,-1.011475e+00
2.520850e-02,-1.618888e+00,-1.243477e+01,-1.011038e+00
2.521850e-02,-1.618615e+00,-1.245116e+01,-1.010676e+00
2.522850e-02,-1.618418e+00,-1.246051e+01,-1.010391e+00
2.523850e-02,-1.618299e+00,-1.246280e+01,-1.010182e+00
2.524850e-02,-1.618259e+00,-1.245800e+01,-1.010052e+00
2.525850e-02,-1.618297e+00,-1.244614e+01,-1.010001e+00
2.526850e-02,-1.618413e+00,-1.242725e+01,-1.010028e+00
2.527850e-02,-1.618608e+00,-1.240139e+01,-1.010135e+00
2.528850e-02,-1.618880e+00,-1.236864e+01,-1.010320e+00
2.529850e-02,-1.619228e+00,-1.232910e+01,-1.010582e+00
2.530850e-02,-1.619651e+00,-1.228290e+01,-1.010921e+00
2.531850e-02,-1.620148e+00,-1.223018e+01,-1.011336e+00
2.532850e-02,-1.620715e+00,-1.217112e+01,-1.011824e+00
2.533850e-02,-1.621352e+00,-1.210592e+01,-1.012384e+00
2.534850e-02,-1.622055e+00,-1.203478e+01,-1.013013e+00
2.535850e-02,-1.622822e+00,-1.195795e+01,-1.013709e+00
2.536850e-02,-1.623650e+00,-1.187569e+01,-1.014470e+00
2.537850e-02,-1.624536e+00,-1.178829e+01,-1.015292e+00
2.538850e-02,-1.625476e+00,-1.169605e+01,-1.016172e+00
2.539850e-02,-1.626466e+00,-1.159932e+01,-1.017107e+00
2.540850e-02,-1.627502e+00,-1.149842e+01,-1.018092e+00
2.541850e-02,-1.628581e+00,-1.139375e+01,-1.019124e+00
2.542850e-02,-1.629699e+00,-1.128568e+01,-1.020200e+00
2.543850e-02,-1.630850e+00,-1.117463e+01,-1.021314e+00
2.544850e-02,-1.632030e+00,-1.106101e+01,-1.022462e+00
2.545850e-02,-1.633235e+00,-1.094527e+01,-1.023640e+00
2.546850e-02,-1.634460e+00,-1.082787e+01,-1.024843e+00
2.547850e-02,-1.635699e+00,-1.070925e+01,-1.026067e+00
2.548850e-02,-1.636949e+00,-1.058990e+01,-1.027306e+00
2.549850e-02,-1.638205e+00,-1.047030e+01,-1.028556e+00
2.550850e-02,-1.639460e+00,-1.035092e+01,-1.029811e+00
2.551850e-02,-1.640711e+00,-1.023227e+01,-1.031067e+00
2.552850e-02,-1.641952e+00,-1.011483e+01,-1.032319e+00
2.553850e-02,-1.643179e+00,-9.999081e+00,-1.033562e+00
2.554850e-02,-1.644386e+00,-9.885516e+00,-1.034791e+00
2.555850e-02,-1.645570e+00,-9.774608e+00,-1.036000e+00
2.556850e-02,-1.646725e+00,-9.666826e+00,-1.037187e+00
2.557850e-02,-1.647846e+00,-9.562627e+00,-1.038344e+00
2.558850e-02,-1.648930e+00,-9.462455e+00,-1.039469e+00
2.559850e-02,-1.649971e+00,-9.366737e+00,-1.040557e+00
2.560850e-02,-1.650967e+00,-9.275884e+00,-1.041602e+00
2.561850e-02,-1.651913e+00,-9.190286e+00,-1.042602e+00
2.562850e-02,-1.652805e+00,-9.110313e+00,-1.043553e+00
2.563850e-02,-1.653640e+00,-9.036309e+00,-1.044449e+00
2.564850e-02,-1.654415e+00,-8.968595e+00,-1.045289e+00
2.565850e-02,-1.655126e+00,-8.907463e+00,-1.046069e+00
2.566850e-02,-1.655771e+00,-8.853178e+00,-1.046785e+00
2.567850e-02,-1.656347e+00,-8.805975e+00,-1.047434e+00
2.568850e-02,-1.656852e+00,-8.766059e+00,-1.048015e+00
2.569850e-02,-1.657284e+00,-8.733603e+00,-1.048525e+00
2.570850e-02,-1.657641e+00,-8.708746e+00,-1.048962e+00
2.571850e-02,-1.657923e+00,-8.691596e+00,-1.049324e+00
2.572850e-02,-1.658127e+00,-8.682226e+00,-1.049609e+00
2.573850e-02,-1.658253e+00,-8.680676e+00,-1.049818e+00
2.574850e-02,-1.658301e+00,-8.686952e+00,-1.049948e+00
2.575850e-02,-1.658271e+00,-8.701024e+00,-1.049999e+00
2.576850e-02,-1.658162e+00,-8.722830e+00,-1.049972e+00
2.577850e-02,-1.657975e+00,-8.752274e+00,-1.049865e+00
2.578850e-02,-1.657711e+00,-8.789226e+00,-1.049680e+00
2.579850e-02,-1.657371e+00,-8.833525e+00,-1.049418e+00
2.580850e-02,-1.656956e+00,-8.884978e+00,-1.049079e+00
2.581850e-02,-1.656468e+00,-8.943360e+00,-1.048664e+00
2.582850e-02,-1.655909e+00,-9.008417e+00,-1.048176e+00
2.583850e-02,-1.655281e+00,-9.079869e+00,-1.047616e+00
2.584850e-02,-1.654586e+00,-9.157406e+00,-1.046987e+00
2.585850e-02,-1.653828e+00,-9.240695e+00,-1.046291e+00
2.586850e-02,-1.653009e+00,-9.329378e+00,-1.045530e+00
2.587850e-02,-1.652133e+00,-9.423076e+00,-1.044708e+00
2.588850e-02,-1.651203e+00,-9.521388e+00,-1.043828e+00
2.589850e-02,-1.650223e+00,-9.623898e+00,-1.042893e+00
2.590850e-02,-1.649196e+00,-9.730172e+00,-1.041908e+00
2.591850e-02,-1.648127e+00,-9.839763e+00,-1.040876e+00
2.592850e-02,-1.647020e+00,-9.952212e+00,-1.039800e+00
2.593850e-02,-1.645879e+00,-1.006705e+01,-1.038686e+00
2.594850e-02,-1.644709e+00,-1.018380e+01,-1.037538e+00
2.595850e-02,-1.643515e+00,-1.030199e+01,-1.036360e+00
2.596850e-02,-1.642301e+00,-1.042113e+01,-1.035157e+00
2.597850e-02,-1.641071e+00,-1.054074e+01,-1.033933e+00
2.598850e-02,-1.639832e+00,-1.066033e+01,-1.032694e+00
2.599850e-02,-1.638587e+00,-1.077944e+01,-1.031444e+00
2.600850e-02,-1.637341e+00,-1.089759e+01,-1.030189e+00
2.601850e-02,-1.636101e+00,-1.101432e+01,-1.028933e+00
2.602850e-02,-1.634869e+00,-1.112917e+01,-1.027681e+00
2.603850e-02,-1.633652e+00,-1.124171e+01,-1.026438e+00
2.604850e-02,-1.632455e+00,-1.135150e+01,-1.025209e+00
2.605850e-02,-1.631281e+00,-1.145815e+01,-1.024000e+00
2.606850e-02,-1.630135e+00,-1.156125e+01,-1.022813e+00
2.607850e-02,-1.629023e+00,-1.166043e+01,-1.021656e+00
2.608850e-02,-1.627948e+00,-1.175532e+01,-1.020531e+00
2.609850e-02,-1.626914e+00,-1.184560e+01,-1.019443e+00
2.610850e-02,-1.625927e+00,-1.193094e+01,-1.018398e+00
2.611850e-02,-1.624989e+00,-1.201105e+01,-1.017398e+00
2.612850e-02,-1.624105e+00,-1.208565e+01,-1.016447e+00
2.613850e-02,-1.623277e+00,-1.215448e+01,-1.015551e+00
2.614850e-02,-1.622510e+00,-1.221733e+01,-1.014711e+00
2.615850e-02,-1.621806e+00,-1.227397e+01,-1.013931e+00
2.616850e-02,-1.621168e+00,-1.232423e+01,-1.013215e+00
2.617850e-02,-1.620599e+00,-1.236794e+01,-1.012566e+00
2.618850e-02,-1.620101e+00,-1.240496e+01,-1.011985e+00
2.619850e-02,-1.619675e+00,-1.243518e+01,-1.011475e+00
2.620850e-02,-1.619324e+00,-1.245848e+01,-1.011038e+00
2.621850e-02,-1.619049e+00,-1.247481e+01,-1.010676e+00
2.622850e-02,-1.618852e+00,-1.248410e+01,-1.010391e+00
2.623850e-02,-1.618732e+00,-1.248633e+01,-1.010182e+00
2.624850e-02,-1.618690e+00,-1.248149e+01,-1.010052e+00
2.625850e-02,-1.618727e+00,-1.246960e+01,-1.010001e+00
2.626850e-02,-1.618843e+00,-1.245068e+01,-1.010028e+00
2.627850e-02,-1.619036e+00,-1.242479e+01,-1.010135e+00
2.628850e-02,-1.619307e+00,-1.239202e+01,-1.010320e+00
2.629850e-02,-1.619654e+00,-1.235247e+01,-1.010582e+00
2.630850e-02,-1.620076e+00,-1.230626e+01,-1.010921e+00
2.631850e-02,-1.620571e+00,-1.225354e+01,-1.011336e+00
2.632850e-02,-1.621138e+00,-1.219448e+01,-1.011824e+00
2.633850e-02,-1.621773e+00,-1.212928e+01,-1.012384e+00
2.634850e-02,-1.622476e+00,-1.205815e+01,-1.013013e+00
2.635850e-02,-1.623242e+00,-1.198133e+01,-1.013709e+00
2.636850e-02,-1.624068e+00,-1.189908e+01,-1.014470e+00
2.637850e-02,-1.624953e+00,-1.181170e+01,-1.015292e+00
2.638850e-02,-1.625892e+00,-1.171949e+01,-1.016172e+00
2.639850e-02,-1.626881e+00,-1.162277e+01,-1.017107e+00
2.640850e-02,-1.627916e+00,-1.152190e+01,-1.018092e+00
2.641850e-02,-1.628994e+00,-1.141724e+01,-1.019124e+00
2.642850e-02,-1.630110e+00,-1.130920e+01,-1.020200e+00
2.643850e-02,-1.631260e+00,-1.119816e+01,-1.021314e+00
2.644850e-02,-1.632440e+00,-1.108457e+01,-1.022462e+00
2.645850e-02,-1.633643e+00,-1.096885e+01,-1.023640e+00
2.646850e-02,-1.634867e+00,-1.085146e+01,-1.024843e+00
2.647850e-02,-1.636106e+00,-1.073286e+01,-1.026067e+00
2.648850e-02,-1.637355e+00,-1.061352e+01,-1.027306e+00
2.649850e-02,-1.638609e+00,-1.049393e+01,-1.028556e+00
2.650850e-02,-1.639864e+00,-1.037457e+01,-1.029811e+00
2.651850e-02,-1.641113e+00,-1.025592e+01,-1.031067e+00
2.652850e-02,-1.642354e+00,-1.013848e+01,-1.032319e+00
2.653850e-02,-1.643579e+00,-1.002274e+01,-1.033562e+00
2.654850e-02,-1.644786e+00,-9.909167e+00,-1.034791e+00
2.655850e-02,-1.645968e+00,-9.798253e+00,-1.036000e+00
2.656850e-02,-1.647122e+00,-9.690461e+00,-1.037187e+00
2.657850e-02,-1.648242e+00,-9.586249e+00,-1.038344e+00
2.658850e-02,-1.649325e+00,-9.486060e+00,-1.039469e+00
2.659850e-02,-1.650366e+00,-9.390322e+00,-1.040557e+00
2.660850e-02,-1.651361e+00,-9.299445e+00,-1.041602e+00
2.661850e-02,-1.652306e+00,-9.213820e+00,-1.042602e+00
2.662850e-02,-1.653197e+00,-9.133816e+00,-1.043553e+00
2.663850e-02,-1.654031e+00,-9.059778e+00,-1.044449e+00
2.664850e-02,-1.654804e+00,-8.992026e+00,-1.045289e+00
2.665850e-02,-1.655515e+00,-8.930853e+00,-1.046069e+00
2.666850e-02,-1.656158e+00,-8.876523e+00,-1.046785e+00
2.667850e-02,-1.656734e+00,-8.829272e+00,-1.047434e+00
2.668850e-02,-1.657238e+00,-8.789305e+00,-1.048015e+00
2.669850e-02,-1.657669e+00,-8.756794e+00,-1.048525e+00
2.670850e-02,-1.658025e+00,-8.731879e+00,-1.048962e+00
2.671850e-02,-1.658306e+00,-8.714668e+00,-1.049324e+00
2.672850e-02,-1.658509e+00,-8.705234e+00,-1.049609e+00
2.673850e-02,-1.658634e+00,-8.703618e+00,-1.049818e+00
2.674850e-02,-1.658681e+00,-8.709823e+00,-1.049948e+00
2.675850e-02,-1.658650e+00,-8.723823e+00,-1.049999e+00
2.676850e-02,-1.658540e+00,-8.745553e+00,-1.049972e+00
2.677850e-02,-1.658352e+00,-8.774919e+00,-1.049865e+00
2.678850e-02,-1.658087e+00,-8.811790e+00,-1.049680e+00
2.679850e-02,-1.657746e+00,-8.856005e+00,-1.049418e+00
2.680850e-02,-1.657330e+00,-8.907372e+00,-1.049079e+00
2.681850e-02,-1.656841e+00,-8.965665e+00,-1.048664e+00
2.682850e-02,-1.656281e+00,-9.030632e+00,-1.048176e+00
2.683850e-02,-1.655652e+00,-9.101990e+00,-1.047616e+00
2.684850e-02,-1.654957e+00,-9.179432e+00,-1.046987e+00
2.685850e-02,-1.654198e+00,-9.262622e+00,-1.046291e+00
2.686850e-02,-1.653378e+00,-9.351205e+00,-1.045530e+00
2.687850e-02,-1.652501e+00,-9.444800e+00,-1.044708e+00
2.688850e-02,-1.651570e+00,-9.543009e+00,-1.043828e+00
2.689850e-02,-1.650589e+00,-9.645413e+00,-1.042893e+00
2.690850e-02,-1.649562e+00,-9.751579e+00,-1.041908e+00
2.691850e-02,-1.648492e+00,-9.861061e+00,-1.040876e+00
2.692850e-02,-1.647384e+00,-9.973399e+00,-1.039800e+00
2.693850e-02,-1.646242e+00,-1.008813e+01,-1.038686e+00
2.694850e-02,-1.645071e+00,-1.020477e+01,-1.037538e+00
2.695850e-02,-1.643876e+00,-1.032284e+01,-1.036360e+00
2.696850e-02,-1.642661e+00,-1.044186e+01,-1.035157e+00
2.697850e-02,-1.641430e+00,-1.056135e+01,-1.033933e+00
2.698850e-02,-1.640190e+00,-1.068083e+01,-1.032694e+00
2.699850e-02,-1.638944e+00,-1.079983e+01,-1.031444e+00
2.700850e-02,-1.637698e+00,-1.091786e+01,-1.030189e+00
2.701850e-02,-1.636456e+00,-1.103447e+01,-1.028933e+00
2.702850e-02,-1.635224e+00,-1.114921e+01,-1.027681e+00
2.703850e-02,-1.634006e+00,-1.126163e+01,-1.026438e+00
2.704850e-02,-1.632807e+00,-1.137132e+01,-1.025209e+00
2.705850e-02,-1.631632e+00,-1.147785e+01,-1.024000e+00
2.706850e-02,-1.630486e+00,-1.158084e+01,-1.022813e+00
2.707850e-02,-1.629373e+00,-1.167991e+01,-1.021656e+00
2.708850e-02,-1.628297e+00,-1.177470e+01,-1.020531e+00
2.709850e-02,-1.627262e+00,-1.186488e+01,-1.019443e+00
2.710850e-02,-1.626274e+00,-1.195012e+01,-1.018398e+00
2.711850e-02,-1.625335e+00,-1.203013e+01,-1.017398e+00
2.712850e-02,-1.624450e+00,-1.210463e+01,-1.016447e+00
2.713850e-02,-1.623622e+00,-1.217338e+01,-1.015551e+00
2.714850e-02,-1.622854e+00,-1.223614e+01,-1.014711e+00
2.715850e-02,-1.622149e+00,-1.229271e+01,-1.013931e+00
2.716850e-02,-1.621510e+00,-1.234289e+01,-1.013215e+00
2.717850e-02,-1.620940e+00,-1.238653e+01,-1.012566e+00
2.718850e-02,-1.620441e+00,-1.242349e+01,-1.011985e+00
2.719850e-02,-1.620014e+00,-1.245364e+01,-1.011475e+00
2.720850e-02,-1.619663e+00,-1.247689e+01,-1.011038e+00
2.721850e-02,-1.619387e+00,-1.249317e+01,-1.010676e+00
2.722850e-02,-1.619188e+00,-1.250242e+01,-1.010391e+00
2.723850e-02,-1.619067e+00,-1.250461e+01,-1.010182e+00
2.724850e-02,-1.619025e+00,-1.249974e+01,-1.010052e+00
2.725850e-02,-1.619061e+00,-1.248781e+01,-1.010001e+00
2.726850e-02,-1.619175e+00,-1.246886e+01,-1.010028e+00
2.727850e-02,-1.619368e+00,-1.244296e+01,-1.010135e+00
2.728850e-02,-1.619638e+00,-1.241017e+01,-1.010320e+00
2.729850e-02,-1.619984e+00,-1.237061e+01,-1.010582e+00
2.730850e-02,-1.620405e+00,-1.232439e+01,-1.010921e+00
2.731850e-02,-1.620900e+00,-1.227167e+01,-1.011336e+00
2.732850e-02,-1.621465e+00,-1.221261e+01,-1.011824e+00
2.733850e-02,-1.622100e+00,-1.214741e+01,-1.012384e+00
2.734850e-02,-1.622801e+00,-1.207629e+01,-1.013013e+00
2.735850e-02,-1.623567e+00,-1.199948e+01,-1.013709e+00
2.736850e-02,-1.624393e+00,-1.191725e+01,-1.014470e+00
2.737850e-02,-1.625276e+00,-1.182988e+01,-1.015292e+00
2.738850e-02,-1.626214e+00,-1.173768e+01,-1.016172e+00
2.739850e-02,-1.627202e+00,-1.164098e+01,-1.017107e+00
2.740850e-02,-1.628237e+00,-1.154012e+01,-1.018092e+00
2.741850e-02,-1.629314e+00,-1.143548e+01,-1.019124e+00
2.742850e-02,-1.630429e+00,-1.132746e+01,-1.020200e+00
2.743850e-02,-1.631579e+00,-1.121644e+01,-1.021314e+00
2.744850e-02,-1.632757e+00,-1.110286e+01,-1.022462e+00
2.745850e-02,-1.633960e+00,-1.098716e+01,-1.023640e+00
2.746850e-02,-1.635183e+00,-1.086978e+01,-1.024843e+00
2.747850e-02,-1.636421e+00,-1.075119e+01,-1.026067e+00
2.748850e-02,-1.637669e+00,-1.063187e+01,-1.027306e+00
2.749850e-02,-1.638923e+00,-1.051228e+01,-1.028556e+00
2.750850e-02,-1.640176e+00,-1.039293e+01,-1.029811e+00
2.751850e-02,-1.641425e+00,-1.027429e+01,-1.031067e+00
2.752850e-02,-1.642665e+00,-1.015685e+01,-1.032319e+00
2.753850e-02,-1.643890e+00,-1.004110e+01,-1.033562e+00
2.754850e-02,-1.645095e+00,-9.927533e+00,-1.034791e+00
2.755850e-02,-1.646277e+00,-9.816614e+00,-1.036000e+00
2.756850e-02,-1.647430e+00,-9.708815e+00,-1.037187e+00
2.757850e-02,-1.648550e+00,-9.604593e+00,-1.038344e+00
2.758850e-02,-1.649632e+00,-9.504391e+00,-1.039469e+00
2.759850e-02,-1.650672e+00,-9.408637e+00,-1.040557e+00
2.760850e-02,-1.651666e+00,-9.317742e+00,-1.041602e+00
2.761850e-02,-1.652610e+00,-9.232096e+00,-1.042602e+00
2.762850e-02,-1.653500e+00,-9.152069e+00,-1.043553e+00
2.763850e-02,-1.654333e+00,-9.078004e+00,-1.044449e+00
2.764850e-02,-1.655106e+00,-9.010222e+00,-1.045289e+00
2.765850e-02,-1.655816e+00,-8.949017e+00,-1.046069e+00
2.766850e-02,-1.656459e+00,-8.894652e+00,-1.046785e+00
2.767850e-02,-1.657033e+00,-8.847364e+00,-1.047434e+00
2.768850e-02,-1.657537e+00,-8.807357e+00,-1.048015e+00
2.769850e-02,-1.657967e+00,-8.774803e+00,-1.048525e+00
2.770850e-02,-1.658323e+00,-8.749844e+00,-1.048962e+00
2.771850e-02,-1.658603e+00,-8.732586e+00,-1.049324e+00
2.772850e-02,-1.658805e+00,-8.723102e+00,-1.049609e+00
2.773850e-02,-1.658930e+00,-8.721433e+00,-1.049818e+00
2.774850e-02,-1.658976e+00,-8.727585e+00,-1.049948e+00
2.775850e-02,-1.658944e+00,-8.741527e+00,-1.049999e+00
2.776850e-02,-1.658833e+00,-8.763199e+00,-1.049972e+00
2.777850e-02,-1.658645e+00,-8.792504e+00,-1.049865e+00
2.778850e-02,-1.658379e+00,-8.829312e+00,-1.049680e+00
2.779850e-02,-1.658037e+00,-8.873462e+00,-1.049418e+00
2.780850e-02,-1.657621e+00,-8.924762e+00,-1.049079e+00
2.781850e-02,-1.657131e+00,-8.982986e+00,-1.048664e+00
2.782850e-02,-1.656570e+00,-9.047882e+00,-1.048176e+00
2.783850e-02,-1.655941e+00,-9.119167e+00,-1.047616e+00
2.784850e-02,-1.655245e+00,-9.196534e+00,-1.046987e+00
2.785850e-02,-1.654485e+00,-9.279649e+00,-1.046291e+00
2.786850e-02,-1.653665e+00,-9.368154e+00,-1.045530e+00
2.787850e-02,-1.652787e+00,-9.461670e+00,-1.044708e+00
2.788850e-02,-1.651855e+00,-9.559797e+00,-1.043828e+00
2.789850e-02,-1.650873e+00,-9.662118e+00,-1.042893e+00
2.790850e-02,-1.649845e+00,-9.768201e+00,-1.041908e+00
2.791850e-02,-1.648774e+00,-9.877598e+00,-1.040876e+00
2.792850e-02,-1.647666e+00,-9.989850e+00,-1.039800e+00
2.793850e-02,-1.646523e+00,-1.010449e+01,-1.038686e+00
2.794850e-02,-1.645352e+00,-1.022104e+01,-1.037538e+00
2.795850e-02,-1.644156e+00,-1.033902e+01,-1.036360e+00
2.796850e-02,-1.642940e+00,-1.045796e+01,-1.035157e+00
2.797850e-02,-1.641708e+00,-1.057736e+01,-1.033933e+00
2.798850e-02,-1.640467e+00,-1.069675e+01,-1.032694e+00
2.799850e-02,-1.639221e+00,-1.081565e+01,-1.031444e+00
2.800850e-02,-1.637974e+00,-1.093359e+01,-1.030189e+00
2.801850e-02,-1.636731e+00,-1.105012e+01,-1.028933e+00
2.802850e-02,-1.635499e+00,-1.116476e+01,-1.027681e+00
2.803850e-02,-1.634280e+00,-1.127710e+01,-1.026438e+00
2.804850e-02,-1.633080e+00,-1.138670e+01,-1.025209e+00
2.805850e-02,-1.631905e+00,-1.149315e+01,-1.024000e+00
2.806850e-02,-1.630758e+00,-1.159605e+01,-1.022813e+00
2.807850e-02,-1.629644e+00,-1.169504e+01,-1.021656e+00
2.808850e-02,-1.628567e+00,-1.178975e+01,-1.020531e+00
2.809850e-02,-1.627532e+00,-1.187984e+01,-1.019443e+00
2.810850e-02,-1.626543e+00,-1.196500e+01,-1.018398e+00
2.811850e-02,-1.625604e+00,-1.204494e+01,-1.017398e+00
2.812850e-02,-1.624718e+00,-1.211937e+01,-1.016447e+00
2.813850e-02,-1.623889e+00,-1.218805e+01,-1.015551e+00
2.814850e-02,-1.623120e+00,-1.225075e+01,-1.014711e+00
2.815850e-02,-1.622414e+00,-1.230725e+01,-1.013931e+00
2.816850e-02,-1.621775e+00,-1.235738e+01,-1.013215e+00
2.817850e-02,-1.621204e+00,-1.240096e+01,-1.012566e+00
2.818850e-02,-1.620704e+00,-1.243787e+01,-1.011985e+00
2.819850e-02,-1.620277e+00,-1.246797e+01,-1.011475e+00
2.820850e-02,-1.619925e+00,-1.249118e+01,-1.011038e+00
2.821850e-02,-1.619648e+00,-1.250742e+01,-1.010676e+00
2.822850e-02,-1.619449e+00,-1.251663e+01,-1.010391e+00
2.823850e-02,-1.619327e+00,-1.251879e+01,-1.010182e+00
2.824850e-02,-1.619284e+00,-1.251389e+01,-1.010052e+00
2.825850e-02,-1.619319e+00,-1.250194e+01,-1.010001e+00
2.826850e-02,-1.619433e+00,-1.248298e+01,-1.010028e+00
2.827850e-02,-1.619625e+00,-1.245706e+01,-1.010135e+00
2.828850e-02,-1.619895e+00,-1.242426e+01,-1.010320e+00
2.829850e-02,-1.620240e+00,-1.238469e+01,-1.010582e+00
2.830850e-02,-1.620661e+00,-1.233847e+01,-1.010921e+00
2.831850e-02,-1.621154e+00,-1.228574e+01,-1.011336e+00
2.832850e-02,-1.621719e+00,-1.222669e+01,-1.011824e+00
2.833850e-02,-1.622353e+00,-1.216149e+01,-1.012384e+00
2.834850e-02,-1.623054e+00,-1.209037e+01,-1.013013e+00
2.835850e-02,-1.623819e+00,-1.201357e+01,-1.013709e+00
2.836850e-02,-1.624644e+00,-1.193135e+01,-1.014470e+00
2.837850e-02,-1.625527e+00,-1.184399e+01,-1.015292e+00
2.838850e-02,-1.626464e+00,-1.175180e+01,-1.016172e+00
2.839850e-02,-1.627452e+00,-1.165511e+01,-1.017107e+00
2.840850e-02,-1.628486e+00,-1.155427e+01,-1.018092e+00
2.841850e-02,-1.629562e+00,-1.144965e+01,-1.019124e+00
2.842850e-02,-1.630677e+00,-1.134163e+01,-1.020200e+00
2.843850e-02,-1.631825e+00,-1.123063e+01,-1.021314e+00
2.844850e-02,-1.633003e+00,-1.111706e+01,-1.022462e+00
2.845850e-02,-1.634206e+00,-1.100137e+01,-1.023640e+00
2.846850e-02,-1.635428e+00,-1.088400e+01,-1.024843e+00
2.847850e-02,-1.636665e+00,-1.076542e+01,-1.026067e+00
2.848850e-02,-1.637913e+00,-1.064611e+01,-1.027306e+00
2.849850e-02,-1.639166e+00,-1.052653e+01,-1.028556e+00
2.850850e-02,-1.640419e+00,-1.040718e+01,-1.029811e+00
2.851850e-02,-1.641667e+00,-1.028854e+01,-1.031067e+00
2.852850e-02,-1.642906e+00,-1.017111e+01,-1.032319e+00
2.853850e-02,-1.644130e+00,-1.005536e+01,-1.033562e+00
2.854850e-02,-1.645335e+00,-9.941791e+00,-1.034791e+00
2.855850e-02,-1.646516e+00,-9.830868e+00,-1.036000e+00
2.856850e-02,-1.647669e+00,-9.723064e+00,-1.037187e+00
2.857850e-02,-1.648788e+00,-9.618833e+00,-1.038344e+00
2.858850e-02,-1.649869e+00,-9.518622e+00,-1.039469e+00
2.859850e-02,-1.650909e+00,-9.422856e+00,-1.040557e+00
2.860850e-02,-1.651902e+00,-9.331947e+00,-1.041602e+00
2.861850e-02,-1.652846e+00,-9.246284e+00,-1.042602e+00
2.862850e-02,-1.653735e+00,-9.166238e+00,-1.043553e+00
2.863850e-02,-1.654568e+00,-9.092153e+00,-1.044449e+00
2.864850e-02,-1.655340e+00,-9.024348e+00,-1.045289e+00
2.865850e-02,-1.656049e+00,-8.963118e+00,-1.046069e+00
2.866850e-02,-1.656692e+00,-8.908727e+00,-1.046785e+00
2.867850e-02,-1.657266e+00,-8.861410e+00,-1.047434e+00
2.868850e-02,-1.657769e+00,-8.821371e+00,-1.048015e+00
2.869850e-02,-1.658198e+00,-8.788785e+00,-1.048525e+00
2.870850e-02,-1.658554e+00,-8.763790e+00,-1.048962e+00
2.871850e-02,-1.658833e+00,-8.746495e+00,-1.049324e+00
2.872850e-02,-1.659035e+00,-8.736973e+00,-1.049609e+00
2.873850e-02,-1.659159e+00,-8.735264e+00,-1.049818e+00
2.874850e-02,-1.659205e+00,-8.741373e+00,-1.049948e+00
2.875850e-02,-1.659172e+00,-8.755272e+00,-1.049999e+00
2.876850e-02,-1.659061e+00,-8.776898e+00,-1.049972e+00
2.877850e-02,-1.658872e+00,-8.806155e+00,-1.049865e+00
2.878850e-02,-1.658605e+00,-8.842914e+00,-1.049680e+00
2.879850e-02,-1.658263e+00,-8.887014e+00,-1.049418e+00
2.880850e-02,-1.657846e+00,-8.938261e+00,-1.049079e+00
2.881850e-02,-1.657356e+00,-8.996432e+00,-1.048664e+00
2.882850e-02,-1.656794e+00,-9.061272e+00,-1.048176e+00
2.883850e-02,-1.656164e+00,-9.132501e+00,-1.047616e+00
2.884850e-02,-1.655468e+00,-9.209810e+00,-1.046987e+00
2.885850e-02,-1.654707e+00,-9.292866e+00,-1.046291e+00
2.886850e-02,-1.653886e+00,-9.381310e+00,-1.045530e+00
2.887850e-02,-1.653008e+00,-9.474764e+00,-1.044708e+00
2.888850e-02,-1.652076e+00,-9.572828e+00,-1.043828e+00
2.889850e-02,-1.651093e+00,-9.675086e+00,-1.042893e+00
2.890850e-02,-1.650065e+00,-9.781103e+00,-1.041908e+00
2.891850e-02,-1.648993e+00,-9.890434e+00,-1.040876e+00
2.892850e-02,-1.647884e+00,-1.000262e+01,-1.039800e+00
2.893850e-02,-1.646741e+00,-1.011719e+01,-1.038686e+00
2.894850e-02,-1.645569e+00,-1.023367e+01,-1.037538e+00
2.895850e-02,-1.644372e+00,-1.035159e+01,-1.036360e+00
2.896850e-02,-1.643156e+00,-1.047045e+01,-1.035157e+00
2.897850e-02,-1.641924e+00,-1.058979e+01,-1.033933e+00
2.898850e-02,-1.640682e+00,-1.070911e+01,-1.032694e+00
2.899850e-02,-1.639435e+00,-1.082794e+01,-1.031444e+00
2.900850e-02,-1.638188e+00,-1.094581e+01,-1.030189e+00
2.901850e-02,-1.636945e+00,-1.106226e+01,-1.028933e+00
2.902850e-02,-1.635712e+00,-1.117684e+01,-1.027681e+00
2.903850e-02,-1.634492e+00,-1.128911e+01,-1.026438e+00
2.904850e-02,-1.633292e+00,-1.139863e+01,-1.025209e+00
2.905850e-02,-1.632116e+00,-1.150502e+01,-1.024000e+00
2.906850e-02,-1.630969e+00,-1.160785e+01,-1.022813e+00
2.907850e-02,-1.629854e+00,-1.170678e+01,-1.021656e+00
2.908850e-02,-1.628777e+00,-1.180142e+01,-1.020531e+00
2.909850e-02,-1.627741e+00,-1.189145e+01,-1.019443e+00
2.910850e-02,-1.626752e+00,-1.197656e+01,-1.018398e+00
2.911850e-02,-1.625812e+00,-1.205644e+01,-1.017398e+00
2.912850e-02,-1.624925e+00,-1.213081e+01,-1.016447e+00
2.913850e-02,-1.624096e+00,-1.219944e+01,-1.015551e+00
2.914850e-02,-1.623326e+00,-1.226208e+01,-1.014711e+00
2.915850e-02,-1.622620e+00,-1.231854e+01,-1.013931e+00
2.916850e-02,-1.621980e+00,-1.236862e+01,-1.013215e+00
2.917850e-02,-1.621409e+00,-1.241216e+01,-1.012566e+00
2.918850e-02,-1.620908e+00,-1.244903e+01,-1.011985e+00
2.919850e-02,-1.620481e+00,-1.247910e+01,-1.011475e+00
2.920850e-02,-1.620128e+00,-1.250227e+01,-1.011038e+00
2.921850e-02,-1.619851e+00,-1.251848e+01,-1.010676e+00
2.922850e-02,-1.619651e+00,-1.252767e+01,-1.010391e+00
2.923850e-02,-1.619529e+00,-1.252980e+01,-1.010182e+00
2.924850e-02,-1.619485e+00,-1.252488e+01,-1.010052e+00
2.925850e-02,-1.619520e+00,-1.251291e+01,-1.010001e+00
2.926850e-02,-1.619633e+00,-1.249393e+01,-1.010028e+00
2.927850e-02,-1.619825e+00,-1.246800e+01,-1.010135e+00
2.928850e-02,-1.620094e+00,-1.243520e+01,-1.010320e+00
2.929850e-02,-1.620439e+00,-1.239562e+01,-1.010582e+00
2.930850e-02,-1.620858e+00,-1.234939e+01,-1.010921e+00
2.931850e-02,-1.621352e+00,-1.229667e+01,-1.011336e+00
2.932850e-02,-1.621916e+00,-1.223761e+01,-1.011824e+00
2.933850e-02,-1.622550e+00,-1.217242e+01,-1.012384e+00
2.934850e-02,-1.623250e+00,-1.210130e+01,-1.013013e+00
2.935850e-02,-1.624014e+00,-1.202451e+01,-1.013709e+00
2.936850e-02,-1.624839e+00,-1.194229e+01,-1.014470e+00
2.937850e-02,-1.625721e+00,-1.185494e+01,-1.015292e+00
2.938850e-02,-1.626658e+00,-1.176276e+01,-1.016172e+00
2.939850e-02,-1.627645e+00,-1.166608e+01,-1.017107e+00
2.940850e-02,-1.628678e+00,-1.156525e+01,-1.018092e+00
2.941850e-02,-1.629754e+00,-1.146063e+01,-1.019124e+00
2.942850e-02,-1.630869e+00,-1.135263e+01,-1.020200e+00
2.943850e-02,-1.632017e+00,-1.124163e+01,-1.021314e+00
2.944850e-02,-1.633194e+00,-1.112808e+01,-1.022462e+00
2.945850e-02,-1.634396e+00,-1.101239e+01,-1.023640e+00
2.946850e-02,-1.635618e+00,-1.089504e+01,-1.024843e+00
2.947850e-02,-1.636855e+00,-1.077647e+01,-1.026067e+00
2.948850e-02,-1.638102e+00,-1.065716e+01,-1.027306e+00
2.949850e-02,-1.639354e+00,-1.053759e+01,-1.028556e+00
2.950850e-02,-1.640607e+00,-1.041824e+01,-1.029811e+00
2.951850e-02,-1.641854e+00,-1.029961e+01,-1.031067e+00
2.952850e-02,-1.643093e+00,-1.018217e+01,-1.032319e+00
2.953850e-02,-1.644317e+00,-1.006643e+01,-1.033562e+00
2.954850e-02,-1.645521e+00,-9.952856e+00,-1.034791e+00
2.955850e-02,-1.646702e+00,-9.841931e+00,-1.036000e+00
2.956850e-02,-1.647854e+00,-9.734122e+00,-1.037187e+00
2.957850e-02,-1.648972e+00,-9.629886e+00,-1.038344e+00
2.958850e-02,-1.650053e+00,-9.529666e+00,-1.039469e+00
2.959850e-02,-1.651092e+00,-9.433891e+00,-1.040557e+00
2.960850e-02,-1.652085e+00,-9.342971e+00,-1.041602e+00
2.961850e-02,-1.653028e+00,-9.257296e+00,-1.042602e+00
2.962850e-02,-1.653918e+00,-9.177235e+00,-1.043553e+00
2.963850e-02,-1.654750e+00,-9.103134e+00,-1.044449e+00
2.964850e-02,-1.655522e+00,-9.035312e+00,-1.045289e+00
2.965850e-02,-1.656230e+00,-8.974062e+00,-1.046069e+00
2.966850e-02,-1.656873e+00,-8.919650e+00,-1.046785e+00
2.967850e-02,-1.657446e+00,-8.872310e+00,-1.047434e+00
2.968850e-02,-1.657948e+00,-8.832248e+00,-1.048015e+00
2.969850e-02,-1.658378e+00,-8.799636e+00,-1.048525e+00
2.970850e-02,-1.658732e+00,-8.774614e+00,-1.048962e+00
2.971850e-02,-1.659011e+00,-8.757291e+00,-1.049324e+00
2.972850e-02,-1.659213e+00,-8.747738e+00,-1.049609e+00
2.973850e-02,-1.659336e+00,-8.745998e+00,-1.049818e+00
2.974850e-02,-1.659382e+00,-8.752074e+00,-1.049948e+00
2.975850e-02,-1.659349e+00,-8.765939e+00,-1.049999e+00
2.976850e-02,-1.659237e+00,-8.787529e+00,-1.049972e+00
2.977850e-02,-1.659047e+00,-8.816750e+00,-1.049865e+00
2.978850e-02,-1.658781e+00,-8.853471e+00,-1.049680e+00
2.979850e-02,-1.658438e+00,-8.897531e+00,-1.049418e+00
2.980850e-02,-1.658020e+00,-8.948738e+00,-1.049079e+00
2.981850e-02,-1.657530e+00,-9.006867e+00,-1.048664e+00
2.982850e-02,-1.656968e+00,-9.071664e+00,-1.048176e+00
2.983850e-02,-1.656338e+00,-9.142850e+00,-1.047616e+00
2.984850e-02,-1.655640e+00,-9.220114e+00,-1.046987e+00
2.985850e-02,-1.654880e+00,-9.303123e+00,-1.046291e+00
2.986850e-02,-1.654058e+00,-9.391520e+00,-1.045530e+00
2.987850e-02,-1.653180e+00,-9.484926e+00,-1.044708e+00
2.988850e-02,-1.652247e+00,-9.582942e+00,-1.043828e+00
2.989850e-02,-1.651264e+00,-9.685149e+00,-1.042893e+00
2.990850e-02,-1.650235e+00,-9.791116e+00,-1.041908e+00
2.991850e-02,-1.649163e+00,-9.900395e+00,-1.040876e+00
2.992850e-02,-1.648054e+00,-1.001253e+01,-1.039800e+00
2.993850e-02,-1.646910e+00,-1.012705e+01,-1.038686e+00
2.994850e-02,-1.645738e+00,-1.024348e+01,-1.037538e+00
2.995850e-02,-1.644541e+00,-1.036134e+01,-1.036360e+00
2.996850e-02,-1.643324e+00,-1.048015e+01,-1.035157e+00
2.997850e-02,-1.642092e+00,-1.059943e+01,-1.033933e+00
2.998850e-02,-1.640849e+00,-1.071869e+01,-1.032694e+00
2.999850e-02,-1.639602e+00,-1.083747e+01,-1.031444e+00
3.000850e-02,-1.638354e+00,-1.095529e+01,-1.030189e+00
