Time,main.alt,main.downrange,main.vy,main.vx,main.fuel,main.mass,main.thrust,main.flow,main.tilt
1.000000e-02,9.996397e+02,2.400000e-01,-1.803240e+01,1.200000e+01,2.400000e+02,1.000000e+03,0.000000e+00,0.000000e+00,0.000000e+00
2.000000e-02,9.994592e+02,3.600000e-01,-1.804860e+01,1.200000e+01,2.400000e+02,1.000000e+03,0.000000e+00,0.000000e+00,0.000000e+00
3.000000e-02,9.992786e+02,4.800000e-01,-1.806480e+01,1.200000e+01,2.400000e+02,1.000000e+03,0.000000e+00,0.000000e+00,0.000000e+00
4.000000e-02,9.990978e+02,6.000000e-01,-1.808100e+01,1.200000e+01,2.400000e+02,1.000000e+03,0.000000e+00,0.000000e+00,0.000000e+00
5.000000e-02,9.989169e+02,7.200000e-01,-1.809720e+01,1.200000e+01,2.400000e+02,1.000000e+03,0.000000e+00,0.000000e+00,0.000000e+00
6.000000e-02,9.987358e+02,8.400000e-01,-1.811340e+01,1.200000e+01,2.400000e+02,1.000000e+03,0.000000e+00,0.000000e+00,0.000000e+00
7.000000e-02,9.985545e+02,9.600000e-01,-1.812960e+01,1.200000e+01,2.400000e+02,1.000000e+03,0.000000e+00,0.000000e+00,0.000000e+00
8.000000e-02,9.983731e+02,1.080000e+00,-1.814580e+01,1.200000e+01,2.400000e+02,1.000000e+03,0.000000e+00,0.000000e+00,0.000000e+00
9.000000e-02,9.981915e+02,1.200000e+00,-1.816200e+01,1.200000e+01,2.400000e+02,1.000000e+03,0.000000e+00,0.000000e+00,0.000000e+00
1.000000e-01,9.980097e+02,1.320000e+00,-1.817820e+01,1.200000e+01,2.400000e+02,1.000000e+03,0.000000e+00,0.000000e+00,0.000000e+00
1.100000e-01,9.978279e+02,1.440000e+00,-1.819440e+01,1.200000e+01,2.400000e+02,1.000000e+03,0.000000e+00,0.000000e+00,0.000000e+00
1.200000e-01,9.976458e+02,1.560000e+00,-1.821060e+01,1.200000e+01,2.400000e+02,1.000000e+03,0.000000e+00,0.000000e+00,0.000000e+00
1.300000e-01,9.974635e+02,1.680000e+00,-1.822680e+01,1.200000e+01,2.400000e+02,1.000000e+03,0.000000e+00,0.000000e+00,0.000000e+00
1.400000e-01,9.972811e+02,1.800000e+00,-1.824300e+01,1.200000e+01,2.400000e+02,1.000000e+03,0.000000e+00,0.000000e+00,0.000000e+00
1.500000e-01,9.970986e+02,1.920000e+00,-1.825920e+01,1.200000e+01,2.400000e+02,1.000000e+03,0.000000e+00,0.000000e+00,0.000000e+00
1.600000e-01,9.969158e+02,2.040000e+00,-1.827540e+01,1.200000e+01,2.400000e+02,1.000000e+03,0.000000e+00,0.000000e+00,0.000000e+00
1.700000e-01,9.967330e+02,2.160000e+00,-1.829160e+01,1.200000e+01,2.400000e+02,1.000000e+03,0.000000e+00,0.000000e+00,0.000000e+00
1.800000e-01,9.965499e+02,2.280000e+00,-1.830780e+01,1.200000e+01,2.400000e+02,1.000000e+03,0.000000e+00,0.000000e+00,0.000000e+00
1.900000e-01,9.963667e+02,2.400000e+00,-1.832400e+01,1.200000e+01,2.400000e+02,1.000000e+03,0.000000e+00,0.000000e+00,0.000000e+00
2.000000e-01,9.961833e+02,2.520000e+00,-1.834020e+01,1.200000e+01,2.400000e+02,1.000000e+03,0.000000e+00,0.000000e+00,0.000000e+00
2.100000e-01,9.959998e+02,2.640000e+00,-1.835640e+01,1.200000e+01,2.400000e+02,1.000000e+03,0.000000e+00,0.000000e+00,0.000000e+00
2.200000e-01,9.958161e+02,2.760000e+00,-1.837260e+01,1.200000e+01,2.400000e+02,1.000000e+03,0.000000e+00,0.000000e+00,0.000000e+00
2.300000e-01,9.956322e+02,2.880000e+00,-1.838880e+01,1.200000e+01,2.400000e+02,1.000000e+03,0.000000e+00,0.000000e+00,0.000000e+00
2.400000e-01,9.954482e+02,3.000000e+00,-1.840500e+01,1.200000e+01,2.400000e+02,1.000000e+03,0.000000e+00,0.000000e+00,0.000000e+00
2.500000e-01,9.952640e+02,3.120000e+00,-1.842120e+01,1.200000e+01,2.400000e+02,1.000000e+03,0.000000e+00,0.000000e+00,0.000000e+00
2.600000e-01,9.950796e+02,3.240000e+00,-1.843740e+01,1.200000e+01,2.400000e+02,1.000000e+03,0.000000e+00,0.000000e+00,0.000000e+00
2.700000e-01,9.948952e+02,3.360000e+00,-1.845360e+01,1.200000e+01,2.400000e+02,1.000000e+03,0.000000e+00,0.000000e+00,0.000000e+00
2.800000e-01,9.947105e+02,3.480000e+00,-1.846980e+01,1.200000e+01,2.400000e+02,1.000000e+03,0.000000e+00,0.000000e+00,0.000000e+00
2.900000e-01,9.945257e+02,3.600000e+00,-1.848600e+01,1.200000e+01,2.400000e+02,1.000000e+03,0.000000e+00,0.000000e+00,0.000000e+00
3.000000e-01,9.943406e+02,3.720000e+00,-1.850220e+01,1.200000e+01,2.400000e+02,1.000000e+03,0.000000e+00,0.000000e+00,0.000000e+00
3.100000e-01,9.941555e+02,3.840000e+00,-1.851840e+01,1.200000e+01,2.400000e+02,1.000000e+03,0.000000e+00,0.000000e+00,0.000000e+00
3.200000e-01,9.939702e+02,3.960000e+00,-1.853460e+01,1.200000e+01,2.400000e+02,1.000000e+03,0.000000e+00,0.000000e+00,0.000000e+00
3.300000e-01,9.937847e+02,4.080000e+00,-1.855080e+01,1.200000e+01,2.400000e+02,1.000000e+03,0.000000e+00,0.000000e+00,0.000000e+00
3.400000e-01,9.935990e+02,4.200000e+00,-1.856700e+01,1.200000e+01,2.400000e+02,1.000000e+03,0.000000e+00,0.000000e+00,0.000000e+00
3.500000e-01,9.934133e+02,4.320000e+00,-1.858320e+01,1.200000e+01,2.400000e+02,1.000000e+03,0.000000e+00,0.000000e+00,0.000000e+00
3.600000e-01,9.932273e+02,4.440000e+00,-1.859940e+01,1.200000e+01,2.400000e+02,1.000000e+03,0.000000e+00,0.000000e+00,0.000000e+00
3.700000e-01,9.930412e+02,4.560000e+00,-1.861560e+01,1.200000e+01,2.400000e+02,1.000000e+03,0.000000e+00,0.000000e+00,0.000000e+00
3.800000e-01,9.928548e+02,4.680000e+00,-1.863180e+01,1.200000e+01,2.400000e+02,1.000000e+03,0.000000e+00,0.000000e+00,0.000000e+00
3.900000e-01,9.926684e+02,4.800000e+00,-1.864800e+01,1.200000e+01,2.400000e+02,1.000000e+03,0.000000e+00,0.000000e+00,0.000000e+00
4.000000e-01,9.924818e+02,4.920000e+00,-1.866420e+01,1.200000e+01,2.400000e+02,1.000000e+03,0.000000e+00,0.000000e+00,0.000000e+00
4.100000e-01,9.922950e+02,5.040000e+00,-1.868040e+01,1.200000e+01,2.400000e+02,1.000000e+03,0.000000e+00,0.000000e+00,0.000000e+00
4.200000e-01,9.921081e+02,5.160000e+00,-1.869660e+01,1.200000e+01,2.400000e+02,1.000000e+03,0.000000e+00,0.000000e+00,0.000000e+00
4.300000e-01,9.919210e+02,5.280000e+00,-1.871280e+01,1.200000e+01,2.400000e+02,1.000000e+03,0.000000e+00,0.000000e+00,0.000000e+00
4.400000e-01,9.917337e+02,5.400000e+00,-1.872900e+01,1.200000e+01,2.400000e+02,1.000000e+03,0.000000e+00,0.000000e+00,0.000000e+00
4.500000e-01,9.915463e+02,5.520000e+00,-1.874520e+01,1.200000e+01,2.400000e+02,1.000000e+03,0.000000e+00,0.000000e+00,0.000000e+00
4.600000e-01,9.913587e+02,5.640000e+00,-1.876140e+01,1.200000e+01,2.400000e+02,1.000000e+03,0.000000e+00,0.000000e+00,0.000000e+00
4.700000e-01,9.911710e+02,5.760000e+00,-1.877760e+01,1.200000e+01,2.400000e+02,1.000000e+03,0.000000e+00,0.000000e+00,0.000000e+00
4.800000e-01,9.909830e+02,5.880000e+00,-1.879380e+01,1.200000e+01,2.400000e+02,1.000000e+03,0.000000e+00,0.000000e+00,0.000000e+00
4.900000e-01,9.907950e+02,6.000000e+00,-1.881000e+01,1.200000e+01,2.400000e+02,1.000000e+03,0.000000e+00,0.000000e+00,0.000000e+00
5.000000e-01,9.906067e+02,6.120000e+00,-1.882620e+01,1.200000e+01,2.400000e+02,1.000000e+03,0.000000e+00,0.000000e+00,0.000000e+00
5.100000e-01,9.904183e+02,6.240000e+00,-1.884240e+01,1.200000e+01,2.400000e+02,1.000000e+03,0.000000e+00,0.000000e+00,0.000000e+00
5.200000e-01,9.902298e+02,6.360000e+00,-1.885860e+01,1.200000e+01,2.400000e+02,1.000000e+03,0.000000e+00,0.000000e+00,0.000000e+00
5.300000e-01,9.900411e+02,6.480000e+00,-1.887480e+01,1.200000e+01,2.400000e+02,1.000000e+03,0.000000e+00,0.000000e+00,0.000000e+00
5.400000e-01,9.898522e+02,6.600000e+00,-1.889100e+01,1.200000e+01,2.400000e+02,1.000000e+03,0.000000e+00,0.000000e+00,0.000000e+00
5.500000e-01,9.896631e+02,6.720000e+00,-1.890720e+01,1.200000e+01,2.400000e+02,1.000000e+03,0.000000e+00,0.000000e+00,0.000000e+00
5.600000e-01,9.894739e+02,6.840000e+00,-1.892340e+01,1.200000e+01,2.400000e+02,1.000000e+03,0.000000e+00,0.000000e+00,0.000000e+00
5.700000e-01,9.892846e+02,6.960000e+00,-1.893960e+01,1.200000e+01,2.400000e+02,1.000000e+03,0.000000e+00,0.000000e+00,0.000000e+00
5.800000e-01,9.890950e+02,7.080000e+00,-1.895580e+01,1.200000e+01,2.400000e+02,1.000000e+03,0.000000e+00,0.000000e+00,0.000000e+00
5.900000e-01,9.889053e+02,7.200000e+00,-1.897200e+01,1.200000e+01,2.400000e+02,1.000000e+03,0.000000e+00,0.000000e+00,0.000000e+00
6.000000e-01,9.887155e+02,7.320000e+00,-1.898820e+01,1.200000e+01,2.400000e+02,1.000000e+03,0.000000e+00,0.000000e+00,0.000000e+00
6.100000e-01,9.885255e+02,7.440000e+00,-1.900440e+01,1.200000e+01,2.400000e+02,1.000000e+03,0.000000e+00,0.000000e+00,0.000000e+00
6.200000e-01,9.883353e+02,7.560000e+00,-1.902060e+01,1.200000e+01,2.400000e+02,1.000000e+03,0.000000e+00,0.000000e+00,0.000000e+00
6.300000e-01,9.881449e+02,7.680000e+00,-1.903680e+01,1.200000e+01,2.400000e+02,1.000000e+03,0.000000e+00,0.000000e+00,0.000000e+00
6.400000e-01,9.879544e+02,7.800000e+00,-1.905300e+01,1.200000e+01,2.400000e+02,1.000000e+03,0.000000e+00,0.000000e+00,0.000000e+00
6.500000e-01,9.877638e+02,7.920000e+00,-1.906920e+01,1.200000e+01,2.400000e+02,1.000000e+03,0.000000e+00,0.000000e+00,0.000000e+00
6.600000e-01,9.875729e+02,8.040000e+00,-1.908540e+01,1.200000e+01,2.400000e+02,1.000000e+03,0.000000e+00,0.000000e+00,0.000000e+00
6.700000e-01,9.873820e+02,8.160000e+00,-1.910160e+01,1.200000e+01,2.400000e+02,1.000000e+03,0.000000e+00,0.000000e+00,0.000000e+00
6.800000e-01,9.871908e+02,8.280000e+00,-1.911780e+01,1.200000e+01,2.400000e+02,1.000000e+03,0.000000e+00,0.000000e+00,0.000000e+00
6.900000e-01,9.869995e+02,8.400000e+00,-1.913400e+01,1.200000e+01,2.400000e+02,1.000000e+03,0.000000e+00,0.000000e+00,0.000000e+00
7.000000e-01,9.868080e+02,8.520000e+00,-1.915020e+01,1.200000e+01,2.400000e+02,1.000000e+03,0.000000e+00,0.000000e+00,0.000000e+00
7.100000e-01,9.866164e+02,8.640000e+00,-1.916640e+01,1.200000e+01,2.400000e+02,1.000000e+03,0.000000e+00,0.000000e+00,0.000000e+00
7.200000e-01,9.864246e+02,8.760000e+00,-1.918260e+01,1.200000e+01,2.400000e+02,1.000000e+03,0.000000e+00,0.000000e+00,0.000000e+00
7.300000e-01,9.862326e+02,8.880000e+00,-1.919880e+01,1.200000e+01,2.400000e+02,1.000000e+03,0.000000e+00,0.000000e+00,0.000000e+00
7.400000e-01,9.860405e+02,9.000000e+00,-1.921500e+01,1.200000e+01,2.400000e+02,1.000000e+03,0.000000e+00,0.000000e+00,0.000000e+00
7.500000e-01,9.858482e+02,9.120000e+00,-1.923120e+01,1.200000e+01,2.400000e+02,1.000000e+03,0.000000e+00,0.000000e+00,0.000000e+00
7.600000e-01,9.856557e+02,9.240000e+00,-1.924740e+01,1.200000e+01,2.400000e+02,1.000000e+03,0.000000e+00,0.000000e+00,0.000000e+00
7.700000e-01,9.854632e+02,9.360000e+00,-1.926360e+01,1.200000e+01,2.400000e+02,1.000000e+03,0.000000e+00,0.000000e+00,0.000000e+00
7.800000e-01,9.852704e+02,9.480000e+00,-1.927980e+01,1.200000e+01,2.400000e+02,1.000000e+03,0.000000e+00,0.000000e+00,0.000000e+00
7.900000e-01,9.850775e+02,9.600000e+00,-1.929600e+01,1.200000e+01,2.400000e+02,1.000000e+03,0.000000e+00,0.000000e+00,0.000000e+00
8.000000e-01,9.848843e+02,9.720000e+00,-1.931220e+01,1.200000e+01,2.400000e+02,1.000000e+03,0.000000e+00,0.000000e+00,0.000000e+00
8.100000e-01,9.846911e+02,9.840000e+00,-1.932840e+01,1.200000e+01,2.400000e+02,1.000000e+03,0.000000e+00,0.000000e+00,0.000000e+00
8.200000e-01,9.844977e+02,9.960000e+00,-1.934460e+01,1.200000e+01,2.400000e+02,1.000000e+03,0.000000e+00,0.000000e+00,0.000000e+00
8.300000e-01,9.843041e+02,1.008000e+01,-1.936080e+01,1.200000e+01,2.400000e+02,1.000000e+03,0.000000e+00,0.000000e+00,0.000000e+00
8.400000e-01,9.841103e+02,1.020000e+01,-1.937700e+01,1.200000e+01,2.400000e+02,1.000000e+03,0.000000e+00,0.000000e+00,0.000000e+00
8.500000e-01,9.839165e+02,1.032000e+01,-1.939320e+01,1.200000e+01,2.400000e+02,1.000000e+03,0.000000e+00,0.000000e+00,0.000000e+00
8.600000e-01,9.837224e+02,1.044000e+01,-1.940940e+01,1.200000e+01,2.400000e+02,1.000000e+03,0.000000e+00,0.000000e+00,0.000000e+00
8.700000e-01,9.835282e+02,1.056000e+01,-1.942560e+01,1.200000e+01,2.400000e+02,1.000000e+03,0.000000e+00,0.000000e+00,0.000000e+00
8.800000e-01,9.833337e+02,1.068000e+01,-1.944180e+01,1.200000e+01,2.400000e+02,1.000000e+03,0.000000e+00,0.000000e+00,0.000000e+00
8.900000e-01,9.831392e+02,1.080000e+01,-1.945800e+01,1.200000e+01,2.400000e+02,1.000000e+03,0.000000e+00,0.000000e+00,0.000000e+00
9.000000e-01,9.829445e+02,1.092000e+01,-1.947420e+01,1.200000e+01,2.400000e+02,1.000000e+03,0.000000e+00,0.000000e+00,0.000000e+00
9.100000e-01,9.827496e+02,1.104000e+01,-1.949040e+01,1.200000e+01,2.400000e+02,1.000000e+03,0.000000e+00,0.000000e+00,0.000000e+00
9.200000e-01,9.825546e+02,1.116000e+01,-1.950660e+01,1.200000e+01,2.400000e+02,1.000000e+03,0.000000e+00,0.000000e+00,0.000000e+00
9.300000e-01,9.823594e+02,1.128000e+01,-1.952280e+01,1.200000e+01,2.400000e+02,1.000000e+03,0.000000e+00,0.000000e+00,0.000000e+00
9.400000e-01,9.821640e+02,1.140000e+01,-1.953900e+01,1.200000e+01,2.400000e+02,1.000000e+03,0.000000e+00,0.000000e+00,0.000000e+00
9.500000e-01,9.819685e+02,1.152000e+01,-1.955520e+01,1.200000e+01,2.400000e+02,1.000000e+03,0.000000e+00,0.000000e+00,0.000000e+00
9.600000e-01,9.817728e+02,1.164000e+01,-1.957140e+01,1.200000e+01,2.400000e+02,1.000000e+03,0.000000e+00,0.000000e+00,0.000000e+00
9.700000e-01,9.815770e+02,1.176000e+01,-1.958760e+01,1.200000e+01,2.400000e+02,1.000000e+03,0.000000e+00,0.000000e+00,0.000000e+00
9.800000e-01,9.813809e+02,1.188000e+01,-1.960380e+01,1.200000e+01,2.400000e+02,1.000000e+03,0.000000e+00,0.000000e+00,0.000000e+00
9.900000e-01,9.811848e+02,1.200000e+01,-1.962000e+01,1.200000e+01,2.400000e+02,1.000000e+03,0.000000e+00,0.000000e+00,0.000000e+00
1.000000e+00,9.809884e+02,1.212000e+01,-1.963620e+01,1.200000e+01,2.400000e+02,1.000000e+03,0.000000e+00,0.000000e+00,0.000000e+00
1.010000e+00,9.807919e+02,1.224000e+01,-1.965240e+01,1.200000e+01,2.400000e+02,1.000000e+03,0.000000e+00,0.000000e+00,0.000000e+00
1.020000e+00,9.805953e+02,1.236000e+01,-1.966860e+01,1.200000e+01,2.400000e+02,1.000000e+03,0.000000e+00,0.000000e+00,0.000000e+00
1.030000e+00,9.803985e+02,1.248000e+01,-1.968480e+01,1.200000e+01,2.400000e+02,1.000000e+03,0.000000e+00,0.000000e+00,0.000000e+00
1.040000e+00,9.802015e+02,1.260000e+01,-1.970100e+01,1.200000e+01,2.400000e+02,1.000000e+03,0.000000e+00,0.000000e+00,0.000000e+00
1.050000e+00,9.800043e+02,1.272000e+01,-1.971720e+01,1.200000e+01,2.400000e+02,1.000000e+03,0.000000e+00,0.000000e+00,0.000000e+00
1.060000e+00,9.798070e+02,1.284000e+01,-1.973340e+01,1.200000e+01,2.400000e+02,1.000000e+03,0.000000e+00,0.000000e+00,0.000000e+00
1.070000e+00,9.796096e+02,1.296000e+01,-1.974960e+01,1.200000e+01,2.400000e+02,1.000000e+03,0.000000e+00,0.000000e+00,0.000000e+00
1.080000e+00,9.794119e+02,1.308000e+01,-1.976580e+01,1.200000e+01,2.400000e+02,1.000000e+03,0.000000e+00,0.000000e+00,0.000000e+00
1.090000e+00,9.792141e+02,1.320000e+01,-1.978200e+01,1.200000e+01,2.400000e+02,1.000000e+03,0.000000e+00,0.000000e+00,0.000000e+00
1.100000e+00,9.790162e+02,1.332000e+01,-1.979820e+01,1.200000e+01,2.400000e+02,1.000000e+03,0.000000e+00,0.000000e+00,0.000000e+00
1.110000e+00,9.788181e+02,1.344000e+01,-1.981440e+01,1.200000e+01,2.400000e+02,1.000000e+03,0.000000e+00,0.000000e+00,0.000000e+00
1.120000e+00,9.786198e+02,1.356000e+01,-1.983060e+01,1.200000e+01,2.400000e+02,1.000000e+03,0.000000e+00,0.000000e+00,0.000000e+00
1.130000e+00,9.784213e+02,1.368000e+01,-1.984680e+01,1.200000e+01,2.400000e+02,1.000000e+03,0.000000e+00,0.000000e+00,0.000000e+00
1.140000e+00,9.782227e+02,1.380000e+01,-1.986300e+01,1.200000e+01,2.400000e+02,1.000000e+03,0.000000e+00,0.000000e+00,0.000000e+00
1.150000e+00,9.780240e+02,1.392000e+01,-1.987920e+01,1.200000e+01,2.400000e+02,1.000000e+03,0.000000e+00,0.000000e+00,0.000000e+00
1.160000e+00,9.778250e+02,1.404000e+01,-1.989540e+01,1.200000e+01,2.400000e+02,1.000000e+03,0.000000e+00,0.000000e+00,0.000000e+00
1.170000e+00,9.776260e+02,1.416000e+01,-1.991160e+01,1.200000e+01,2.400000e+02,1.000000e+03,0.000000e+00,0.000000e+00,0.000000e+00
1.180000e+00,9.774267e+02,1.428000e+01,-1.992780e+01,1.200000e+01,2.400000e+02,1.000000e+03,0.000000e+00,0.000000e+00,0.000000e+00
1.190000e+00,9.772273e+02,1.440000e+01,-1.994400e+01,1.200000e+01,2.400000e+02,1.000000e+03,0.000000e+00,0.000000e+00,0.000000e+00
1.200000e+00,9.770277e+02,1.452000e+01,-1.996020e+01,1.200000e+01,2.400000e+02,1.000000e+03,0.000000e+00,0.000000e+00,0.000000e+00
1.210000e+00,9.768280e+02,1.464000e+01,-1.997640e+01,1.200000e+01,2.400000e+02,1.000000e+03,0.000000e+00,0.000000e+00,0.000000e+00
1.220000e+00,9.766281e+02,1.476000e+01,-1.999260e+01,1.200000e+01,2.400000e+02,1.000000e+03,0.000000e+00,0.000000e+00,0.000000e+00
1.230000e+00,9.764280e+02,1.488000e+01,-2.000880e+01,1.200000e+01,2.400000e+02,1.000000e+03,0.000000e+00,0.000000e+00,0.000000e+00
1.240000e+00,9.762278e+02,1.500000e+01,-2.002500e+01,1.200000e+01,2.400000e+02,1.000000e+03,0.000000e+00,0.000000e+00,0.000000e+00
1.250000e+00,9.760274e+02,1.512000e+01,-2.004120e+01,1.200000e+01,2.400000e+02,1.000000e+03,0.000000e+00,0.000000e+00,0.000000e+00
1.260000e+00,9.758268e+02,1.524000e+01,-2.005740e+01,1.200000e+01,2.400000e+02,1.000000e+03,0.000000e+00,0.000000e+00,0.000000e+00
1.270000e+00,9.756262e+02,1.536000e+01,-2.007360e+01,1.200000e+01,2.400000e+02,1.000000e+03,0.000000e+00,0.000000e+00,0.000000e+00
1.280000e+00,9.754253e+02,1.548000e+01,-2.008980e+01,1.200000e+01,2.400000e+02,1.000000e+03,0.000000e+00,0.000000e+00,0.000000e+00
1.290000e+00,9.752243e+02,1.560000e+01,-2.010600e+01,1.200000e+01,2.400000e+02,1.000000e+03,0.000000e+00,0.000000e+00,0.000000e+00
1.300000e+00,9.750230e+02,1.572000e+01,-2.012220e+01,1.200000e+01,2.400000e+02,1.000000e+03,0.000000e+00,0.000000e+00,0.000000e+00
1.310000e+00,9.748217e+02,1.584000e+01,-2.013840e+01,1.200000e+01,2.400000e+02,1.000000e+03,0.000000e+00,0.000000e+00,0.000000e+00
1.320000e+00,9.746202e+02,1.596000e+01,-2.015460e+01,1.200000e+01,2.400000e+02,1.000000e+03,0.000000e+00,0.000000e+00,0.000000e+00
1.330000e+00,9.744185e+02,1.608000e+01,-2.017080e+01,1.200000e+01,2.400000e+02,1.000000e+03,0.000000e+00,0.000000e+00,0.000000e+00
1.340000e+00,9.742166e+02,1.620000e+01,-2.018700e+01,1.200000e+01,2.400000e+02,1.000000e+03,0.000000e+00,0.000000e+00,0.000000e+00
1.350000e+00,9.740147e+02,1.632000e+01,-2.020320e+01,1.200000e+01,2.400000e+02,1.000000e+03,0.000000e+00,0.000000e+00,0.000000e+00
1.360000e+00,9.738125e+02,1.644000e+01,-2.021940e+01,1.200000e+01,2.400000e+02,1.000000e+03,0.000000e+00,0.000000e+00,0.000000e+00
1.370000e+00,9.736102e+02,1.656000e+01,-2.023560e+01,1.200000e+01,2.400000e+02,1.000000e+03,0.000000e+00,0.000000e+00,0.000000e+00
1.380000e+00,9.734076e+02,1.668000e+01,-2.025180e+01,1.200000e+01,2.400000e+02,1.000000e+03,0.000000e+00,0.000000e+00,0.000000e+00
1.390000e+00,9.732050e+02,1.680000e+01,-2.026800e+01,1.200000e+01,2.400000e+02,1.000000e+03,0.000000e+00,0.000000e+00,0.000000e+00
1.400000e+00,9.730022e+02,1.692000e+01,-2.028420e+01,1.200000e+01,2.400000e+02,1.000000e+03,0.000000e+00,0.000000e+00,0.000000e+00
1.410000e+00,9.727992e+02,1.704000e+01,-2.030040e+01,1.200000e+01,2.400000e+02,1.000000e+03,0.000000e+00,0.000000e+00,0.000000e+00
1.420000e+00,9.725961e+02,1.716000e+01,-2.031660e+01,1.200000e+01,2.400000e+02,1.000000e+03,0.000000e+00,0.000000e+00,0.000000e+00
1.430000e+00,9.723928e+02,1.728000e+01,-2.033280e+01,1.200000e+01,2.400000e+02,1.000000e+03,0.000000e+00,0.000000e+00,0.000000e+00
1.440000e+00,9.721893e+02,1.740000e+01,-2.034900e+01,1.200000e+01,2.400000e+02,1.000000e+03,0.000000e+00,0.000000e+00,0.000000e+00
1.450000e+00,9.719857e+02,1.752000e+01,-2.036520e+01,1.200000e+01,2.400000e+02,1.000000e+03,0.000000e+00,0.000000e+00,0.000000e+00
1.460000e+00,9.717819e+02,1.764000e+01,-2.038140e+01,1.200000e+01,2.400000e+02,1.000000e+03,0.000000e+00,0.000000e+00,0.000000e+00
1.470000e+00,9.715780e+02,1.776000e+01,-2.039760e+01,1.200000e+01,2.400000e+02,1.000000e+03,0.000000e+00,0.000000e+00,0.000000e+00
1.480000e+00,9.713738e+02,1.788000e+01,-2.041380e+01,1.200000e+01,2.400000e+02,1.000000e+03,0.000000e+00,0.000000e+00,0.000000e+00
1.490000e+00,9.711696e+02,1.800000e+01,-2.043000e+01,1.200000e+01,2.400000e+02,1.000000e+03,0.000000e+00,0.000000e+00,0.000000e+00
1.500000e+00,9.709651e+02,1.812000e+01,-2.044620e+01,1.200000e+01,2.400000e+02,1.000000e+03,0.000000e+00,0.000000e+00,0.000000e+00
1.510000e+00,9.707605e+02,1.824000e+01,-2.046240e+01,1.200000e+01,2.400000e+02,1.000000e+03,0.000000e+00,0.000000e+00,0.000000e+00
1.520000e+00,9.705558e+02,1.836000e+01,-2.047860e+01,1.200000e+01,2.400000e+02,1.000000e+03,0.000000e+00,0.000000e+00,0.000000e+00
1.530000e+00,9.703509e+02,1.848000e+01,-2.049480e+01,1.200000e+01,2.400000e+02,1.000000e+03,0.000000e+00,0.000000e+00,0.000000e+00
1.540000e+00,9.701458e+02,1.860000e+01,-2.051100e+01,1.200000e+01,2.400000e+02,1.000000e+03,0.000000e+00,0.000000e+00,0.000000e+00
1.550000e+00,9.699405e+02,1.872000e+01,-2.052720e+01,1.200000e+01,2.400000e+02,1.000000e+03,0.000000e+00,0.000000e+00,0.000000e+00
1.560000e+00,9.697351e+02,1.884000e+01,-2.054340e+01,1.200000e+01,2.400000e+02,1.000000e+03,0.000000e+00,0.000000e+00,0.000000e+00
1.570000e+00,9.695296e+02,1.896000e+01,-2.055960e+01,1.200000e+01,2.400000e+02,1.000000e+03,0.000000e+00,0.000000e+00,0.000000e+00
1.580000e+00,9.693238e+02,1.908000e+01,-2.057580e+01,1.200000e+01,2.400000e+02,1.000000e+03,0.000000e+00,0.000000e+00,0.000000e+00
1.590000e+00,9.691179e+02,1.920000e+01,-2.059200e+01,1.200000e+01,2.400000e+02,1.000000e+03,0.000000e+00,0.000000e+00,0.000000e+00
1.600000e+00,9.689119e+02,1.932000e+01,-2.060820e+01,1.200000e+01,2.400000e+02,1.000000e+03,0.000000e+00,0.000000e+00,0.000000e+00
1.610000e+00,9.687057e+02,1.944000e+01,-2.062440e+01,1.200000e+01,2.400000e+02,1.000000e+03,0.000000e+00,0.000000e+00,0.000000e+00
1.620000e+00,9.684993e+02,1.956000e+01,-2.064060e+01,1.200000e+01,2.400000e+02,1.000000e+03,0.000000e+00,0.000000e+00,0.000000e+00
1.630000e+00,9.682927e+02,1.968000e+01,-2.065680e+01,1.200000e+01,2.400000e+02,1.000000e+03,0.000000e+00,0.000000e+00,0.000000e+00
1.640000e+00,9.680860e+02,1.980000e+01,-2.067300e+01,1.200000e+01,2.400000e+02,1.000000e+03,0.000000e+00,0.000000e+00,0.000000e+00
1.650000e+00,9.678792e+02,1.992000e+01,-2.068920e+01,1.200000e+01,2.400000e+02,1.000000e+03,0.000000e+00,0.000000e+00,0.000000e+00
1.660000e+00,9.676721e+02,2.004000e+01,-2.070540e+01,1.200000e+01,2.400000e+02,1.000000e+03,0.000000e+00,0.000000e+00,0.000000e+00
1.670000e+00,9.674650e+02,2.016000e+01,-2.072160e+01,1.200000e+01,2.400000e+02,1.000000e+03,0.000000e+00,0.000000e+00,0.000000e+00
1.680000e+00,9.672576e+02,2.028000e+01,-2.073780e+01,1.200000e+01,2.400000e+02,1.000000e+03,0.000000e+00,0.000000e+00,0.000000e+00
1.690000e+00,9.670501e+02,2.040000e+01,-2.075400e+01,1.200000e+01,2.400000e+02,1.000000e+03,0.000000e+00,0.000000e+00,0.000000e+00
1.700000e+00,9.668424e+02,2.052000e+01,-2.077020e+01,1.200000e+01,2.400000e+02,1.000000e+03,0.000000e+00,0.000000e+00,0.000000e+00
1.710000e+00,9.666346e+02,2.064000e+01,-2.078640e+01,1.200000e+01,2.400000e+02,1.000000e+03,0.000000e+00,0.000000e+00,0.000000e+00
1.720000e+00,9.664266e+02,2.076000e+01,-2.080260e+01,1.200000e+01,2.400000e+02,1.000000e+03,0.000000e+00,0.000000e+00,0.000000e+00
1.730000e+00,9.662184e+02,2.088000e+01,-2.081880e+01,1.200000e+01,2.400000e+02,1.000000e+03,0.000000e+00,0.000000e+00,0.000000e+00
1.740000e+00,9.660101e+02,2.100000e+01,-2.083500e+01,1.200000e+01,2.400000e+02,1.000000e+03,0.000000e+00,0.000000e+00,0.000000e+00
1.750000e+00,9.658016e+02,2.112000e+01,-2.085120e+01,1.200000e+01,2.400000e+02,1.000000e+03,0.000000e+00,0.000000e+00,0.000000e+00
1.760000e+00,9.655929e+02,2.124000e+01,-2.086740e+01,1.200000e+01,2.400000e+02,1.000000e+03,0.000000e+00,0.000000e+00,0.000000e+00
1.770000e+00,9.653842e+02,2.136000e+01,-2.088360e+01,1.200000e+01,2.400000e+02,1.000000e+03,0.000000e+00,0.000000e+00,0.000000e+00
1.780000e+00,9.651752e+02,2.148000e+01,-2.089980e+01,1.200000e+01,2.400000e+02,1.000000e+03,0.000000e+00,0.000000e+00,0.000000e+00
1.790000e+00,9.649661e+02,2.160000e+01,-2.091600e+01,1.200000e+01,2.400000e+02,1.000000e+03,0.000000e+00,0.000000e+00,0.000000e+00
1.800000e+00,9.647567e+02,2.172000e+01,-2.093220e+01,1.200000e+01,2.400000e+02,1.000000e+03,0.000000e+00,0.000000e+00,0.000000e+00
1.810000e+00,9.645473e+02,2.184000e+01,-2.094840e+01,1.200000e+01,2.400000e+02,1.000000e+03,0.000000e+00,0.000000e+00,0.000000e+00
1.820000e+00,9.643377e+02,2.196000e+01,-2.096460e+01,1.200000e+01,2.400000e+02,1.000000e+03,0.000000e+00,0.000000e+00,0.000000e+00
1.830000e+00,9.641279e+02,2.208000e+01,-2.098080e+01,1.200000e+01,2.400000e+02,1.000000e+03,0.000000e+00,0.000000e+00,0.000000e+00
1.840000e+00,9.639179e+02,2.220000e+01,-2.099700e+01,1.200000e+01,2.400000e+02,1.000000e+03,0.000000e+00,0.000000e+00,0.000000e+00
1.850000e+00,9.637079e+02,2.232000e+01,-2.101320e+01,1.200000e+01,2.400000e+02,1.000000e+03,0.000000e+00,0.000000e+00,0.000000e+00
1.860000e+00,9.634976e+02,2.244000e+01,-2.102940e+01,1.200000e+01,2.400000e+02,1.000000e+03,0.000000e+00,0.000000e+00,0.000000e+00
1.870000e+00,9.632872e+02,2.256000e+01,-2.104560e+01,1.200000e+01,2.400000e+02,1.000000e+03,0.000000e+00,0.000000e+00,0.000000e+00
1.880000e+00,9.630765e+02,2.268000e+01,-2.106180e+01,1.200000e+01,2.400000e+02,1.000000e+03,0.000000e+00,0.000000e+00,0.000000e+00
1.890000e+00,9.628658e+02,2.280000e+01,-2.107800e+01,1.200000e+01,2.400000e+02,1.000000e+03,0.000000e+00,0.000000e+00,0.000000e+00
1.900000e+00,9.626549e+02,2.292000e+01,-2.109420e+01,1.200000e+01,2.400000e+02,1.000000e+03,0.000000e+00,0.000000e+00,0.000000e+00
1.910000e+00,9.624438e+02,2.304000e+01,-2.111040e+01,1.200000e+01,2.400000e+02,1.000000e+03,0.000000e+00,0.000000e+00,0.000000e+00
1.920000e+00,9.622326e+02,2.316000e+01,-2.112660e+01,1.200000e+01,2.400000e+02,1.000000e+03,0.000000e+00,0.000000e+00,0.000000e+00
1.930000e+00,9.620212e+02,2.328000e+01,-2.114280e+01,1.200000e+01,2.400000e+02,1.000000e+03,0.000000e+00,0.000000e+00,0.000000e+00
1.940000e+00,9.618096e+02,2.340000e+01,-2.115900e+01,1.200000e+01,2.400000e+02,1.000000e+03,0.000000e+00,0.000000e+00,0.000000e+00
1.950000e+00,9.615979e+02,2.352000e+01,-2.117520e+01,1.200000e+01,2.400000e+02,1.000000e+03,0.000000e+00,0.000000e+00,0.000000e+00
1.960000e+00,9.613860e+02,2.364000e+01,-2.119140e+01,1.200000e+01,2.400000e+02,1.000000e+03,0.000000e+00,0.000000e+00,0.000000e+00
1.970000e+00,9.611740e+02,2.376000e+01,-2.120760e+01,1.200000e+01,2.400000e+02,1.000000e+03,0.000000e+00,0.000000e+00,0.000000e+00
1.980000e+00,9.609617e+02,2.388000e+01,-2.122380e+01,1.200000e+01,2.400000e+02,1.000000e+03,0.000000e+00,0.000000e+00,0.000000e+00
1.990000e+00,9.607494e+02,2.400000e+01,-2.124000e+01,1.200000e+01,2.400000e+02,1.000000e+03,0.000000e+00,0.000000e+00,0.000000e+00
2.000000e+00,9.605368e+02,2.412000e+01,-2.125620e+01,1.200000e+01,2.400000e+02,1.000000e+03,0.000000e+00,0.000000e+00,0.000000e+00
2.010000e+00,9.603241e+02,2.424000e+01,-2.127240e+01,1.200000e+01,2.400000e+02,1.000000e+03,0.000000e+00,0.000000e+00,0.000000e+00
2.020000e+00,9.601113e+02,2.436000e+01,-2.128860e+01,1.200000e+01,2.400000e+02,1.000000e+03,0.000000e+00,0.000000e+00,0.000000e+00
2.030000e+00,9.598983e+02,2.448000e+01,-2.130480e+01,1.200000e+01,2.400000e+02,1.000000e+03,0.000000e+00,0.000000e+00,0.000000e+00
2.040000e+00,9.596851e+02,2.460000e+01,-2.132100e+01,1.200000e+01,2.400000e+02,1.000000e+03,0.000000e+00,0.000000e+00,0.000000e+00
2.050000e+00,9.594718e+02,2.472000e+01,-2.133720e+01,1.200000e+01,2.400000e+02,1.000000e+03,0.000000e+00,0.000000e+00,0.000000e+00
2.060000e+00,9.592583e+02,2.484000e+01,-2.135340e+01,1.200000e+01,2.400000e+02,1.000000e+03,0.000000e+00,0.000000e+00,0.000000e+00
2.070000e+00,9.590447e+02,2.496000e+01,-2.136960e+01,1.200000e+01,2.400000e+02,1.000000e+03,0.000000e+00,0.000000e+00,0.000000e+00
2.080000e+00,9.588309e+02,2.508000e+01,-2.138580e+01,1.200000e+01,2.400000e+02,1.000000e+03,0.000000e+00,0.000000e+00,0.000000e+00
2.090000e+00,9.586168e+02,2.520000e+01,-2.140200e+01,1.200000e+01,2.400000e+02,1.000000e+03,0.000000e+00,0.000000e+00,0.000000e+00
2.100000e+00,9.584027e+02,2.532000e+01,-2.141820e+01,1.200000e+01,2.400000e+02,1.000000e+03,0.000000e+00,0.000000e+00,0.000000e+00
2.110000e+00,9.581884e+02,2.544000e+01,-2.143440e+01,1.200000e+01,2.400000e+02,1.000000e+03,0.000000e+00,0.000000e+00,0.000000e+00
2.120000e+00,9.579739e+02,2.556000e+01,-2.145060e+01,1.200000e+01,2.400000e+02,1.000000e+03,0.000000e+00,0.000000e+00,0.000000e+00
2.130000e+00,9.577593e+02,2.568000e+01,-2.146680e+01,1.200000e+01,2.400000e+02,1.000000e+03,0.000000e+00,0.000000e+00,0.000000e+00
2.140000e+00,9.575446e+02,2.580000e+01,-2.148300e+01,1.200000e+01,2.400000e+02,1.000000e+03,0.000000e+00,0.000000e+00,0.000000e+00
2.150000e+00,9.573296e+02,2.592000e+01,-2.149920e+01,1.200000e+01,2.400000e+02,1.000000e+03,0.000000e+00,0.000000e+00,0.000000e+00
2.160000e+00,9.571145e+02,2.604000e+01,-2.151540e+01,1.200000e+01,2.400000e+02,1.000000e+03,0.000000e+00,0.000000e+00,0.000000e+00
2.170000e+00,9.568992e+02,2.616000e+01,-2.153160e+01,1.200000e+01,2.400000e+02,1.000000e+03,0.000000e+00,0.000000e+00,0.000000e+00
2.180000e+00,9.566838e+02,2.628000e+01,-2.154780e+01,1.200000e+01,2.400000e+02,1.000000e+03,0.000000e+00,0.000000e+00,0.000000e+00
2.190000e+00,9.564682e+02,2.640000e+01,-2.156400e+01,1.200000e+01,2.400000e+02,1.000000e+03,0.000000e+00,0.000000e+00,0.000000e+00
2.200000e+00,9.562524e+02,2.652000e+01,-2.158020e+01,1.200000e+01,2.400000e+02,1.000000e+03,0.000000e+00,0.000000e+00,0.000000e+00
2.210000e+00,9.560365e+02,2.664000e+01,-2.159640e+01,1.200000e+01,2.400000e+02,1.000000e+03,0.000000e+00,0.000000e+00,0.000000e+00
2.220000e+00,9.558204e+02,2.676000e+01,-2.161260e+01,1.200000e+01,2.400000e+02,1.000000e+03,0.000000e+00,0.000000e+00,0.000000e+00
2.230000e+00,9.556042e+02,2.688000e+01,-2.162880e+01,1.200000e+01,2.400000e+02,1.000000e+03,0.000000e+00,0.000000e+00,0.000000e+00
2.240000e+00,9.553877e+02,2.700000e+01,-2.164500e+01,1.200000e+01,2.400000e+02,1.000000e+03,0.000000e+00,0.000000e+00,0.000000e+00
2.250000e+00,9.551712e+02,2.712000e+01,-2.166120e+01,1.200000e+01,2.400000e+02,1.000000e+03,0.000000e+00,0.000000e+00,0.000000e+00
2.260000e+00,9.549545e+02,2.724000e+01,-2.167740e+01,1.200000e+01,2.400000e+02,1.000000e+03,0.000000e+00,0.000000e+00,0.000000e+00
2.270000e+00,9.547375e+02,2.736000e+01,-2.169360e+01,1.200000e+01,2.400000e+02,1.000000e+03,0.000000e+00,0.000000e+00,0.000000e+00
2.280000e+00,9.545205e+02,2.748000e+01,-2.170980e+01,1.200000e+01,2.400000e+02,1.000000e+03,0.000000e+00,0.000000e+00,0.000000e+00
2.290000e+00,9.543033e+02,2.760000e+01,-2.172600e+01,1.200000e+01,2.400000e+02,1.000000e+03,0.000000e+00,0.000000e+00,0.000000e+00
2.300000e+00,9.540859e+02,2.772000e+01,-2.174220e+01,1.200000e+01,2.400000e+02,1.000000e+03,0.000000e+00,0.000000e+00,0.000000e+00
2.310000e+00,9.538684e+02,2.784000e+01,-2.175840e+01,1.200000e+01,2.400000e+02,1.000000e+03,0.000000e+00,0.000000e+00,0.000000e+00
2.320000e+00,9.536507e+02,2.796000e+01,-2.177460e+01,1.200000e+01,2.400000e+02,1.000000e+03,0.000000e+00,0.000000e+00,0.000000e+00
2.330000e+00,9.534328e+02,2.808000e+01,-2.179080e+01,1.200000e+01,2.400000e+02,1.000000e+03,0.000000e+00,0.000000e+00,0.000000e+00
2.340000e+00,9.532148e+02,2.820000e+01,-2.180700e+01,1.200000e+01,2.400000e+02,1.000000e+03,0.000000e+00,0.000000e+00,0.000000e+00
2.350000e+00,9.529966e+02,2.832000e+01,-2.182320e+01,1.200000e+01,2.400000e+02,1.000000e+03,0.000000e+00,0.000000e+00,0.000000e+00
2.360000e+00,9.527782e+02,2.844000e+01,-2.183940e+01,1.200000e+01,2.400000e+02,1.000000e+03,0.000000e+00,0.000000e+00,0.000000e+00
2.370000e+00,9.525597e+02,2.856000e+01,-2.185560e+01,1.200000e+01,2.400000e+02,1.000000e+03,0.000000e+00,0.000000e+00,0.000000e+00
2.380000e+00,9.523411e+02,2.868000e+01,-2.187180e+01,1.200000e+01,2.400000e+02,1.000000e+03,0.000000e+00,0.000000e+00,0.000000e+00
2.390000e+00,9.521222e+02,2.880000e+01,-2.188800e+01,1.200000e+01,2.400000e+02,1.000000e+03,0.000000e+00,0.000000e+00,0.000000e+00
2.400000e+00,9.519032e+02,2.892000e+01,-2.190420e+01,1.200000e+01,2.400000e+02,1.000000e+03,0.000000e+00,0.000000e+00,0.000000e+00
2.410000e+00,9.516841e+02,2.904000e+01,-2.192040e+01,1.200000e+01,2.400000e+02,1.000000e+03,0.000000e+00,0.000000e+00,0.000000e+00
2.420000e+00,9.514647e+02,2.916000e+01,-2.193660e+01,1.200000e+01,2.400000e+02,1.000000e+03,0.000000e+00,0.000000e+00,0.000000e+00
2.430000e+00,9.512452e+02,2.928000e+01,-2.195280e+01,1.200000e+01,2.400000e+02,1.000000e+03,0.000000e+00,0.000000e+00,0.000000e+00
2.440000e+00,9.510256e+02,2.940000e+01,-2.196900e+01,1.200000e+01,2.400000e+02,1.000000e+03,0.000000e+00,0.000000e+00,0.000000e+00
2.450000e+00,9.508057e+02,2.952000e+01,-2.198520e+01,1.200000e+01,2.400000e+02,1.000000e+03,0.000000e+00,0.000000e+00,0.000000e+00
2.460000e+00,9.505858e+02,2.964000e+01,-2.200140e+01,1.200000e+01,2.400000e+02,1.000000e+03,0.000000e+00,0.000000e+00,0.000000e+00
2.470000e+00,9.503657e+02,2.976000e+01,-2.201760e+01,1.200000e+01,2.400000e+02,1.000000e+03,0.000000e+00,0.000000e+00,0.000000e+00
2.480000e+00,9.501453e+02,2.988000e+01,-2.203380e+01,1.200000e+01,2.400000e+02,1.000000e+03,0.000000e+00,0.000000e+00,0.000000e+00
2.490000e+00,9.499249e+02,3.000000e+01,-2.205000e+01,1.200000e+01,2.400000e+02,1.000000e+03,0.000000e+00,0.000000e+00,0.000000e+00
2.500000e+00,9.497043e+02,3.012000e+01,-2.206620e+01,1.200000e+01,2.400000e+02,1.000000e+03,0.000000e+00,0.000000e+00,0.000000e+00
2.510000e+00,9.494835e+02,3.024000e+01,-2.208240e+01,1.200000e+01,2.400000e+02,1.000000e+03,0.000000e+00,0.000000e+00,0.000000e+00
2.520000e+00,9.492626e+02,3.036000e+01,-2.209860e+01,1.200000e+01,2.400000e+02,1.000000e+03,0.000000e+00,0.000000e+00,0.000000e+00
2.530000e+00,9.490415e+02,3.048000e+01,-2.211480e+01,1.200000e+01,2.400000e+02,1.000000e+03,0.000000e+00,0.000000e+00,0.000000e+00
2.540000e+00,9.488202e+02,3.060000e+01,-2.213100e+01,1.200000e+01,2.400000e+02,1.000000e+03,0.000000e+00,0.000000e+00,0.000000e+00
2.550000e+00,9.485988e+02,3.072000e+01,-2.214720e+01,1.200000e+01,2.400000e+02,1.000000e+03,0.000000e+00,0.000000e+00,0.000000e+00
2.560000e+00,9.483772e+02,3.084000e+01,-2.216340e+01,1.200000e+01,2.400000e+02,1.000000e+03,0.000000e+00,0.000000e+00,0.000000e+00
2.570000e+00,9.481554e+02,3.096000e+01,-2.217960e+01,1.200000e+01,2.400000e+02,1.000000e+03,0.000000e+00,0.000000e+00,0.000000e+00
2.580000e+00,9.479335e+02,3.108000e+01,-2.219580e+01,1.200000e+01,2.400000e+02,1.000000e+03,0.000000e+00,0.000000e+00,0.000000e+00
2.590000e+00,9.477114e+02,3.120000e+01,-2.221200e+01,1.200000e+01,2.400000e+02,1.000000e+03,0.000000e+00,0.000000e+00,0.000000e+00
2.600000e+00,9.474892e+02,3.132000e+01,-2.222820e+01,1.200000e+01,2.400000e+02,1.000000e+03,0.000000e+00,0.000000e+00,0.000000e+00
2.610000e+00,9.472668e+02,3.144000e+01,-2.224440e+01,1.200000e+01,2.400000e+02,1.000000e+03,0.000000e+00,0.000000e+00,0.000000e+00
2.620000e+00,9.470442e+02,3.156000e+01,-2.226060e+01,1.200000e+01,2.400000e+02,1.000000e+03,0.000000e+00,0.000000e+00,0.000000e+00
2.630000e+00,9.468215e+02,3.168000e+01,-2.227680e+01,1.200000e+01,2.400000e+02,1.000000e+03,0.000000e+00,0.000000e+00,0.000000e+00
2.640000e+00,9.465986e+02,3.180000e+01,-2.229300e+01,1.200000e+01,2.400000e+02,1.000000e+03,0.000000e+00,0.000000e+00,0.000000e+00
2.650000e+00,9.463756e+02,3.192000e+01,-2.230920e+01,1.200000e+01,2.400000e+02,1.000000e+03,0.000000e+00,0.000000e+00,0.000000e+00
2.660000e+00,9.461523e+02,3.204000e+01,-2.232540e+01,1.200000e+01,2.400000e+02,1.000000e+03,0.000000e+00,0.000000e+00,0.000000e+00
2.670000e+00,9.459290e+02,3.216000e+01,-2.234160e+01,1.200000e+01,2.400000e+02,1.000000e+03,0.000000e+00,0.000000e+00,0.000000e+00
2.680000e+00,9.457054e+02,3.228000e+01,-2.235780e+01,1.200000e+01,2.400000e+02,1.000000e+03,0.000000e+00,0.000000e+00,0.000000e+00
2.690000e+00,9.454817e+02,3.240000e+01,-2.237400e+01,1.200000e+01,2.400000e+02,1.000000e+03,0.000000e+00,0.000000e+00,0.000000e+00
2.700000e+00,9.452579e+02,3.252000e+01,-2.239020e+01,1.200000e+01,2.400000e+02,1.000000e+03,0.000000e+00,0.000000e+00,0.000000e+00
2.710000e+00,9.450339e+02,3.264000e+01,-2.240640e+01,1.200000e+01,2.400000e+02,1.000000e+03,0.000000e+00,0.000000e+00,0.000000e+00
2.720000e+00,9.448096e+02,3.276000e+01,-2.242260e+01,1.200000e+01,2.400000e+02,1.000000e+03,0.000000e+00,0.000000e+00,0.000000e+00
2.730000e+00,9.445853e+02,3.288000e+01,-2.243880e+01,1.200000e+01,2.400000e+02,1.000000e+03,0.000000e+00,0.000000e+00,0.000000e+00
2.740000e+00,9.443608e+02,3.300000e+01,-2.245500e+01,1.200000e+01,2.400000e+02,1.000000e+03,0.000000e+00,0.000000e+00,0.000000e+00
2.750000e+00,9.441361e+02,3.312000e+01,-2.247120e+01,1.200000e+01,2.400000e+02,1.000000e+03,0.000000e+00,0.000000e+00,0.000000e+00
2.760000e+00,9.439113e+02,3.324000e+01,-2.248740e+01,1.200000e+01,2.400000e+02,1.000000e+03,0.000000e+00,0.000000e+00,0.000000e+00
2.770000e+00,9.436863e+02,3.336000e+01,-2.250360e+01,1.200000e+01,2.400000e+02,1.000000e+03,0.000000e+00,0.000000e+00,0.000000e+00
2.780000e+00,9.434611e+02,3.348000e+01,-2.251980e+01,1.200000e+01,2.400000e+02,1.000000e+03,0.000000e+00,0.000000e+00,0.000000e+00
2.790000e+00,9.432358e+02,3.360000e+01,-2.253600e+01,1.200000e+01,2.400000e+02,1.000000e+03,0.000000e+00,0.000000e+00,0.000000e+00
2.800000e+00,9.430104e+02,3.372000e+01,-2.255220e+01,1.200000e+01,2.400000e+02,1.000000e+03,0.000000e+00,0.000000e+00,0.000000e+00
2.810000e+00,9.427847e+02,3.384000e+01,-2.256840e+01,1.200000e+01,2.400000e+02,1.000000e+03,0.000000e+00,0.000000e+00,0.000000e+00
2.820000e+00,9.425589e+02,3.396000e+01,-2.258460e+01,1.200000e+01,2.400000e+02,1.000000e+03,0.000000e+00,0.000000e+00,0.000000e+00
2.830000e+00,9.423330e+02,3.408000e+01,-2.260080e+01,1.200000e+01,2.400000e+02,1.000000e+03,0.000000e+00,0.000000e+00,0.000000e+00
2.840000e+00,9.421068e+02,3.420000e+01,-2.261700e+01,1.200000e+01,2.400000e+02,1.000000e+03,0.000000e+00,0.000000e+00,0.000000e+00
2.850000e+00,9.418805e+02,3.432000e+01,-2.263320e+01,1.200000e+01,2.400000e+02,1.000000e+03,0.000000e+00,0.000000e+00,0.000000e+00
2.860000e+00,9.416541e+02,3.444000e+01,-2.264940e+01,1.200000e+01,2.400000e+02,1.000000e+03,0.000000e+00,0.000000e+00,0.000000e+00
2.870000e+00,9.414274e+02,3.456000e+01,-2.266560e+01,1.200000e+01,2.400000e+02,1.000000e+03,0.000000e+00,0.000000e+00,0.000000e+00
2.880000e+00,9.412007e+02,3.468000e+01,-2.268180e+01,1.200000e+01,2.400000e+02,1.000000e+03,0.000000e+00,0.000000e+00,0.000000e+00
2.890000e+00,9.409738e+02,3.480000e+01,-2.269800e+01,1.200000e+01,2.400000e+02,1.000000e+03,0.000000e+00,0.000000e+00,0.000000e+00
2.900000e+00,9.407466e+02,3.492000e+01,-2.271420e+01,1.200000e+01,2.400000e+02,1.000000e+03,0.000000e+00,0.000000e+00,0.000000e+00
2.910000e+00,9.405194e+02,3.504000e+01,-2.273040e+01,1.200000e+01,2.400000e+02,1.000000e+03,0.000000e+00,0.000000e+00,0.000000e+00
2.920000e+00,9.402920e+02,3.516000e+01,-2.274660e+01,1.200000e+01,2.400000e+02,1.000000e+03,0.000000e+00,0.000000e+00,0.000000e+00
2.930000e+00,9.400644e+02,3.528000e+01,-2.276280e+01,1.200000e+01,2.400000e+02,1.000000e+03,0.000000e+00,0.000000e+00,0.000000e+00
2.940000e+00,9.398366e+02,3.540000e+01,-2.277900e+01,1.200000e+01,2.400000e+02,1.000000e+03,0.000000e+00,0.000000e+00,0.000000e+00
2.950000e+00,9.396087e+02,3.552000e+01,-2.279520e+01,1.200000e+01,2.400000e+02,1.000000e+03,0.000000e+00,0.000000e+00,0.000000e+00
2.960000e+00,9.393806e+02,3.564000e+01,-2.281140e+01,1.200000e+01,2.400000e+02,1.000000e+03,0.000000e+00,0.000000e+00,0.000000e+00
2.970000e+00,9.391524e+02,3.576000e+01,-2.282760e+01,1.200000e+01,2.400000e+02,1.000000e+03,0.000000e+00,0.000000e+00,0.000000e+00
2.980000e+00,9.389240e+02,3.588000e+01,-2.284380e+01,1.200000e+01,2.400000e+02,1.000000e+03,0.000000e+00,0.000000e+00,0.000000e+00
2.990000e+00,9.386954e+02,3.600000e+01,-2.286000e+01,1.200000e+01,2.400000e+02,1.000000e+03,0.000000e+00,0.000000e+00,0.000000e+00
3.000000e+00,9.384667e+02,3.612000e+01,-2.287620e+01,1.200000e+01,2.400000e+02,1.000000e+03,0.000000e+00,0.000000e+00,0.000000e+00
3.010000e+00,9.382379e+02,3.624000e+01,-2.289240e+01,1.200000e+01,2.400000e+02,1.000000e+03,0.000000e+00,0.000000e+00,0.000000e+00
3.020000e+00,9.380088e+02,3.636000e+01,-2.290860e+01,1.200000e+01,2.400000e+02,1.000000e+03,0.000000e+00,0.000000e+00,0.000000e+00
3.030000e+00,9.377796e+02,3.648000e+01,-2.292480e+01,1.200000e+01,2.400000e+02,1.000000e+03,0.000000e+00,0.000000e+00,0.000000e+00
3.040000e+00,9.375503e+02,3.660000e+01,-2.294100e+01,1.200000e+01,2.400000e+02,1.000000e+03,0.000000e+00,0.000000e+00,0.000000e+00
3.050000e+00,9.373207e+02,3.672000e+01,-2.295720e+01,1.200000e+01,2.400000e+02,1.000000e+03,0.000000e+00,0.000000e+00,0.000000e+00
3.060000e+00,9.370910e+02,3.684000e+01,-2.297340e+01,1.200000e+01,2.400000e+02,1.000000e+03,0.000000e+00,0.000000e+00,0.000000e+00
3.070000e+00,9.368612e+02,3.696000e+01,-2.298960e+01,1.200000e+01,2.400000e+02,1.000000e+03,0.000000e+00,0.000000e+00,0.000000e+00
3.080000e+00,9.366311e+02,3.708000e+01,-2.300580e+01,1.200000e+01,2.400000e+02,1.000000e+03,0.000000e+00,0.000000e+00,0.000000e+00
3.090000e+00,9.364010e+02,3.720000e+01,-2.302200e+01,1.200000e+01,2.400000e+02,1.000000e+03,0.000000e+00,0.000000e+00,0.000000e+00
3.100000e+00,9.361707e+02,3.732000e+01,-2.303820e+01,1.200000e+01,2.400000e+02,1.000000e+03,0.000000e+00,0.000000e+00,0.000000e+00
3.110000e+00,9.359401e+02,3.744000e+01,-2.305440e+01,1.200000e+01,2.400000e+02,1.000000e+03,0.000000e+00,0.000000e+00,0.000000e+00
3.120000e+00,9.357095e+02,3.756000e+01,-2.307060e+01,1.200000e+01,2.400000e+02,1.000000e+03,0.000000e+00,0.000000e+00,0.000000e+00
3.130000e+00,9.354787e+02,3.768000e+01,-2.308680e+01,1.200000e+01,2.400000e+02,1.000000e+03,0.000000e+00,0.000000e+00,0.000000e+00
3.140000e+00,9.352476e+02,3.780000e+01,-2.310300e+01,1.200000e+01,2.400000e+02,1.000000e+03,0.000000e+00,0.000000e+00,0.000000e+00
3.150000e+00,9.350165e+02,3.792000e+01,-2.311920e+01,1.200000e+01,2.400000e+02,1.000000e+03,0.000000e+00,0.000000e+00,0.000000e+00
3.160000e+00,9.347852e+02,3.804000e+01,-2.313540e+01,1.200000e+01,2.400000e+02,1.000000e+03,0.000000e+00,0.000000e+00,0.000000e+00
3.170000e+00,9.345537e+02,3.816000e+01,-2.315160e+01,1.200000e+01,2.400000e+02,1.000000e+03,0.000000e+00,0.000000e+00,0.000000e+00
3.180000e+00,9.343221e+02,3.828000e+01,-2.316780e+01,1.200000e+01,2.400000e+02,1.000000e+03,0.000000e+00,0.000000e+00,0.000000e+00
3.190000e+00,9.340903e+02,3.840000e+01,-2.318400e+01,1.200000e+01,2.400000e+02,1.000000e+03,0.000000e+00,0.000000e+00,0.000000e+00
3.200000e+00,9.338583e+02,3.852000e+01,-2.320020e+01,1.200000e+01,2.400000e+02,1.000000e+03,0.000000e+00,0.000000e+00,0.000000e+00
3.210000e+00,9.336262e+02,3.864000e+01,-2.321640e+01,1.200000e+01,2.400000e+02,1.000000e+03,0.000000e+00,0.000000e+00,0.000000e+00
3.220000e+00,9.333939e+02,3.876000e+01,-2.323260e+01,1.200000e+01,2.400000e+02,1.000000e+03,0.000000e+00,0.000000e+00,0.000000e+00
3.230000e+00,9.331614e+02,3.888000e+01,-2.324880e+01,1.200000e+01,2.400000e+02,1.000000e+03,0.000000e+00,0.000000e+00,0.000000e+00
3.240000e+00,9.329288e+02,3.900000e+01,-2.326500e+01,1.200000e+01,2.400000e+02,1.000000e+03,0.000000e+00,0.000000e+00,0.000000e+00
3.250000e+00,9.326961e+02,3.912000e+01,-2.328120e+01,1.200000e+01,2.400000e+02,1.000000e+03,0.000000e+00,0.000000e+00,0.000000e+00
3.260000e+00,9.324631e+02,3.924000e+01,-2.329740e+01,1.200000e+01,2.400000e+02,1.000000e+03,0.000000e+00,0.000000e+00,0.000000e+00
3.270000e+00,9.322301e+02,3.936000e+01,-2.331360e+01,1.200000e+01,2.400000e+02,1.000000e+03,0.000000e+00,0.000000e+00,0.000000e+00
3.280000e+00,9.319968e+02,3.948000e+01,-2.332980e+01,1.200000e+01,2.400000e+02,1.000000e+03,0.000000e+00,0.000000e+00,0.000000e+00
3.290000e+00,9.317634e+02,3.960000e+01,-2.334600e+01,1.200000e+01,2.400000e+02,1.000000e+03,0.000000e+00,0.000000e+00,0.000000e+00
3.300000e+00,9.315298e+02,3.972000e+01,-2.336220e+01,1.200000e+01,2.400000e+02,1.000000e+03,0.000000e+00,0.000000e+00,0.000000e+00
3.310000e+00,9.312961e+02,3.984000e+01,-2.337840e+01,1.200000e+01,2.400000e+02,1.000000e+03,0.000000e+00,0.000000e+00,0.000000e+00
3.320000e+00,9.310621e+02,3.996000e+01,-2.339460e+01,1.200000e+01,2.400000e+02,1.000000e+03,0.000000e+00,0.000000e+00,0.000000e+00
3.330000e+00,9.308281e+02,4.008000e+01,-2.341080e+01,1.200000e+01,2.400000e+02,1.000000e+03,0.000000e+00,0.000000e+00,0.000000e+00
3.340000e+00,9.305939e+02,4.020000e+01,-2.342700e+01,1.200000e+01,2.400000e+02,1.000000e+03,0.000000e+00,0.000000e+00,0.000000e+00
3.350000e+00,9.303595e+02,4.032000e+01,-2.344320e+01,1.200000e+01,2.400000e+02,1.000000e+03,0.000000e+00,0.000000e+00,0.000000e+00
3.360000e+00,9.301249e+02,4.044000e+01,-2.345940e+01,1.200000e+01,2.400000e+02,1.000000e+03,0.000000e+00,0.000000e+00,0.000000e+00
3.370000e+00,9.298902e+02,4.056000e+01,-2.347560e+01,1.200000e+01,2.400000e+02,1.000000e+03,0.000000e+00,0.000000e+00,0.000000e+00
3.380000e+00,9.296553e+02,4.068000e+01,-2.349180e+01,1.200000e+01,2.400000e+02,1.000000e+03,0.000000e+00,0.000000e+00,0.000000e+00
3.390000e+00,9.294203e+02,4.080000e+01,-2.350800e+01,1.200000e+01,2.400000e+02,1.000000e+03,0.000000e+00,0.000000e+00,0.000000e+00
3.400000e+00,9.291851e+02,4.092000e+01,-2.352420e+01,1.200000e+01,2.400000e+02,1.000000e+03,0.000000e+00,0.000000e+00,0.000000e+00
3.410000e+00,9.289497e+02,4.104000e+01,-2.354040e+01,1.200000e+01,2.400000e+02,1.000000e+03,0.000000e+00,0.000000e+00,0.000000e+00
3.420000e+00,9.287142e+02,4.116000e+01,-2.355660e+01,1.200000e+01,2.400000e+02,1.000000e+03,0.000000e+00,0.000000e+00,0.000000e+00
3.430000e+00,9.284785e+02,4.128000e+01,-2.357280e+01,1.200000e+01,2.400000e+02,1.000000e+03,0.000000e+00,0.000000e+00,0.000000e+00
3.440000e+00,9.282427e+02,4.140000e+01,-2.358900e+01,1.200000e+01,2.400000e+02,1.000000e+03,0.000000e+00,0.000000e+00,0.000000e+00
3.450000e+00,9.280067e+02,4.152000e+01,-2.360520e+01,1.200000e+01,2.400000e+02,1.000000e+03,0.000000e+00,0.000000e+00,0.000000e+00
3.460000e+00,9.277705e+02,4.164000e+01,-2.362140e+01,1.200000e+01,2.400000e+02,1.000000e+03,0.000000e+00,0.000000e+00,0.000000e+00
3.470000e+00,9.275341e+02,4.176000e+01,-2.363760e+01,1.200000e+01,2.400000e+02,1.000000e+03,0.000000e+00,0.000000e+00,0.000000e+00
3.480000e+00,9.272977e+02,4.188000e+01,-2.365380e+01,1.200000e+01,2.400000e+02,1.000000e+03,0.000000e+00,0.000000e+00,0.000000e+00
3.490000e+00,9.270610e+02,4.200000e+01,-2.367000e+01,1.200000e+01,2.400000e+02,1.000000e+03,0.000000e+00,0.000000e+00,0.000000e+00
3.500000e+00,9.268242e+02,4.212000e+01,-2.368620e+01,1.200000e+01,2.400000e+02,1.000000e+03,0.000000e+00,0.000000e+00,0.000000e+00
3.510000e+00,9.265872e+02,4.224000e+01,-2.370240e+01,1.200000e+01,2.400000e+02,1.000000e+03,0.000000e+00,0.000000e+00,0.000000e+00
3.520000e+00,9.263501e+02,4.236000e+01,-2.371860e+01,1.200000e+01,2.400000e+02,1.000000e+03,0.000000e+00,0.000000e+00,0.000000e+00
3.530000e+00,9.261127e+02,4.248000e+01,-2.373480e+01,1.200000e+01,2.400000e+02,1.000000e+03,0.000000e+00,0.000000e+00,0.000000e+00
3.540000e+00,9.258753e+02,4.260000e+01,-2.375100e+01,1.200000e+01,2.400000e+02,1.000000e+03,0.000000e+00,0.000000e+00,0.000000e+00
3.550000e+00,9.256377e+02,4.272000e+01,-2.376720e+01,1.200000e+01,2.400000e+02,1.000000e+03,0.000000e+00,0.000000e+00,0.000000e+00
3.560000e+00,9.253998e+02,4.284000e+01,-2.378340e+01,1.200000e+01,2.400000e+02,1.000000e+03,0.000000e+00,0.000000e+00,0.000000e+00
3.570000e+00,9.251619e+02,4.296000e+01,-2.379960e+01,1.200000e+01,2.400000e+02,1.000000e+03,0.000000e+00,0.000000e+00,0.000000e+00
3.580000e+00,9.249238e+02,4.308000e+01,-2.381580e+01,1.200000e+01,2.400000e+02,1.000000e+03,0.000000e+00,0.000000e+00,0.000000e+00
3.590000e+00,9.246855e+02,4.320000e+01,-2.383200e+01,1.200000e+01,2.400000e+02,1.000000e+03,0.000000e+00,0.000000e+00,0.000000e+00
3.600000e+00,9.244471e+02,4.332000e+01,-2.384820e+01,1.200000e+01,2.400000e+02,1.000000e+03,0.000000e+00,0.000000e+00,0.000000e+00
3.610000e+00,9.242085e+02,4.344000e+01,-2.386440e+01,1.200000e+01,2.400000e+02,1.000000e+03,0.000000e+00,0.000000e+00,0.000000e+00
3.620000e+00,9.239697e+02,4.356000e+01,-2.388060e+01,1.200000e+01,2.400000e+02,1.000000e+03,0.000000e+00,0.000000e+00,0.000000e+00
3.630000e+00,9.237308e+02,4.368000e+01,-2.389680e+01,1.200000e+01,2.400000e+02,1.000000e+03,0.000000e+00,0.000000e+00,0.000000e+00
3.640000e+00,9.234917e+02,4.380000e+01,-2.391300e+01,1.200000e+01,2.400000e+02,1.000000e+03,0.000000e+00,0.000000e+00,0.000000e+00
3.650000e+00,9.232524e+02,4.392000e+01,-2.392920e+01,1.200000e+01,2.400000e+02,1.000000e+03,0.000000e+00,0.000000e+00,0.000000e+00
3.660000e+00,9.230130e+02,4.404000e+01,-2.394540e+01,1.200000e+01,2.400000e+02,1.000000e+03,0.000000e+00,0.000000e+00,0.000000e+00
3.670000e+00,9.227735e+02,4.416000e+01,-2.396160e+01,1.200000e+01,2.400000e+02,1.000000e+03,0.000000e+00,0.000000e+00,0.000000e+00
3.680000e+00,9.225337e+02,4.428000e+01,-2.397780e+01,1.200000e+01,2.400000e+02,1.000000e+03,0.000000e+00,0.000000e+00,0.000000e+00
3.690000e+00,9.222938e+02,4.440000e+01,-2.399400e+01,1.200000e+01,2.400000e+02,1.000000e+03,0.000000e+00,0.000000e+00,0.000000e+00
3.700000e+00,9.220538e+02,4.452000e+01,-2.401020e+01,1.200000e+01,2.400000e+02,1.000000e+03,0.000000e+00,0.000000e+00,0.000000e+00
3.710000e+00,9.218135e+02,4.464000e+01,-2.402640e+01,1.200000e+01,2.400000e+02,1.000000e+03,0.000000e+00,0.000000e+00,0.000000e+00
3.720000e+00,9.215732e+02,4.476000e+01,-2.404260e+01,1.200000e+01,2.400000e+02,1.000000e+03,0.000000e+00,0.000000e+00,0.000000e+00
3.730000e+00,9.213326e+02,4.488000e+01,-2.405880e+01,1.200000e+01,2.400000e+02,1.000000e+03,0.000000e+00,0.000000e+00,0.000000e+00
3.740000e+00,9.210919e+02,4.500000e+01,-2.407500e+01,1.200000e+01,2.400000e+02,1.000000e+03,0.000000e+00,0.000000e+00,0.000000e+00
3.750000e+00,9.208510e+02,4.512000e+01,-2.409120e+01,1.200000e+01,2.400000e+02,1.000000e+03,0.000000e+00,0.000000e+00,0.000000e+00
3.760000e+00,9.206100e+02,4.524000e+01,-2.410740e+01,1.200000e+01,2.400000e+02,1.000000e+03,0.000000e+00,0.000000e+00,0.000000e+00
3.770000e+00,9.203688e+02,4.536000e+01,-2.412360e+01,1.200000e+01,2.400000e+02,1.000000e+03,0.000000e+00,0.000000e+00,0.000000e+00
3.780000e+00,9.201274e+02,4.548000e+01,-2.413980e+01,1.200000e+01,2.400000e+02,1.000000e+03,0.000000e+00,0.000000e+00,0.000000e+00
3.790000e+00,9.198860e+02,4.560000e+01,-2.415600e+01,1.200000e+01,2.400000e+02,1.000000e+03,0.000000e+00,0.000000e+00,0.000000e+00
3.800000e+00,9.196442e+02,4.572000e+01,-2.417220e+01,1.200000e+01,2.400000e+02,1.000000e+03,0.000000e+00,0.000000e+00,0.000000e+00
3.810000e+00,9.194024e+02,4.584000e+01,-2.418840e+01,1.200000e+01,2.400000e+02,1.000000e+03,0.000000e+00,0.000000e+00,0.000000e+00
3.820000e+00,9.191604e+02,4.596000e+01,-2.420460e+01,1.200000e+01,2.400000e+02,1.000000e+03,0.000000e+00,0.000000e+00,0.000000e+00
3.830000e+00,9.189182e+02,4.608000e+01,-2.422080e+01,1.200000e+01,2.400000e+02,1.000000e+03,0.000000e+00,0.000000e+00,0.000000e+00
3.840000e+00,9.186759e+02,4.620000e+01,-2.423700e+01,1.200000e+01,2.400000e+02,1.000000e+03,0.000000e+00,0.000000e+00,0.000000e+00
3.850000e+00,9.184334e+02,4.632000e+01,-2.425320e+01,1.200000e+01,2.400000e+02,1.000000e+03,0.000000e+00,0.000000e+00,0.000000e+00
3.860000e+00,9.181908e+02,4.644000e+01,-2.426940e+01,1.200000e+01,2.400000e+02,1.000000e+03,0.000000e+00,0.000000e+00,0.000000e+00
3.870000e+00,9.179480e+02,4.656000e+01,-2.428560e+01,1.200000e+01,2.400000e+02,1.000000e+03,0.000000e+00,0.000000e+00,0.000000e+00
3.880000e+00,9.177050e+02,4.668000e+01,-2.430180e+01,1.200000e+01,2.400000e+02,1.000000e+03,0.000000e+00,0.000000e+00,0.000000e+00
3.890000e+00,9.174618e+02,4.680000e+01,-2.431800e+01,1.200000e+01,2.400000e+02,1.000000e+03,0.000000e+00,0.000000e+00,0.000000e+00
3.900000e+00,9.172185e+02,4.692000e+01,-2.433420e+01,1.200000e+01,2.400000e+02,1.000000e+03,0.000000e+00,0.000000e+00,0.000000e+00
3.910000e+00,9.169751e+02,4.704000e+01,-2.435040e+01,1.200000e+01,2.400000e+02,1.000000e+03,0.000000e+00,0.000000e+00,0.000000e+00
3.920000e+00,9.167314e+02,4.716000e+01,-2.436660e+01,1.200000e+01,2.400000e+02,1.000000e+03,0.000000e+00,0.000000e+00,0.000000e+00
3.930000e+00,9.164877e+02,4.728000e+01,-2.438280e+01,1.200000e+01,2.400000e+02,1.000000e+03,0.000000e+00,0.000000e+00,0.000000e+00
3.940000e+00,9.162438e+02,4.740000e+01,-2.439900e+01,1.200000e+01,2.400000e+02,1.000000e+03,0.000000e+00,0.000000e+00,0.000000e+00
3.950000e+00,9.159996e+02,4.752000e+01,-2.441520e+01,1.200000e+01,2.400000e+02,1.000000e+03,0.000000e+00,0.000000e+00,0.000000e+00
3.960000e+00,9.157553e+02,4.764000e+01,-2.443140e+01,1.200000e+01,2.400000e+02,1.000000e+03,0.000000e+00,0.000000e+00,0.000000e+00
3.970000e+00,9.155109e+02,4.776000e+01,-2.444760e+01,1.200000e+01,2.400000e+02,1.000000e+03,0.000000e+00,0.000000e+00,0.000000e+00
3.980000e+00,9.152663e+02,4.788000e+01,-2.446380e+01,1.200000e+01,2.400000e+02,1.000000e+03,0.000000e+00,0.000000e+00,0.000000e+00
3.990000e+00,9.150215e+02,4.800000e+01,-2.448000e+01,1.200000e+01,2.400000e+02,1.000000e+03,0.000000e+00,0.000000e+00,0.000000e+00
4.000000e+00,9.147767e+02,4.812000e+01,-2.449620e+01,1.200000e+01,2.400000e+02,1.000000e+03,0.000000e+00,0.000000e+00,0.000000e+00
4.010000e+00,9.145315e+02,4.824000e+01,-2.451240e+01,1.200000e+01,2.400000e+02,1.000000e+03,0.000000e+00,0.000000e+00,0.000000e+00
4.020000e+00,9.142863e+02,4.836000e+01,-2.452860e+01,1.200000e+01,2.400000e+02,1.000000e+03,0.000000e+00,0.000000e+00,0.000000e+00
4.030000e+00,9.140409e+02,4.848000e+01,-2.454480e+01,1.200000e+01,2.400000e+02,1.000000e+03,0.000000e+00,0.000000e+00,0.000000e+00
4.040000e+00,9.137953e+02,4.860000e+01,-2.456100e+01,1.200000e+01,2.400000e+02,1.000000e+03,0.000000e+00,0.000000e+00,0.000000e+00
4.050000e+00,9.135495e+02,4.872000e+01,-2.457720e+01,1.200000e+01,2.400000e+02,1.000000e+03,0.000000e+00,0.000000e+00,0.000000e+00
4.060000e+00,9.133036e+02,4.884000e+01,-2.459340e+01,1.200000e+01,2.400000e+02,1.000000e+03,0.000000e+00,0.000000e+00,0.000000e+00
4.070000e+00,9.130576e+02,4.896000e+01,-2.460960e+01,1.200000e+01,2.400000e+02,1.000000e+03,0.000000e+00,0.000000e+00,0.000000e+00
4.080000e+00,9.128113e+02,4.908000e+01,-2.462580e+01,1.200000e+01,2.400000e+02,1.000000e+03,0.000000e+00,0.000000e+00,0.000000e+00
4.090000e+00,9.125649e+02,4.920000e+01,-2.464200e+01,1.200000e+01,2.400000e+02,1.000000e+03,0.000000e+00,0.000000e+00,0.000000e+00
4.100000e+00,9.123184e+02,4.932000e+01,-2.465820e+01,1.200000e+01,2.400000e+02,1.000000e+03,0.000000e+00,0.000000e+00,0.000000e+00
4.110000e+00,9.120717e+02,4.944000e+01,-2.467440e+01,1.200000e+01,2.400000e+02,1.000000e+03,0.000000e+00,0.000000e+00,0.000000e+00
4.120000e+00,9.118248e+02,4.956000e+01,-2.469060e+01,1.200000e+01,2.400000e+02,1.000000e+03,0.000000e+00,0.000000e+00,0.000000e+00
4.130000e+00,9.115777e+02,4.968000e+01,-2.470680e+01,1.200000e+01,2.400000e+02,1.000000e+03,0.000000e+00,0.000000e+00,0.000000e+00
4.140000e+00,9.113306e+02,4.980000e+01,-2.472300e+01,1.200000e+01,2.400000e+02,1.000000e+03,0.000000e+00,0.000000e+00,0.000000e+00
4.150000e+00,9.110832e+02,4.992000e+01,-2.473920e+01,1.200000e+01,2.400000e+02,1.000000e+03,0.000000e+00,0.000000e+00,0.000000e+00
4.160000e+00,9.108357e+02,5.004000e+01,-2.475540e+01,1.200000e+01,2.400000e+02,1.000000e+03,0.000000e+00,0.000000e+00,0.000000e+00
4.170000e+00,9.105880e+02,5.016000e+01,-2.477160e+01,1.200000e+01,2.400000e+02,1.000000e+03,0.000000e+00,0.000000e+00,0.000000e+00
4.180000e+00,9.103401e+02,5.028000e+01,-2.478780e+01,1.200000e+01,2.400000e+02,1.000000e+03,0.000000e+00,0.000000e+00,0.000000e+00
4.190000e+00,9.100921e+02,5.040000e+01,-2.480400e+01,1.200000e+01,2.400000e+02,1.000000e+03,0.000000e+00,0.000000e+00,0.000000e+00
4.200000e+00,9.098439e+02,5.052000e+01,-2.482020e+01,1.200000e+01,2.400000e+02,1.000000e+03,0.000000e+00,0.000000e+00,0.000000e+00
4.210000e+00,9.095956e+02,5.064000e+01,-2.483640e+01,1.200000e+01,2.400000e+02,1.000000e+03,0.000000e+00,0.000000e+00,0.000000e+00
4.220000e+00,9.093471e+02,5.076000e+01,-2.485260e+01,1.200000e+01,2.400000e+02,1.000000e+03,0.000000e+00,0.000000e+00,0.000000e+00
4.230000e+00,9.090984e+02,5.088000e+01,-2.486880e+01,1.200000e+01,2.400000e+02,1.000000e+03,0.000000e+00,0.000000e+00,0.000000e+00
4.240000e+00,9.088496e+02,5.100000e+01,-2.488500e+01,1.200000e+01,2.400000e+02,1.000000e+03,0.000000e+00,0.000000e+00,0.000000e+00
4.250000e+00,9.086006e+02,5.112000e+01,-2.490120e+01,1.200000e+01,2.400000e+02,1.000000e+03,0.000000e+00,0.000000e+00,0.000000e+00
4.260000e+00,9.083515e+02,5.124000e+01,-2.491740e+01,1.200000e+01,2.400000e+02,1.000000e+03,0.000000e+00,0.000000e+00,0.000000e+00
4.270000e+00,9.081022e+02,5.136000e+01,-2.493360e+01,1.200000e+01,2.400000e+02,1.000000e+03,0.000000e+00,0.000000e+00,0.000000e+00
4.280000e+00,9.078527e+02,5.148000e+01,-2.494980e+01,1.200000e+01,2.400000e+02,1.000000e+03,0.000000e+00,0.000000e+00,0.000000e+00
4.290000e+00,9.076030e+02,5.160000e+01,-2.496600e+01,1.200000e+01,2.400000e+02,1.000000e+03,0.000000e+00,0.000000e+00,0.000000e+00
4.300000e+00,9.073533e+02,5.172000e+01,-2.498220e+01,1.200000e+01,2.400000e+02,1.000000e+03,0.000000e+00,0.000000e+00,0.000000e+00
4.310000e+00,9.071033e+02,5.184000e+01,-2.499840e+01,1.200000e+01,2.400000e+02,1.000000e+03,0.000000e+00,0.000000e+00,0.000000e+00
4.320000e+00,9.068532e+02,5.196000e+01,-2.501460e+01,1.200000e+01,2.400000e+02,1.000000e+03,0.000000e+00,0.000000e+00,0.000000e+00
4.330000e+00,9.066029e+02,5.208000e+01,-2.503080e+01,1.200000e+01,2.400000e+02,1.000000e+03,0.000000e+00,0.000000e+00,0.000000e+00
4.340000e+00,9.063525e+02,5.220000e+01,-2.504700e+01,1.200000e+01,2.400000e+02,1.000000e+03,0.000000e+00,0.000000e+00,0.000000e+00
4.350000e+00,9.061018e+02,5.232000e+01,-2.506320e+01,1.200000e+01,2.400000e+02,1.000000e+03,0.000000e+00,0.000000e+00,0.000000e+00
4.360000e+00,9.058511e+02,5.244000e+01,-2.507940e+01,1.200000e+01,2.400000e+02,1.000000e+03,0.000000e+00,0.000000e+00,0.000000e+00
4.370000e+00,9.056002e+02,5.256000e+01,-2.509560e+01,1.200000e+01,2.400000e+02,1.000000e+03,0.000000e+00,0.000000e+00,0.000000e+00
4.380000e+00,9.053491e+02,5.268000e+01,-2.511180e+01,1.200000e+01,2.400000e+02,1.000000e+03,0.000000e+00,0.000000e+00,0.000000e+00
4.390000e+00,9.050978e+02,5.280000e+01,-2.512800e+01,1.200000e+01,2.400000e+02,1.000000e+03,0.000000e+00,0.000000e+00,0.000000e+00
4.400000e+00,9.048464e+02,5.292000e+01,-2.514420e+01,1.200000e+01,2.400000e+02,1.000000e+03,0.000000e+00,0.000000e+00,0.000000e+00
4.410000e+00,9.045948e+02,5.304000e+01,-2.516040e+01,1.200000e+01,2.400000e+02,1.000000e+03,0.000000e+00,0.000000e+00,0.000000e+00
4.420000e+00,9.043431e+02,5.316000e+01,-2.517660e+01,1.200000e+01,2.400000e+02,1.000000e+03,0.000000e+00,0.000000e+00,0.000000e+00
4.430000e+00,9.040912e+02,5.328000e+01,-2.519280e+01,1.200000e+01,2.400000e+02,1.000000e+03,0.000000e+00,0.000000e+00,0.000000e+00
4.440000e+00,9.038391e+02,5.340000e+01,-2.520900e+01,1.200000e+01,2.400000e+02,1.000000e+03,0.000000e+00,0.000000e+00,0.000000e+00
4.450000e+00,9.035869e+02,5.352000e+01,-2.522520e+01,1.200000e+01,2.400000e+02,1.000000e+03,0.000000e+00,0.000000e+00,0.000000e+00
4.460000e+00,9.033345e+02,5.364000e+01,-2.524140e+01,1.200000e+01,2.400000e+02,1.000000e+03,0.000000e+00,0.000000e+00,0.000000e+00
4.470000e+00,9.030820e+02,5.376000e+01,-2.525760e+01,1.200000e+01,2.400000e+02,1.000000e+03,0.000000e+00,0.000000e+00,0.000000e+00
4.480000e+00,9.028293e+02,5.388000e+01,-2.527380e+01,1.200000e+01,2.400000e+02,1.000000e+03,0.000000e+00,0.000000e+00,0.000000e+00
4.490000e+00,9.025764e+02,5.400000e+01,-2.529000e+01,1.200000e+01,2.400000e+02,1.000000e+03,0.000000e+00,0.000000e+00,0.000000e+00
4.500000e+00,9.023234e+02,5.412000e+01,-2.530620e+01,1.200000e+01,2.400000e+02,1.000000e+03,0.000000e+00,0.000000e+00,0.000000e+00
4.510000e+00,9.020701e+02,5.424000e+01,-2.532240e+01,1.200000e+01,2.400000e+02,1.000000e+03,0.000000e+00,0.000000e+00,0.000000e+00
4.520000e+00,9.018168e+02,5.436000e+01,-2.533860e+01,1.200000e+01,2.400000e+02,1.000000e+03,0.000000e+00,0.000000e+00,0.000000e+00
4.530000e+00,9.015633e+02,5.448000e+01,-2.535480e+01,1.200000e+01,2.400000e+02,1.000000e+03,0.000000e+00,0.000000e+00,0.000000e+00
4.540000e+00,9.013096e+02,5.460000e+01,-2.537100e+01,1.200000e+01,2.400000e+02,1.000000e+03,0.000000e+00,0.000000e+00,0.000000e+00
4.550000e+00,9.010557e+02,5.472000e+01,-2.538720e+01,1.200000e+01,2.400000e+02,1.000000e+03,0.000000e+00,0.000000e+00,0.000000e+00
4.560000e+00,9.008017e+02,5.484000e+01,-2.540340e+01,1.200000e+01,2.400000e+02,1.000000e+03,0.000000e+00,0.000000e+00,0.000000e+00
4.570000e+00,9.005476e+02,5.496000e+01,-2.541960e+01,1.200000e+01,2.400000e+02,1.000000e+03,0.000000e+00,0.000000e+00,0.000000e+00
4.580000e+00,9.002932e+02,5.508000e+01,-2.543580e+01,1.200000e+01,2.400000e+02,1.000000e+03,0.000000e+00,0.000000e+00,0.000000e+00
4.590000e+00,9.000387e+02,5.520000e+01,-2.545200e+01,1.200000e+01,2.400000e+02,1.000000e+03,0.000000e+00,0.000000e+00,0.000000e+00
4.600000e+00,8.997841e+02,5.532000e+01,-2.546820e+01,1.200000e+01,2.400000e+02,1.000000e+03,0.000000e+00,0.000000e+00,0.000000e+00
4.610000e+00,8.995293e+02,5.544000e+01,-2.548440e+01,1.200000e+01,2.400000e+02,1.000000e+03,0.000000e+00,0.000000e+00,0.000000e+00
4.620000e+00,8.992743e+02,5.556000e+01,-2.550060e+01,1.200000e+01,2.400000e+02,1.000000e+03,0.000000e+00,0.000000e+00,0.000000e+00
4.630000e+00,8.990191e+02,5.568000e+01,-2.551680e+01,1.200000e+01,2.400000e+02,1.000000e+03,0.000000e+00,0.000000e+00,0.000000e+00
4.640000e+00,8.987639e+02,5.580000e+01,-2.553300e+01,1.200000e+01,2.400000e+02,1.000000e+03,0.000000e+00,0.000000e+00,0.000000e+00
4.650000e+00,8.985084e+02,5.592000e+01,-2.554920e+01,1.200000e+01,2.400000e+02,1.000000e+03,0.000000e+00,0.000000e+00,0.000000e+00
4.660000e+00,8.982528e+02,5.604000e+01,-2.556540e+01,1.200000e+01,2.400000e+02,1.000000e+03,0.000000e+00,0.000000e+00,0.000000e+00
4.670000e+00,8.979970e+02,5.616000e+01,-2.558160e+01,1.200000e+01,2.400000e+02,1.000000e+03,0.000000e+00,0.000000e+00,0.000000e+00
4.680000e+00,8.977410e+02,5.628000e+01,-2.559780e+01,1.200000e+01,2.400000e+02,1.000000e+03,0.000000e+00,0.000000e+00,0.000000e+00
4.690000e+00,8.974849e+02,5.640000e+01,-2.561400e+01,1.200000e+01,2.400000e+02,1.000000e+03,0.000000e+00,0.000000e+00,0.000000e+00
4.700000e+00,8.972286e+02,5.652000e+01,-2.563020e+01,1.200000e+01,2.400000e+02,1.000000e+03,0.000000e+00,0.000000e+00,0.000000e+00
4.710000e+00,8.969722e+02,5.664000e+01,-2.564640e+01,1.200000e+01,2.400000e+02,1.000000e+03,0.000000e+00,0.000000e+00,0.000000e+00
4.720000e+00,8.967156e+02,5.676000e+01,-2.566260e+01,1.200000e+01,2.400000e+02,1.000000e+03,0.000000e+00,0.000000e+00,0.000000e+00
4.730000e+00,8.964588e+02,5.688000e+01,-2.567880e+01,1.200000e+01,2.400000e+02,1.000000e+03,0.000000e+00,0.000000e+00,0.000000e+00
4.740000e+00,8.962019e+02,5.700000e+01,-2.569500e+01,1.200000e+01,2.400000e+02,1.000000e+03,0.000000e+00,0.000000e+00,0.000000e+00
4.750000e+00,8.959448e+02,5.712000e+01,-2.571120e+01,1.200000e+01,2.400000e+02,1.000000e+03,0.000000e+00,0.000000e+00,0.000000e+00
4.760000e+00,8.956876e+02,5.724000e+01,-2.572740e+01,1.200000e+01,2.400000e+02,1.000000e+03,0.000000e+00,0.000000e+00,0.000000e+00
4.770000e+00,8.954302e+02,5.736000e+01,-2.574360e+01,1.200000e+01,2.400000e+02,1.000000e+03,0.000000e+00,0.000000e+00,0.000000e+00
4.780000e+00,8.951726e+02,5.748000e+01,-2.575980e+01,1.200000e+01,2.400000e+02,1.000000e+03,0.000000e+00,0.000000e+00,0.000000e+00
4.790000e+00,8.949148e+02,5.760000e+01,-2.577600e+01,1.200000e+01,2.400000e+02,1.000000e+03,0.000000e+00,0.000000e+00,0.000000e+00
4.800000e+00,8.946570e+02,5.772000e+01,-2.579220e+01,1.200000e+01,2.400000e+02,1.000000e+03,0.000000e+00,0.000000e+00,0.000000e+00
4.810000e+00,8.943989e+02,5.784000e+01,-2.580840e+01,1.200000e+01,2.400000e+02,1.000000e+03,0.000000e+00,0.000000e+00,0.000000e+00
4.820000e+00,8.941407e+02,5.796000e+01,-2.582460e+01,1.200000e+01,2.400000e+02,1.000000e+03,0.000000e+00,0.000000e+00,0.000000e+00
4.830000e+00,8.938823e+02,5.808000e+01,-2.584080e+01,1.200000e+01,2.400000e+02,1.000000e+03,0.000000e+00,0.000000e+00,0.000000e+00
4.840000e+00,8.936238e+02,5.820000e+01,-2.585700e+01,1.200000e+01,2.400000e+02,1.000000e+03,0.000000e+00,0.000000e+00,0.000000e+00
4.850000e+00,8.933650e+02,5.832000e+01,-2.587320e+01,1.200000e+01,2.400000e+02,1.000000e+03,0.000000e+00,0.000000e+00,0.000000e+00
4.860000e+00,8.931062e+02,5.844000e+01,-2.588940e+01,1.200000e+01,2.400000e+02,1.000000e+03,0.000000e+00,0.000000e+00,0.000000e+00
4.870000e+00,8.928472e+02,5.856000e+01,-2.590560e+01,1.200000e+01,2.400000e+02,1.000000e+03,0.000000e+00,0.000000e+00,0.000000e+00
4.880000e+00,8.925880e+02,5.868000e+01,-2.592180e+01,1.200000e+01,2.400000e+02,1.000000e+03,0.000000e+00,0.000000e+00,0.000000e+00
4.890000e+00,8.923286e+02,5.880000e+01,-2.593800e+01,1.200000e+01,2.400000e+02,1.000000e+03,0.000000e+00,0.000000e+00,0.000000e+00
4.900000e+00,8.920691e+02,5.892000e+01,-2.595420e+01,1.200000e+01,2.400000e+02,1.000000e+03,0.000000e+00,0.000000e+00,0.000000e+00
4.910000e+00,8.918094e+02,5.904000e+01,-2.597040e+01,1.200000e+01,2.400000e+02,1.000000e+03,0.000000e+00,0.000000e+00,0.000000e+00
4.920000e+00,8.915496e+02,5.916000e+01,-2.598660e+01,1.200000e+01,2.400000e+02,1.000000e+03,0.000000e+00,0.000000e+00,0.000000e+00
4.930000e+00,8.912896e+02,5.928000e+01,-2.600280e+01,1.200000e+01,2.400000e+02,1.000000e+03,0.000000e+00,0.000000e+00,0.000000e+00
4.940000e+00,8.910294e+02,5.940000e+01,-2.601900e+01,1.200000e+01,2.400000e+02,1.000000e+03,0.000000e+00,0.000000e+00,0.000000e+00
4.950000e+00,8.907691e+02,5.952000e+01,-2.603520e+01,1.200000e+01,2.400000e+02,1.000000e+03,0.000000e+00,0.000000e+00,0.000000e+00
4.960000e+00,8.905086e+02,5.964000e+01,-2.605140e+01,1.200000e+01,2.400000e+02,1.000000e+03,0.000000e+00,0.000000e+00,0.000000e+00
4.970000e+00,8.902480e+02,5.976000e+01,-2.606760e+01,1.200000e+01,2.400000e+02,1.000000e+03,0.000000e+00,0.000000e+00,0.000000e+00
4.980000e+00,8.899872e+02,5.988000e+01,-2.608380e+01,1.200000e+01,2.400000e+02,1.000000e+03,0.000000e+00,0.000000e+00,0.000000e+00
4.990000e+00,8.897262e+02,6.000000e+01,-2.610000e+01,1.200000e+01,2.400000e+02,1.000000e+03,0.000000e+00,0.000000e+00,0.000000e+00
5.000000e+00,8.894651e+02,6.012000e+01,-2.611620e+01,1.200000e+01,2.400000e+02,1.000000e+03,0.000000e+00,0.000000e+00,0.000000e+00
5.010000e+00,8.892037e+02,6.024000e+01,-2.613240e+01,1.200000e+01,2.400000e+02,1.000000e+03,0.000000e+00,0.000000e+00,0.000000e+00
5.020000e+00,8.889423e+02,6.036000e+01,-2.614860e+01,1.200000e+01,2.400000e+02,1.000000e+03,0.000000e+00,0.000000e+00,0.000000e+00
5.030000e+00,8.886807e+02,6.048000e+01,-2.616480e+01,1.200000e+01,2.400000e+02,1.000000e+03,0.000000e+00,0.000000e+00,0.000000e+00
5.040000e+00,8.884189e+02,6.060000e+01,-2.618100e+01,1.200000e+01,2.400000e+02,1.000000e+03,0.000000e+00,0.000000e+00,0.000000e+00
5.050000e+00,8.881569e+02,6.072000e+01,-2.619720e+01,1.200000e+01,2.400000e+02,1.000000e+03,0.000000e+00,0.000000e+00,0.000000e+00
5.060000e+00,8.878948e+02,6.084000e+01,-2.621340e+01,1.200000e+01,2.400000e+02,1.000000e+03,0.000000e+00,0.000000e+00,0.000000e+00
5.070000e+00,8.876326e+02,6.096000e+01,-2.622960e+01,1.200000e+01,2.400000e+02,1.000000e+03,0.000000e+00,0.000000e+00,0.000000e+00
5.080000e+00,8.873701e+02,6.108000e+01,-2.624580e+01,1.200000e+01,2.400000e+02,1.000000e+03,0.000000e+00,0.000000e+00,0.000000e+00
5.090000e+00,8.871075e+02,6.120000e+01,-2.626200e+01,1.200000e+01,2.400000e+02,1.000000e+03,0.000000e+00,0.000000e+00,0.000000e+00
5.100000e+00,8.868448e+02,6.132000e+01,-2.627820e+01,1.200000e+01,2.400000e+02,1.000000e+03,0.000000e+00,0.000000e+00,0.000000e+00
5.110000e+00,8.865819e+02,6.144000e+01,-2.629440e+01,1.200000e+01,2.400000e+02,1.000000e+03,0.000000e+00,0.000000e+00,0.000000e+00
5.120000e+00,8.863188e+02,6.156000e+01,-2.631060e+01,1.200000e+01,2.400000e+02,1.000000e+03,0.000000e+00,0.000000e+00,0.000000e+00
5.130000e+00,8.860555e+02,6.168000e+01,-2.632680e+01,1.200000e+01,2.400000e+02,1.000000e+03,0.000000e+00,0.000000e+00,0.000000e+00
5.140000e+00,8.857922e+02,6.180000e+01,-2.634300e+01,1.200000e+01,2.400000e+02,1.000000e+03,0.000000e+00,0.000000e+00,0.000000e+00
5.150000e+00,8.855286e+02,6.192000e+01,-2.635920e+01,1.200000e+01,2.400000e+02,1.000000e+03,0.000000e+00,0.000000e+00,0.000000e+00
5.160000e+00,8.852649e+02,6.204000e+01,-2.637540e+01,1.200000e+01,2.400000e+02,1.000000e+03,0.000000e+00,0.000000e+00,0.000000e+00
5.170000e+00,8.850010e+02,6.216000e+01,-2.639160e+01,1.200000e+01,2.400000e+02,1.000000e+03,0.000000e+00,0.000000e+00,0.000000e+00
5.180000e+00,8.847369e+02,6.228000e+01,-2.640780e+01,1.200000e+01,2.400000e+02,1.000000e+03,0.000000e+00,0.000000e+00,0.000000e+00
5.190000e+00,8.844727e+02,6.240000e+01,-2.642400e+01,1.200000e+01,2.400000e+02,1.000000e+03,0.000000e+00,0.000000e+00,0.000000e+00
5.200000e+00,8.842083e+02,6.252000e+01,-2.644020e+01,1.200000e+01,2.400000e+02,1.000000e+03,0.000000e+00,0.000000e+00,0.000000e+00
5.210000e+00,8.839438e+02,6.264000e+01,-2.645640e+01,1.200000e+01,2.400000e+02,1.000000e+03,0.000000e+00,0.000000e+00,0.000000e+00
5.220000e+00,8.836791e+02,6.276000e+01,-2.647260e+01,1.200000e+01,2.400000e+02,1.000000e+03,0.000000e+00,0.000000e+00,0.000000e+00
5.230000e+00,8.834142e+02,6.288000e+01,-2.648880e+01,1.200000e+01,2.400000e+02,1.000000e+03,0.000000e+00,0.000000e+00,0.000000e+00
5.240000e+00,8.831492e+02,6.300000e+01,-2.650500e+01,1.200000e+01,2.400000e+02,1.000000e+03,0.000000e+00,0.000000e+00,0.000000e+00
5.250000e+00,8.828840e+02,6.312000e+01,-2.652120e+01,1.200000e+01,2.400000e+02,1.000000e+03,0.000000e+00,0.000000e+00,0.000000e+00
5.260000e+00,8.826187e+02,6.324000e+01,-2.653740e+01,1.200000e+01,2.400000e+02,1.000000e+03,0.000000e+00,0.000000e+00,0.000000e+00
5.270000e+00,8.823532e+02,6.336000e+01,-2.655360e+01,1.200000e+01,2.400000e+02,1.000000e+03,0.000000e+00,0.000000e+00,0.000000e+00
5.280000e+00,8.820875e+02,6.348000e+01,-2.656980e+01,1.200000e+01,2.400000e+02,1.000000e+03,0.000000e+00,0.000000e+00,0.000000e+00
5.290000e+00,8.818216e+02,6.360000e+01,-2.658600e+01,1.200000e+01,2.400000e+02,1.000000e+03,0.000000e+00,0.000000e+00,0.000000e+00
5.300000e+00,8.815557e+02,6.372000e+01,-2.660220e+01,1.200000e+01,2.400000e+02,1.000000e+03,0.000000e+00,0.000000e+00,0.000000e+00
5.310000e+00,8.812895e+02,6.384000e+01,-2.661840e+01,1.200000e+01,2.400000e+02,1.000000e+03,0.000000e+00,0.000000e+00,0.000000e+00
5.320000e+00,8.810232e+02,6.396000e+01,-2.663460e+01,1.200000e+01,2.400000e+02,1.000000e+03,0.000000e+00,0.000000e+00,0.000000e+00
5.330000e+00,8.807567e+02,6.408000e+01,-2.665080e+01,1.200000e+01,2.400000e+02,1.000000e+03,0.000000e+00,0.000000e+00,0.000000e+00
5.340000e+00,8.804901e+02,6.420000e+01,-2.666700e+01,1.200000e+01,2.400000e+02,1.000000e+03,0.000000e+00,0.000000e+00,0.000000e+00
5.350000e+00,8.802232e+02,6.432000e+01,-2.668320e+01,1.200000e+01,2.400000e+02,1.000000e+03,0.000000e+00,0.000000e+00,0.000000e+00
5.360000e+00,8.799563e+02,6.444000e+01,-2.669940e+01,1.200000e+01,2.400000e+02,1.000000e+03,0.000000e+00,0.000000e+00,0.000000e+00
5.370000e+00,8.796892e+02,6.456000e+01,-2.671560e+01,1.200000e+01,2.400000e+02,1.000000e+03,0.000000e+00,0.000000e+00,0.000000e+00
5.380000e+00,8.794219e+02,6.468000e+01,-2.673180e+01,1.200000e+01,2.400000e+02,1.000000e+03,0.000000e+00,0.000000e+00,0.000000e+00
5.390000e+00,8.791544e+02,6.480000e+01,-2.674800e+01,1.200000e+01,2.400000e+02,1.000000e+03,0.000000e+00,0.000000e+00,0.000000e+00
5.400000e+00,8.788868e+02,6.492000e+01,-2.676420e+01,1.200000e+01,2.400000e+02,1.000000e+03,0.000000e+00,0.000000e+00,0.000000e+00
5.410000e+00,8.786190e+02,6.504000e+01,-2.678040e+01,1.200000e+01,2.400000e+02,1.000000e+03,0.000000e+00,0.000000e+00,0.000000e+00
5.420000e+00,8.783511e+02,6.516000e+01,-2.679660e+01,1.200000e+01,2.400000e+02,1.000000e+03,0.000000e+00,0.000000e+00,0.000000e+00
5.430000e+00,8.780830e+02,6.528000e+01,-2.681280e+01,1.200000e+01,2.400000e+02,1.000000e+03,0.000000e+00,0.000000e+00,0.000000e+00
5.440000e+00,8.778147e+02,6.540000e+01,-2.682900e+01,1.200000e+01,2.400000e+02,1.000000e+03,0.000000e+00,0.000000e+00,0.000000e+00
5.450000e+00,8.775463e+02,6.552000e+01,-2.684520e+01,1.200000e+01,2.400000e+02,1.000000e+03,0.000000e+00,0.000000e+00,0.000000e+00
5.460000e+00,8.772777e+02,6.564000e+01,-2.686140e+01,1.200000e+01,2.400000e+02,1.000000e+03,0.000000e+00,0.000000e+00,0.000000e+00
5.470000e+00,8.770090e+02,6.576000e+01,-2.687760e+01,1.200000e+01,2.400000e+02,1.000000e+03,0.000000e+00,0.000000e+00,0.000000e+00
5.480000e+00,8.767401e+02,6.588000e+01,-2.689380e+01,1.200000e+01,2.400000e+02,1.000000e+03,0.000000e+00,0.000000e+00,0.000000e+00
5.490000e+00,8.764710e+02,6.600000e+01,-2.691000e+01,1.200000e+01,2.400000e+02,1.000000e+03,0.000000e+00,0.000000e+00,0.000000e+00
5.500000e+00,8.762018e+02,6.612000e+01,-2.692620e+01,1.200000e+01,2.400000e+02,1.000000e+03,0.000000e+00,0.000000e+00,0.000000e+00
5.510000e+00,8.759323e+02,6.624000e+01,-2.694240e+01,1.200000e+01,2.400000e+02,1.000000e+03,0.000000e+00,0.000000e+00,0.000000e+00
5.520000e+00,8.756628e+02,6.636000e+01,-2.695860e+01,1.200000e+01,2.400000e+02,1.000000e+03,0.000000e+00,0.000000e+00,0.000000e+00
5.530000e+00,8.753931e+02,6.648000e+01,-2.697480e+01,1.200000e+01,2.400000e+02,1.000000e+03,0.000000e+00,0.000000e+00,0.000000e+00
5.540000e+00,8.751232e+02,6.660000e+01,-2.699100e+01,1.200000e+01,2.400000e+02,1.000000e+03,0.000000e+00,0.000000e+00,0.000000e+00
5.550000e+00,8.748531e+02,6.672000e+01,-2.700720e+01,1.200000e+01,2.400000e+02,1.000000e+03,0.000000e+00,0.000000e+00,0.000000e+00
5.560000e+00,8.745829e+02,6.684000e+01,-2.702340e+01,1.200000e+01,2.400000e+02,1.000000e+03,0.000000e+00,0.000000e+00,0.000000e+00
5.570000e+00,8.743126e+02,6.696000e+01,-2.703960e+01,1.200000e+01,2.400000e+02,1.000000e+03,0.000000e+00,0.000000e+00,0.000000e+00
5.580000e+00,8.740420e+02,6.708000e+01,-2.705580e+01,1.200000e+01,2.400000e+02,1.000000e+03,0.000000e+00,0.000000e+00,0.000000e+00
5.590000e+00,8.737713e+02,6.720000e+01,-2.707200e+01,1.200000e+01,2.400000e+02,1.000000e+03,0.000000e+00,0.000000e+00,0.000000e+00
5.600000e+00,8.735005e+02,6.732000e+01,-2.708820e+01,1.200000e+01,2.400000e+02,1.000000e+03,0.000000e+00,0.000000e+00,0.000000e+00
5.610000e+00,8.732295e+02,6.744000e+01,-2.710440e+01,1.200000e+01,2.400000e+02,1.000000e+03,0.000000e+00,0.000000e+00,0.000000e+00
5.620000e+00,8.729583e+02,6.756000e+01,-2.712060e+01,1.200000e+01,2.400000e+02,1.000000e+03,0.000000e+00,0.000000e+00,0.000000e+00
5.630000e+00,8.726869e+02,6.768000e+01,-2.713680e+01,1.200000e+01,2.400000e+02,1.000000e+03,0.000000e+00,0.000000e+00,0.000000e+00
5.640000e+00,8.724155e+02,6.780000e+01,-2.715300e+01,1.200000e+01,2.400000e+02,1.000000e+03,0.000000e+00,0.000000e+00,0.000000e+00
5.650000e+00,8.721438e+02,6.792000e+01,-2.716920e+01,1.200000e+01,2.400000e+02,1.000000e+03,0.000000e+00,0.000000e+00,0.000000e+00
5.660000e+00,8.718720e+02,6.804000e+01,-2.718540e+01,1.200000e+01,2.400000e+02,1.000000e+03,0.000000e+00,0.000000e+00,0.000000e+00
5.670000e+00,8.716000e+02,6.816000e+01,-2.720160e+01,1.200000e+01,2.400000e+02,1.000000e+03,0.000000e+00,0.000000e+00,0.000000e+00
5.680000e+00,8.713278e+02,6.828000e+01,-2.721780e+01,1.200000e+01,2.400000e+02,1.000000e+03,0.000000e+00,0.000000e+00,0.000000e+00
5.690000e+00,8.710555e+02,6.840000e+01,-2.723400e+01,1.200000e+01,2.400000e+02,1.000000e+03,0.000000e+00,0.000000e+00,0.000000e+00
5.700000e+00,8.707830e+02,6.852000e+01,-2.725020e+01,1.200000e+01,2.400000e+02,1.000000e+03,0.000000e+00,0.000000e+00,0.000000e+00
5.710000e+00,8.705104e+02,6.864000e+01,-2.726640e+01,1.200000e+01,2.400000e+02,1.000000e+03,0.000000e+00,0.000000e+00,0.000000e+00
5.720000e+00,8.702376e+02,6.876000e+01,-2.728260e+01,1.200000e+01,2.400000e+02,1.000000e+03,0.000000e+00,0.000000e+00,0.000000e+00
5.730000e+00,8.699646e+02,6.888000e+01,-2.729880e+01,1.200000e+01,2.400000e+02,1.000000e+03,0.000000e+00,0.000000e+00,0.000000e+00
5.740000e+00,8.696915e+02,6.900000e+01,-2.731500e+01,1.200000e+01,2.400000e+02,1.000000e+03,0.000000e+00,0.000000e+00,0.000000e+00
5.750000e+00,8.694182e+02,6.912000e+01,-2.733120e+01,1.200000e+01,2.400000e+02,1.000000e+03,0.000000e+00,0.000000e+00,0.000000e+00
5.760000e+00,8.691448e+02,6.924000e+01,-2.734740e+01,1.200000e+01,2.400000e+02,1.000000e+03,0.000000e+00,0.000000e+00,0.000000e+00
5.770000e+00,8.688712e+02,6.936000e+01,-2.736360e+01,1.200000e+01,2.400000e+02,1.000000e+03,0.000000e+00,0.000000e+00,0.000000e+00
5.780000e+00,8.685974e+02,6.948000e+01,-2.737980e+01,1.200000e+01,2.400000e+02,1.000000e+03,0.000000e+00,0.000000e+00,0.000000e+00
5.790000e+00,8.683234e+02,6.960000e+01,-2.739600e+01,1.200000e+01,2.400000e+02,1.000000e+03,0.000000e+00,0.000000e+00,0.000000e+00
5.800000e+00,8.680494e+02,6.972000e+01,-2.741220e+01,1.200000e+01,2.400000e+02,1.000000e+03,0.000000e+00,0.000000e+00,0.000000e+00
5.810000e+00,8.677751e+02,6.984000e+01,-2.742840e+01,1.200000e+01,2.400000e+02,1.000000e+03,0.000000e+00,0.000000e+00,0.000000e+00
5.820000e+00,8.675007e+02,6.996000e+01,-2.744460e+01,1.200000e+01,2.400000e+02,1.000000e+03,0.000000e+00,0.000000e+00,0.000000e+00
5.830000e+00,8.672261e+02,7.008000e+01,-2.746080e+01,1.200000e+01,2.400000e+02,1.000000e+03,0.000000e+00,0.000000e+00,0.000000e+00
5.840000e+00,8.669514e+02,7.020000e+01,-2.747700e+01,1.200000e+01,2.400000e+02,1.000000e+03,0.000000e+00,0.000000e+00,0.000000e+00
5.850000e+00,8.666764e+02,7.032000e+01,-2.749320e+01,1.200000e+01,2.400000e+02,1.000000e+03,0.000000e+00,0.000000e+00,0.000000e+00
5.860000e+00,8.664014e+02,7.044000e+01,-2.750940e+01,1.200000e+01,2.400000e+02,1.000000e+03,0.000000e+00,0.000000e+00,0.000000e+00
5.870000e+00,8.661262e+02,7.056000e+01,-2.752560e+01,1.200000e+01,2.400000e+02,1.000000e+03,0.000000e+00,0.000000e+00,0.000000e+00
5.880000e+00,8.658508e+02,7.068000e+01,-2.754180e+01,1.200000e+01,2.400000e+02,1.000000e+03,0.000000e+00,0.000000e+00,0.000000e+00
5.890000e+00,8.655752e+02,7.080000e+01,-2.755800e+01,1.200000e+01,2.400000e+02,1.000000e+03,0.000000e+00,0.000000e+00,0.000000e+00
5.900000e+00,8.652995e+02,7.092000e+01,-2.757420e+01,1.200000e+01,2.400000e+02,1.000000e+03,0.000000e+00,0.000000e+00,0.000000e+00
5.910000e+00,8.650236e+02,7.104000e+01,-2.759040e+01,1.200000e+01,2.400000e+02,1.000000e+03,0.000000e+00,0.000000e+00,0.000000e+00
5.920000e+00,8.647476e+02,7.116000e+01,-2.760660e+01,1.200000e+01,2.400000e+02,1.000000e+03,0.000000e+00,0.000000e+00,0.000000e+00
5.930000e+00,8.644714e+02,7.128000e+01,-2.762280e+01,1.200000e+01,2.400000e+02,1.000000e+03,0.000000e+00,0.000000e+00,0.000000e+00
5.940000e+00,8.641950e+02,7.140000e+01,-2.763900e+01,1.200000e+01,2.400000e+02,1.000000e+03,0.000000e+00,0.000000e+00,0.000000e+00
5.950000e+00,8.639185e+02,7.152000e+01,-2.765520e+01,1.200000e+01,2.400000e+02,1.000000e+03,0.000000e+00,0.000000e+00,0.000000e+00
5.960000e+00,8.636418e+02,7.164000e+01,-2.767140e+01,1.200000e+01,2.400000e+02,1.000000e+03,0.000000e+00,0.000000e+00,0.000000e+00
5.970000e+00,8.633650e+02,7.176000e+01,-2.768760e+01,1.200000e+01,2.400000e+02,1.000000e+03,0.000000e+00,0.000000e+00,0.000000e+00
5.980000e+00,8.630880e+02,7.188000e+01,-2.770380e+01,1.200000e+01,2.400000e+02,1.000000e+03,0.000000e+00,0.000000e+00,0.000000e+00
5.990000e+00,8.628108e+02,7.200000e+01,-2.772000e+01,1.200000e+01,2.400000e+02,1.000000e+03,0.000000e+00,0.000000e+00,0.000000e+00
6.000000e+00,8.625335e+02,7.212000e+01,-2.773620e+01,1.200000e+01,2.400000e+02,1.000000e+03,0.000000e+00,0.000000e+00,0.000000e+00
6.010000e+00,8.622559e+02,7.224000e+01,-2.775240e+01,1.200000e+01,2.400000e+02,1.000000e+03,0.000000e+00,0.000000e+00,0.000000e+00
6.020000e+00,8.619783e+02,7.236000e+01,-2.776860e+01,1.200000e+01,2.400000e+02,1.000000e+03,0.000000e+00,0.000000e+00,0.000000e+00
6.030000e+00,8.617005e+02,7.248000e+01,-2.778480e+01,1.200000e+01,2.400000e+02,1.000000e+03,0.000000e+00,0.000000e+00,0.000000e+00
6.040000e+00,8.614225e+02,7.260000e+01,-2.780100e+01,1.200000e+01,2.400000e+02,1.000000e+03,0.000000e+00,0.000000e+00,0.000000e+00
6.050000e+00,8.611443e+02,7.272000e+01,-2.781720e+01,1.200000e+01,2.400000e+02,1.000000e+03,0.000000e+00,0.000000e+00,0.000000e+00
6.060000e+00,8.608660e+02,7.284000e+01,-2.783340e+01,1.200000e+01,2.400000e+02,1.000000e+03,0.000000e+00,0.000000e+00,0.000000e+00
6.070000e+00,8.605876e+02,7.296000e+01,-2.784960e+01,1.200000e+01,2.400000e+02,1.000000e+03,0.000000e+00,0.000000e+00,0.000000e+00
6.080000e+00,8.603089e+02,7.308000e+01,-2.786580e+01,1.200000e+01,2.400000e+02,1.000000e+03,0.000000e+00,0.000000e+00,0.000000e+00
6.090000e+00,8.600301e+02,7.320000e+01,-2.788200e+01,1.200000e+01,2.400000e+02,1.000000e+03,0.000000e+00,0.000000e+00,0.000000e+00
6.100000e+00,8.597512e+02,7.332000e+01,-2.789820e+01,1.200000e+01,2.400000e+02,1.000000e+03,0.000000e+00,0.000000e+00,0.000000e+00
6.110000e+00,8.594721e+02,7.344000e+01,-2.791440e+01,1.200000e+01,2.400000e+02,1.000000e+03,0.000000e+00,0.000000e+00,0.000000e+00
6.120000e+00,8.591928e+02,7.356000e+01,-2.793060e+01,1.200000e+01,2.400000e+02,1.000000e+03,0.000000e+00,0.000000e+00,0.000000e+00
6.130000e+00,8.589133e+02,7.368000e+01,-2.794680e+01,1.200000e+01,2.400000e+02,1.000000e+03,0.000000e+00,0.000000e+00,0.000000e+00
6.140000e+00,8.586338e+02,7.380000e+01,-2.796300e+01,1.200000e+01,2.400000e+02,1.000000e+03,0.000000e+00,0.000000e+00,0.000000e+00
6.150000e+00,8.583540e+02,7.392000e+01,-2.797920e+01,1.200000e+01,2.400000e+02,1.000000e+03,0.000000e+00,0.000000e+00,0.000000e+00
6.160000e+00,8.580741e+02,7.404000e+01,-2.799540e+01,1.200000e+01,2.400000e+02,1.000000e+03,0.000000e+00,0.000000e+00,0.000000e+00
6.170000e+00,8.577940e+02,7.416000e+01,-2.801160e+01,1.200000e+01,2.400000e+02,1.000000e+03,0.000000e+00,0.000000e+00,0.000000e+00
6.180000e+00,8.575137e+02,7.428000e+01,-2.802780e+01,1.200000e+01,2.400000e+02,1.000000e+03,0.000000e+00,0.000000e+00,0.000000e+00
6.190000e+00,8.572333e+02,7.440000e+01,-2.804400e+01,1.200000e+01,2.400000e+02,1.000000e+03,0.000000e+00,0.000000e+00,0.000000e+00
6.200000e+00,8.569527e+02,7.452000e+01,-2.806020e+01,1.200000e+01,2.400000e+02,1.000000e+03,0.000000e+00,0.000000e+00,0.000000e+00
6.210000e+00,8.566720e+02,7.464000e+01,-2.807640e+01,1.200000e+01,2.400000e+02,1.000000e+03,0.000000e+00,0.000000e+00,0.000000e+00
6.220000e+00,8.563911e+02,7.476000e+01,-2.809260e+01,1.200000e+01,2.400000e+02,1.000000e+03,0.000000e+00,0.000000e+00,0.000000e+00
6.230000e+00,8.561100e+02,7.488000e+01,-2.810880e+01,1.200000e+01,2.400000e+02,1.000000e+03,0.000000e+00,0.000000e+00,0.000000e+00
6.240000e+00,8.558288e+02,7.500000e+01,-2.812500e+01,1.200000e+01,2.400000e+02,1.000000e+03,0.000000e+00,0.000000e+00,0.000000e+00
6.250000e+00,8.555474e+02,7.512000e+01,-2.814120e+01,1.200000e+01,2.400000e+02,1.000000e+03,0.000000e+00,0.000000e+00,0.000000e+00
6.260000e+00,8.552659e+02,7.524000e+01,-2.815740e+01,1.200000e+01,2.400000e+02,1.000000e+03,0.000000e+00,0.000000e+00,0.000000e+00
6.270000e+00,8.549842e+02,7.536000e+01,-2.817360e+01,1.200000e+01,2.400000e+02,1.000000e+03,0.000000e+00,0.000000e+00,0.000000e+00
6.280000e+00,8.547023e+02,7.548000e+01,-2.818980e+01,1.200000e+01,2.400000e+02,1.000000e+03,0.000000e+00,0.000000e+00,0.000000e+00
6.290000e+00,8.544202e+02,7.560000e+01,-2.820600e+01,1.200000e+01,2.400000e+02,1.000000e+03,0.000000e+00,0.000000e+00,0.000000e+00
6.300000e+00,8.541381e+02,7.572000e+01,-2.822220e+01,1.200000e+01,2.400000e+02,1.000000e+03,0.000000e+00,0.000000e+00,0.000000e+00
6.310000e+00,8.538557e+02,7.584000e+01,-2.823840e+01,1.200000e+01,2.400000e+02,1.000000e+03,0.000000e+00,0.000000e+00,0.000000e+00
6.320000e+00,8.535732e+02,7.596000e+01,-2.825460e+01,1.200000e+01,2.400000e+02,1.000000e+03,0.000000e+00,0.000000e+00,0.000000e+00
6.330000e+00,8.532905e+02,7.608000e+01,-2.827080e+01,1.200000e+01,2.400000e+02,1.000000e+03,0.000000e+00,0.000000e+00,0.000000e+00
6.340000e+00,8.530077e+02,7.620000e+01,-2.828700e+01,1.200000e+01,2.400000e+02,1.000000e+03,0.000000e+00,0.000000e+00,0.000000e+00
6.350000e+00,8.527246e+02,7.632000e+01,-2.830320e+01,1.200000e+01,2.400000e+02,1.000000e+03,0.000000e+00,0.000000e+00,0.000000e+00
6.360000e+00,8.524415e+02,7.644000e+01,-2.831940e+01,1.200000e+01,2.400000e+02,1.000000e+03,0.000000e+00,0.000000e+00,0.000000e+00
6.370000e+00,8.521582e+02,7.656000e+01,-2.833560e+01,1.200000e+01,2.400000e+02,1.000000e+03,0.000000e+00,0.000000e+00,0.000000e+00
6.380000e+00,8.518747e+02,7.668000e+01,-2.835180e+01,1.200000e+01,2.400000e+02,1.000000e+03,0.000000e+00,0.000000e+00,0.000000e+00
6.390000e+00,8.515910e+02,7.680000e+01,-2.836800e+01,1.200000e+01,2.400000e+02,1.000000e+03,0.000000e+00,0.000000e+00,0.000000e+00
6.400000e+00,8.513072e+02,7.692000e+01,-2.838420e+01,1.200000e+01,2.400000e+02,1.000000e+03,0.000000e+00,0.000000e+00,0.000000e+00
6.410000e+00,8.510232e+02,7.704000e+01,-2.840040e+01,1.200000e+01,2.400000e+02,1.000000e+03,0.000000e+00,0.000000e+00,0.000000e+00
6.420000e+00,8.507391e+02,7.716000e+01,-2.841660e+01,1.200000e+01,2.400000e+02,1.000000e+03,0.000000e+00,0.000000e+00,0.000000e+00
6.430000e+00,8.504548e+02,7.728000e+01,-2.843280e+01,1.200000e+01,2.400000e+02,1.000000e+03,0.000000e+00,0.000000e+00,0.000000e+00
6.440000e+00,8.501703e+02,7.740000e+01,-2.844900e+01,1.200000e+01,2.400000e+02,1.000000e+03,0.000000e+00,0.000000e+00,0.000000e+00
6.450000e+00,8.498857e+02,7.752000e+01,-2.846520e+01,1.200000e+01,2.400000e+02,1.000000e+03,0.000000e+00,0.000000e+00,0.000000e+00
6.460000e+00,8.496009e+02,7.764000e+01,-2.848140e+01,1.200000e+01,2.400000e+02,1.000000e+03,0.000000e+00,0.000000e+00,0.000000e+00
6.470000e+00,8.493160e+02,7.776000e+01,-2.849760e+01,1.200000e+01,2.400000e+02,1.000000e+03,0.000000e+00,0.000000e+00,0.000000e+00
6.480000e+00,8.490309e+02,7.788000e+01,-2.851380e+01,1.200000e+01,2.400000e+02,1.000000e+03,0.000000e+00,0.000000e+00,0.000000e+00
6.490000e+00,8.487456e+02,7.800000e+01,-2.853000e+01,1.200000e+01,2.400000e+02,1.000000e+03,0.000000e+00,0.000000e+00,0.000000e+00
6.500000e+00,8.484602e+02,7.812000e+01,-2.854620e+01,1.200000e+01,2.400000e+02,1.000000e+03,0.000000e+00,0.000000e+00,0.000000e+00
6.510000e+00,8.481745e+02,7.824000e+01,-2.856240e+01,1.200000e+01,2.400000e+02,1.000000e+03,0.000000e+00,0.000000e+00,0.000000e+00
6.520000e+00,8.478888e+02,7.836000e+01,-2.857860e+01,1.200000e+01,2.400000e+02,1.000000e+03,0.000000e+00,0.000000e+00,0.000000e+00
6.530000e+00,8.476029e+02,7.848000e+01,-2.859480e+01,1.200000e+01,2.400000e+02,1.000000e+03,0.000000e+00,0.000000e+00,0.000000e+00
6.540000e+00,8.473168e+02,7.860000e+01,-2.861100e+01,1.200000e+01,2.400000e+02,1.000000e+03,0.000000e+00,0.000000e+00,0.000000e+00
6.550000e+00,8.470305e+02,7.872000e+01,-2.862720e+01,1.200000e+01,2.400000e+02,1.000000e+03,0.000000e+00,0.000000e+00,0.000000e+00
6.560000e+00,8.467441e+02,7.884000e+01,-2.864340e+01,1.200000e+01,2.400000e+02,1.000000e+03,0.000000e+00,0.000000e+00,0.000000e+00
6.570000e+00,8.464576e+02,7.896000e+01,-2.865960e+01,1.200000e+01,2.400000e+02,1.000000e+03,0.000000e+00,0.000000e+00,0.000000e+00
6.580000e+00,8.461708e+02,7.908000e+01,-2.867580e+01,1.200000e+01,2.400000e+02,1.000000e+03,0.000000e+00,0.000000e+00,0.000000e+00
6.590000e+00,8.458839e+02,7.920000e+01,-2.869200e+01,1.200000e+01,2.400000e+02,1.000000e+03,0.000000e+00,0.000000e+00,0.000000e+00
6.600000e+00,8.455969e+02,7.932000e+01,-2.870820e+01,1.200000e+01,2.400000e+02,1.000000e+03,0.000000e+00,0.000000e+00,0.000000e+00
6.610000e+00,8.453097e+02,7.944000e+01,-2.872440e+01,1.200000e+01,2.400000e+02,1.000000e+03,0.000000e+00,0.000000e+00,0.000000e+00
6.620000e+00,8.450223e+02,7.956000e+01,-2.874060e+01,1.200000e+01,2.400000e+02,1.000000e+03,0.000000e+00,0.000000e+00,0.000000e+00
6.630000e+00,8.447347e+02,7.968000e+01,-2.875680e+01,1.200000e+01,2.400000e+02,1.000000e+03,0.000000e+00,0.000000e+00,0.000000e+00
6.640000e+00,8.444471e+02,7.980000e+01,-2.877300e+01,1.200000e+01,2.400000e+02,1.000000e+03,0.000000e+00,0.000000e+00,0.000000e+00
6.650000e+00,8.441592e+02,7.992000e+01,-2.878920e+01,1.200000e+01,2.400000e+02,1.000000e+03,0.000000e+00,0.000000e+00,0.000000e+00
6.660000e+00,8.438712e+02,8.004000e+01,-2.880540e+01,1.200000e+01,2.400000e+02,1.000000e+03,0.000000e+00,0.000000e+00,0.000000e+00
6.670000e+00,8.435830e+02,8.016000e+01,-2.882160e+01,1.200000e+01,2.400000e+02,1.000000e+03,0.000000e+00,0.000000e+00,0.000000e+00
6.680000e+00,8.432946e+02,8.028000e+01,-2.883780e+01,1.200000e+01,2.400000e+02,1.000000e+03,0.000000e+00,0.000000e+00,0.000000e+00
6.690000e+00,8.430061e+02,8.040000e+01,-2.885400e+01,1.200000e+01,2.400000e+02,1.000000e+03,0.000000e+00,0.000000e+00,0.000000e+00
6.700000e+00,8.427174e+02,8.052000e+01,-2.887020e+01,1.200000e+01,2.400000e+02,1.000000e+03,0.000000e+00,0.000000e+00,0.000000e+00
6.710000e+00,8.424286e+02,8.064000e+01,-2.888640e+01,1.200000e+01,2.400000e+02,1.000000e+03,0.000000e+00,0.000000e+00,0.000000e+00
6.720000e+00,8.421396e+02,8.076000e+01,-2.890260e+01,1.200000e+01,2.400000e+02,1.000000e+03,0.000000e+00,0.000000e+00,0.000000e+00
6.730000e+00,8.418504e+02,8.088000e+01,-2.891880e+01,1.200000e+01,2.400000e+02,1.000000e+03,0.000000e+00,0.000000e+00,0.000000e+00
6.740000e+00,8.415611e+02,8.100000e+01,-2.893500e+01,1.200000e+01,2.400000e+02,1.000000e+03,0.000000e+00,0.000000e+00,0.000000e+00
6.750000e+00,8.412716e+02,8.112000e+01,-2.895120e+01,1.200000e+01,2.400000e+02,1.000000e+03,0.000000e+00,0.000000e+00,0.000000e+00
6.760000e+00,8.409820e+02,8.124000e+01,-2.896740e+01,1.200000e+01,2.400000e+02,1.000000e+03,0.000000e+00,0.000000e+00,0.000000e+00
6.770000e+00,8.406922e+02,8.136000e+01,-2.898360e+01,1.200000e+01,2.400000e+02,1.000000e+03,0.000000e+00,0.000000e+00,0.000000e+00
6.780000e+00,8.404022e+02,8.148000e+01,-2.899980e+01,1.200000e+01,2.400000e+02,1.000000e+03,0.000000e+00,0.000000e+00,0.000000e+00
6.790000e+00,8.401120e+02,8.160000e+01,-2.901600e+01,1.200000e+01,2.400000e+02,1.000000e+03,0.000000e+00,0.000000e+00,0.000000e+00
6.800000e+00,8.398218e+02,8.172000e+01,-2.903220e+01,1.200000e+01,2.400000e+02,1.000000e+03,0.000000e+00,0.000000e+00,0.000000e+00
6.810000e+00,8.395313e+02,8.184000e+01,-2.904840e+01,1.200000e+01,2.400000e+02,1.000000e+03,0.000000e+00,0.000000e+00,0.000000e+00
6.820000e+00,8.392407e+02,8.196000e+01,-2.906460e+01,1.200000e+01,2.400000e+02,1.000000e+03,0.000000e+00,0.000000e+00,0.000000e+00
6.830000e+00,8.389499e+02,8.208000e+01,-2.908080e+01,1.200000e+01,2.400000e+02,1.000000e+03,0.000000e+00,0.000000e+00,0.000000e+00
6.840000e+00,8.386590e+02,8.220000e+01,-2.909700e+01,1.200000e+01,2.400000e+02,1.000000e+03,0.000000e+00,0.000000e+00,0.000000e+00
6.850000e+00,8.383678e+02,8.232000e+01,-2.911320e+01,1.200000e+01,2.400000e+02,1.000000e+03,0.000000e+00,0.000000e+00,0.000000e+00
6.860000e+00,8.380766e+02,8.244000e+01,-2.912940e+01,1.200000e+01,2.400000e+02,1.000000e+03,0.000000e+00,0.000000e+00,0.000000e+00
6.870000e+00,8.377852e+02,8.256000e+01,-2.914560e+01,1.200000e+01,2.400000e+02,1.000000e+03,0.000000e+00,0.000000e+00,0.000000e+00
6.880000e+00,8.374936e+02,8.268000e+01,-2.916180e+01,1.200000e+01,2.400000e+02,1.000000e+03,0.000000e+00,0.000000e+00,0.000000e+00
6.890000e+00,8.372018e+02,8.280000e+01,-2.917800e+01,1.200000e+01,2.400000e+02,1.000000e+03,0.000000e+00,0.000000e+00,0.000000e+00
6.900000e+00,8.369099e+02,8.292000e+01,-2.919420e+01,1.200000e+01,2.400000e+02,1.000000e+03,0.000000e+00,0.000000e+00,0.000000e+00
6.910000e+00,8.366178e+02,8.304000e+01,-2.921040e+01,1.200000e+01,2.400000e+02,1.000000e+03,0.000000e+00,0.000000e+00,0.000000e+00
6.920000e+00,8.363256e+02,8.316000e+01,-2.922660e+01,1.200000e+01,2.400000e+02,1.000000e+03,0.000000e+00,0.000000e+00,0.000000e+00
6.930000e+00,8.360332e+02,8.328000e+01,-2.924280e+01,1.200000e+01,2.400000e+02,1.000000e+03,0.000000e+00,0.000000e+00,0.000000e+00
6.940000e+00,8.357406e+02,8.340000e+01,-2.925900e+01,1.200000e+01,2.400000e+02,1.000000e+03,0.000000e+00,0.000000e+00,0.000000e+00
6.950000e+00,8.354479e+02,8.352000e+01,-2.927520e+01,1.200000e+01,2.400000e+02,1.000000e+03,0.000000e+00,0.000000e+00,0.000000e+00
6.960000e+00,8.351550e+02,8.364000e+01,-2.929140e+01,1.200000e+01,2.400000e+02,1.000000e+03,0.000000e+00,0.000000e+00,0.000000e+00
6.970000e+00,8.348620e+02,8.376000e+01,-2.930760e+01,1.200000e+01,2.400000e+02,1.000000e+03,0.000000e+00,0.000000e+00,0.000000e+00
6.980000e+00,8.345688e+02,8.388000e+01,-2.932380e+01,1.200000e+01,2.400000e+02,1.000000e+03,0.000000e+00,0.000000e+00,0.000000e+00
6.990000e+00,8.342754e+02,8.400000e+01,-2.934000e+01,1.200000e+01,2.400000e+02,1.000000e+03,0.000000e+00,0.000000e+00,0.000000e+00
7.000000e+00,8.339819e+02,8.412000e+01,-2.935620e+01,1.200000e+01,2.400000e+02,1.000000e+03,0.000000e+00,0.000000e+00,0.000000e+00
7.010000e+00,8.336881e+02,8.424000e+01,-2.937240e+01,1.200000e+01,2.400000e+02,1.000000e+03,0.000000e+00,0.000000e+00,0.000000e+00
7.020000e+00,8.333943e+02,8.436000e+01,-2.938860e+01,1.200000e+01,2.400000e+02,1.000000e+03,0.000000e+00,0.000000e+00,0.000000e+00
7.030000e+00,8.331003e+02,8.448000e+01,-2.940480e+01,1.200000e+01,2.400000e+02,1.000000e+03,0.000000e+00,0.000000e+00,0.000000e+00
7.040000e+00,8.328061e+02,8.460000e+01,-2.942100e+01,1.200000e+01,2.400000e+02,1.000000e+03,0.000000e+00,0.000000e+00,0.000000e+00
7.050000e+00,8.325117e+02,8.472000e+01,-2.943720e+01,1.200000e+01,2.400000e+02,1.000000e+03,0.000000e+00,0.000000e+00,0.000000e+00
7.060000e+00,8.322172e+02,8.484000e+01,-2.945340e+01,1.200000e+01,2.400000e+02,1.000000e+03,0.000000e+00,0.000000e+00,0.000000e+00
7.070000e+00,8.319226e+02,8.496000e+01,-2.946960e+01,1.200000e+01,2.400000e+02,1.000000e+03,0.000000e+00,0.000000e+00,0.000000e+00
7.080000e+00,8.316277e+02,8.508000e+01,-2.948580e+01,1.200000e+01,2.400000e+02,1.000000e+03,0.000000e+00,0.000000e+00,0.000000e+00
7.090000e+00,8.313327e+02,8.520000e+01,-2.950200e+01,1.200000e+01,2.400000e+02,1.000000e+03,0.000000e+00,0.000000e+00,0.000000e+00
7.100000e+00,8.310376e+02,8.532000e+01,-2.951820e+01,1.200000e+01,2.400000e+02,1.000000e+03,0.000000e+00,0.000000e+00,0.000000e+00
7.110000e+00,8.307423e+02,8.544000e+01,-2.953440e+01,1.200000e+01,2.400000e+02,1.000000e+03,0.000000e+00,0.000000e+00,0.000000e+00
7.120000e+00,8.304468e+02,8.556000e+01,-2.955060e+01,1.200000e+01,2.400000e+02,1.000000e+03,0.000000e+00,0.000000e+00,0.000000e+00
7.130000e+00,8.301511e+02,8.568000e+01,-2.956680e+01,1.200000e+01,2.400000e+02,1.000000e+03,0.000000e+00,0.000000e+00,0.000000e+00
7.140000e+00,8.298554e+02,8.580000e+01,-2.958300e+01,1.200000e+01,2.400000e+02,1.000000e+03,0.000000e+00,0.000000e+00,0.000000e+00
7.150000e+00,8.295594e+02,8.592000e+01,-2.959920e+01,1.200000e+01,2.400000e+02,1.000000e+03,0.000000e+00,0.000000e+00,0.000000e+00
7.160000e+00,8.292633e+02,8.604000e+01,-2.961540e+01,1.200000e+01,2.400000e+02,1.000000e+03,0.000000e+00,0.000000e+00,0.000000e+00
7.170000e+00,8.289670e+02,8.616000e+01,-2.963160e+01,1.200000e+01,2.400000e+02,1.000000e+03,0.000000e+00,0.000000e+00,0.000000e+00
7.180000e+00,8.286705e+02,8.628000e+01,-2.964780e+01,1.200000e+01,2.400000e+02,1.000000e+03,0.000000e+00,0.000000e+00,0.000000e+00
7.190000e+00,8.283739e+02,8.640000e+01,-2.966400e+01,1.200000e+01,2.400000e+02,1.000000e+03,0.000000e+00,0.000000e+00,0.000000e+00
7.200000e+00,8.280771e+02,8.652000e+01,-2.968020e+01,1.200000e+01,2.400000e+02,1.000000e+03,0.000000e+00,0.000000e+00,0.000000e+00
7.210000e+00,8.277802e+02,8.664000e+01,-2.969640e+01,1.200000e+01,2.400000e+02,1.000000e+03,0.000000e+00,0.000000e+00,0.000000e+00
7.220000e+00,8.274831e+02,8.676000e+01,-2.971260e+01,1.200000e+01,2.400000e+02,1.000000e+03,0.000000e+00,0.000000e+00,0.000000e+00
7.230000e+00,8.271858e+02,8.688000e+01,-2.972880e+01,1.200000e+01,2.400000e+02,1.000000e+03,0.000000e+00,0.000000e+00,0.000000e+00
7.240000e+00,8.268884e+02,8.700000e+01,-2.974500e+01,1.200000e+01,2.400000e+02,1.000000e+03,0.000000e+00,0.000000e+00,0.000000e+00
7.250000e+00,8.265908e+02,8.712000e+01,-2.976120e+01,1.200000e+01,2.400000e+02,1.000000e+03,0.000000e+00,0.000000e+00,0.000000e+00
7.260000e+00,8.262931e+02,8.724000e+01,-2.977740e+01,1.200000e+01,2.400000e+02,1.000000e+03,0.000000e+00,0.000000e+00,0.000000e+00
7.270000e+00,8.259952e+02,8.736000e+01,-2.979360e+01,1.200000e+01,2.400000e+02,1.000000e+03,0.000000e+00,0.000000e+00,0.000000e+00
7.280000e+00,8.256971e+02,8.748000e+01,-2.980980e+01,1.200000e+01,2.400000e+02,1.000000e+03,0.000000e+00,0.000000e+00,0.000000e+00
7.290000e+00,8.253988e+02,8.760000e+01,-2.982600e+01,1.200000e+01,2.400000e+02,1.000000e+03,0.000000e+00,0.000000e+00,0.000000e+00
7.300000e+00,8.251005e+02,8.772000e+01,-2.984220e+01,1.200000e+01,2.400000e+02,1.000000e+03,0.000000e+00,0.000000e+00,0.000000e+00
7.310000e+00,8.248019e+02,8.784000e+01,-2.985840e+01,1.200000e+01,2.400000e+02,1.000000e+03,0.000000e+00,0.000000e+00,0.000000e+00
7.320000e+00,8.245032e+02,8.796000e+01,-2.987460e+01,1.200000e+01,2.400000e+02,1.000000e+03,0.000000e+00,0.000000e+00,0.000000e+00
7.330000e+00,8.242043e+02,8.808000e+01,-2.989080e+01,1.200000e+01,2.400000e+02,1.000000e+03,0.000000e+00,0.000000e+00,0.000000e+00
7.340000e+00,8.239053e+02,8.820000e+01,-2.990700e+01,1.200000e+01,2.400000e+02,1.000000e+03,0.000000e+00,0.000000e+00,0.000000e+00
7.350000e+00,8.236060e+02,8.832000e+01,-2.992320e+01,1.200000e+01,2.400000e+02,1.000000e+03,0.000000e+00,0.000000e+00,0.000000e+00
7.360000e+00,8.233067e+02,8.844000e+01,-2.993940e+01,1.200000e+01,2.400000e+02,1.000000e+03,0.000000e+00,0.000000e+00,0.000000e+00
7.370000e+00,8.230072e+02,8.856000e+01,-2.995560e+01,1.200000e+01,2.400000e+02,1.000000e+03,0.000000e+00,0.000000e+00,0.000000e+00
7.380000e+00,8.227075e+02,8.868000e+01,-2.997180e+01,1.200000e+01,2.400000e+02,1.000000e+03,0.000000e+00,0.000000e+00,0.000000e+00
7.390000e+00,8.224076e+02,8.880000e+01,-2.998800e+01,1.200000e+01,2.400000e+02,1.000000e+03,0.000000e+00,0.000000e+00,0.000000e+00
7.400000e+00,8.221076e+02,8.892000e+01,-3.000420e+01,1.200000e+01,2.400000e+02,1.000000e+03,0.000000e+00,0.000000e+00,0.000000e+00
7.410000e+00,8.218074e+02,8.904000e+01,-3.002040e+01,1.200000e+01,2.400000e+02,1.000000e+03,0.000000e+00,0.000000e+00,0.000000e+00
7.420000e+00,8.215071e+02,8.916000e+01,-3.003660e+01,1.200000e+01,2.400000e+02,1.000000e+03,0.000000e+00,0.000000e+00,0.000000e+00
7.430000e+00,8.212066e+02,8.928000e+01,-3.005280e+01,1.200000e+01,2.400000e+02,1.000000e+03,0.000000e+00,0.000000e+00,0.000000e+00
7.440000e+00,8.209059e+02,8.940000e+01,-3.006900e+01,1.200000e+01,2.400000e+02,1.000000e+03,0.000000e+00,0.000000e+00,0.000000e+00
7.450000e+00,8.206051e+02,8.952000e+01,-3.008520e+01,1.200000e+01,2.400000e+02,1.000000e+03,0.000000e+00,0.000000e+00,0.000000e+00
7.460000e+00,8.203041e+02,8.964000e+01,-3.010140e+01,1.200000e+01,2.400000e+02,1.000000e+03,0.000000e+00,0.000000e+00,0.000000e+00
7.470000e+00,8.200030e+02,8.976000e+01,-3.011760e+01,1.200000e+01,2.400000e+02,1.000000e+03,0.000000e+00,0.000000e+00,0.000000e+00
7.480000e+00,8.197017e+02,8.988000e+01,-3.013380e+01,1.200000e+01,2.400000e+02,1.000000e+03,0.000000e+00,0.000000e+00,0.000000e+00
7.490000e+00,8.194002e+02,9.000000e+01,-3.015000e+01,1.200000e+01,2.400000e+02,1.000000e+03,0.000000e+00,0.000000e+00,0.000000e+00
7.500000e+00,8.190986e+02,9.012000e+01,-3.016620e+01,1.200000e+01,2.400000e+02,1.000000e+03,0.000000e+00,0.000000e+00,0.000000e+00
7.510000e+00,8.187967e+02,9.024000e+01,-3.018240e+01,1.200000e+01,2.400000e+02,1.000000e+03,0.000000e+00,0.000000e+00,0.000000e+00
7.520000e+00,8.184948e+02,9.036000e+01,-3.019860e+01,1.200000e+01,2.400000e+02,1.000000e+03,0.000000e+00,0.000000e+00,0.000000e+00
7.530000e+00,8.181927e+02,9.048000e+01,-3.021480e+01,1.200000e+01,2.400000e+02,1.000000e+03,0.000000e+00,0.000000e+00,0.000000e+00
7.540000e+00,8.178904e+02,9.060000e+01,-3.023100e+01,1.200000e+01,2.400000e+02,1.000000e+03,0.000000e+00,0.000000e+00,0.000000e+00
7.550000e+00,8.175879e+02,9.072000e+01,-3.024720e+01,1.200000e+01,2.400000e+02,1.000000e+03,0.000000e+00,0.000000e+00,0.000000e+00
7.560000e+00,8.172853e+02,9.084000e+01,-3.026340e+01,1.200000e+01,2.400000e+02,1.000000e+03,0.000000e+00,0.000000e+00,0.000000e+00
7.570000e+00,8.169826e+02,9.096000e+01,-3.027960e+01,1.200000e+01,2.400000e+02,1.000000e+03,0.000000e+00,0.000000e+00,0.000000e+00
7.580000e+00,8.166796e+02,9.108000e+01,-3.029580e+01,1.200000e+01,2.400000e+02,1.000000e+03,0.000000e+00,0.000000e+00,0.000000e+00
7.590000e+00,8.163765e+02,9.120000e+01,-3.031200e+01,1.200000e+01,2.400000e+02,1.000000e+03,0.000000e+00,0.000000e+00,0.000000e+00
7.600000e+00,8.160733e+02,9.132000e+01,-3.032820e+01,1.200000e+01,2.400000e+02,1.000000e+03,0.000000e+00,0.000000e+00,0.000000e+00
7.610000e+00,8.157699e+02,9.144000e+01,-3.034440e+01,1.200000e+01,2.400000e+02,1.000000e+03,0.000000e+00,0.000000e+00,0.000000e+00
7.620000e+00,8.154663e+02,9.156000e+01,-3.036060e+01,1.200000e+01,2.400000e+02,1.000000e+03,0.000000e+00,0.000000e+00,0.000000e+00
7.630000e+00,8.151625e+02,9.168000e+01,-3.037680e+01,1.200000e+01,2.400000e+02,1.000000e+03,0.000000e+00,0.000000e+00,0.000000e+00
7.640000e+00,8.148587e+02,9.180000e+01,-3.039300e+01,1.200000e+01,2.400000e+02,1.000000e+03,0.000000e+00,0.000000e+00,0.000000e+00
7.650000e+00,8.145546e+02,9.192000e+01,-3.040920e+01,1.200000e+01,2.400000e+02,1.000000e+03,0.000000e+00,0.000000e+00,0.000000e+00
7.660000e+00,8.142504e+02,9.204000e+01,-3.042540e+01,1.200000e+01,2.400000e+02,1.000000e+03,0.000000e+00,0.000000e+00,0.000000e+00
7.670000e+00,8.139460e+02,9.216000e+01,-3.044160e+01,1.200000e+01,2.400000e+02,1.000000e+03,0.000000e+00,0.000000e+00,0.000000e+00
7.680000e+00,8.136414e+02,9.228000e+01,-3.045780e+01,1.200000e+01,2.400000e+02,1.000000e+03,0.000000e+00,0.000000e+00,0.000000e+00
7.690000e+00,8.133367e+02,9.240000e+01,-3.047400e+01,1.200000e+01,2.400000e+02,1.000000e+03,0.000000e+00,0.000000e+00,0.000000e+00
7.700000e+00,8.130318e+02,9.252000e+01,-3.049020e+01,1.200000e+01,2.400000e+02,1.000000e+03,0.000000e+00,0.000000e+00,0.000000e+00
7.710000e+00,8.127268e+02,9.264000e+01,-3.050640e+01,1.200000e+01,2.400000e+02,1.000000e+03,0.000000e+00,0.000000e+00,0.000000e+00
7.720000e+00,8.124216e+02,9.276000e+01,-3.052260e+01,1.200000e+01,2.400000e+02,1.000000e+03,0.000000e+00,0.000000e+00,0.000000e+00
7.730000e+00,8.121162e+02,9.288000e+01,-3.053880e+01,1.200000e+01,2.400000e+02,1.000000e+03,0.000000e+00,0.000000e+00,0.000000e+00
7.740000e+00,8.118107e+02,9.300000e+01,-3.055500e+01,1.200000e+01,2.400000e+02,1.000000e+03,0.000000e+00,0.000000e+00,0.000000e+00
7.750000e+00,8.115050e+02,9.312000e+01,-3.057120e+01,1.200000e+01,2.400000e+02,1.000000e+03,0.000000e+00,0.000000e+00,0.000000e+00
7.760000e+00,8.111992e+02,9.324000e+01,-3.058740e+01,1.200000e+01,2.400000e+02,1.000000e+03,0.000000e+00,0.000000e+00,0.000000e+00
7.770000e+00,8.108932e+02,9.336000e+01,-3.060360e+01,1.200000e+01,2.400000e+02,1.000000e+03,0.000000e+00,0.000000e+00,0.000000e+00
7.780000e+00,8.105870e+02,9.348000e+01,-3.061980e+01,1.200000e+01,2.400000e+02,1.000000e+03,0.000000e+00,0.000000e+00,0.000000e+00
7.790000e+00,8.102806e+02,9.360000e+01,-3.063600e+01,1.200000e+01,2.400000e+02,1.000000e+03,0.000000e+00,0.000000e+00,0.000000e+00
7.800000e+00,8.099742e+02,9.372000e+01,-3.065220e+01,1.200000e+01,2.400000e+02,1.000000e+03,0.000000e+00,0.000000e+00,0.000000e+00
7.810000e+00,8.096675e+02,9.384000e+01,-3.066840e+01,1.200000e+01,2.400000e+02,1.000000e+03,0.000000e+00,0.000000e+00,0.000000e+00
7.820000e+00,8.093607e+02,9.396000e+01,-3.068460e+01,1.200000e+01,2.400000e+02,1.000000e+03,0.000000e+00,0.000000e+00,0.000000e+00
7.830000e+00,8.090537e+02,9.408000e+01,-3.070080e+01,1.200000e+01,2.400000e+02,1.000000e+03,0.000000e+00,0.000000e+00,0.000000e+00
7.840000e+00,8.087466e+02,9.420000e+01,-3.071700e+01,1.200000e+01,2.400000e+02,1.000000e+03,0.000000e+00,0.000000e+00,0.000000e+00
7.850000e+00,8.084392e+02,9.432000e+01,-3.073320e+01,1.200000e+01,2.400000e+02,1.000000e+03,0.000000e+00,0.000000e+00,0.000000e+00
7.860000e+00,8.081318e+02,9.444000e+01,-3.074940e+01,1.200000e+01,2.400000e+02,1.000000e+03,0.000000e+00,0.000000e+00,0.000000e+00
7.870000e+00,8.078242e+02,9.456000e+01,-3.076560e+01,1.200000e+01,2.400000e+02,1.000000e+03,0.000000e+00,0.000000e+00,0.000000e+00
7.880000e+00,8.075164e+02,9.468000e+01,-3.078180e+01,1.200000e+01,2.400000e+02,1.000000e+03,0.000000e+00,0.000000e+00,0.000000e+00
7.890000e+00,8.072084e+02,9.480000e+01,-3.079800e+01,1.200000e+01,2.400000e+02,1.000000e+03,0.000000e+00,0.000000e+00,0.000000e+00
7.900000e+00,8.069003e+02,9.492000e+01,-3.081420e+01,1.200000e+01,2.400000e+02,1.000000e+03,0.000000e+00,0.000000e+00,0.000000e+00
7.910000e+00,8.065920e+02,9.504000e+01,-3.083040e+01,1.200000e+01,2.400000e+02,1.000000e+03,0.000000e+00,0.000000e+00,0.000000e+00
7.920000e+00,8.062836e+02,9.516000e+01,-3.084660e+01,1.200000e+01,2.400000e+02,1.000000e+03,0.000000e+00,0.000000e+00,0.000000e+00
7.930000e+00,8.059750e+02,9.528000e+01,-3.086280e+01,1.200000e+01,2.400000e+02,1.000000e+03,0.000000e+00,0.000000e+00,0.000000e+00
7.940000e+00,8.056662e+02,9.540000e+01,-3.087900e+01,1.200000e+01,2.400000e+02,1.000000e+03,0.000000e+00,0.000000e+00,0.000000e+00
7.950000e+00,8.053573e+02,9.552000e+01,-3.089520e+01,1.200000e+01,2.400000e+02,1.000000e+03,0.000000e+00,0.000000e+00,0.000000e+00
7.960000e+00,8.050482e+02,9.564000e+01,-3.091140e+01,1.200000e+01,2.400000e+02,1.000000e+03,0.000000e+00,0.000000e+00,0.000000e+00
7.970000e+00,8.047390e+02,9.576000e+01,-3.092760e+01,1.200000e+01,2.400000e+02,1.000000e+03,0.000000e+00,0.000000e+00,0.000000e+00
7.980000e+00,8.044296e+02,9.588000e+01,-3.094380e+01,1.200000e+01,2.400000e+02,1.000000e+03,0.000000e+00,0.000000e+00,0.000000e+00
7.990000e+00,8.041200e+02,9.600000e+01,-3.096000e+01,1.200000e+01,2.400000e+02,1.000000e+03,0.000000e+00,0.000000e+00,0.000000e+00
8.000000e+00,8.038103e+02,9.612000e+01,-3.097620e+01,1.200000e+01,2.400000e+02,1.000000e+03,0.000000e+00,0.000000e+00,0.000000e+00
8.010000e+00,8.035003e+02,9.624000e+01,-3.099240e+01,1.200000e+01,2.400000e+02,1.000000e+03,0.000000e+00,0.000000e+00,0.000000e+00
8.020000e+00,8.031903e+02,9.636000e+01,-3.100860e+01,1.200000e+01,2.400000e+02,1.000000e+03,0.000000e+00,0.000000e+00,0.000000e+00
8.030000e+00,8.028801e+02,9.648000e+01,-3.102480e+01,1.200000e+01,2.400000e+02,1.000000e+03,0.000000e+00,0.000000e+00,0.000000e+00
8.040000e+00,8.025697e+02,9.660000e+01,-3.104100e+01,1.200000e+01,2.400000e+02,1.000000e+03,0.000000e+00,0.000000e+00,0.000000e+00
8.050000e+00,8.022591e+02,9.672000e+01,-3.105720e+01,1.200000e+01,2.400000e+02,1.000000e+03,0.000000e+00,0.000000e+00,0.000000e+00
8.060000e+00,8.019484e+02,9.684000e+01,-3.107340e+01,1.200000e+01,2.400000e+02,1.000000e+03,0.000000e+00,0.000000e+00,0.000000e+00
8.070000e+00,8.016376e+02,9.696000e+01,-3.108960e+01,1.200000e+01,2.400000e+02,1.000000e+03,0.000000e+00,0.000000e+00,0.000000e+00
8.080000e+00,8.013265e+02,9.708000e+01,-3.110580e+01,1.200000e+01,2.400000e+02,1.000000e+03,0.000000e+00,0.000000e+00,0.000000e+00
8.090000e+00,8.010153e+02,9.720000e+01,-3.112200e+01,1.200000e+01,2.400000e+02,1.000000e+03,0.000000e+00,0.000000e+00,0.000000e+00
8.100000e+00,8.007040e+02,9.732000e+01,-3.113820e+01,1.200000e+01,2.400000e+02,1.000000e+03,0.000000e+00,0.000000e+00,0.000000e+00
8.110000e+00,8.003925e+02,9.744000e+01,-3.115440e+01,1.200000e+01,2.400000e+02,1.000000e+03,0.000000e+00,0.000000e+00,0.000000e+00
8.120000e+00,8.000808e+02,9.756000e+01,-3.117060e+01,1.200000e+01,2.400000e+02,1.000000e+03,0.000000e+00,0.000000e+00,0.000000e+00
8.130000e+00,7.997689e+02,9.768000e+01,-3.118680e+01,1.200000e+01,2.400000e+02,1.000000e+03,0.000000e+00,0.000000e+00,0.000000e+00
8.140000e+00,7.994570e+02,9.780000e+01,-3.120300e+01,1.200000e+01,2.400000e+02,1.000000e+03,0.000000e+00,0.000000e+00,0.000000e+00
8.150000e+00,7.991448e+02,9.792000e+01,-3.121920e+01,1.200000e+01,2.400000e+02,1.000000e+03,0.000000e+00,0.000000e+00,0.000000e+00
8.160000e+00,7.988325e+02,9.804000e+01,-3.123540e+01,1.200000e+01,2.400000e+02,1.000000e+03,0.000000e+00,0.000000e+00,0.000000e+00
8.170000e+00,7.985200e+02,9.816000e+01,-3.125160e+01,1.200000e+01,2.400000e+02,1.000000e+03,0.000000e+00,0.000000e+00,0.000000e+00
8.180000e+00,7.982073e+02,9.828000e+01,-3.126780e+01,1.200000e+01,2.400000e+02,1.000000e+03,0.000000e+00,0.000000e+00,0.000000e+00
8.190000e+00,7.978945e+02,9.840000e+01,-3.128400e+01,1.200000e+01,2.400000e+02,1.000000e+03,0.000000e+00,0.000000e+00,0.000000e+00
8.200000e+00,7.975815e+02,9.852000e+01,-3.130020e+01,1.200000e+01,2.400000e+02,1.000000e+03,0.000000e+00,0.000000e+00,0.000000e+00
8.210000e+00,7.972684e+02,9.864000e+01,-3.131640e+01,1.200000e+01,2.400000e+02,1.000000e+03,0.000000e+00,0.000000e+00,0.000000e+00
8.220000e+00,7.969551e+02,9.876000e+01,-3.133260e+01,1.200000e+01,2.400000e+02,1.000000e+03,0.000000e+00,0.000000e+00,0.000000e+00
8.230000e+00,7.966416e+02,9.888000e+01,-3.134880e+01,1.200000e+01,2.400000e+02,1.000000e+03,0.000000e+00,0.000000e+00,0.000000e+00
8.240000e+00,7.963280e+02,9.900000e+01,-3.136500e+01,1.200000e+01,2.400000e+02,1.000000e+03,0.000000e+00,0.000000e+00,0.000000e+00
8.250000e+00,7.960142e+02,9.912000e+01,-3.138120e+01,1.200000e+01,2.400000e+02,1.000000e+03,0.000000e+00,0.000000e+00,0.000000e+00
8.260000e+00,7.957003e+02,9.924000e+01,-3.139740e+01,1.200000e+01,2.400000e+02,1.000000e+03,0.000000e+00,0.000000e+00,0.000000e+00
8.270000e+00,7.953862e+02,9.936000e+01,-3.141360e+01,1.200000e+01,2.400000e+02,1.000000e+03,0.000000e+00,0.000000e+00,0.000000e+00
8.280000e+00,7.950719e+02,9.948000e+01,-3.142980e+01,1.200000e+01,2.400000e+02,1.000000e+03,0.000000e+00,0.000000e+00,0.000000e+00
8.290000e+00,7.947574e+02,9.960000e+01,-3.144600e+01,1.200000e+01,2.400000e+02,1.000000e+03,0.000000e+00,0.000000e+00,0.000000e+00
8.300000e+00,7.944429e+02,9.972000e+01,-3.146220e+01,1.200000e+01,2.400000e+02,1.000000e+03,0.000000e+00,0.000000e+00,0.000000e+00
8.310000e+00,7.941281e+02,9.984000e+01,-3.147840e+01,1.200000e+01,2.400000e+02,1.000000e+03,0.000000e+00,0.000000e+00,0.000000e+00
8.320000e+00,7.938132e+02,9.996000e+01,-3.149460e+01,1.200000e+01,2.400000e+02,1.000000e+03,0.000000e+00,0.000000e+00,0.000000e+00
8.330000e+00,7.934981e+02,1.000800e+02,-3.151080e+01,1.200000e+01,2.400000e+02,1.000000e+03,0.000000e+00,0.000000e+00,0.000000e+00
8.340000e+00,7.931829e+02,1.002000e+02,-3.152700e+01,1.200000e+01,2.400000e+02,1.000000e+03,0.000000e+00,0.000000e+00,0.000000e+00
8.350000e+00,7.928674e+02,1.003200e+02,-3.154320e+01,1.200000e+01,2.400000e+02,1.000000e+03,0.000000e+00,0.000000e+00,0.000000e+00
8.360000e+00,7.925519e+02,1.004400e+02,-3.155940e+01,1.200000e+01,2.400000e+02,1.000000e+03,0.000000e+00,0.000000e+00,0.000000e+00
8.370000e+00,7.922362e+02,1.005600e+02,-3.157560e+01,1.200000e+01,2.400000e+02,1.000000e+03,0.000000e+00,0.000000e+00,0.000000e+00
8.380000e+00,7.919203e+02,1.006800e+02,-3.159180e+01,1.200000e+01,2.400000e+02,1.000000e+03,0.000000e+00,0.000000e+00,0.000000e+00
8.390000e+00,7.916042e+02,1.008000e+02,-3.160800e+01,1.200000e+01,2.400000e+02,1.000000e+03,0.000000e+00,0.000000e+00,0.000000e+00
8.400000e+00,7.912880e+02,1.009200e+02,-3.162420e+01,1.200000e+01,2.400000e+02,1.000000e+03,0.000000e+00,0.000000e+00,0.000000e+00
8.410000e+00,7.909716e+02,1.010400e+02,-3.164040e+01,1.200000e+01,2.400000e+02,1.000000e+03,0.000000e+00,0.000000e+00,0.000000e+00
8.420000e+00,7.906551e+02,1.011600e+02,-3.165660e+01,1.200000e+01,2.400000e+02,1.000000e+03,0.000000e+00,0.000000e+00,0.000000e+00
8.430000e+00,7.903384e+02,1.012800e+02,-3.167280e+01,1.200000e+01,2.400000e+02,1.000000e+03,0.000000e+00,0.000000e+00,0.000000e+00
8.440000e+00,7.900215e+02,1.014000e+02,-3.168900e+01,1.200000e+01,2.400000e+02,1.000000e+03,0.000000e+00,0.000000e+00,0.000000e+00
8.450000e+00,7.897045e+02,1.015200e+02,-3.170520e+01,1.200000e+01,2.400000e+02,1.000000e+03,0.000000e+00,0.000000e+00,0.000000e+00
8.460000e+00,7.893873e+02,1.016400e+02,-3.172140e+01,1.200000e+01,2.400000e+02,1.000000e+03,0.000000e+00,0.000000e+00,0.000000e+00
8.470000e+00,7.890700e+02,1.017600e+02,-3.173760e+01,1.200000e+01,2.400000e+02,1.000000e+03,0.000000e+00,0.000000e+00,0.000000e+00
8.480000e+00,7.887525e+02,1.018800e+02,-3.175380e+01,1.200000e+01,2.400000e+02,1.000000e+03,0.000000e+00,0.000000e+00,0.000000e+00
8.490000e+00,7.884348e+02,1.020000e+02,-3.177000e+01,1.200000e+01,2.400000e+02,1.000000e+03,0.000000e+00,0.000000e+00,0.000000e+00
8.500000e+00,7.881170e+02,1.021200e+02,-3.178620e+01,1.200000e+01,2.400000e+02,1.000000e+03,0.000000e+00,0.000000e+00,0.000000e+00
8.510000e+00,7.877989e+02,1.022400e+02,-3.180240e+01,1.200000e+01,2.400000e+02,1.000000e+03,0.000000e+00,0.000000e+00,0.000000e+00
8.520000e+00,7.874808e+02,1.023600e+02,-3.181860e+01,1.200000e+01,2.400000e+02,1.000000e+03,0.000000e+00,0.000000e+00,0.000000e+00
8.530000e+00,7.871625e+02,1.024800e+02,-3.183480e+01,1.200000e+01,2.400000e+02,1.000000e+03,0.000000e+00,0.000000e+00,0.000000e+00
8.540000e+00,7.868440e+02,1.026000e+02,-3.185100e+01,1.200000e+01,2.400000e+02,1.000000e+03,0.000000e+00,0.000000e+00,0.000000e+00
8.550000e+00,7.865253e+02,1.027200e+02,-3.186720e+01,1.200000e+01,2.400000e+02,1.000000e+03,0.000000e+00,0.000000e+00,0.000000e+00
8.560000e+00,7.862065e+02,1.028400e+02,-3.188340e+01,1.200000e+01,2.400000e+02,1.000000e+03,0.000000e+00,0.000000e+00,0.000000e+00
8.570000e+00,7.858876e+02,1.029600e+02,-3.189960e+01,1.200000e+01,2.400000e+02,1.000000e+03,0.000000e+00,0.000000e+00,0.000000e+00
8.580000e+00,7.855684e+02,1.030800e+02,-3.191580e+01,1.200000e+01,2.400000e+02,1.000000e+03,0.000000e+00,0.000000e+00,0.000000e+00
8.590000e+00,7.852491e+02,1.032000e+02,-3.193200e+01,1.200000e+01,2.400000e+02,1.000000e+03,0.000000e+00,0.000000e+00,0.000000e+00
8.600000e+00,7.849297e+02,1.033200e+02,-3.194820e+01,1.200000e+01,2.400000e+02,1.000000e+03,0.000000e+00,0.000000e+00,0.000000e+00
8.610000e+00,7.846101e+02,1.034400e+02,-3.196440e+01,1.200000e+01,2.400000e+02,1.000000e+03,0.000000e+00,0.000000e+00,0.000000e+00
8.620000e+00,7.842903e+02,1.035600e+02,-3.198060e+01,1.200000e+01,2.400000e+02,1.000000e+03,0.000000e+00,0.000000e+00,0.000000e+00
8.630000e+00,7.839703e+02,1.036800e+02,-3.199680e+01,1.200000e+01,2.400000e+02,1.000000e+03,0.000000e+00,0.000000e+00,0.000000e+00
8.640000e+00,7.836503e+02,1.038000e+02,-3.201300e+01,1.200000e+01,2.400000e+02,1.000000e+03,0.000000e+00,0.000000e+00,0.000000e+00
8.650000e+00,7.833300e+02,1.039200e+02,-3.202920e+01,1.200000e+01,2.400000e+02,1.000000e+03,0.000000e+00,0.000000e+00,0.000000e+00
8.660000e+00,7.830096e+02,1.040400e+02,-3.204540e+01,1.200000e+01,2.400000e+02,1.000000e+03,0.000000e+00,0.000000e+00,0.000000e+00
8.670000e+00,7.826890e+02,1.041600e+02,-3.206160e+01,1.200000e+01,2.400000e+02,1.000000e+03,0.000000e+00,0.000000e+00,0.000000e+00
8.680000e+00,7.823682e+02,1.042800e+02,-3.207780e+01,1.200000e+01,2.400000e+02,1.000000e+03,0.000000e+00,0.000000e+00,0.000000e+00
8.690000e+00,7.820473e+02,1.044000e+02,-3.209400e+01,1.200000e+01,2.400000e+02,1.000000e+03,0.000000e+00,0.000000e+00,0.000000e+00
8.700000e+00,7.817262e+02,1.045200e+02,-3.211020e+01,1.200000e+01,2.400000e+02,1.000000e+03,0.000000e+00,0.000000e+00,0.000000e+00
8.710000e+00,7.814050e+02,1.046400e+02,-3.212640e+01,1.200000e+01,2.400000e+02,1.000000e+03,0.000000e+00,0.000000e+00,0.000000e+00
8.720000e+00,7.810836e+02,1.047600e+02,-3.214260e+01,1.200000e+01,2.400000e+02,1.000000e+03,0.000000e+00,0.000000e+00,0.000000e+00
8.730000e+00,7.807620e+02,1.048800e+02,-3.215880e+01,1.200000e+01,2.400000e+02,1.000000e+03,0.000000e+00,0.000000e+00,0.000000e+00
8.740000e+00,7.804403e+02,1.050000e+02,-3.217500e+01,1.200000e+01,2.400000e+02,1.000000e+03,0.000000e+00,0.000000e+00,0.000000e+00
8.750000e+00,7.801184e+02,1.051200e+02,-3.219120e+01,1.200000e+01,2.400000e+02,1.000000e+03,0.000000e+00,0.000000e+00,0.000000e+00
8.760000e+00,7.797964e+02,1.052400e+02,-3.220740e+01,1.200000e+01,2.400000e+02,1.000000e+03,0.000000e+00,0.000000e+00,0.000000e+00
8.770000e+00,7.794742e+02,1.053600e+02,-3.222360e+01,1.200000e+01,2.400000e+02,1.000000e+03,0.000000e+00,0.000000e+00,0.000000e+00
8.780000e+00,7.791518e+02,1.054800e+02,-3.223980e+01,1.200000e+01,2.400000e+02,1.000000e+03,0.000000e+00,0.000000e+00,0.000000e+00
8.790000e+00,7.788292e+02,1.056000e+02,-3.225600e+01,1.200000e+01,2.400000e+02,1.000000e+03,0.000000e+00,0.000000e+00,0.000000e+00
8.800000e+00,7.785066e+02,1.057200e+02,-3.227220e+01,1.200000e+01,2.400000e+02,1.000000e+03,0.000000e+00,0.000000e+00,0.000000e+00
8.810000e+00,7.781837e+02,1.058400e+02,-3.228840e+01,1.200000e+01,2.400000e+02,1.000000e+03,0.000000e+00,0.000000e+00,0.000000e+00
8.820000e+00,7.778607e+02,1.059600e+02,-3.230460e+01,1.200000e+01,2.400000e+02,1.000000e+03,0.000000e+00,0.000000e+00,0.000000e+00
8.830000e+00,7.775375e+02,1.060800e+02,-3.232080e+01,1.200000e+01,2.400000e+02,1.000000e+03,0.000000e+00,0.000000e+00,0.000000e+00
8.840000e+00,7.772142e+02,1.062000e+02,-3.233700e+01,1.200000e+01,2.400000e+02,1.000000e+03,0.000000e+00,0.000000e+00,0.000000e+00
8.850000e+00,7.768906e+02,1.063200e+02,-3.235320e+01,1.200000e+01,2.400000e+02,1.000000e+03,0.000000e+00,0.000000e+00,0.000000e+00
8.860000e+00,7.765670e+02,1.064400e+02,-3.236940e+01,1.200000e+01,2.400000e+02,1.000000e+03,0.000000e+00,0.000000e+00,0.000000e+00
8.870000e+00,7.762432e+02,1.065600e+02,-3.238560e+01,1.200000e+01,2.400000e+02,1.000000e+03,0.000000e+00,0.000000e+00,0.000000e+00
8.880000e+00,7.759192e+02,1.066800e+02,-3.240180e+01,1.200000e+01,2.400000e+02,1.000000e+03,0.000000e+00,0.000000e+00,0.000000e+00
8.890000e+00,7.755950e+02,1.068000e+02,-3.241800e+01,1.200000e+01,2.400000e+02,1.000000e+03,0.000000e+00,0.000000e+00,0.000000e+00
8.900000e+00,7.752707e+02,1.069200e+02,-3.243420e+01,1.200000e+01,2.400000e+02,1.000000e+03,0.000000e+00,0.000000e+00,0.000000e+00
8.910000e+00,7.749462e+02,1.070400e+02,-3.245040e+01,1.200000e+01,2.400000e+02,1.000000e+03,0.000000e+00,0.000000e+00,0.000000e+00
8.920000e+00,7.746216e+02,1.071600e+02,-3.246660e+01,1.200000e+01,2.400000e+02,1.000000e+03,0.000000e+00,0.000000e+00,0.000000e+00
8.930000e+00,7.742968e+02,1.072800e+02,-3.248280e+01,1.200000e+01,2.400000e+02,1.000000e+03,0.000000e+00,0.000000e+00,0.000000e+00
8.940000e+00,7.739718e+02,1.074000e+02,-3.249900e+01,1.200000e+01,2.400000e+02,1.000000e+03,0.000000e+00,0.000000e+00,0.000000e+00
8.950000e+00,7.736467e+02,1.075200e+02,-3.251520e+01,1.200000e+01,2.400000e+02,1.000000e+03,0.000000e+00,0.000000e+00,0.000000e+00
8.960000e+00,7.733214e+02,1.076400e+02,-3.253140e+01,1.200000e+01,2.400000e+02,1.000000e+03,0.000000e+00,0.000000e+00,0.000000e+00
8.970000e+00,7.729960e+02,1.077600e+02,-3.254760e+01,1.200000e+01,2.400000e+02,1.000000e+03,0.000000e+00,0.000000e+00,0.000000e+00
8.980000e+00,7.726704e+02,1.078800e+02,-3.256380e+01,1.200000e+01,2.400000e+02,1.000000e+03,0.000000e+00,0.000000e+00,0.000000e+00
8.990000e+00,7.723446e+02,1.080000e+02,-3.258000e+01,1.200000e+01,2.400000e+02,1.000000e+03,0.000000e+00,0.000000e+00,0.000000e+00
9.000000e+00,7.720187e+02,1.081200e+02,-3.259620e+01,1.200000e+01,2.400000e+02,1.000000e+03,0.000000e+00,0.000000e+00,0.000000e+00
9.010000e+00,7.716925e+02,1.082400e+02,-3.261240e+01,1.200000e+01,2.400000e+02,1.000000e+03,0.000000e+00,0.000000e+00,0.000000e+00
9.020000e+00,7.713663e+02,1.083600e+02,-3.262860e+01,1.200000e+01,2.400000e+02,1.000000e+03,0.000000e+00,0.000000e+00,0.000000e+00
9.030000e+00,7.710399e+02,1.084800e+02,-3.264480e+01,1.200000e+01,2.400000e+02,1.000000e+03,0.000000e+00,0.000000e+00,0.000000e+00
9.040000e+00,7.707133e+02,1.086000e+02,-3.266100e+01,1.200000e+01,2.400000e+02,1.000000e+03,0.000000e+00,0.000000e+00,0.000000e+00
9.050000e+00,7.703865e+02,1.087200e+02,-3.267720e+01,1.200000e+01,2.400000e+02,1.000000e+03,0.000000e+00,0.000000e+00,0.000000e+00
9.060000e+00,7.700596e+02,1.088400e+02,-3.269340e+01,1.200000e+01,2.400000e+02,1.000000e+03,0.000000e+00,0.000000e+00,0.000000e+00
9.070000e+00,7.697326e+02,1.089600e+02,-3.270960e+01,1.200000e+01,2.400000e+02,1.000000e+03,0.000000e+00,0.000000e+00,0.000000e+00
9.080000e+00,7.694053e+02,1.090800e+02,-3.272580e+01,1.200000e+01,2.400000e+02,1.000000e+03,0.000000e+00,0.000000e+00,0.000000e+00
9.090000e+00,7.690779e+02,1.092000e+02,-3.274200e+01,1.200000e+01,2.400000e+02,1.000000e+03,0.000000e+00,0.000000e+00,0.000000e+00
9.100000e+00,7.687504e+02,1.093200e+02,-3.275820e+01,1.200000e+01,2.400000e+02,1.000000e+03,0.000000e+00,0.000000e+00,0.000000e+00
9.110000e+00,7.684227e+02,1.094400e+02,-3.277440e+01,1.200000e+01,2.400000e+02,1.000000e+03,0.000000e+00,0.000000e+00,0.000000e+00
9.120000e+00,7.680948e+02,1.095600e+02,-3.279060e+01,1.200000e+01,2.400000e+02,1.000000e+03,0.000000e+00,0.000000e+00,0.000000e+00
9.130000e+00,7.677667e+02,1.096800e+02,-3.280680e+01,1.200000e+01,2.400000e+02,1.000000e+03,0.000000e+00,0.000000e+00,0.000000e+00
9.140000e+00,7.674386e+02,1.098000e+02,-3.282300e+01,1.200000e+01,2.400000e+02,1.000000e+03,0.000000e+00,0.000000e+00,0.000000e+00
9.150000e+00,7.671102e+02,1.099200e+02,-3.283920e+01,1.200000e+01,2.400000e+02,1.000000e+03,0.000000e+00,0.000000e+00,0.000000e+00
9.160000e+00,7.667817e+02,1.100400e+02,-3.285540e+01,1.200000e+01,2.400000e+02,1.000000e+03,0.000000e+00,0.000000e+00,0.000000e+00
9.170000e+00,7.664530e+02,1.101600e+02,-3.287160e+01,1.200000e+01,2.400000e+02,1.000000e+03,0.000000e+00,0.000000e+00,0.000000e+00
9.180000e+00,7.661241e+02,1.102800e+02,-3.288780e+01,1.200000e+01,2.400000e+02,1.000000e+03,0.000000e+00,0.000000e+00,0.000000e+00
9.190000e+00,7.657951e+02,1.104000e+02,-3.290400e+01,1.200000e+01,2.400000e+02,1.000000e+03,0.000000e+00,0.000000e+00,0.000000e+00
9.200000e+00,7.654659e+02,1.105200e+02,-3.292020e+01,1.200000e+01,2.400000e+02,1.000000e+03,0.000000e+00,0.000000e+00,0.000000e+00
9.210000e+00,7.651366e+02,1.106400e+02,-3.293640e+01,1.200000e+01,2.400000e+02,1.000000e+03,0.000000e+00,0.000000e+00,0.000000e+00
9.220000e+00,7.648071e+02,1.107600e+02,-3.295260e+01,1.200000e+01,2.400000e+02,1.000000e+03,0.000000e+00,0.000000e+00,0.000000e+00
9.230000e+00,7.644774e+02,1.108800e+02,-3.296880e+01,1.200000e+01,2.400000e+02,1.000000e+03,0.000000e+00,0.000000e+00,0.000000e+00
9.240000e+00,7.641476e+02,1.110000e+02,-3.298500e+01,1.200000e+01,2.400000e+02,1.000000e+03,0.000000e+00,0.000000e+00,0.000000e+00
9.250000e+00,7.638176e+02,1.111200e+02,-3.300120e+01,1.200000e+01,2.400000e+02,1.000000e+03,0.000000e+00,0.000000e+00,0.000000e+00
9.260000e+00,7.634875e+02,1.112400e+02,-3.301740e+01,1.200000e+01,2.400000e+02,1.000000e+03,0.000000e+00,0.000000e+00,0.000000e+00
9.270000e+00,7.631572e+02,1.113600e+02,-3.303360e+01,1.200000e+01,2.400000e+02,1.000000e+03,0.000000e+00,0.000000e+00,0.000000e+00
9.280000e+00,7.628267e+02,1.114800e+02,-3.304980e+01,1.200000e+01,2.400000e+02,1.000000e+03,0.000000e+00,0.000000e+00,0.000000e+00
9.290000e+00,7.624960e+02,1.116000e+02,-3.306600e+01,1.200000e+01,2.400000e+02,1.000000e+03,0.000000e+00,0.000000e+00,0.000000e+00
9.300000e+00,7.621653e+02,1.117200e+02,-3.308220e+01,1.200000e+01,2.400000e+02,1.000000e+03,0.000000e+00,0.000000e+00,0.000000e+00
9.310000e+00,7.618343e+02,1.118400e+02,-3.309840e+01,1.200000e+01,2.400000e+02,1.000000e+03,0.000000e+00,0.000000e+00,0.000000e+00
9.320000e+00,7.615032e+02,1.119600e+02,-3.311460e+01,1.200000e+01,2.400000e+02,1.000000e+03,0.000000e+00,0.000000e+00,0.000000e+00
9.330000e+00,7.611719e+02,1.120800e+02,-3.313080e+01,1.200000e+01,2.400000e+02,1.000000e+03,0.000000e+00,0.000000e+00,0.000000e+00
9.340000e+00,7.608405e+02,1.122000e+02,-3.314700e+01,1.200000e+01,2.400000e+02,1.000000e+03,0.000000e+00,0.000000e+00,0.000000e+00
9.350000e+00,7.605088e+02,1.123200e+02,-3.316320e+01,1.200000e+01,2.400000e+02,1.000000e+03,0.000000e+00,0.000000e+00,0.000000e+00
9.360000e+00,7.601771e+02,1.124400e+02,-3.317940e+01,1.200000e+01,2.400000e+02,1.000000e+03,0.000000e+00,0.000000e+00,0.000000e+00
9.370000e+00,7.598452e+02,1.125600e+02,-3.319560e+01,1.200000e+01,2.400000e+02,1.000000e+03,0.000000e+00,0.000000e+00,0.000000e+00
9.380000e+00,7.595131e+02,1.126800e+02,-3.321180e+01,1.200000e+01,2.400000e+02,1.000000e+03,0.000000e+00,0.000000e+00,0.000000e+00
9.390000e+00,7.591808e+02,1.128000e+02,-3.322800e+01,1.200000e+01,2.400000e+02,1.000000e+03,0.000000e+00,0.000000e+00,0.000000e+00
9.400000e+00,7.588484e+02,1.129200e+02,-3.324420e+01,1.200000e+01,2.400000e+02,1.000000e+03,0.000000e+00,0.000000e+00,0.000000e+00
9.410000e+00,7.585158e+02,1.130400e+02,-3.326040e+01,1.200000e+01,2.400000e+02,1.000000e+03,0.000000e+00,0.000000e+00,0.000000e+00
9.420000e+00,7.581831e+02,1.131600e+02,-3.327660e+01,1.200000e+01,2.400000e+02,1.000000e+03,0.000000e+00,0.000000e+00,0.000000e+00
9.430000e+00,7.578502e+02,1.132800e+02,-3.329280e+01,1.200000e+01,2.400000e+02,1.000000e+03,0.000000e+00,0.000000e+00,0.000000e+00
9.440000e+00,7.575171e+02,1.134000e+02,-3.330900e+01,1.200000e+01,2.400000e+02,1.000000e+03,0.000000e+00,0.000000e+00,0.000000e+00
9.450000e+00,7.571839e+02,1.135200e+02,-3.332520e+01,1.200000e+01,2.400000e+02,1.000000e+03,0.000000e+00,0.000000e+00,0.000000e+00
9.460000e+00,7.568505e+02,1.136400e+02,-3.334140e+01,1.200000e+01,2.400000e+02,1.000000e+03,0.000000e+00,0.000000e+00,0.000000e+00
9.470000e+00,7.565170e+02,1.137600e+02,-3.335760e+01,1.200000e+01,2.400000e+02,1.000000e+03,0.000000e+00,0.000000e+00,0.000000e+00
9.480000e+00,7.561833e+02,1.138800e+02,-3.337380e+01,1.200000e+01,2.400000e+02,1.000000e+03,0.000000e+00,0.000000e+00,0.000000e+00
9.490000e+00,7.558494e+02,1.140000e+02,-3.339000e+01,1.200000e+01,2.400000e+02,1.000000e+03,0.000000e+00,0.000000e+00,0.000000e+00
9.500000e+00,7.555154e+02,1.141200e+02,-3.340620e+01,1.200000e+01,2.400000e+02,1.000000e+03,0.000000e+00,0.000000e+00,0.000000e+00
9.510000e+00,7.551811e+02,1.142400e+02,-3.342240e+01,1.200000e+01,2.400000e+02,1.000000e+03,0.000000e+00,0.000000e+00,0.000000e+00
9.520000e+00,7.548468e+02,1.143600e+02,-3.343860e+01,1.200000e+01,2.400000e+02,1.000000e+03,0.000000e+00,0.000000e+00,0.000000e+00
9.530000e+00,7.545123e+02,1.144800e+02,-3.345480e+01,1.200000e+01,2.400000e+02,1.000000e+03,0.000000e+00,0.000000e+00,0.000000e+00
9.540000e+00,7.541776e+02,1.146000e+02,-3.347100e+01,1.200000e+01,2.400000e+02,1.000000e+03,0.000000e+00,0.000000e+00,0.000000e+00
9.550000e+00,7.538427e+02,1.147200e+02,-3.348720e+01,1.200000e+01,2.400000e+02,1.000000e+03,0.000000e+00,0.000000e+00,0.000000e+00
9.560000e+00,7.535077e+02,1.148400e+02,-3.350340e+01,1.200000e+01,2.400000e+02,1.000000e+03,0.000000e+00,0.000000e+00,0.000000e+00
9.570000e+00,7.531726e+02,1.149600e+02,-3.351960e+01,1.200000e+01,2.400000e+02,1.000000e+03,0.000000e+00,0.000000e+00,0.000000e+00
9.580000e+00,7.528372e+02,1.150800e+02,-3.353580e+01,1.200000e+01,2.400000e+02,1.000000e+03,0.000000e+00,0.000000e+00,0.000000e+00
9.590000e+00,7.525017e+02,1.152000e+02,-3.355200e+01,1.200000e+01,2.400000e+02,1.000000e+03,0.000000e+00,0.000000e+00,0.000000e+00
9.600000e+00,7.521661e+02,1.153200e+02,-3.356820e+01,1.200000e+01,2.400000e+02,1.000000e+03,0.000000e+00,0.000000e+00,0.000000e+00
9.610000e+00,7.518303e+02,1.154400e+02,-3.358440e+01,1.200000e+01,2.400000e+02,1.000000e+03,0.000000e+00,0.000000e+00,0.000000e+00
9.620000e+00,7.514943e+02,1.155600e+02,-3.360060e+01,1.200000e+01,2.400000e+02,1.000000e+03,0.000000e+00,0.000000e+00,0.000000e+00
9.630000e+00,7.511581e+02,1.156800e+02,-3.361680e+01,1.200000e+01,2.400000e+02,1.000000e+03,0.000000e+00,0.000000e+00,0.000000e+00
9.640000e+00,7.508219e+02,1.158000e+02,-3.363300e+01,1.200000e+01,2.400000e+02,1.000000e+03,0.000000e+00,0.000000e+00,0.000000e+00
9.650000e+00,7.504854e+02,1.159200e+02,-3.364920e+01,1.200000e+01,2.400000e+02,1.000000e+03,0.000000e+00,0.000000e+00,0.000000e+00
9.660000e+00,7.501488e+02,1.160400e+02,-3.366540e+01,1.200000e+01,2.400000e+02,1.000000e+03,0.000000e+00,0.000000e+00,0.000000e+00
9.670000e+00,7.498120e+02,1.161600e+02,-3.368160e+01,1.200000e+01,2.400000e+02,1.000000e+03,0.000000e+00,0.000000e+00,0.000000e+00
9.680000e+00,7.494750e+02,1.162800e+02,-3.369780e+01,1.200000e+01,2.400000e+02,1.000000e+03,0.000000e+00,0.000000e+00,0.000000e+00
9.690000e+00,7.491379e+02,1.164000e+02,-3.371400e+01,1.200000e+01,2.400000e+02,1.000000e+03,0.000000e+00,0.000000e+00,0.000000e+00
9.700000e+00,7.488006e+02,1.165200e+02,-3.373020e+01,1.200000e+01,2.400000e+02,1.000000e+03,0.000000e+00,0.000000e+00,0.000000e+00
9.710000e+00,7.484632e+02,1.166400e+02,-3.374640e+01,1.200000e+01,2.400000e+02,1.000000e+03,0.000000e+00,0.000000e+00,0.000000e+00
9.720000e+00,7.481256e+02,1.167600e+02,-3.376260e+01,1.200000e+01,2.400000e+02,1.000000e+03,0.000000e+00,0.000000e+00,0.000000e+00
9.730000e+00,7.477878e+02,1.168800e+02,-3.377880e+01,1.200000e+01,2.400000e+02,1.000000e+03,0.000000e+00,0.000000e+00,0.000000e+00
9.740000e+00,7.474499e+02,1.170000e+02,-3.379500e+01,1.200000e+01,2.400000e+02,1.000000e+03,0.000000e+00,0.000000e+00,0.000000e+00
9.750000e+00,7.471118e+02,1.171200e+02,-3.381120e+01,1.200000e+01,2.400000e+02,1.000000e+03,0.000000e+00,0.000000e+00,0.000000e+00
9.760000e+00,7.467736e+02,1.172400e+02,-3.382740e+01,1.200000e+01,2.400000e+02,1.000000e+03,0.000000e+00,0.000000e+00,0.000000e+00
9.770000e+00,7.464352e+02,1.173600e+02,-3.384360e+01,1.200000e+01,2.400000e+02,1.000000e+03,0.000000e+00,0.000000e+00,0.000000e+00
9.780000e+00,7.460966e+02,1.174800e+02,-3.385980e+01,1.200000e+01,2.400000e+02,1.000000e+03,0.000000e+00,0.000000e+00,0.000000e+00
9.790000e+00,7.457578e+02,1.176000e+02,-3.387600e+01,1.200000e+01,2.400000e+02,1.000000e+03,0.000000e+00,0.000000e+00,0.000000e+00
9.800000e+00,7.454190e+02,1.177200e+02,-3.389220e+01,1.200000e+01,2.400000e+02,1.000000e+03,0.000000e+00,0.000000e+00,0.000000e+00
9.810000e+00,7.450799e+02,1.178400e+02,-3.390840e+01,1.200000e+01,2.400000e+02,1.000000e+03,0.000000e+00,0.000000e+00,0.000000e+00
9.820000e+00,7.447407e+02,1.179600e+02,-3.392460e+01,1.200000e+01,2.400000e+02,1.000000e+03,0.000000e+00,0.000000e+00,0.000000e+00
9.830000e+00,7.444013e+02,1.180800e+02,-3.394080e+01,1.200000e+01,2.400000e+02,1.000000e+03,0.000000e+00,0.000000e+00,0.000000e+00
9.840000e+00,7.440618e+02,1.182000e+02,-3.395700e+01,1.200000e+01,2.400000e+02,1.000000e+03,0.000000e+00,0.000000e+00,0.000000e+00
9.850000e+00,7.437220e+02,1.183200e+02,-3.397320e+01,1.200000e+01,2.400000e+02,1.000000e+03,0.000000e+00,0.000000e+00,0.000000e+00
9.860000e+00,7.433822e+02,1.184400e+02,-3.398940e+01,1.200000e+01,2.400000e+02,1.000000e+03,0.000000e+00,0.000000e+00,0.000000e+00
9.870000e+00,7.430422e+02,1.185600e+02,-3.400560e+01,1.200000e+01,2.400000e+02,1.000000e+03,0.000000e+00,0.000000e+00,0.000000e+00
9.880000e+00,7.427020e+02,1.186800e+02,-3.402180e+01,1.200000e+01,2.400000e+02,1.000000e+03,0.000000e+00,0.000000e+00,0.000000e+00
9.890000e+00,7.423616e+02,1.188000e+02,-3.403800e+01,1.200000e+01,2.400000e+02,1.000000e+03,0.000000e+00,0.000000e+00,0.000000e+00
9.900000e+00,7.420211e+02,1.189200e+02,-3.405420e+01,1.200000e+01,2.400000e+02,1.000000e+03,0.000000e+00,0.000000e+00,0.000000e+00
9.910000e+00,7.416804e+02,1.190400e+02,-3.407040e+01,1.200000e+01,2.400000e+02,1.000000e+03,0.000000e+00,0.000000e+00,0.000000e+00
9.920000e+00,7.413396e+02,1.191600e+02,-3.408660e+01,1.200000e+01,2.400000e+02,1.000000e+03,0.000000e+00,0.000000e+00,0.000000e+00
9.930000e+00,7.409986e+02,1.192800e+02,-3.410280e+01,1.200000e+01,2.400000e+02,1.000000e+03,0.000000e+00,0.000000e+00,0.000000e+00
9.940000e+00,7.406574e+02,1.194000e+02,-3.411900e+01,1.200000e+01,2.400000e+02,1.000000e+03,0.000000e+00,0.000000e+00,0.000000e+00
9.950000e+00,7.403161e+02,1.195200e+02,-3.413520e+01,1.200000e+01,2.400000e+02,1.000000e+03,0.000000e+00,0.000000e+00,0.000000e+00
9.960000e+00,7.399746e+02,1.196400e+02,-3.415140e+01,1.200000e+01,2.400000e+02,1.000000e+03,0.000000e+00,0.000000e+00,0.000000e+00
9.970000e+00,7.396330e+02,1.197600e+02,-3.416760e+01,1.200000e+01,2.400000e+02,1.000000e+03,0.000000e+00,0.000000e+00,0.000000e+00
9.980000e+00,7.392912e+02,1.198800e+02,-3.418380e+01,1.200000e+01,2.400000e+02,1.000000e+03,0.000000e+00,0.000000e+00,0.000000e+00
9.990000e+00,7.389492e+02,1.200000e+02,-3.420000e+01,1.200000e+01,2.400000e+02,1.000000e+03,0.000000e+00,0.000000e+00,0.000000e+00
1.000000e+01,7.386071e+02,1.201200e+02,-3.421620e+01,1.200000e+01,2.400000e+02,1.000000e+03,0.000000e+00,0.000000e+00,0.000000e+00
1.001000e+01,7.382647e+02,1.202400e+02,-3.423240e+01,1.200000e+01,2.400000e+02,1.000000e+03,0.000000e+00,0.000000e+00,0.000000e+00
1.002000e+01,7.379223e+02,1.203600e+02,-3.424860e+01,1.200000e+01,2.400000e+02,1.000000e+03,0.000000e+00,0.000000e+00,0.000000e+00
1.003000e+01,7.375797e+02,1.204800e+02,-3.426480e+01,1.200000e+01,2.400000e+02,1.000000e+03,0.000000e+00,0.000000e+00,0.000000e+00
1.004000e+01,7.372369e+02,1.206000e+02,-3.428100e+01,1.200000e+01,2.400000e+02,1.000000e+03,0.000000e+00,0.000000e+00,0.000000e+00
1.005000e+01,7.368939e+02,1.207200e+02,-3.429720e+01,1.200000e+01,2.400000e+02,1.000000e+03,0.000000e+00,0.000000e+00,0.000000e+00
1.006000e+01,7.365508e+02,1.208400e+02,-3.431340e+01,1.200000e+01,2.400000e+02,1.000000e+03,0.000000e+00,0.000000e+00,0.000000e+00
1.007000e+01,7.362076e+02,1.209600e+02,-3.432960e+01,1.200000e+01,2.400000e+02,1.000000e+03,0.000000e+00,0.000000e+00,0.000000e+00
1.008000e+01,7.358641e+02,1.210800e+02,-3.434580e+01,1.200000e+01,2.400000e+02,1.000000e+03,0.000000e+00,0.000000e+00,0.000000e+00
1.009000e+01,7.355205e+02,1.212000e+02,-3.436200e+01,1.200000e+01,2.400000e+02,1.000000e+03,0.000000e+00,0.000000e+00,0.000000e+00
1.010000e+01,7.351768e+02,1.213200e+02,-3.437820e+01,1.200000e+01,2.400000e+02,1.000000e+03,0.000000e+00,0.000000e+00,0.000000e+00
1.011000e+01,7.348329e+02,1.214400e+02,-3.439440e+01,1.200000e+01,2.400000e+02,1.000000e+03,0.000000e+00,0.000000e+00,0.000000e+00
1.012000e+01,7.344888e+02,1.215600e+02,-3.441060e+01,1.200000e+01,2.400000e+02,1.000000e+03,0.000000e+00,0.000000e+00,0.000000e+00
1.013000e+01,7.341445e+02,1.216800e+02,-3.442680e+01,1.200000e+01,2.400000e+02,1.000000e+03,0.000000e+00,0.000000e+00,0.000000e+00
1.014000e+01,7.338002e+02,1.218000e+02,-3.444300e+01,1.200000e+01,2.400000e+02,1.000000e+03,0.000000e+00,0.000000e+00,0.000000e+00
1.015000e+01,7.334556e+02,1.219200e+02,-3.445920e+01,1.200000e+01,2.400000e+02,1.000000e+03,0.000000e+00,0.000000e+00,0.000000e+00
1.016000e+01,7.331109e+02,1.220400e+02,-3.447540e+01,1.200000e+01,2.400000e+02,1.000000e+03,0.000000e+00,0.000000e+00,0.000000e+00
1.017000e+01,7.327660e+02,1.221600e+02,-3.449160e+01,1.200000e+01,2.400000e+02,1.000000e+03,0.000000e+00,0.000000e+00,0.000000e+00
1.018000e+01,7.324209e+02,1.222800e+02,-3.450780e+01,1.200000e+01,2.400000e+02,1.000000e+03,0.000000e+00,0.000000e+00,0.000000e+00
1.019000e+01,7.320757e+02,1.224000e+02,-3.452400e+01,1.200000e+01,2.400000e+02,1.000000e+03,0.000000e+00,0.000000e+00,0.000000e+00
1.020000e+01,7.317303e+02,1.225200e+02,-3.454020e+01,1.200000e+01,2.400000e+02,1.000000e+03,0.000000e+00,0.000000e+00,0.000000e+00
1.021000e+01,7.313848e+02,1.226400e+02,-3.455640e+01,1.200000e+01,2.400000e+02,1.000000e+03,0.000000e+00,0.000000e+00,0.000000e+00
1.022000e+01,7.310391e+02,1.227600e+02,-3.457260e+01,1.200000e+01,2.400000e+02,1.000000e+03,0.000000e+00,0.000000e+00,0.000000e+00
1.023000e+01,7.306932e+02,1.228800e+02,-3.458880e+01,1.200000e+01,2.400000e+02,1.000000e+03,0.000000e+00,0.000000e+00,0.000000e+00
1.024000e+01,7.303472e+02,1.230000e+02,-3.460500e+01,1.200000e+01,2.400000e+02,1.000000e+03,0.000000e+00,0.000000e+00,0.000000e+00
1.025000e+01,7.300010e+02,1.231200e+02,-3.462120e+01,1.200000e+01,2.400000e+02,1.000000e+03,0.000000e+00,0.000000e+00,0.000000e+00
1.026000e+01,7.296547e+02,1.232400e+02,-3.463740e+01,1.200000e+01,2.400000e+02,1.000000e+03,0.000000e+00,0.000000e+00,0.000000e+00
1.027000e+01,7.293082e+02,1.233600e+02,-3.465360e+01,1.200000e+01,2.400000e+02,1.000000e+03,0.000000e+00,0.000000e+00,0.000000e+00
1.028000e+01,7.289615e+02,1.234800e+02,-3.466980e+01,1.200000e+01,2.400000e+02,1.000000e+03,0.000000e+00,0.000000e+00,0.000000e+00
1.029000e+01,7.286146e+02,1.236000e+02,-3.468600e+01,1.200000e+01,2.400000e+02,1.000000e+03,0.000000e+00,0.000000e+00,0.000000e+00
1.030000e+01,7.282677e+02,1.237200e+02,-3.470220e+01,1.200000e+01,2.400000e+02,1.000000e+03,0.000000e+00,0.000000e+00,0.000000e+00
1.031000e+01,7.279205e+02,1.238400e+02,-3.471840e+01,1.200000e+01,2.400000e+02,1.000000e+03,0.000000e+00,0.000000e+00,0.000000e+00
1.032000e+01,7.275732e+02,1.239600e+02,-3.473460e+01,1.200000e+01,2.400000e+02,1.000000e+03,0.000000e+00,0.000000e+00,0.000000e+00
1.033000e+01,7.272257e+02,1.240800e+02,-3.475080e+01,1.200000e+01,2.400000e+02,1.000000e+03,0.000000e+00,0.000000e+00,0.000000e+00
1.034000e+01,7.268781e+02,1.242000e+02,-3.476700e+01,1.200000e+01,2.400000e+02,1.000000e+03,0.000000e+00,0.000000e+00,0.000000e+00
1.035000e+01,7.265302e+02,1.243200e+02,-3.478320e+01,1.200000e+01,2.400000e+02,1.000000e+03,0.000000e+00,0.000000e+00,0.000000e+00
1.036000e+01,7.261823e+02,1.244400e+02,-3.479940e+01,1.200000e+01,2.400000e+02,1.000000e+03,0.000000e+00,0.000000e+00,0.000000e+00
1.037000e+01,7.258342e+02,1.245600e+02,-3.481560e+01,1.200000e+01,2.400000e+02,1.000000e+03,0.000000e+00,0.000000e+00,0.000000e+00
1.038000e+01,7.254859e+02,1.246800e+02,-3.483180e+01,1.200000e+01,2.400000e+02,1.000000e+03,0.000000e+00,0.000000e+00,0.000000e+00
1.039000e+01,7.251374e+02,1.248000e+02,-3.484800e+01,1.200000e+01,2.400000e+02,1.000000e+03,0.000000e+00,0.000000e+00,0.000000e+00
1.040000e+01,7.247888e+02,1.249200e+02,-3.486420e+01,1.200000e+01,2.400000e+02,1.000000e+03,0.000000e+00,0.000000e+00,0.000000e+00
1.041000e+01,7.244400e+02,1.250400e+02,-3.488040e+01,1.200000e+01,2.400000e+02,1.000000e+03,0.000000e+00,0.000000e+00,0.000000e+00
1.042000e+01,7.240911e+02,1.251600e+02,-3.489660e+01,1.200000e+01,2.400000e+02,1.000000e+03,0.000000e+00,0.000000e+00,0.000000e+00
1.043000e+01,7.237420e+02,1.252800e+02,-3.491280e+01,1.200000e+01,2.400000e+02,1.000000e+03,0.000000e+00,0.000000e+00,0.000000e+00
1.044000e+01,7.233927e+02,1.254000e+02,-3.492900e+01,1.200000e+01,2.400000e+02,1.000000e+03,0.000000e+00,0.000000e+00,0.000000e+00
1.045000e+01,7.230433e+02,1.255200e+02,-3.494520e+01,1.200000e+01,2.400000e+02,1.000000e+03,0.000000e+00,0.000000e+00,0.000000e+00
1.046000e+01,7.226937e+02,1.256400e+02,-3.496140e+01,1.200000e+01,2.400000e+02,1.000000e+03,0.000000e+00,0.000000e+00,0.000000e+00
1.047000e+01,7.223440e+02,1.257600e+02,-3.497760e+01,1.200000e+01,2.400000e+02,1.000000e+03,0.000000e+00,0.000000e+00,0.000000e+00
1.048000e+01,7.219941e+02,1.258800e+02,-3.499380e+01,1.200000e+01,2.400000e+02,1.000000e+03,0.000000e+00,0.000000e+00,0.000000e+00
1.049000e+01,7.216440e+02,1.260000e+02,-3.501000e+01,1.200000e+01,2.400000e+02,1.000000e+03,0.000000e+00,0.000000e+00,0.000000e+00
1.050000e+01,7.212938e+02,1.261200e+02,-3.502620e+01,1.200000e+01,2.400000e+02,1.000000e+03,0.000000e+00,0.000000e+00,0.000000e+00
1.051000e+01,7.209433e+02,1.262400e+02,-3.504240e+01,1.200000e+01,2.400000e+02,1.000000e+03,0.000000e+00,0.000000e+00,0.000000e+00
1.052000e+01,7.205928e+02,1.263600e+02,-3.505860e+01,1.200000e+01,2.400000e+02,1.000000e+03,0.000000e+00,0.000000e+00,0.000000e+00
1.053000e+01,7.202421e+02,1.264800e+02,-3.507480e+01,1.200000e+01,2.400000e+02,1.000000e+03,0.000000e+00,0.000000e+00,0.000000e+00
1.054000e+01,7.198912e+02,1.266000e+02,-3.509100e+01,1.200000e+01,2.400000e+02,1.000000e+03,0.000000e+00,0.000000e+00,0.000000e+00
1.055000e+01,7.195401e+02,1.267200e+02,-3.510720e+01,1.200000e+01,2.400000e+02,1.000000e+03,0.000000e+00,0.000000e+00,0.000000e+00
1.056000e+01,7.191889e+02,1.268400e+02,-3.512340e+01,1.200000e+01,2.400000e+02,1.000000e+03,0.000000e+00,0.000000e+00,0.000000e+00
1.057000e+01,7.188376e+02,1.269600e+02,-3.513960e+01,1.200000e+01,2.400000e+02,1.000000e+03,0.000000e+00,0.000000e+00,0.000000e+00
1.058000e+01,7.184860e+02,1.270800e+02,-3.515580e+01,1.200000e+01,2.400000e+02,1.000000e+03,0.000000e+00,0.000000e+00,0.000000e+00
1.059000e+01,7.181343e+02,1.272000e+02,-3.517200e+01,1.200000e+01,2.400000e+02,1.000000e+03,0.000000e+00,0.000000e+00,0.000000e+00
1.060000e+01,7.177825e+02,1.273200e+02,-3.518820e+01,1.200000e+01,2.400000e+02,1.000000e+03,0.000000e+00,0.000000e+00,0.000000e+00
1.061000e+01,7.174305e+02,1.274400e+02,-3.520440e+01,1.200000e+01,2.400000e+02,1.000000e+03,0.000000e+00,0.000000e+00,0.000000e+00
1.062000e+01,7.170783e+02,1.275600e+02,-3.522060e+01,1.200000e+01,2.400000e+02,1.000000e+03,0.000000e+00,0.000000e+00,0.000000e+00
1.063000e+01,7.167259e+02,1.276800e+02,-3.523680e+01,1.200000e+01,2.400000e+02,1.000000e+03,0.000000e+00,0.000000e+00,0.000000e+00
1.064000e+01,7.163735e+02,1.278000e+02,-3.525300e+01,1.200000e+01,2.400000e+02,1.000000e+03,0.000000e+00,0.000000e+00,0.000000e+00
1.065000e+01,7.160208e+02,1.279200e+02,-3.526920e+01,1.200000e+01,2.400000e+02,1.000000e+03,0.000000e+00,0.000000e+00,0.000000e+00
1.066000e+01,7.156680e+02,1.280400e+02,-3.528540e+01,1.200000e+01,2.400000e+02,1.000000e+03,0.000000e+00,0.000000e+00,0.000000e+00
1.067000e+01,7.153150e+02,1.281600e+02,-3.530160e+01,1.200000e+01,2.400000e+02,1.000000e+03,0.000000e+00,0.000000e+00,0.000000e+00
1.068000e+01,7.149618e+02,1.282800e+02,-3.531780e+01,1.200000e+01,2.400000e+02,1.000000e+03,0.000000e+00,0.000000e+00,0.000000e+00
1.069000e+01,7.146085e+02,1.284000e+02,-3.533400e+01,1.200000e+01,2.400000e+02,1.000000e+03,0.000000e+00,0.000000e+00,0.000000e+00
1.070000e+01,7.142550e+02,1.285200e+02,-3.535020e+01,1.200000e+01,2.400000e+02,1.000000e+03,0.000000e+00,0.000000e+00,0.000000e+00
1.071000e+01,7.139014e+02,1.286400e+02,-3.536640e+01,1.200000e+01,2.400000e+02,1.000000e+03,0.000000e+00,0.000000e+00,0.000000e+00
1.072000e+01,7.135476e+02,1.287600e+02,-3.538260e+01,1.200000e+01,2.400000e+02,1.000000e+03,0.000000e+00,0.000000e+00,0.000000e+00
1.073000e+01,7.131936e+02,1.288800e+02,-3.539880e+01,1.200000e+01,2.400000e+02,1.000000e+03,0.000000e+00,0.000000e+00,0.000000e+00
1.074000e+01,7.128395e+02,1.290000e+02,-3.541500e+01,1.200000e+01,2.400000e+02,1.000000e+03,0.000000e+00,0.000000e+00,0.000000e+00
1.075000e+01,7.124852e+02,1.291200e+02,-3.543120e+01,1.200000e+01,2.400000e+02,1.000000e+03,0.000000e+00,0.000000e+00,0.000000e+00
1.076000e+01,7.121308e+02,1.292400e+02,-3.544740e+01,1.200000e+01,2.400000e+02,1.000000e+03,0.000000e+00,0.000000e+00,0.000000e+00
1.077000e+01,7.117762e+02,1.293600e+02,-3.546360e+01,1.200000e+01,2.400000e+02,1.000000e+03,0.000000e+00,0.000000e+00,0.000000e+00
1.078000e+01,7.114214e+02,1.294800e+02,-3.547980e+01,1.200000e+01,2.400000e+02,1.000000e+03,0.000000e+00,0.000000e+00,0.000000e+00
1.079000e+01,7.110664e+02,1.296000e+02,-3.549600e+01,1.200000e+01,2.400000e+02,1.000000e+03,0.000000e+00,0.000000e+00,0.000000e+00
1.080000e+01,7.107114e+02,1.297200e+02,-3.551220e+01,1.200000e+01,2.400000e+02,1.000000e+03,0.000000e+00,0.000000e+00,0.000000e+00
1.081000e+01,7.103561e+02,1.298400e+02,-3.552840e+01,1.200000e+01,2.400000e+02,1.000000e+03,0.000000e+00,0.000000e+00,0.000000e+00
1.082000e+01,7.100007e+02,1.299600e+02,-3.554460e+01,1.200000e+01,2.400000e+02,1.000000e+03,0.000000e+00,0.000000e+00,0.000000e+00
1.083000e+01,7.096451e+02,1.300800e+02,-3.556080e+01,1.200000e+01,2.400000e+02,1.000000e+03,0.000000e+00,0.000000e+00,0.000000e+00
1.084000e+01,7.092894e+02,1.302000e+02,-3.557700e+01,1.200000e+01,2.400000e+02,1.000000e+03,0.000000e+00,0.000000e+00,0.000000e+00
1.085000e+01,7.089334e+02,1.303200e+02,-3.559320e+01,1.200000e+01,2.400000e+02,1.000000e+03,0.000000e+00,0.000000e+00,0.000000e+00
1.086000e+01,7.085774e+02,1.304400e+02,-3.560940e+01,1.200000e+01,2.400000e+02,1.000000e+03,0.000000e+00,0.000000e+00,0.000000e+00
1.087000e+01,7.082212e+02,1.305600e+02,-3.562560e+01,1.200000e+01,2.400000e+02,1.000000e+03,0.000000e+00,0.000000e+00,0.000000e+00
1.088000e+01,7.078648e+02,1.306800e+02,-3.564180e+01,1.200000e+01,2.400000e+02,1.000000e+03,0.000000e+00,0.000000e+00,0.000000e+00
1.089000e+01,7.075082e+02,1.308000e+02,-3.565800e+01,1.200000e+01,2.400000e+02,1.000000e+03,0.000000e+00,0.000000e+00,0.000000e+00
1.090000e+01,7.071515e+02,1.309200e+02,-3.567420e+01,1.200000e+01,2.400000e+02,1.000000e+03,0.000000e+00,0.000000e+00,0.000000e+00
1.091000e+01,7.067946e+02,1.310400e+02,-3.569040e+01,1.200000e+01,2.400000e+02,1.000000e+03,0.000000e+00,0.000000e+00,0.000000e+00
1.092000e+01,7.064376e+02,1.311600e+02,-3.570660e+01,1.200000e+01,2.400000e+02,1.000000e+03,0.000000e+00,0.000000e+00,0.000000e+00
1.093000e+01,7.060804e+02,1.312800e+02,-3.572280e+01,1.200000e+01,2.400000e+02,1.000000e+03,0.000000e+00,0.000000e+00,0.000000e+00
1.094000e+01,7.057230e+02,1.314000e+02,-3.573900e+01,1.200000e+01,2.400000e+02,1.000000e+03,0.000000e+00,0.000000e+00,0.000000e+00
1.095000e+01,7.053655e+02,1.315200e+02,-3.575520e+01,1.200000e+01,2.400000e+02,1.000000e+03,0.000000e+00,0.000000e+00,0.000000e+00
1.096000e+01,7.050078e+02,1.316400e+02,-3.577140e+01,1.200000e+01,2.400000e+02,1.000000e+03,0.000000e+00,0.000000e+00,0.000000e+00
1.097000e+01,7.046500e+02,1.317600e+02,-3.578760e+01,1.200000e+01,2.400000e+02,1.000000e+03,0.000000e+00,0.000000e+00,0.000000e+00
1.098000e+01,7.042920e+02,1.318800e+02,-3.580380e+01,1.200000e+01,2.400000e+02,1.000000e+03,0.000000e+00,0.000000e+00,0.000000e+00
1.099000e+01,7.039338e+02,1.320000e+02,-3.582000e+01,1.200000e+01,2.400000e+02,1.000000e+03,0.000000e+00,0.000000e+00,0.000000e+00
1.100000e+01,7.035755e+02,1.321200e+02,-3.583620e+01,1.200000e+01,2.400000e+02,1.000000e+03,0.000000e+00,0.000000e+00,0.000000e+00
1.101000e+01,7.032169e+02,1.322400e+02,-3.585240e+01,1.200000e+01,2.400000e+02,1.000000e+03,0.000000e+00,0.000000e+00,0.000000e+00
1.102000e+01,7.028583e+02,1.323600e+02,-3.586860e+01,1.200000e+01,2.400000e+02,1.000000e+03,0.000000e+00,0.000000e+00,0.000000e+00
1.103000e+01,7.024995e+02,1.324800e+02,-3.588480e+01,1.200000e+01,2.400000e+02,1.000000e+03,0.000000e+00,0.000000e+00,0.000000e+00
1.104000e+01,7.021405e+02,1.326000e+02,-3.590100e+01,1.200000e+01,2.400000e+02,1.000000e+03,0.000000e+00,0.000000e+00,0.000000e+00
1.105000e+01,7.017813e+02,1.327200e+02,-3.591720e+01,1.200000e+01,2.400000e+02,1.000000e+03,0.000000e+00,0.000000e+00,0.000000e+00
1.106000e+01,7.014220e+02,1.328400e+02,-3.593340e+01,1.200000e+01,2.400000e+02,1.000000e+03,0.000000e+00,0.000000e+00,0.000000e+00
1.107000e+01,7.010626e+02,1.329600e+02,-3.594960e+01,1.200000e+01,2.400000e+02,1.000000e+03,0.000000e+00,0.000000e+00,0.000000e+00
1.108000e+01,7.007029e+02,1.330800e+02,-3.596580e+01,1.200000e+01,2.400000e+02,1.000000e+03,0.000000e+00,0.000000e+00,0.000000e+00
1.109000e+01,7.003431e+02,1.332000e+02,-3.598200e+01,1.200000e+01,2.400000e+02,1.000000e+03,0.000000e+00,0.000000e+00,0.000000e+00
1.110000e+01,6.999832e+02,1.333200e+02,-3.599820e+01,1.200000e+01,2.400000e+02,1.000000e+03,0.000000e+00,0.000000e+00,0.000000e+00
1.111000e+01,6.996231e+02,1.334400e+02,-3.601440e+01,1.200000e+01,2.400000e+02,1.000000e+03,0.000000e+00,0.000000e+00,0.000000e+00
1.112000e+01,6.992628e+02,1.335600e+02,-3.603060e+01,1.200000e+01,2.400000e+02,1.000000e+03,0.000000e+00,0.000000e+00,0.000000e+00
1.113000e+01,6.989023e+02,1.336800e+02,-3.604680e+01,1.200000e+01,2.400000e+02,1.000000e+03,0.000000e+00,0.000000e+00,0.000000e+00
1.114000e+01,6.985418e+02,1.338000e+02,-3.606300e+01,1.200000e+01,2.400000e+02,1.000000e+03,0.000000e+00,0.000000e+00,0.000000e+00
1.115000e+01,6.981810e+02,1.339200e+02,-3.607920e+01,1.200000e+01,2.400000e+02,1.000000e+03,0.000000e+00,0.000000e+00,0.000000e+00
1.116000e+01,6.978201e+02,1.340400e+02,-3.609540e+01,1.200000e+01,2.400000e+02,1.000000e+03,0.000000e+00,0.000000e+00,0.000000e+00
1.117000e+01,6.974590e+02,1.341600e+02,-3.611160e+01,1.200000e+01,2.400000e+02,1.000000e+03,0.000000e+00,0.000000e+00,0.000000e+00
1.118000e+01,6.970977e+02,1.342800e+02,-3.612780e+01,1.200000e+01,2.400000e+02,1.000000e+03,0.000000e+00,0.000000e+00,0.000000e+00
1.119000e+01,6.967363e+02,1.344000e+02,-3.614400e+01,1.200000e+01,2.400000e+02,1.000000e+03,0.000000e+00,0.000000e+00,0.000000e+00
1.120000e+01,6.963747e+02,1.345200e+02,-3.616020e+01,1.200000e+01,2.400000e+02,1.000000e+03,0.000000e+00,0.000000e+00,0.000000e+00
1.121000e+01,6.960130e+02,1.346400e+02,-3.617640e+01,1.200000e+01,2.400000e+02,1.000000e+03,0.000000e+00,0.000000e+00,0.000000e+00
1.122000e+01,6.956511e+02,1.347600e+02,-3.619260e+01,1.200000e+01,2.400000e+02,1.000000e+03,0.000000e+00,0.000000e+00,0.000000e+00
1.123000e+01,6.952890e+02,1.348800e+02,-3.620880e+01,1.200000e+01,2.400000e+02,1.000000e+03,0.000000e+00,0.000000e+00,0.000000e+00
1.124000e+01,6.949268e+02,1.350000e+02,-3.622500e+01,1.200000e+01,2.400000e+02,1.000000e+03,0.000000e+00,0.000000e+00,0.000000e+00
1.125000e+01,6.945644e+02,1.351200e+02,-3.624120e+01,1.200000e+01,2.400000e+02,1.000000e+03,0.000000e+00,0.000000e+00,0.000000e+00
1.126000e+01,6.942019e+02,1.352400e+02,-3.625740e+01,1.200000e+01,2.400000e+02,1.000000e+03,0.000000e+00,0.000000e+00,0.000000e+00
1.127000e+01,6.938392e+02,1.353600e+02,-3.627360e+01,1.200000e+01,2.400000e+02,1.000000e+03,0.000000e+00,0.000000e+00,0.000000e+00
1.128000e+01,6.934763e+02,1.354800e+02,-3.628980e+01,1.200000e+01,2.400000e+02,1.000000e+03,0.000000e+00,0.000000e+00,0.000000e+00
1.129000e+01,6.931132e+02,1.356000e+02,-3.630600e+01,1.200000e+01,2.400000e+02,1.000000e+03,0.000000e+00,0.000000e+00,0.000000e+00
1.130000e+01,6.927501e+02,1.357200e+02,-3.632220e+01,1.200000e+01,2.400000e+02,1.000000e+03,0.000000e+00,0.000000e+00,0.000000e+00
1.131000e+01,6.923867e+02,1.358400e+02,-3.633840e+01,1.200000e+01,2.400000e+02,1.000000e+03,0.000000e+00,0.000000e+00,0.000000e+00
1.132000e+01,6.920232e+02,1.359600e+02,-3.635460e+01,1.200000e+01,2.400000e+02,1.000000e+03,0.000000e+00,0.000000e+00,0.000000e+00
1.133000e+01,6.916595e+02,1.360800e+02,-3.637080e+01,1.200000e+01,2.400000e+02,1.000000e+03,0.000000e+00,0.000000e+00,0.000000e+00
1.134000e+01,6.912957e+02,1.362000e+02,-3.638700e+01,1.200000e+01,2.400000e+02,1.000000e+03,0.000000e+00,0.000000e+00,0.000000e+00
1.135000e+01,6.909316e+02,1.363200e+02,-3.640320e+01,1.200000e+01,2.400000e+02,1.000000e+03,0.000000e+00,0.000000e+00,0.000000e+00
1.136000e+01,6.905675e+02,1.364400e+02,-3.641940e+01,1.200000e+01,2.400000e+02,1.000000e+03,0.000000e+00,0.000000e+00,0.000000e+00
1.137000e+01,6.902032e+02,1.365600e+02,-3.643560e+01,1.200000e+01,2.400000e+02,1.000000e+03,0.000000e+00,0.000000e+00,0.000000e+00
1.138000e+01,6.898387e+02,1.366800e+02,-3.645180e+01,1.200000e+01,2.400000e+02,1.000000e+03,0.000000e+00,0.000000e+00,0.000000e+00
1.139000e+01,6.894740e+02,1.368000e+02,-3.646800e+01,1.200000e+01,2.400000e+02,1.000000e+03,0.000000e+00,0.000000e+00,0.000000e+00
1.140000e+01,6.891092e+02,1.369200e+02,-3.648420e+01,1.200000e+01,2.400000e+02,1.000000e+03,0.000000e+00,0.000000e+00,0.000000e+00
1.141000e+01,6.887442e+02,1.370400e+02,-3.650040e+01,1.200000e+01,2.400000e+02,1.000000e+03,0.000000e+00,0.000000e+00,0.000000e+00
1.142000e+01,6.883791e+02,1.371600e+02,-3.651660e+01,1.200000e+01,2.400000e+02,1.000000e+03,0.000000e+00,0.000000e+00,0.000000e+00
1.143000e+01,6.880138e+02,1.372800e+02,-3.653280e+01,1.200000e+01,2.400000e+02,1.000000e+03,0.000000e+00,0.000000e+00,0.000000e+00
1.144000e+01,6.876483e+02,1.374000e+02,-3.654900e+01,1.200000e+01,2.400000e+02,1.000000e+03,0.000000e+00,0.000000e+00,0.000000e+00
1.145000e+01,6.872827e+02,1.375200e+02,-3.656520e+01,1.200000e+01,2.400000e+02,1.000000e+03,0.000000e+00,0.000000e+00,0.000000e+00
1.146000e+01,6.869169e+02,1.376400e+02,-3.658140e+01,1.200000e+01,2.400000e+02,1.000000e+03,0.000000e+00,0.000000e+00,0.000000e+00
1.147000e+01,6.865510e+02,1.377600e+02,-3.659760e+01,1.200000e+01,2.400000e+02,1.000000e+03,0.000000e+00,0.000000e+00,0.000000e+00
1.148000e+01,6.861849e+02,1.378800e+02,-3.661380e+01,1.200000e+01,2.400000e+02,1.000000e+03,0.000000e+00,0.000000e+00,0.000000e+00
1.149000e+01,6.858186e+02,1.380000e+02,-3.663000e+01,1.200000e+01,2.400000e+02,1.000000e+03,0.000000e+00,0.000000e+00,0.000000e+00
1.150000e+01,6.854522e+02,1.381200e+02,-3.664620e+01,1.200000e+01,2.400000e+02,1.000000e+03,0.000000e+00,0.000000e+00,0.000000e+00
1.151000e+01,6.850855e+02,1.382400e+02,-3.666240e+01,1.200000e+01,2.400000e+02,1.000000e+03,0.000000e+00,0.000000e+00,0.000000e+00
1.152000e+01,6.847188e+02,1.383600e+02,-3.667860e+01,1.200000e+01,2.400000e+02,1.000000e+03,0.000000e+00,0.000000e+00,0.000000e+00
1.153000e+01,6.843519e+02,1.384800e+02,-3.669480e+01,1.200000e+01,2.400000e+02,1.000000e+03,0.000000e+00,0.000000e+00,0.000000e+00
1.154000e+01,6.839848e+02,1.386000e+02,-3.671100e+01,1.200000e+01,2.400000e+02,1.000000e+03,0.000000e+00,0.000000e+00,0.000000e+00
1.155000e+01,6.836175e+02,1.387200e+02,-3.672720e+01,1.200000e+01,2.400000e+02,1.000000e+03,0.000000e+00,0.000000e+00,0.000000e+00
1.156000e+01,6.832501e+02,1.388400e+02,-3.674340e+01,1.200000e+01,2.400000e+02,1.000000e+03,0.000000e+00,0.000000e+00,0.000000e+00
1.157000e+01,6.828826e+02,1.389600e+02,-3.675960e+01,1.200000e+01,2.400000e+02,1.000000e+03,0.000000e+00,0.000000e+00,0.000000e+00
1.158000e+01,6.825148e+02,1.390800e+02,-3.677580e+01,1.200000e+01,2.400000e+02,1.000000e+03,0.000000e+00,0.000000e+00,0.000000e+00
1.159000e+01,6.821469e+02,1.392000e+02,-3.679200e+01,1.200000e+01,2.400000e+02,1.000000e+03,0.000000e+00,0.000000e+00,0.000000e+00
1.160000e+01,6.817789e+02,1.393200e+02,-3.680820e+01,1.200000e+01,2.400000e+02,1.000000e+03,0.000000e+00,0.000000e+00,0.000000e+00
1.161000e+01,6.814107e+02,1.394400e+02,-3.682440e+01,1.200000e+01,2.400000e+02,1.000000e+03,0.000000e+00,0.000000e+00,0.000000e+00
1.162000e+01,6.810423e+02,1.395600e+02,-3.684060e+01,1.200000e+01,2.400000e+02,1.000000e+03,0.000000e+00,0.000000e+00,0.000000e+00
1.163000e+01,6.806737e+02,1.396800e+02,-3.685680e+01,1.200000e+01,2.400000e+02,1.000000e+03,0.000000e+00,0.000000e+00,0.000000e+00
1.164000e+01,6.803051e+02,1.398000e+02,-3.687300e+01,1.200000e+01,2.400000e+02,1.000000e+03,0.000000e+00,0.000000e+00,0.000000e+00
1.165000e+01,6.799362e+02,1.399200e+02,-3.688920e+01,1.200000e+01,2.400000e+02,1.000000e+03,0.000000e+00,0.000000e+00,0.000000e+00
1.166000e+01,6.795672e+02,1.400400e+02,-3.690540e+01,1.200000e+01,2.400000e+02,1.000000e+03,0.000000e+00,0.000000e+00,0.000000e+00
1.167000e+01,6.791980e+02,1.401600e+02,-3.692160e+01,1.200000e+01,2.400000e+02,1.000000e+03,0.000000e+00,0.000000e+00,0.000000e+00
1.168000e+01,6.788286e+02,1.402800e+02,-3.693780e+01,1.200000e+01,2.400000e+02,1.000000e+03,0.000000e+00,0.000000e+00,0.000000e+00
1.169000e+01,6.784591e+02,1.404000e+02,-3.695400e+01,1.200000e+01,2.400000e+02,1.000000e+03,0.000000e+00,0.000000e+00,0.000000e+00
1.170000e+01,6.780894e+02,1.405200e+02,-3.697020e+01,1.200000e+01,2.400000e+02,1.000000e+03,0.000000e+00,0.000000e+00,0.000000e+00
1.171000e+01,6.777196e+02,1.406400e+02,-3.698640e+01,1.200000e+01,2.400000e+02,1.000000e+03,0.000000e+00,0.000000e+00,0.000000e+00
1.172000e+01,6.773496e+02,1.407600e+02,-3.700260e+01,1.200000e+01,2.400000e+02,1.000000e+03,0.000000e+00,0.000000e+00,0.000000e+00
1.173000e+01,6.769794e+02,1.408800e+02,-3.701880e+01,1.200000e+01,2.400000e+02,1.000000e+03,0.000000e+00,0.000000e+00,0.000000e+00
1.174000e+01,6.766091e+02,1.410000e+02,-3.703500e+01,1.200000e+01,2.400000e+02,1.000000e+03,0.000000e+00,0.000000e+00,0.000000e+00
1.175000e+01,6.762386e+02,1.411200e+02,-3.705120e+01,1.200000e+01,2.400000e+02,1.000000e+03,0.000000e+00,0.000000e+00,0.000000e+00
1.176000e+01,6.758680e+02,1.412400e+02,-3.706740e+01,1.200000e+01,2.400000e+02,1.000000e+03,0.000000e+00,0.000000e+00,0.000000e+00
1.177000e+01,6.754972e+02,1.413600e+02,-3.708360e+01,1.200000e+01,2.400000e+02,1.000000e+03,0.000000e+00,0.000000e+00,0.000000e+00
1.178000e+01,6.751262e+02,1.414800e+02,-3.709980e+01,1.200000e+01,2.400000e+02,1.000000e+03,0.000000e+00,0.000000e+00,0.000000e+00
1.179000e+01,6.747550e+02,1.416000e+02,-3.711600e+01,1.200000e+01,2.400000e+02,1.000000e+03,0.000000e+00,0.000000e+00,0.000000e+00
1.180000e+01,6.743838e+02,1.417200e+02,-3.713220e+01,1.200000e+01,2.400000e+02,1.000000e+03,0.000000e+00,0.000000e+00,0.000000e+00
1.181000e+01,6.740123e+02,1.418400e+02,-3.714840e+01,1.200000e+01,2.400000e+02,1.000000e+03,0.000000e+00,0.000000e+00,0.000000e+00
1.182000e+01,6.736407e+02,1.419600e+02,-3.716460e+01,1.200000e+01,2.400000e+02,1.000000e+03,0.000000e+00,0.000000e+00,0.000000e+00
1.183000e+01,6.732689e+02,1.420800e+02,-3.718080e+01,1.200000e+01,2.400000e+02,1.000000e+03,0.000000e+00,0.000000e+00,0.000000e+00
1.184000e+01,6.728970e+02,1.422000e+02,-3.719700e+01,1.200000e+01,2.400000e+02,1.000000e+03,0.000000e+00,0.000000e+00,0.000000e+00
1.185000e+01,6.725248e+02,1.423200e+02,-3.721320e+01,1.200000e+01,2.400000e+02,1.000000e+03,0.000000e+00,0.000000e+00,0.000000e+00
1.186000e+01,6.721526e+02,1.424400e+02,-3.722940e+01,1.200000e+01,2.400000e+02,1.000000e+03,0.000000e+00,0.000000e+00,0.000000e+00
1.187000e+01,6.717802e+02,1.425600e+02,-3.724560e+01,1.200000e+01,2.400000e+02,1.000000e+03,0.000000e+00,0.000000e+00,0.000000e+00
1.188000e+01,6.714076e+02,1.426800e+02,-3.726180e+01,1.200000e+01,2.400000e+02,1.000000e+03,0.000000e+00,0.000000e+00,0.000000e+00
1.189000e+01,6.710348e+02,1.428000e+02,-3.727800e+01,1.200000e+01,2.400000e+02,1.000000e+03,0.000000e+00,0.000000e+00,0.000000e+00
1.190000e+01,6.706619e+02,1.429200e+02,-3.729420e+01,1.200000e+01,2.400000e+02,1.000000e+03,0.000000e+00,0.000000e+00,0.000000e+00
1.191000e+01,6.702888e+02,1.430400e+02,-3.731040e+01,1.200000e+01,2.400000e+02,1.000000e+03,0.000000e+00,0.000000e+00,0.000000e+00
1.192000e+01,6.699156e+02,1.431600e+02,-3.732660e+01,1.200000e+01,2.400000e+02,1.000000e+03,0.000000e+00,0.000000e+00,0.000000e+00
1.193000e+01,6.695422e+02,1.432800e+02,-3.734280e+01,1.200000e+01,2.400000e+02,1.000000e+03,0.000000e+00,0.000000e+00,0.000000e+00
1.194000e+01,6.691686e+02,1.434000e+02,-3.735900e+01,1.200000e+01,2.400000e+02,1.000000e+03,0.000000e+00,0.000000e+00,0.000000e+00
1.195000e+01,6.687949e+02,1.435200e+02,-3.737520e+01,1.200000e+01,2.400000e+02,1.000000e+03,0.000000e+00,0.000000e+00,0.000000e+00
1.196000e+01,6.684210e+02,1.436400e+02,-3.739140e+01,1.200000e+01,2.400000e+02,1.000000e+03,0.000000e+00,0.000000e+00,0.000000e+00
1.197000e+01,6.680470e+02,1.437600e+02,-3.740760e+01,1.200000e+01,2.400000e+02,1.000000e+03,0.000000e+00,0.000000e+00,0.000000e+00
1.198000e+01,6.676728e+02,1.438800e+02,-3.742380e+01,1.200000e+01,2.400000e+02,1.000000e+03,0.000000e+00,0.000000e+00,0.000000e+00
1.199000e+01,6.672984e+02,1.440000e+02,-3.744000e+01,1.200000e+01,2.400000e+02,1.000000e+03,0.000000e+00,0.000000e+00,0.000000e+00
1.200000e+01,6.669239e+02,1.441200e+02,-3.745620e+01,1.200000e+01,2.400000e+02,1.000000e+03,0.000000e+00,0.000000e+00,0.000000e+00
1.201000e+01,6.665491e+02,1.442400e+02,-3.747240e+01,1.200000e+01,2.400000e+02,1.000000e+03,0.000000e+00,0.000000e+00,0.000000e+00
1.202000e+01,6.661743e+02,1.443600e+02,-3.748860e+01,1.200000e+01,2.400000e+02,1.000000e+03,0.000000e+00,0.000000e+00,0.000000e+00
1.203000e+01,6.657993e+02,1.444800e+02,-3.750480e+01,1.200000e+01,2.400000e+02,1.000000e+03,0.000000e+00,0.000000e+00,0.000000e+00
1.204000e+01,6.654241e+02,1.446000e+02,-3.752100e+01,1.200000e+01,2.400000e+02,1.000000e+03,0.000000e+00,0.000000e+00,0.000000e+00
1.205000e+01,6.650487e+02,1.447200e+02,-3.753720e+01,1.200000e+01,2.400000e+02,1.000000e+03,0.000000e+00,0.000000e+00,0.000000e+00
1.206000e+01,6.646732e+02,1.448400e+02,-3.755340e+01,1.200000e+01,2.400000e+02,1.000000e+03,0.000000e+00,0.000000e+00,0.000000e+00
1.207000e+01,6.642976e+02,1.449600e+02,-3.756960e+01,1.200000e+01,2.400000e+02,1.000000e+03,0.000000e+00,0.000000e+00,0.000000e+00
1.208000e+01,6.639217e+02,1.450800e+02,-3.758580e+01,1.200000e+01,2.400000e+02,1.000000e+03,0.000000e+00,0.000000e+00,0.000000e+00
1.209000e+01,6.635457e+02,1.452000e+02,-3.760200e+01,1.200000e+01,2.400000e+02,1.000000e+03,0.000000e+00,0.000000e+00,0.000000e+00
1.210000e+01,6.631696e+02,1.453200e+02,-3.761820e+01,1.200000e+01,2.400000e+02,1.000000e+03,0.000000e+00,0.000000e+00,0.000000e+00
1.211000e+01,6.627933e+02,1.454400e+02,-3.763440e+01,1.200000e+01,2.400000e+02,1.000000e+03,0.000000e+00,0.000000e+00,0.000000e+00
1.212000e+01,6.624168e+02,1.455600e+02,-3.765060e+01,1.200000e+01,2.400000e+02,1.000000e+03,0.000000e+00,0.000000e+00,0.000000e+00
1.213000e+01,6.620401e+02,1.456800e+02,-3.766680e+01,1.200000e+01,2.400000e+02,1.000000e+03,0.000000e+00,0.000000e+00,0.000000e+00
1.214000e+01,6.616634e+02,1.458000e+02,-3.768300e+01,1.200000e+01,2.400000e+02,1.000000e+03,0.000000e+00,0.000000e+00,0.000000e+00
1.215000e+01,6.612864e+02,1.459200e+02,-3.769920e+01,1.200000e+01,2.400000e+02,1.000000e+03,0.000000e+00,0.000000e+00,0.000000e+00
1.216000e+01,6.609093e+02,1.460400e+02,-3.771540e+01,1.200000e+01,2.400000e+02,1.000000e+03,0.000000e+00,0.000000e+00,0.000000e+00
1.217000e+01,6.605320e+02,1.461600e+02,-3.773160e+01,1.200000e+01,2.400000e+02,1.000000e+03,0.000000e+00,0.000000e+00,0.000000e+00
1.218000e+01,6.601545e+02,1.462800e+02,-3.774780e+01,1.200000e+01,2.400000e+02,1.000000e+03,0.000000e+00,0.000000e+00,0.000000e+00
1.219000e+01,6.597769e+02,1.464000e+02,-3.776400e+01,1.200000e+01,2.400000e+02,1.000000e+03,0.000000e+00,0.000000e+00,0.000000e+00
1.220000e+01,6.593991e+02,1.465200e+02,-3.778020e+01,1.200000e+01,2.400000e+02,1.000000e+03,0.000000e+00,0.000000e+00,0.000000e+00
1.221000e+01,6.590212e+02,1.466400e+02,-3.779640e+01,1.200000e+01,2.400000e+02,1.000000e+03,0.000000e+00,0.000000e+00,0.000000e+00
1.222000e+01,6.586431e+02,1.467600e+02,-3.781260e+01,1.200000e+01,2.400000e+02,1.000000e+03,0.000000e+00,0.000000e+00,0.000000e+00
1.223000e+01,6.582648e+02,1.468800e+02,-3.782880e+01,1.200000e+01,2.400000e+02,1.000000e+03,0.000000e+00,0.000000e+00,0.000000e+00
1.224000e+01,6.578864e+02,1.470000e+02,-3.784500e+01,1.200000e+01,2.400000e+02,1.000000e+03,0.000000e+00,0.000000e+00,0.000000e+00
1.225000e+01,6.575078e+02,1.471200e+02,-3.786120e+01,1.200000e+01,2.400000e+02,1.000000e+03,0.000000e+00,0.000000e+00,0.000000e+00
1.226000e+01,6.571291e+02,1.472400e+02,-3.787740e+01,1.200000e+01,2.400000e+02,1.000000e+03,0.000000e+00,0.000000e+00,0.000000e+00
1.227000e+01,6.567502e+02,1.473600e+02,-3.789360e+01,1.200000e+01,2.400000e+02,1.000000e+03,0.000000e+00,0.000000e+00,0.000000e+00
1.228000e+01,6.563711e+02,1.474800e+02,-3.790980e+01,1.200000e+01,2.400000e+02,1.000000e+03,0.000000e+00,0.000000e+00,0.000000e+00
1.229000e+01,6.559918e+02,1.476000e+02,-3.792600e+01,1.200000e+01,2.400000e+02,1.000000e+03,0.000000e+00,0.000000e+00,0.000000e+00
1.230000e+01,6.556125e+02,1.477200e+02,-3.794220e+01,1.200000e+01,2.400000e+02,1.000000e+03,0.000000e+00,0.000000e+00,0.000000e+00
1.231000e+01,6.552329e+02,1.478400e+02,-3.795840e+01,1.200000e+01,2.400000e+02,1.000000e+03,0.000000e+00,0.000000e+00,0.000000e+00
1.232000e+01,6.548532e+02,1.479600e+02,-3.797460e+01,1.200000e+01,2.400000e+02,1.000000e+03,0.000000e+00,0.000000e+00,0.000000e+00
1.233000e+01,6.544733e+02,1.480800e+02,-3.799080e+01,1.200000e+01,2.400000e+02,1.000000e+03,0.000000e+00,0.000000e+00,0.000000e+00
1.234000e+01,6.540933e+02,1.482000e+02,-3.800700e+01,1.200000e+01,2.400000e+02,1.000000e+03,0.000000e+00,0.000000e+00,0.000000e+00
1.235000e+01,6.537130e+02,1.483200e+02,-3.802320e+01,1.200000e+01,2.400000e+02,1.000000e+03,0.000000e+00,0.000000e+00,0.000000e+00
1.236000e+01,6.533327e+02,1.484400e+02,-3.803940e+01,1.200000e+01,2.400000e+02,1.000000e+03,0.000000e+00,0.000000e+00,0.000000e+00
1.237000e+01,6.529522e+02,1.485600e+02,-3.805560e+01,1.200000e+01,2.400000e+02,1.000000e+03,0.000000e+00,0.000000e+00,0.000000e+00
1.238000e+01,6.525715e+02,1.486800e+02,-3.807180e+01,1.200000e+01,2.400000e+02,1.000000e+03,0.000000e+00,0.000000e+00,0.000000e+00
1.239000e+01,6.521906e+02,1.488000e+02,-3.808800e+01,1.200000e+01,2.400000e+02,1.000000e+03,0.000000e+00,0.000000e+00,0.000000e+00
1.240000e+01,6.518096e+02,1.489200e+02,-3.810420e+01,1.200000e+01,2.400000e+02,1.000000e+03,0.000000e+00,0.000000e+00,0.000000e+00
1.241000e+01,6.514284e+02,1.490400e+02,-3.812040e+01,1.200000e+01,2.400000e+02,1.000000e+03,0.000000e+00,0.000000e+00,0.000000e+00
1.242000e+01,6.510471e+02,1.491600e+02,-3.813660e+01,1.200000e+01,2.400000e+02,1.000000e+03,0.000000e+00,0.000000e+00,0.000000e+00
1.243000e+01,6.506656e+02,1.492800e+02,-3.815280e+01,1.200000e+01,2.400000e+02,1.000000e+03,0.000000e+00,0.000000e+00,0.000000e+00
1.244000e+01,6.502839e+02,1.494000e+02,-3.816900e+01,1.200000e+01,2.400000e+02,1.000000e+03,0.000000e+00,0.000000e+00,0.000000e+00
1.245000e+01,6.499021e+02,1.495200e+02,-3.818520e+01,1.200000e+01,2.400000e+02,1.000000e+03,0.000000e+00,0.000000e+00,0.000000e+00
1.246000e+01,6.495201e+02,1.496400e+02,-3.820140e+01,1.200000e+01,2.400000e+02,1.000000e+03,0.000000e+00,0.000000e+00,0.000000e+00
1.247000e+01,6.491380e+02,1.497600e+02,-3.821760e+01,1.200000e+01,2.400000e+02,1.000000e+03,0.000000e+00,0.000000e+00,0.000000e+00
1.248000e+01,6.487557e+02,1.498800e+02,-3.823380e+01,1.200000e+01,2.400000e+02,1.000000e+03,0.000000e+00,0.000000e+00,0.000000e+00
1.249000e+01,6.483732e+02,1.500000e+02,-3.825000e+01,1.200000e+01,2.400000e+02,1.000000e+03,0.000000e+00,0.000000e+00,0.000000e+00
1.250000e+01,6.479906e+02,1.501200e+02,-3.826620e+01,1.200000e+01,2.400000e+02,1.000000e+03,0.000000e+00,0.000000e+00,0.000000e+00
1.251000e+01,6.476077e+02,1.502400e+02,-3.828240e+01,1.200000e+01,2.400000e+02,1.000000e+03,0.000000e+00,0.000000e+00,0.000000e+00
1.252000e+01,6.472248e+02,1.503600e+02,-3.829860e+01,1.200000e+01,2.400000e+02,1.000000e+03,0.000000e+00,0.000000e+00,0.000000e+00
1.253000e+01,6.468417e+02,1.504800e+02,-3.831480e+01,1.200000e+01,2.400000e+02,1.000000e+03,0.000000e+00,0.000000e+00,0.000000e+00
1.254000e+01,6.464584e+02,1.506000e+02,-3.833100e+01,1.200000e+01,2.400000e+02,1.000000e+03,0.000000e+00,0.000000e+00,0.000000e+00
1.255000e+01,6.460749e+02,1.507200e+02,-3.834720e+01,1.200000e+01,2.400000e+02,1.000000e+03,0.000000e+00,0.000000e+00,0.000000e+00
1.256000e+01,6.456913e+02,1.508400e+02,-3.836340e+01,1.200000e+01,2.400000e+02,1.000000e+03,0.000000e+00,0.000000e+00,0.000000e+00
1.257000e+01,6.453076e+02,1.509600e+02,-3.837960e+01,1.200000e+01,2.400000e+02,1.000000e+03,0.000000e+00,0.000000e+00,0.000000e+00
1.258000e+01,6.449236e+02,1.510800e+02,-3.839580e+01,1.200000e+01,2.400000e+02,1.000000e+03,0.000000e+00,0.000000e+00,0.000000e+00
1.259000e+01,6.445395e+02,1.512000e+02,-3.841200e+01,1.200000e+01,2.400000e+02,1.000000e+03,0.000000e+00,0.000000e+00,0.000000e+00
1.260000e+01,6.441553e+02,1.513200e+02,-3.842820e+01,1.200000e+01,2.400000e+02,1.000000e+03,0.000000e+00,0.000000e+00,0.000000e+00
1.261000e+01,6.437709e+02,1.514400e+02,-3.844440e+01,1.200000e+01,2.400000e+02,1.000000e+03,0.000000e+00,0.000000e+00,0.000000e+00
1.262000e+01,6.433863e+02,1.515600e+02,-3.846060e+01,1.200000e+01,2.400000e+02,1.000000e+03,0.000000e+00,0.000000e+00,0.000000e+00
1.263000e+01,6.430015e+02,1.516800e+02,-3.847680e+01,1.200000e+01,2.400000e+02,1.000000e+03,0.000000e+00,0.000000e+00,0.000000e+00
1.264000e+01,6.426167e+02,1.518000e+02,-3.849300e+01,1.200000e+01,2.400000e+02,1.000000e+03,0.000000e+00,0.000000e+00,0.000000e+00
1.265000e+01,6.422316e+02,1.519200e+02,-3.850920e+01,1.200000e+01,2.400000e+02,1.000000e+03,0.000000e+00,0.000000e+00,0.000000e+00
1.266000e+01,6.418464e+02,1.520400e+02,-3.852540e+01,1.200000e+01,2.400000e+02,1.000000e+03,0.000000e+00,0.000000e+00,0.000000e+00
1.267000e+01,6.414610e+02,1.521600e+02,-3.854160e+01,1.200000e+01,2.400000e+02,1.000000e+03,0.000000e+00,0.000000e+00,0.000000e+00
1.268000e+01,6.410754e+02,1.522800e+02,-3.855780e+01,1.200000e+01,2.400000e+02,1.000000e+03,0.000000e+00,0.000000e+00,0.000000e+00
1.269000e+01,6.406897e+02,1.524000e+02,-3.857400e+01,1.200000e+01,2.400000e+02,1.000000e+03,0.000000e+00,0.000000e+00,0.000000e+00
1.270000e+01,6.403038e+02,1.525200e+02,-3.859020e+01,1.200000e+01,2.400000e+02,1.000000e+03,0.000000e+00,0.000000e+00,0.000000e+00
1.271000e+01,6.399178e+02,1.526400e+02,-3.860640e+01,1.200000e+01,2.400000e+02,1.000000e+03,0.000000e+00,0.000000e+00,0.000000e+00
1.272000e+01,6.395316e+02,1.527600e+02,-3.862260e+01,1.200000e+01,2.400000e+02,1.000000e+03,0.000000e+00,0.000000e+00,0.000000e+00
1.273000e+01,6.391452e+02,1.528800e+02,-3.863880e+01,1.200000e+01,2.400000e+02,1.000000e+03,0.000000e+00,0.000000e+00,0.000000e+00
1.274000e+01,6.387587e+02,1.530000e+02,-3.865500e+01,1.200000e+01,2.400000e+02,1.000000e+03,0.000000e+00,0.000000e+00,0.000000e+00
1.275000e+01,6.383720e+02,1.531200e+02,-3.867120e+01,1.200000e+01,2.400000e+02,1.000000e+03,0.000000e+00,0.000000e+00,0.000000e+00
1.276000e+01,6.379852e+02,1.532400e+02,-3.868740e+01,1.200000e+01,2.400000e+02,1.000000e+03,0.000000e+00,0.000000e+00,0.000000e+00
1.277000e+01,6.375982e+02,1.533600e+02,-3.870360e+01,1.200000e+01,2.400000e+02,1.000000e+03,0.000000e+00,0.000000e+00,0.000000e+00
1.278000e+01,6.372110e+02,1.534800e+02,-3.871980e+01,1.200000e+01,2.400000e+02,1.000000e+03,0.000000e+00,0.000000e+00,0.000000e+00
1.279000e+01,6.368236e+02,1.536000e+02,-3.873600e+01,1.200000e+01,2.400000e+02,1.000000e+03,0.000000e+00,0.000000e+00,0.000000e+00
1.280000e+01,6.364362e+02,1.537200e+02,-3.875220e+01,1.200000e+01,2.400000e+02,1.000000e+03,0.000000e+00,0.000000e+00,0.000000e+00
1.281000e+01,6.360485e+02,1.538400e+02,-3.876840e+01,1.200000e+01,2.400000e+02,1.000000e+03,0.000000e+00,0.000000e+00,0.000000e+00
1.282000e+01,6.356607e+02,1.539600e+02,-3.878460e+01,1.200000e+01,2.400000e+02,1.000000e+03,0.000000e+00,0.000000e+00,0.000000e+00
1.283000e+01,6.352727e+02,1.540800e+02,-3.880080e+01,1.200000e+01,2.400000e+02,1.000000e+03,0.000000e+00,0.000000e+00,0.000000e+00
1.284000e+01,6.348846e+02,1.542000e+02,-3.881700e+01,1.200000e+01,2.400000e+02,1.000000e+03,0.000000e+00,0.000000e+00,0.000000e+00
1.285000e+01,6.344962e+02,1.543200e+02,-3.883320e+01,1.200000e+01,2.400000e+02,1.000000e+03,0.000000e+00,0.000000e+00,0.000000e+00
1.286000e+01,6.341078e+02,1.544400e+02,-3.884940e+01,1.200000e+01,2.400000e+02,1.000000e+03,0.000000e+00,0.000000e+00,0.000000e+00
1.287000e+01,6.337192e+02,1.545600e+02,-3.886560e+01,1.200000e+01,2.400000e+02,1.000000e+03,0.000000e+00,0.000000e+00,0.000000e+00
1.288000e+01,6.333304e+02,1.546800e+02,-3.888180e+01,1.200000e+01,2.400000e+02,1.000000e+03,0.000000e+00,0.000000e+00,0.000000e+00
1.289000e+01,6.329414e+02,1.548000e+02,-3.889800e+01,1.200000e+01,2.400000e+02,1.000000e+03,0.000000e+00,0.000000e+00,0.000000e+00
1.290000e+01,6.325523e+02,1.549200e+02,-3.891420e+01,1.200000e+01,2.400000e+02,1.000000e+03,0.000000e+00,0.000000e+00,0.000000e+00
1.291000e+01,6.321630e+02,1.550400e+02,-3.893040e+01,1.200000e+01,2.400000e+02,1.000000e+03,0.000000e+00,0.000000e+00,0.000000e+00
1.292000e+01,6.317736e+02,1.551600e+02,-3.894660e+01,1.200000e+01,2.400000e+02,1.000000e+03,0.000000e+00,0.000000e+00,0.000000e+00
1.293000e+01,6.313840e+02,1.552800e+02,-3.896280e+01,1.200000e+01,2.400000e+02,1.000000e+03,0.000000e+00,0.000000e+00,0.000000e+00
1.294000e+01,6.309942e+02,1.554000e+02,-3.897900e+01,1.200000e+01,2.400000e+02,1.000000e+03,0.000000e+00,0.000000e+00,0.000000e+00
1.295000e+01,6.306043e+02,1.555200e+02,-3.899520e+01,1.200000e+01,2.400000e+02,1.000000e+03,0.000000e+00,0.000000e+00,0.000000e+00
1.296000e+01,6.302142e+02,1.556400e+02,-3.901140e+01,1.200000e+01,2.400000e+02,1.000000e+03,0.000000e+00,0.000000e+00,0.000000e+00
1.297000e+01,6.298240e+02,1.557600e+02,-3.902760e+01,1.200000e+01,2.400000e+02,1.000000e+03,0.000000e+00,0.000000e+00,0.000000e+00
1.298000e+01,6.294336e+02,1.558800e+02,-3.904380e+01,1.200000e+01,2.400000e+02,1.000000e+03,0.000000e+00,0.000000e+00,0.000000e+00
1.299000e+01,6.290430e+02,1.560000e+02,-3.906000e+01,1.200000e+01,2.400000e+02,1.000000e+03,0.000000e+00,0.000000e+00,0.000000e+00
1.300000e+01,6.286523e+02,1.561200e+02,-3.907620e+01,1.200000e+01,2.400000e+02,1.000000e+03,0.000000e+00,0.000000e+00,0.000000e+00
1.301000e+01,6.282613e+02,1.562400e+02,-3.909240e+01,1.200000e+01,2.400000e+02,1.000000e+03,0.000000e+00,0.000000e+00,0.000000e+00
1.302000e+01,6.278703e+02,1.563600e+02,-3.910860e+01,1.200000e+01,2.400000e+02,1.000000e+03,0.000000e+00,0.000000e+00,0.000000e+00
1.303000e+01,6.274791e+02,1.564800e+02,-3.912480e+01,1.200000e+01,2.400000e+02,1.000000e+03,0.000000e+00,0.000000e+00,0.000000e+00
1.304000e+01,6.270877e+02,1.566000e+02,-3.914100e+01,1.200000e+01,2.400000e+02,1.000000e+03,0.000000e+00,0.000000e+00,0.000000e+00
1.305000e+01,6.266961e+02,1.567200e+02,-3.915720e+01,1.200000e+01,2.400000e+02,1.000000e+03,0.000000e+00,0.000000e+00,0.000000e+00
1.306000e+01,6.263044e+02,1.568400e+02,-3.917340e+01,1.200000e+01,2.400000e+02,1.000000e+03,0.000000e+00,0.000000e+00,0.000000e+00
1.307000e+01,6.259126e+02,1.569600e+02,-3.918960e+01,1.200000e+01,2.400000e+02,1.000000e+03,0.000000e+00,0.000000e+00,0.000000e+00
1.308000e+01,6.255205e+02,1.570800e+02,-3.920580e+01,1.200000e+01,2.400000e+02,1.000000e+03,0.000000e+00,0.000000e+00,0.000000e+00
1.309000e+01,6.251283e+02,1.572000e+02,-3.922200e+01,1.200000e+01,2.400000e+02,1.000000e+03,0.000000e+00,0.000000e+00,0.000000e+00
1.310000e+01,6.247360e+02,1.573200e+02,-3.923820e+01,1.200000e+01,2.400000e+02,1.000000e+03,0.000000e+00,0.000000e+00,0.000000e+00
1.311000e+01,6.243435e+02,1.574400e+02,-3.925440e+01,1.200000e+01,2.400000e+02,1.000000e+03,0.000000e+00,0.000000e+00,0.000000e+00
1.312000e+01,6.239508e+02,1.575600e+02,-3.927060e+01,1.200000e+01,2.400000e+02,1.000000e+03,0.000000e+00,0.000000e+00,0.000000e+00
1.313000e+01,6.235579e+02,1.576800e+02,-3.928680e+01,1.200000e+01,2.400000e+02,1.000000e+03,0.000000e+00,0.000000e+00,0.000000e+00
1.314000e+01,6.231650e+02,1.578000e+02,-3.930300e+01,1.200000e+01,2.400000e+02,1.000000e+03,0.000000e+00,0.000000e+00,0.000000e+00
1.315000e+01,6.227718e+02,1.579200e+02,-3.931920e+01,1.200000e+01,2.400000e+02,1.000000e+03,0.000000e+00,0.000000e+00,0.000000e+00
1.316000e+01,6.223785e+02,1.580400e+02,-3.933540e+01,1.200000e+01,2.400000e+02,1.000000e+03,0.000000e+00,0.000000e+00,0.000000e+00
1.317000e+01,6.219850e+02,1.581600e+02,-3.935160e+01,1.200000e+01,2.400000e+02,1.000000e+03,0.000000e+00,0.000000e+00,0.000000e+00
1.318000e+01,6.215913e+02,1.582800e+02,-3.936780e+01,1.200000e+01,2.400000e+02,1.000000e+03,0.000000e+00,0.000000e+00,0.000000e+00
1.319000e+01,6.211975e+02,1.584000e+02,-3.938400e+01,1.200000e+01,2.400000e+02,1.000000e+03,0.000000e+00,0.000000e+00,0.000000e+00
1.320000e+01,6.208035e+02,1.585200e+02,-3.940020e+01,1.200000e+01,2.400000e+02,1.000000e+03,0.000000e+00,0.000000e+00,0.000000e+00
1.321000e+01,6.204094e+02,1.586400e+02,-3.941640e+01,1.200000e+01,2.400000e+02,1.000000e+03,0.000000e+00,0.000000e+00,0.000000e+00
1.322000e+01,6.200151e+02,1.587600e+02,-3.943260e+01,1.200000e+01,2.400000e+02,1.000000e+03,0.000000e+00,0.000000e+00,0.000000e+00
1.323000e+01,6.196206e+02,1.588800e+02,-3.944880e+01,1.200000e+01,2.400000e+02,1.000000e+03,0.000000e+00,0.000000e+00,0.000000e+00
1.324000e+01,6.192260e+02,1.590000e+02,-3.946500e+01,1.200000e+01,2.400000e+02,1.000000e+03,0.000000e+00,0.000000e+00,0.000000e+00
1.325000e+01,6.188312e+02,1.591200e+02,-3.948120e+01,1.200000e+01,2.400000e+02,1.000000e+03,0.000000e+00,0.000000e+00,0.000000e+00
1.326000e+01,6.184363e+02,1.592400e+02,-3.949740e+01,1.200000e+01,2.400000e+02,1.000000e+03,0.000000e+00,0.000000e+00,0.000000e+00
1.327000e+01,6.180412e+02,1.593600e+02,-3.951360e+01,1.200000e+01,2.400000e+02,1.000000e+03,0.000000e+00,0.000000e+00,0.000000e+00
1.328000e+01,6.176459e+02,1.594800e+02,-3.952980e+01,1.200000e+01,2.400000e+02,1.000000e+03,0.000000e+00,0.000000e+00,0.000000e+00
1.329000e+01,6.172504e+02,1.596000e+02,-3.954600e+01,1.200000e+01,2.400000e+02,1.000000e+03,0.000000e+00,0.000000e+00,0.000000e+00
1.330000e+01,6.168549e+02,1.597200e+02,-3.956220e+01,1.200000e+01,2.400000e+02,1.000000e+03,0.000000e+00,0.000000e+00,0.000000e+00
1.331000e+01,6.164591e+02,1.598400e+02,-3.957840e+01,1.200000e+01,2.400000e+02,1.000000e+03,0.000000e+00,0.000000e+00,0.000000e+00
1.332000e+01,6.160632e+02,1.599600e+02,-3.959460e+01,1.200000e+01,2.400000e+02,1.000000e+03,0.000000e+00,0.000000e+00,0.000000e+00
1.333000e+01,6.156671e+02,1.600800e+02,-3.961080e+01,1.200000e+01,2.400000e+02,1.000000e+03,0.000000e+00,0.000000e+00,0.000000e+00
1.334000e+01,6.152709e+02,1.602000e+02,-3.962700e+01,1.200000e+01,2.400000e+02,1.000000e+03,0.000000e+00,0.000000e+00,0.000000e+00
1.335000e+01,6.148744e+02,1.603200e+02,-3.964320e+01,1.200000e+01,2.400000e+02,1.000000e+03,0.000000e+00,0.000000e+00,0.000000e+00
1.336000e+01,6.144779e+02,1.604400e+02,-3.965940e+01,1.200000e+01,2.400000e+02,1.000000e+03,0.000000e+00,0.000000e+00,0.000000e+00
1.337000e+01,6.140812e+02,1.605600e+02,-3.967560e+01,1.200000e+01,2.400000e+02,1.000000e+03,0.000000e+00,0.000000e+00,0.000000e+00
1.338000e+01,6.136843e+02,1.606800e+02,-3.969180e+01,1.200000e+01,2.400000e+02,1.000000e+03,0.000000e+00,0.000000e+00,0.000000e+00
1.339000e+01,6.132872e+02,1.608000e+02,-3.970800e+01,1.200000e+01,2.400000e+02,1.000000e+03,0.000000e+00,0.000000e+00,0.000000e+00
1.340000e+01,6.128900e+02,1.609200e+02,-3.972420e+01,1.200000e+01,2.400000e+02,1.000000e+03,0.000000e+00,0.000000e+00,0.000000e+00
1.341000e+01,6.124926e+02,1.610400e+02,-3.974040e+01,1.200000e+01,2.400000e+02,1.000000e+03,0.000000e+00,0.000000e+00,0.000000e+00
1.342000e+01,6.120951e+02,1.611600e+02,-3.975660e+01,1.200000e+01,2.400000e+02,1.000000e+03,0.000000e+00,0.000000e+00,0.000000e+00
1.343000e+01,6.116974e+02,1.612800e+02,-3.977280e+01,1.200000e+01,2.400000e+02,1.000000e+03,0.000000e+00,0.000000e+00,0.000000e+00
1.344000e+01,6.112995e+02,1.614000e+02,-3.978900e+01,1.200000e+01,2.400000e+02,1.000000e+03,0.000000e+00,0.000000e+00,0.000000e+00
1.345000e+01,6.109015e+02,1.615200e+02,-3.980520e+01,1.200000e+01,2.400000e+02,1.000000e+03,0.000000e+00,0.000000e+00,0.000000e+00
1.346000e+01,6.105033e+02,1.616400e+02,-3.982140e+01,1.200000e+01,2.400000e+02,1.000000e+03,0.000000e+00,0.000000e+00,0.000000e+00
1.347000e+01,6.101050e+02,1.617600e+02,-3.983760e+01,1.200000e+01,2.400000e+02,1.000000e+03,0.000000e+00,0.000000e+00,0.000000e+00
1.348000e+01,6.097065e+02,1.618800e+02,-3.985380e+01,1.200000e+01,2.400000e+02,1.000000e+03,0.000000e+00,0.000000e+00,0.000000e+00
1.349000e+01,6.093078e+02,1.620000e+02,-3.987000e+01,1.200000e+01,2.400000e+02,1.000000e+03,0.000000e+00,0.000000e+00,0.000000e+00
1.350000e+01,6.089090e+02,1.621200e+02,-3.988620e+01,1.200000e+01,2.400000e+02,1.000000e+03,0.000000e+00,0.000000e+00,0.000000e+00
1.351000e+01,6.085099e+02,1.622400e+02,-3.990240e+01,1.200000e+01,2.400000e+02,1.000000e+03,0.000000e+00,0.000000e+00,0.000000e+00
1.352000e+01,6.081108e+02,1.623600e+02,-3.991860e+01,1.200000e+01,2.400000e+02,1.000000e+03,0.000000e+00,0.000000e+00,0.000000e+00
1.353000e+01,6.077115e+02,1.624800e+02,-3.993480e+01,1.200000e+01,2.400000e+02,1.000000e+03,0.000000e+00,0.000000e+00,0.000000e+00
1.354000e+01,6.073120e+02,1.626000e+02,-3.995100e+01,1.200000e+01,2.400000e+02,1.000000e+03,0.000000e+00,0.000000e+00,0.000000e+00
1.355000e+01,6.069123e+02,1.627200e+02,-3.996720e+01,1.200000e+01,2.400000e+02,1.000000e+03,0.000000e+00,0.000000e+00,0.000000e+00
1.356000e+01,6.065125e+02,1.628400e+02,-3.998340e+01,1.200000e+01,2.400000e+02,1.000000e+03,0.000000e+00,0.000000e+00,0.000000e+00
1.357000e+01,6.061126e+02,1.629600e+02,-3.999960e+01,1.200000e+01,2.400000e+02,1.000000e+03,0.000000e+00,0.000000e+00,0.000000e+00
1.358000e+01,6.057124e+02,1.630800e+02,-4.001580e+01,1.200000e+01,2.400000e+02,1.000000e+03,0.000000e+00,0.000000e+00,0.000000e+00
1.359000e+01,6.053121e+02,1.632000e+02,-4.003200e+01,1.200000e+01,2.400000e+02,1.000000e+03,0.000000e+00,0.000000e+00,0.000000e+00
1.360000e+01,6.049117e+02,1.633200e+02,-4.004820e+01,1.200000e+01,2.400000e+02,1.000000e+03,0.000000e+00,0.000000e+00,0.000000e+00
1.361000e+01,6.045111e+02,1.634400e+02,-4.006440e+01,1.200000e+01,2.400000e+02,1.000000e+03,0.000000e+00,0.000000e+00,0.000000e+00
1.362000e+01,6.041103e+02,1.635600e+02,-4.008060e+01,1.200000e+01,2.400000e+02,1.000000e+03,0.000000e+00,0.000000e+00,0.000000e+00
1.363000e+01,6.037093e+02,1.636800e+02,-4.009680e+01,1.200000e+01,2.400000e+02,1.000000e+03,0.000000e+00,0.000000e+00,0.000000e+00
1.364000e+01,6.033083e+02,1.638000e+02,-4.011300e+01,1.200000e+01,2.400000e+02,1.000000e+03,0.000000e+00,0.000000e+00,0.000000e+00
1.365000e+01,6.029070e+02,1.639200e+02,-4.012920e+01,1.200000e+01,2.400000e+02,1.000000e+03,0.000000e+00,0.000000e+00,0.000000e+00
1.366000e+01,6.025056e+02,1.640400e+02,-4.014540e+01,1.200000e+01,2.400000e+02,1.000000e+03,0.000000e+00,0.000000e+00,0.000000e+00
1.367000e+01,6.021040e+02,1.641600e+02,-4.016160e+01,1.200000e+01,2.400000e+02,1.000000e+03,0.000000e+00,0.000000e+00,0.000000e+00
1.368000e+01,6.017022e+02,1.642800e+02,-4.017780e+01,1.200000e+01,2.400000e+02,1.000000e+03,0.000000e+00,0.000000e+00,0.000000e+00
1.369000e+01,6.013003e+02,1.644000e+02,-4.019400e+01,1.200000e+01,2.400000e+02,1.000000e+03,0.000000e+00,0.000000e+00,0.000000e+00
1.370000e+01,6.008982e+02,1.645200e+02,-4.021020e+01,1.200000e+01,2.400000e+02,1.000000e+03,0.000000e+00,0.000000e+00,0.000000e+00
1.371000e+01,6.004960e+02,1.646400e+02,-4.022640e+01,1.200000e+01,2.400000e+02,1.000000e+03,0.000000e+00,0.000000e+00,0.000000e+00
1.372000e+01,6.000936e+02,1.647600e+02,-4.024260e+01,1.200000e+01,2.400000e+02,1.000000e+03,0.000000e+00,0.000000e+00,0.000000e+00
1.373000e+01,5.996910e+02,1.648800e+02,-4.025880e+01,1.200000e+01,2.400000e+02,1.000000e+03,0.000000e+00,0.000000e+00,0.000000e+00
1.374000e+01,5.992883e+02,1.650000e+02,-4.027500e+01,1.200000e+01,2.400000e+02,1.000000e+03,0.000000e+00,0.000000e+00,0.000000e+00
1.375000e+01,5.988854e+02,1.651200e+02,-4.029120e+01,1.200000e+01,2.400000e+02,1.000000e+03,0.000000e+00,0.000000e+00,0.000000e+00
1.376000e+01,5.984824e+02,1.652400e+02,-4.030740e+01,1.200000e+01,2.400000e+02,1.000000e+03,0.000000e+00,0.000000e+00,0.000000e+00
1.377000e+01,5.980792e+02,1.653600e+02,-4.032360e+01,1.200000e+01,2.400000e+02,1.000000e+03,0.000000e+00,0.000000e+00,0.000000e+00
1.378000e+01,5.976758e+02,1.654800e+02,-4.033980e+01,1.200000e+01,2.400000e+02,1.000000e+03,0.000000e+00,0.000000e+00,0.000000e+00
1.379000e+01,5.972722e+02,1.656000e+02,-4.035600e+01,1.200000e+01,2.400000e+02,1.000000e+03,0.000000e+00,0.000000e+00,0.000000e+00
1.380000e+01,5.968686e+02,1.657200e+02,-4.037220e+01,1.200000e+01,2.400000e+02,1.000000e+03,0.000000e+00,0.000000e+00,0.000000e+00
1.381000e+01,5.964647e+02,1.658400e+02,-4.038840e+01,1.200000e+01,2.400000e+02,1.000000e+03,0.000000e+00,0.000000e+00,0.000000e+00
1.382000e+01,5.960607e+02,1.659600e+02,-4.040460e+01,1.200000e+01,2.400000e+02,1.000000e+03,0.000000e+00,0.000000e+00,0.000000e+00
1.383000e+01,5.960607e+02,1.659600e+02,-4.040460e+01,1.200000e+01,2.400000e+02,1.000000e+03,0.000000e+00,0.000000e+00,0.000000e+00
1.384000e+01,5.956565e+02,1.660800e+02,-4.042080e+01,1.200000e+01,2.400000e+02,1.000000e+03,0.000000e+00,0.000000e+00,0.000000e+00
1.385000e+01,5.952522e+02,1.662000e+02,-4.043700e+01,1.200000e+01,2.400000e+02,1.000000e+03,0.000000e+00,0.000000e+00,0.000000e+00
1.386000e+01,5.948476e+02,1.663200e+02,-4.045320e+01,1.200000e+01,2.400000e+02,1.000000e+03,0.000000e+00,0.000000e+00,0.000000e+00
1.387000e+01,5.944430e+02,1.664400e+02,-4.046940e+01,1.200000e+01,2.400000e+02,1.000000e+03,0.000000e+00,0.000000e+00,0.000000e+00
1.388000e+01,5.940382e+02,1.665600e+02,-4.048560e+01,1.200000e+01,2.400000e+02,1.000000e+03,0.000000e+00,0.000000e+00,0.000000e+00
1.389000e+01,5.936332e+02,1.666800e+02,-4.050180e+01,1.200000e+01,2.400000e+02,1.000000e+03,0.000000e+00,0.000000e+00,0.000000e+00
1.390000e+01,5.932280e+02,1.668000e+02,-4.051800e+01,1.200000e+01,2.400000e+02,1.000000e+03,0.000000e+00,0.000000e+00,0.000000e+00
1.391000e+01,5.928227e+02,1.669200e+02,-4.053420e+01,1.200000e+01,2.400000e+02,1.000000e+03,0.000000e+00,0.000000e+00,0.000000e+00
1.392000e+01,5.924172e+02,1.670400e+02,-4.055040e+01,1.200000e+01,2.400000e+02,1.000000e+03,0.000000e+00,0.000000e+00,0.000000e+00
1.393000e+01,5.920116e+02,1.671600e+02,-4.056660e+01,1.200000e+01,2.400000e+02,1.000000e+03,0.000000e+00,0.000000e+00,0.000000e+00
1.394000e+01,5.916058e+02,1.672800e+02,-4.058280e+01,1.200000e+01,2.400000e+02,1.000000e+03,0.000000e+00,0.000000e+00,0.000000e+00
1.395000e+01,5.911998e+02,1.674000e+02,-4.059900e+01,1.200000e+01,2.400000e+02,1.000000e+03,0.000000e+00,0.000000e+00,0.000000e+00
1.396000e+01,5.907937e+02,1.675200e+02,-4.061520e+01,1.200000e+01,2.400000e+02,1.000000e+03,0.000000e+00,0.000000e+00,0.000000e+00
1.397000e+01,5.903874e+02,1.676400e+02,-4.063140e+01,1.200000e+01,2.400000e+02,1.000000e+03,0.000000e+00,0.000000e+00,0.000000e+00
1.398000e+01,5.899810e+02,1.677600e+02,-4.064760e+01,1.200000e+01,2.400000e+02,1.000000e+03,0.000000e+00,0.000000e+00,0.000000e+00
1.399000e+01,5.895744e+02,1.678800e+02,-4.066380e+01,1.200000e+01,2.400000e+02,1.000000e+03,0.000000e+00,0.000000e+00,0.000000e+00
1.400000e+01,5.891676e+02,1.680000e+02,-4.068000e+01,1.200000e+01,2.400000e+02,1.000000e+03,0.000000e+00,0.000000e+00,0.000000e+00
1.401000e+01,5.887607e+02,1.681200e+02,-4.069620e+01,1.200000e+01,2.400000e+02,1.000000e+03,0.000000e+00,0.000000e+00,0.000000e+00
1.402000e+01,5.883535e+02,1.682400e+02,-4.071240e+01,1.200000e+01,2.400000e+02,1.000000e+03,0.000000e+00,0.000000e+00,0.000000e+00
1.403000e+01,5.879463e+02,1.683600e+02,-4.072860e+01,1.200000e+01,2.400000e+02,1.000000e+03,0.000000e+00,0.000000e+00,0.000000e+00
1.404000e+01,5.875389e+02,1.684800e+02,-4.074480e+01,1.200000e+01,2.400000e+02,1.000000e+03,0.000000e+00,0.000000e+00,0.000000e+00
1.405000e+01,5.871313e+02,1.686000e+02,-4.076100e+01,1.200000e+01,2.400000e+02,1.000000e+03,0.000000e+00,0.000000e+00,0.000000e+00
1.406000e+01,5.867235e+02,1.687200e+02,-4.077720e+01,1.200000e+01,2.400000e+02,1.000000e+03,0.000000e+00,0.000000e+00,0.000000e+00
1.407000e+01,5.863156e+02,1.688400e+02,-4.079340e+01,1.200000e+01,2.400000e+02,1.000000e+03,0.000000e+00,0.000000e+00,0.000000e+00
1.408000e+01,5.859076e+02,1.689600e+02,-4.080960e+01,1.200000e+01,2.400000e+02,1.000000e+03,0.000000e+00,0.000000e+00,0.000000e+00
1.409000e+01,5.854993e+02,1.690800e+02,-4.082580e+01,1.200000e+01,2.400000e+02,1.000000e+03,0.000000e+00,0.000000e+00,0.000000e+00
1.410000e+01,5.850909e+02,1.692000e+02,-4.084200e+01,1.200000e+01,2.400000e+02,1.000000e+03,0.000000e+00,0.000000e+00,0.000000e+00
1.411000e+01,5.846824e+02,1.693200e+02,-4.085820e+01,1.200000e+01,2.400000e+02,1.000000e+03,0.000000e+00,0.000000e+00,0.000000e+00
1.412000e+01,5.842737e+02,1.694400e+02,-4.087440e+01,1.200000e+01,2.400000e+02,1.000000e+03,0.000000e+00,0.000000e+00,0.000000e+00
1.413000e+01,5.838648e+02,1.695600e+02,-4.089060e+01,1.200000e+01,2.400000e+02,1.000000e+03,0.000000e+00,0.000000e+00,0.000000e+00
1.414000e+01,5.834557e+02,1.696800e+02,-4.090680e+01,1.200000e+01,2.400000e+02,1.000000e+03,0.000000e+00,0.000000e+00,0.000000e+00
1.415000e+01,5.830466e+02,1.698000e+02,-4.092300e+01,1.200000e+01,2.400000e+02,1.000000e+03,0.000000e+00,0.000000e+00,0.000000e+00
1.416000e+01,5.826372e+02,1.699200e+02,-4.093920e+01,1.200000e+01,2.400000e+02,1.000000e+03,0.000000e+00,0.000000e+00,0.000000e+00
1.417000e+01,5.822277e+02,1.700400e+02,-4.095540e+01,1.200000e+01,2.400000e+02,1.000000e+03,0.000000e+00,0.000000e+00,0.000000e+00
1.418000e+01,5.818180e+02,1.701600e+02,-4.097160e+01,1.200000e+01,2.400000e+02,1.000000e+03,0.000000e+00,0.000000e+00,0.000000e+00
1.419000e+01,5.814081e+02,1.702800e+02,-4.098780e+01,1.200000e+01,2.400000e+02,1.000000e+03,0.000000e+00,0.000000e+00,0.000000e+00
1.420000e+01,5.809981e+02,1.704000e+02,-4.100400e+01,1.200000e+01,2.400000e+02,1.000000e+03,0.000000e+00,0.000000e+00,0.000000e+00
1.421000e+01,5.805879e+02,1.705200e+02,-4.102020e+01,1.200000e+01,2.400000e+02,1.000000e+03,0.000000e+00,0.000000e+00,0.000000e+00
1.422000e+01,5.801776e+02,1.706400e+02,-4.103640e+01,1.200000e+01,2.400000e+02,1.000000e+03,0.000000e+00,0.000000e+00,0.000000e+00
1.423000e+01,5.797671e+02,1.707600e+02,-4.105260e+01,1.200000e+01,2.400000e+02,1.000000e+03,0.000000e+00,0.000000e+00,0.000000e+00
1.424000e+01,5.793564e+02,1.708800e+02,-4.106880e+01,1.200000e+01,2.400000e+02,1.000000e+03,0.000000e+00,0.000000e+00,0.000000e+00
1.425000e+01,5.789456e+02,1.710000e+02,-4.108500e+01,1.200000e+01,2.400000e+02,1.000000e+03,0.000000e+00,0.000000e+00,0.000000e+00
1.426000e+01,5.785346e+02,1.711200e+02,-4.110120e+01,1.200000e+01,2.400000e+02,1.000000e+03,0.000000e+00,0.000000e+00,0.000000e+00
1.427000e+01,5.781235e+02,1.712400e+02,-4.111740e+01,1.200000e+01,2.400000e+02,1.000000e+03,0.000000e+00,0.000000e+00,0.000000e+00
1.428000e+01,5.777122e+02,1.713600e+02,-4.113360e+01,1.200000e+01,2.400000e+02,1.000000e+03,0.000000e+00,0.000000e+00,0.000000e+00
1.429000e+01,5.773007e+02,1.714800e+02,-4.114980e+01,1.200000e+01,2.400000e+02,1.000000e+03,0.000000e+00,0.000000e+00,0.000000e+00
1.430000e+01,5.768890e+02,1.716000e+02,-4.116600e+01,1.200000e+01,2.400000e+02,1.000000e+03,0.000000e+00,0.000000e+00,0.000000e+00
1.431000e+01,5.764773e+02,1.717200e+02,-4.118220e+01,1.200000e+01,2.400000e+02,1.000000e+03,0.000000e+00,0.000000e+00,0.000000e+00
1.432000e+01,5.760653e+02,1.718400e+02,-4.119840e+01,1.200000e+01,2.400000e+02,1.000000e+03,0.000000e+00,0.000000e+00,0.000000e+00
1.433000e+01,5.756532e+02,1.719600e+02,-4.121460e+01,1.200000e+01,2.400000e+02,1.000000e+03,0.000000e+00,0.000000e+00,0.000000e+00
1.434000e+01,5.752409e+02,1.720800e+02,-4.123080e+01,1.200000e+01,2.400000e+02,1.000000e+03,0.000000e+00,0.000000e+00,0.000000e+00
1.435000e+01,5.748285e+02,1.722000e+02,-4.124700e+01,1.200000e+01,2.400000e+02,1.000000e+03,0.000000e+00,0.000000e+00,0.000000e+00
1.436000e+01,5.744158e+02,1.723200e+02,-4.126320e+01,1.200000e+01,2.400000e+02,1.000000e+03,0.000000e+00,0.000000e+00,0.000000e+00
1.437000e+01,5.740031e+02,1.724400e+02,-4.127940e+01,1.200000e+01,2.400000e+02,1.000000e+03,0.000000e+00,0.000000e+00,0.000000e+00
1.438000e+01,5.735902e+02,1.725600e+02,-4.129560e+01,1.200000e+01,2.400000e+02,1.000000e+03,0.000000e+00,0.000000e+00,0.000000e+00
1.439000e+01,5.731771e+02,1.726800e+02,-4.131180e+01,1.200000e+01,2.400000e+02,1.000000e+03,0.000000e+00,0.000000e+00,0.000000e+00
1.440000e+01,5.727638e+02,1.728000e+02,-4.132800e+01,1.200000e+01,2.400000e+02,1.000000e+03,0.000000e+00,0.000000e+00,0.000000e+00
1.441000e+01,5.723504e+02,1.729200e+02,-4.134420e+01,1.200000e+01,2.400000e+02,1.000000e+03,0.000000e+00,0.000000e+00,0.000000e+00
1.442000e+01,5.719368e+02,1.730400e+02,-4.136040e+01,1.200000e+01,2.400000e+02,1.000000e+03,0.000000e+00,0.000000e+00,0.000000e+00
1.443000e+01,5.715231e+02,1.731600e+02,-4.137660e+01,1.200000e+01,2.400000e+02,1.000000e+03,0.000000e+00,0.000000e+00,0.000000e+00
1.444000e+01,5.711092e+02,1.732800e+02,-4.139280e+01,1.200000e+01,2.400000e+02,1.000000e+03,0.000000e+00,0.000000e+00,0.000000e+00
1.445000e+01,5.706951e+02,1.734000e+02,-4.140900e+01,1.200000e+01,2.400000e+02,1.000000e+03,0.000000e+00,0.000000e+00,0.000000e+00
1.446000e+01,5.702809e+02,1.735200e+02,-4.142520e+01,1.200000e+01,2.400000e+02,1.000000e+03,0.000000e+00,0.000000e+00,0.000000e+00
1.447000e+01,5.698665e+02,1.736400e+02,-4.144140e+01,1.200000e+01,2.400000e+02,1.000000e+03,0.000000e+00,0.000000e+00,0.000000e+00
1.448000e+01,5.694520e+02,1.737600e+02,-4.145760e+01,1.200000e+01,2.400000e+02,1.000000e+03,0.000000e+00,0.000000e+00,0.000000e+00
1.449000e+01,5.690373e+02,1.738800e+02,-4.147380e+01,1.200000e+01,2.400000e+02,1.000000e+03,0.000000e+00,0.000000e+00,0.000000e+00
1.450000e+01,5.686224e+02,1.740000e+02,-4.149000e+01,1.200000e+01,2.400000e+02,1.000000e+03,0.000000e+00,0.000000e+00,0.000000e+00
1.451000e+01,5.682074e+02,1.741200e+02,-4.150620e+01,1.200000e+01,2.400000e+02,1.000000e+03,0.000000e+00,0.000000e+00,0.000000e+00
1.452000e+01,5.677921e+02,1.742400e+02,-4.152240e+01,1.200000e+01,2.400000e+02,1.000000e+03,0.000000e+00,0.000000e+00,0.000000e+00
1.453000e+01,5.673768e+02,1.743600e+02,-4.153860e+01,1.200000e+01,2.400000e+02,1.000000e+03,0.000000e+00,0.000000e+00,0.000000e+00
1.454000e+01,5.669613e+02,1.744800e+02,-4.155480e+01,1.200000e+01,2.400000e+02,1.000000e+03,0.000000e+00,0.000000e+00,0.000000e+00
1.455000e+01,5.665456e+02,1.746000e+02,-4.157100e+01,1.200000e+01,2.400000e+02,1.000000e+03,0.000000e+00,0.000000e+00,0.000000e+00
1.456000e+01,5.661297e+02,1.747200e+02,-4.158720e+01,1.200000e+01,2.400000e+02,1.000000e+03,0.000000e+00,0.000000e+00,0.000000e+00
1.457000e+01,5.657137e+02,1.748400e+02,-4.160340e+01,1.200000e+01,2.400000e+02,1.000000e+03,0.000000e+00,0.000000e+00,0.000000e+00
1.458000e+01,5.652976e+02,1.749600e+02,-4.161960e+01,1.200000e+01,2.400000e+02,1.000000e+03,0.000000e+00,0.000000e+00,0.000000e+00
1.459000e+01,5.648812e+02,1.750800e+02,-4.163580e+01,1.200000e+01,2.400000e+02,1.000000e+03,0.000000e+00,0.000000e+00,0.000000e+00
1.460000e+01,5.644647e+02,1.752000e+02,-4.165200e+01,1.200000e+01,2.400000e+02,1.000000e+03,0.000000e+00,0.000000e+00,0.000000e+00
1.461000e+01,5.640481e+02,1.753200e+02,-4.166820e+01,1.200000e+01,2.400000e+02,1.000000e+03,0.000000e+00,0.000000e+00,0.000000e+00
1.462000e+01,5.636313e+02,1.754400e+02,-4.168440e+01,1.200000e+01,2.400000e+02,1.000000e+03,0.000000e+00,0.000000e+00,0.000000e+00
1.463000e+01,5.632143e+02,1.755600e+02,-4.170060e+01,1.200000e+01,2.400000e+02,1.000000e+03,0.000000e+00,0.000000e+00,0.000000e+00
1.464000e+01,5.627971e+02,1.756800e+02,-4.171680e+01,1.200000e+01,2.400000e+02,1.000000e+03,0.000000e+00,0.000000e+00,0.000000e+00
1.465000e+01,5.623799e+02,1.758000e+02,-4.173300e+01,1.200000e+01,2.400000e+02,1.000000e+03,0.000000e+00,0.000000e+00,0.000000e+00
1.466000e+01,5.619624e+02,1.759200e+02,-4.174920e+01,1.200000e+01,2.400000e+02,1.000000e+03,0.000000e+00,0.000000e+00,0.000000e+00
1.467000e+01,5.615448e+02,1.760400e+02,-4.176540e+01,1.200000e+01,2.400000e+02,1.000000e+03,0.000000e+00,0.000000e+00,0.000000e+00
1.468000e+01,5.611270e+02,1.761600e+02,-4.178160e+01,1.200000e+01,2.400000e+02,1.000000e+03,0.000000e+00,0.000000e+00,0.000000e+00
1.469000e+01,5.607090e+02,1.762800e+02,-4.179780e+01,1.200000e+01,2.400000e+02,1.000000e+03,0.000000e+00,0.000000e+00,0.000000e+00
1.470000e+01,5.602909e+02,1.764000e+02,-4.181400e+01,1.200000e+01,2.400000e+02,1.000000e+03,0.000000e+00,0.000000e+00,0.000000e+00
1.471000e+01,5.598726e+02,1.765200e+02,-4.183020e+01,1.200000e+01,2.400000e+02,1.000000e+03,0.000000e+00,0.000000e+00,0.000000e+00
1.472000e+01,5.594542e+02,1.766400e+02,-4.184640e+01,1.200000e+01,2.400000e+02,1.000000e+03,0.000000e+00,0.000000e+00,0.000000e+00
1.473000e+01,5.590356e+02,1.767600e+02,-4.186260e+01,1.200000e+01,2.400000e+02,1.000000e+03,0.000000e+00,0.000000e+00,0.000000e+00
1.474000e+01,5.586168e+02,1.768800e+02,-4.187880e+01,1.200000e+01,2.400000e+02,1.000000e+03,0.000000e+00,0.000000e+00,0.000000e+00
1.475000e+01,5.581979e+02,1.770000e+02,-4.189500e+01,1.200000e+01,2.400000e+02,1.000000e+03,0.000000e+00,0.000000e+00,0.000000e+00
1.476000e+01,5.577788e+02,1.771200e+02,-4.191120e+01,1.200000e+01,2.400000e+02,1.000000e+03,0.000000e+00,0.000000e+00,0.000000e+00
1.477000e+01,5.573596e+02,1.772400e+02,-4.192740e+01,1.200000e+01,2.400000e+02,1.000000e+03,0.000000e+00,0.000000e+00,0.000000e+00
1.478000e+01,5.569402e+02,1.773600e+02,-4.194360e+01,1.200000e+01,2.400000e+02,1.000000e+03,0.000000e+00,0.000000e+00,0.000000e+00
1.479000e+01,5.565206e+02,1.774800e+02,-4.195980e+01,1.200000e+01,2.400000e+02,1.000000e+03,0.000000e+00,0.000000e+00,0.000000e+00
1.480000e+01,5.561008e+02,1.776000e+02,-4.197600e+01,1.200000e+01,2.400000e+02,1.000000e+03,0.000000e+00,0.000000e+00,0.000000e+00
1.481000e+01,5.556810e+02,1.777200e+02,-4.199220e+01,1.200000e+01,2.400000e+02,1.000000e+03,0.000000e+00,0.000000e+00,0.000000e+00
1.482000e+01,5.552609e+02,1.778400e+02,-4.200840e+01,1.200000e+01,2.400000e+02,1.000000e+03,0.000000e+00,0.000000e+00,0.000000e+00
1.483000e+01,5.548407e+02,1.779600e+02,-4.202460e+01,1.200000e+01,2.400000e+02,1.000000e+03,0.000000e+00,0.000000e+00,0.000000e+00
1.484000e+01,5.544203e+02,1.780800e+02,-4.204080e+01,1.200000e+01,2.400000e+02,1.000000e+03,0.000000e+00,0.000000e+00,0.000000e+00
1.485000e+01,5.539998e+02,1.782000e+02,-4.205700e+01,1.200000e+01,2.400000e+02,1.000000e+03,0.000000e+00,0.000000e+00,0.000000e+00
1.486000e+01,5.535790e+02,1.783200e+02,-4.207320e+01,1.200000e+01,2.400000e+02,1.000000e+03,0.000000e+00,0.000000e+00,0.000000e+00
1.487000e+01,5.531582e+02,1.784400e+02,-4.208940e+01,1.200000e+01,2.400000e+02,1.000000e+03,0.000000e+00,0.000000e+00,0.000000e+00
1.488000e+01,5.527372e+02,1.785600e+02,-4.210560e+01,1.200000e+01,2.400000e+02,1.000000e+03,0.000000e+00,0.000000e+00,0.000000e+00
1.489000e+01,5.523160e+02,1.786800e+02,-4.212180e+01,1.200000e+01,2.400000e+02,1.000000e+03,0.000000e+00,0.000000e+00,0.000000e+00
1.490000e+01,5.518946e+02,1.788000e+02,-4.213800e+01,1.200000e+01,2.400000e+02,1.000000e+03,0.000000e+00,0.000000e+00,0.000000e+00
1.491000e+01,5.514731e+02,1.789200e+02,-4.215420e+01,1.200000e+01,2.400000e+02,1.000000e+03,0.000000e+00,0.000000e+00,0.000000e+00
1.492000e+01,5.510514e+02,1.790400e+02,-4.217040e+01,1.200000e+01,2.400000e+02,1.000000e+03,0.000000e+00,0.000000e+00,0.000000e+00
1.493000e+01,5.506296e+02,1.791600e+02,-4.218660e+01,1.200000e+01,2.400000e+02,1.000000e+03,0.000000e+00,0.000000e+00,0.000000e+00
1.494000e+01,5.502076e+02,1.792800e+02,-4.220280e+01,1.200000e+01,2.400000e+02,1.000000e+03,0.000000e+00,0.000000e+00,0.000000e+00
1.495000e+01,5.497854e+02,1.794000e+02,-4.221900e+01,1.200000e+01,2.400000e+02,1.000000e+03,0.000000e+00,0.000000e+00,0.000000e+00
1.496000e+01,5.493631e+02,1.795200e+02,-4.223520e+01,1.200000e+01,2.400000e+02,1.000000e+03,0.000000e+00,0.000000e+00,0.000000e+00
1.497000e+01,5.489406e+02,1.796400e+02,-4.225140e+01,1.200000e+01,2.400000e+02,1.000000e+03,0.000000e+00,0.000000e+00,0.000000e+00
1.498000e+01,5.485180e+02,1.797600e+02,-4.226760e+01,1.200000e+01,2.400000e+02,1.000000e+03,0.000000e+00,0.000000e+00,0.000000e+00
1.499000e+01,5.480952e+02,1.798800e+02,-4.228380e+01,1.200000e+01,2.400000e+02,1.000000e+03,0.000000e+00,0.000000e+00,0.000000e+00
1.500000e+01,5.476722e+02,1.800000e+02,-4.230000e+01,1.200000e+01,2.400000e+02,1.000000e+03,0.000000e+00,0.000000e+00,0.000000e+00
1.501000e+01,5.472491e+02,1.801200e+02,-4.231620e+01,1.200000e+01,2.400000e+02,1.000000e+03,0.000000e+00,0.000000e+00,0.000000e+00
1.502000e+01,5.468257e+02,1.802400e+02,-4.233240e+01,1.200000e+01,2.400000e+02,1.000000e+03,0.000000e+00,0.000000e+00,0.000000e+00
1.503000e+01,5.464023e+02,1.803600e+02,-4.234860e+01,1.200000e+01,2.400000e+02,1.000000e+03,0.000000e+00,0.000000e+00,0.000000e+00
1.504000e+01,5.459787e+02,1.804800e+02,-4.236480e+01,1.200000e+01,2.400000e+02,1.000000e+03,0.000000e+00,0.000000e+00,0.000000e+00
1.505000e+01,5.455549e+02,1.806000e+02,-4.238100e+01,1.200000e+01,2.400000e+02,1.000000e+03,0.000000e+00,0.000000e+00,0.000000e+00
1.506000e+01,5.451309e+02,1.807200e+02,-4.239720e+01,1.200000e+01,2.400000e+02,1.000000e+03,0.000000e+00,0.000000e+00,0.000000e+00
1.507000e+01,5.447068e+02,1.808400e+02,-4.241340e+01,1.200000e+01,2.400000e+02,1.000000e+03,0.000000e+00,0.000000e+00,0.000000e+00
1.508000e+01,5.442826e+02,1.809600e+02,-4.242960e+01,1.200000e+01,2.400000e+02,1.000000e+03,0.000000e+00,0.000000e+00,0.000000e+00
1.509000e+01,5.438581e+02,1.810800e+02,-4.244580e+01,1.200000e+01,2.400000e+02,1.000000e+03,0.000000e+00,0.000000e+00,0.000000e+00
1.510000e+01,5.434335e+02,1.812000e+02,-4.246200e+01,1.200000e+01,2.400000e+02,1.000000e+03,0.000000e+00,0.000000e+00,0.000000e+00
1.511000e+01,5.430088e+02,1.813200e+02,-4.247820e+01,1.200000e+01,2.400000e+02,1.000000e+03,0.000000e+00,0.000000e+00,0.000000e+00
1.512000e+01,5.425839e+02,1.814400e+02,-4.249440e+01,1.200000e+01,2.400000e+02,1.000000e+03,0.000000e+00,0.000000e+00,0.000000e+00
1.513000e+01,5.421588e+02,1.815600e+02,-4.251060e+01,1.200000e+01,2.400000e+02,1.000000e+03,0.000000e+00,0.000000e+00,0.000000e+00
1.514000e+01,5.417335e+02,1.816800e+02,-4.252680e+01,1.200000e+01,2.400000e+02,1.000000e+03,0.000000e+00,0.000000e+00,0.000000e+00
1.515000e+01,5.413082e+02,1.818000e+02,-4.254300e+01,1.200000e+01,2.400000e+02,1.000000e+03,0.000000e+00,0.000000e+00,0.000000e+00
1.516000e+01,5.408826e+02,1.819200e+02,-4.255920e+01,1.200000e+01,2.400000e+02,1.000000e+03,0.000000e+00,0.000000e+00,0.000000e+00
1.517000e+01,5.404569e+02,1.820400e+02,-4.257540e+01,1.200000e+01,2.400000e+02,1.000000e+03,0.000000e+00,0.000000e+00,0.000000e+00
1.518000e+01,5.400310e+02,1.821600e+02,-4.259160e+01,1.200000e+01,2.400000e+02,1.000000e+03,0.000000e+00,0.000000e+00,0.000000e+00
1.519000e+01,5.396049e+02,1.822800e+02,-4.260780e+01,1.200000e+01,2.400000e+02,1.000000e+03,0.000000e+00,0.000000e+00,0.000000e+00
1.520000e+01,5.391787e+02,1.824000e+02,-4.262400e+01,1.200000e+01,2.400000e+02,1.000000e+03,0.000000e+00,0.000000e+00,0.000000e+00
1.521000e+01,5.387523e+02,1.825200e+02,-4.264020e+01,1.200000e+01,2.400000e+02,1.000000e+03,0.000000e+00,0.000000e+00,0.000000e+00
1.522000e+01,5.383258e+02,1.826400e+02,-4.265640e+01,1.200000e+01,2.400000e+02,1.000000e+03,0.000000e+00,0.000000e+00,0.000000e+00
1.523000e+01,5.378991e+02,1.827600e+02,-4.267260e+01,1.200000e+01,2.400000e+02,1.000000e+03,0.000000e+00,0.000000e+00,0.000000e+00
1.524000e+01,5.374722e+02,1.828800e+02,-4.268880e+01,1.200000e+01,2.400000e+02,1.000000e+03,0.000000e+00,0.000000e+00,0.000000e+00
1.525000e+01,5.370452e+02,1.830000e+02,-4.270500e+01,1.200000e+01,2.400000e+02,1.000000e+03,0.000000e+00,0.000000e+00,0.000000e+00
1.526000e+01,5.366180e+02,1.831200e+02,-4.272120e+01,1.200000e+01,2.400000e+02,1.000000e+03,0.000000e+00,0.000000e+00,0.000000e+00
1.527000e+01,5.361907e+02,1.832400e+02,-4.273740e+01,1.200000e+01,2.400000e+02,1.000000e+03,0.000000e+00,0.000000e+00,0.000000e+00
1.528000e+01,5.357632e+02,1.833600e+02,-4.275360e+01,1.200000e+01,2.400000e+02,1.000000e+03,0.000000e+00,0.000000e+00,0.000000e+00
1.529000e+01,5.353355e+02,1.834800e+02,-4.276980e+01,1.200000e+01,2.400000e+02,1.000000e+03,0.000000e+00,0.000000e+00,0.000000e+00
1.530000e+01,5.349076e+02,1.836000e+02,-4.278600e+01,1.200000e+01,2.400000e+02,1.000000e+03,0.000000e+00,0.000000e+00,0.000000e+00
1.531000e+01,5.344797e+02,1.837200e+02,-4.280220e+01,1.200000e+01,2.400000e+02,1.000000e+03,0.000000e+00,0.000000e+00,0.000000e+00
1.532000e+01,5.340515e+02,1.838400e+02,-4.281840e+01,1.200000e+01,2.400000e+02,1.000000e+03,0.000000e+00,0.000000e+00,0.000000e+00
1.533000e+01,5.336232e+02,1.839600e+02,-4.283460e+01,1.200000e+01,2.400000e+02,1.000000e+03,0.000000e+00,0.000000e+00,0.000000e+00
1.534000e+01,5.331947e+02,1.840800e+02,-4.285080e+01,1.200000e+01,2.400000e+02,1.000000e+03,0.000000e+00,0.000000e+00,0.000000e+00
1.535000e+01,5.327661e+02,1.842000e+02,-4.286700e+01,1.200000e+01,2.400000e+02,1.000000e+03,0.000000e+00,0.000000e+00,0.000000e+00
1.536000e+01,5.323372e+02,1.843200e+02,-4.288320e+01,1.200000e+01,2.400000e+02,1.000000e+03,0.000000e+00,0.000000e+00,0.000000e+00
1.537000e+01,5.319083e+02,1.844400e+02,-4.289940e+01,1.200000e+01,2.400000e+02,1.000000e+03,0.000000e+00,0.000000e+00,0.000000e+00
1.538000e+01,5.314792e+02,1.845600e+02,-4.291560e+01,1.200000e+01,2.400000e+02,1.000000e+03,0.000000e+00,0.000000e+00,0.000000e+00
1.539000e+01,5.310499e+02,1.846800e+02,-4.293180e+01,1.200000e+01,2.400000e+02,1.000000e+03,0.000000e+00,0.000000e+00,0.000000e+00
1.540000e+01,5.306204e+02,1.848000e+02,-4.294800e+01,1.200000e+01,2.400000e+02,1.000000e+03,0.000000e+00,0.000000e+00,0.000000e+00
1.541000e+01,5.301908e+02,1.849200e+02,-4.296420e+01,1.200000e+01,2.400000e+02,1.000000e+03,0.000000e+00,0.000000e+00,0.000000e+00
1.542000e+01,5.297610e+02,1.850400e+02,-4.298040e+01,1.200000e+01,2.400000e+02,1.000000e+03,0.000000e+00,0.000000e+00,0.000000e+00
1.543000e+01,5.293311e+02,1.851600e+02,-4.299660e+01,1.200000e+01,2.400000e+02,1.000000e+03,0.000000e+00,0.000000e+00,0.000000e+00
1.544000e+01,5.289010e+02,1.852800e+02,-4.301280e+01,1.200000e+01,2.400000e+02,1.000000e+03,0.000000e+00,0.000000e+00,0.000000e+00
1.545000e+01,5.284707e+02,1.854000e+02,-4.302900e+01,1.200000e+01,2.400000e+02,1.000000e+03,0.000000e+00,0.000000e+00,0.000000e+00
1.546000e+01,5.280403e+02,1.855200e+02,-4.304520e+01,1.200000e+01,2.400000e+02,1.000000e+03,0.000000e+00,0.000000e+00,0.000000e+00
1.547000e+01,5.276097e+02,1.856400e+02,-4.306140e+01,1.200000e+01,2.400000e+02,1.000000e+03,0.000000e+00,0.000000e+00,0.000000e+00
1.548000e+01,5.271790e+02,1.857600e+02,-4.307760e+01,1.200000e+01,2.400000e+02,1.000000e+03,0.000000e+00,0.000000e+00,0.000000e+00
1.549000e+01,5.267481e+02,1.858800e+02,-4.309380e+01,1.200000e+01,2.400000e+02,1.000000e+03,0.000000e+00,0.000000e+00,0.000000e+00
1.550000e+01,5.263170e+02,1.860000e+02,-4.311000e+01,1.200000e+01,2.400000e+02,1.000000e+03,0.000000e+00,0.000000e+00,0.000000e+00
1.551000e+01,5.258858e+02,1.861200e+02,-4.312620e+01,1.200000e+01,2.400000e+02,1.000000e+03,0.000000e+00,0.000000e+00,0.000000e+00
1.552000e+01,5.254543e+02,1.862400e+02,-4.314240e+01,1.200000e+01,2.400000e+02,1.000000e+03,0.000000e+00,0.000000e+00,0.000000e+00
1.553000e+01,5.250228e+02,1.863600e+02,-4.315860e+01,1.200000e+01,2.400000e+02,1.000000e+03,0.000000e+00,0.000000e+00,0.000000e+00
1.554000e+01,5.245911e+02,1.864800e+02,-4.317480e+01,1.200000e+01,2.400000e+02,1.000000e+03,0.000000e+00,0.000000e+00,0.000000e+00
1.555000e+01,5.241592e+02,1.866000e+02,-4.319100e+01,1.200000e+01,2.400000e+02,1.000000e+03,0.000000e+00,0.000000e+00,0.000000e+00
1.556000e+01,5.237271e+02,1.867200e+02,-4.320720e+01,1.200000e+01,2.400000e+02,1.000000e+03,0.000000e+00,0.000000e+00,0.000000e+00
1.557000e+01,5.232949e+02,1.868400e+02,-4.322340e+01,1.200000e+01,2.400000e+02,1.000000e+03,0.000000e+00,0.000000e+00,0.000000e+00
1.558000e+01,5.228626e+02,1.869600e+02,-4.323960e+01,1.200000e+01,2.400000e+02,1.000000e+03,0.000000e+00,0.000000e+00,0.000000e+00
1.559000e+01,5.224300e+02,1.870800e+02,-4.325580e+01,1.200000e+01,2.400000e+02,1.000000e+03,0.000000e+00,0.000000e+00,0.000000e+00
1.560000e+01,5.219973e+02,1.872000e+02,-4.327200e+01,1.200000e+01,2.400000e+02,1.000000e+03,0.000000e+00,0.000000e+00,0.000000e+00
1.561000e+01,5.215645e+02,1.873200e+02,-4.328820e+01,1.200000e+01,2.400000e+02,1.000000e+03,0.000000e+00,0.000000e+00,0.000000e+00
1.562000e+01,5.211315e+02,1.874400e+02,-4.330440e+01,1.200000e+01,2.400000e+02,1.000000e+03,0.000000e+00,0.000000e+00,0.000000e+00
1.563000e+01,5.206983e+02,1.875600e+02,-4.332060e+01,1.200000e+01,2.400000e+02,1.000000e+03,0.000000e+00,0.000000e+00,0.000000e+00
1.564000e+01,5.202649e+02,1.876800e+02,-4.333680e+01,1.200000e+01,2.400000e+02,1.000000e+03,0.000000e+00,0.000000e+00,0.000000e+00
1.565000e+01,5.198315e+02,1.878000e+02,-4.335300e+01,1.200000e+01,2.400000e+02,1.000000e+03,0.000000e+00,0.000000e+00,0.000000e+00
1.566000e+01,5.193978e+02,1.879200e+02,-4.336920e+01,1.200000e+01,2.400000e+02,1.000000e+03,0.000000e+00,0.000000e+00,0.000000e+00
1.567000e+01,5.189640e+02,1.880400e+02,-4.338540e+01,1.200000e+01,2.400000e+02,1.000000e+03,0.000000e+00,0.000000e+00,0.000000e+00
1.568000e+01,5.185300e+02,1.881600e+02,-4.340160e+01,1.200000e+01,2.400000e+02,1.000000e+03,0.000000e+00,0.000000e+00,0.000000e+00
1.569000e+01,5.180958e+02,1.882800e+02,-4.341780e+01,1.200000e+01,2.400000e+02,1.000000e+03,0.000000e+00,0.000000e+00,0.000000e+00
1.570000e+01,5.176615e+02,1.884000e+02,-4.343400e+01,1.200000e+01,2.400000e+02,1.000000e+03,0.000000e+00,0.000000e+00,0.000000e+00
1.571000e+01,5.172270e+02,1.885200e+02,-4.345020e+01,1.200000e+01,2.400000e+02,1.000000e+03,0.000000e+00,0.000000e+00,0.000000e+00
1.572000e+01,5.167924e+02,1.886400e+02,-4.346640e+01,1.200000e+01,2.400000e+02,1.000000e+03,0.000000e+00,0.000000e+00,0.000000e+00
1.573000e+01,5.163576e+02,1.887600e+02,-4.348260e+01,1.200000e+01,2.400000e+02,1.000000e+03,0.000000e+00,0.000000e+00,0.000000e+00
1.574000e+01,5.159226e+02,1.888800e+02,-4.349880e+01,1.200000e+01,2.400000e+02,1.000000e+03,0.000000e+00,0.000000e+00,0.000000e+00
1.575000e+01,5.154875e+02,1.890000e+02,-4.351500e+01,1.200000e+01,2.400000e+02,1.000000e+03,0.000000e+00,0.000000e+00,0.000000e+00
1.576000e+01,5.150522e+02,1.891200e+02,-4.353120e+01,1.200000e+01,2.400000e+02,1.000000e+03,0.000000e+00,0.000000e+00,0.000000e+00
1.577000e+01,5.146168e+02,1.892400e+02,-4.354740e+01,1.200000e+01,2.400000e+02,1.000000e+03,0.000000e+00,0.000000e+00,0.000000e+00
1.578000e+01,5.141812e+02,1.893600e+02,-4.356360e+01,1.200000e+01,2.400000e+02,1.000000e+03,0.000000e+00,0.000000e+00,0.000000e+00
1.579000e+01,5.137454e+02,1.894800e+02,-4.357980e+01,1.200000e+01,2.400000e+02,1.000000e+03,0.000000e+00,0.000000e+00,0.000000e+00
1.580000e+01,5.133094e+02,1.896000e+02,-4.359600e+01,1.200000e+01,2.400000e+02,1.000000e+03,0.000000e+00,0.000000e+00,0.000000e+00
1.581000e+01,5.128734e+02,1.897200e+02,-4.361220e+01,1.200000e+01,2.400000e+02,1.000000e+03,0.000000e+00,0.000000e+00,0.000000e+00
1.582000e+01,5.124371e+02,1.898400e+02,-4.362840e+01,1.200000e+01,2.400000e+02,1.000000e+03,0.000000e+00,0.000000e+00,0.000000e+00
1.583000e+01,5.120007e+02,1.899600e+02,-4.364460e+01,1.200000e+01,2.400000e+02,1.000000e+03,0.000000e+00,0.000000e+00,0.000000e+00
1.584000e+01,5.115641e+02,1.900800e+02,-4.366080e+01,1.200000e+01,2.400000e+02,1.000000e+03,0.000000e+00,0.000000e+00,0.000000e+00
1.585000e+01,5.111274e+02,1.902000e+02,-4.367700e+01,1.200000e+01,2.400000e+02,1.000000e+03,0.000000e+00,0.000000e+00,0.000000e+00
1.586000e+01,5.106904e+02,1.903200e+02,-4.369320e+01,1.200000e+01,2.400000e+02,1.000000e+03,0.000000e+00,0.000000e+00,0.000000e+00
1.587000e+01,5.102534e+02,1.904400e+02,-4.370940e+01,1.200000e+01,2.400000e+02,1.000000e+03,0.000000e+00,0.000000e+00,0.000000e+00
1.588000e+01,5.098162e+02,1.905600e+02,-4.372560e+01,1.200000e+01,2.400000e+02,1.000000e+03,0.000000e+00,0.000000e+00,0.000000e+00
1.589000e+01,5.093788e+02,1.906800e+02,-4.374180e+01,1.200000e+01,2.400000e+02,1.000000e+03,0.000000e+00,0.000000e+00,0.000000e+00
1.590000e+01,5.089412e+02,1.908000e+02,-4.375800e+01,1.200000e+01,2.400000e+02,1.000000e+03,0.000000e+00,0.000000e+00,0.000000e+00
1.591000e+01,5.085035e+02,1.909200e+02,-4.377420e+01,1.200000e+01,2.400000e+02,1.000000e+03,0.000000e+00,0.000000e+00,0.000000e+00
1.592000e+01,5.080656e+02,1.910400e+02,-4.379040e+01,1.200000e+01,2.400000e+02,1.000000e+03,0.000000e+00,0.000000e+00,0.000000e+00
1.593000e+01,5.076276e+02,1.911600e+02,-4.380660e+01,1.200000e+01,2.400000e+02,1.000000e+03,0.000000e+00,0.000000e+00,0.000000e+00
1.594000e+01,5.071894e+02,1.912800e+02,-4.382280e+01,1.200000e+01,2.400000e+02,1.000000e+03,0.000000e+00,0.000000e+00,0.000000e+00
1.595000e+01,5.067510e+02,1.914000e+02,-4.383900e+01,1.200000e+01,2.400000e+02,1.000000e+03,0.000000e+00,0.000000e+00,0.000000e+00
1.596000e+01,5.063125e+02,1.915200e+02,-4.385520e+01,1.200000e+01,2.400000e+02,1.000000e+03,0.000000e+00,0.000000e+00,0.000000e+00
1.597000e+01,5.058738e+02,1.916400e+02,-4.387140e+01,1.200000e+01,2.400000e+02,1.000000e+03,0.000000e+00,0.000000e+00,0.000000e+00
1.598000e+01,5.054350e+02,1.917600e+02,-4.388760e+01,1.200000e+01,2.400000e+02,1.000000e+03,0.000000e+00,0.000000e+00,0.000000e+00
1.599000e+01,5.049960e+02,1.918800e+02,-4.390380e+01,1.200000e+01,2.400000e+02,1.000000e+03,0.000000e+00,0.000000e+00,0.000000e+00
1.600000e+01,5.045568e+02,1.920000e+02,-4.392000e+01,1.200000e+01,2.400000e+02,1.000000e+03,0.000000e+00,0.000000e+00,0.000000e+00
1.601000e+01,5.041175e+02,1.921200e+02,-4.393620e+01,1.200000e+01,2.400000e+02,1.000000e+03,0.000000e+00,0.000000e+00,0.000000e+00
1.602000e+01,5.036779e+02,1.922400e+02,-4.395240e+01,1.200000e+01,2.400000e+02,1.000000e+03,0.000000e+00,0.000000e+00,0.000000e+00
1.603000e+01,5.032383e+02,1.923600e+02,-4.396860e+01,1.200000e+01,2.400000e+02,1.000000e+03,0.000000e+00,0.000000e+00,0.000000e+00
1.604000e+01,5.027985e+02,1.924800e+02,-4.398480e+01,1.200000e+01,2.400000e+02,1.000000e+03,0.000000e+00,0.000000e+00,0.000000e+00
1.605000e+01,5.023585e+02,1.926000e+02,-4.400100e+01,1.200000e+01,2.400000e+02,1.000000e+03,0.000000e+00,0.000000e+00,0.000000e+00
1.606000e+01,5.019183e+02,1.927200e+02,-4.401720e+01,1.200000e+01,2.400000e+02,1.000000e+03,0.000000e+00,0.000000e+00,0.000000e+00
1.607000e+01,5.014780e+02,1.928400e+02,-4.403340e+01,1.200000e+01,2.400000e+02,1.000000e+03,0.000000e+00,0.000000e+00,0.000000e+00
1.608000e+01,5.010376e+02,1.929600e+02,-4.404960e+01,1.200000e+01,2.400000e+02,1.000000e+03,0.000000e+00,0.000000e+00,0.000000e+00
1.609000e+01,5.005969e+02,1.930800e+02,-4.406580e+01,1.200000e+01,2.400000e+02,1.000000e+03,0.000000e+00,0.000000e+00,0.000000e+00
1.610000e+01,5.001561e+02,1.932000e+02,-4.408200e+01,1.200000e+01,2.400000e+02,1.000000e+03,0.000000e+00,0.000000e+00,0.000000e+00
1.611000e+01,4.997152e+02,1.933200e+02,-4.409820e+01,1.200000e+01,2.400000e+02,1.000000e+03,0.000000e+00,0.000000e+00,0.000000e+00
1.612000e+01,4.992741e+02,1.934400e+02,-4.411440e+01,1.200000e+01,2.400000e+02,1.000000e+03,0.000000e+00,0.000000e+00,0.000000e+00
1.613000e+01,4.988328e+02,1.935600e+02,-4.413060e+01,1.200000e+01,2.400000e+02,1.000000e+03,0.000000e+00,0.000000e+00,0.000000e+00
1.614000e+01,4.983913e+02,1.936800e+02,-4.414680e+01,1.200000e+01,2.400000e+02,1.000000e+03,0.000000e+00,0.000000e+00,0.000000e+00
1.615000e+01,4.979498e+02,1.938000e+02,-4.416300e+01,1.200000e+01,2.400000e+02,1.000000e+03,0.000000e+00,0.000000e+00,0.000000e+00
1.616000e+01,4.975080e+02,1.939200e+02,-4.417920e+01,1.200000e+01,2.400000e+02,1.000000e+03,0.000000e+00,0.000000e+00,0.000000e+00
1.617000e+01,4.970661e+02,1.940400e+02,-4.419540e+01,1.200000e+01,2.400000e+02,1.000000e+03,0.000000e+00,0.000000e+00,0.000000e+00
1.618000e+01,4.966240e+02,1.941600e+02,-4.421160e+01,1.200000e+01,2.400000e+02,1.000000e+03,0.000000e+00,0.000000e+00,0.000000e+00
1.619000e+01,4.961817e+02,1.942800e+02,-4.422780e+01,1.200000e+01,2.400000e+02,1.000000e+03,0.000000e+00,0.000000e+00,0.000000e+00
1.620000e+01,4.957393e+02,1.944000e+02,-4.424400e+01,1.200000e+01,2.400000e+02,1.000000e+03,0.000000e+00,0.000000e+00,0.000000e+00
1.621000e+01,4.952967e+02,1.945200e+02,-4.426020e+01,1.200000e+01,2.400000e+02,1.000000e+03,0.000000e+00,0.000000e+00,0.000000e+00
1.622000e+01,4.948540e+02,1.946400e+02,-4.427640e+01,1.200000e+01,2.400000e+02,1.000000e+03,0.000000e+00,0.000000e+00,0.000000e+00
1.623000e+01,4.944111e+02,1.947600e+02,-4.429260e+01,1.200000e+01,2.400000e+02,1.000000e+03,0.000000e+00,0.000000e+00,0.000000e+00
1.624000e+01,4.939680e+02,1.948800e+02,-4.430880e+01,1.200000e+01,2.400000e+02,1.000000e+03,0.000000e+00,0.000000e+00,0.000000e+00
1.625000e+01,4.935248e+02,1.950000e+02,-4.432500e+01,1.200000e+01,2.400000e+02,1.000000e+03,0.000000e+00,0.000000e+00,0.000000e+00
1.626000e+01,4.930814e+02,1.951200e+02,-4.434120e+01,1.200000e+01,2.400000e+02,1.000000e+03,0.000000e+00,0.000000e+00,0.000000e+00
1.627000e+01,4.926379e+02,1.952400e+02,-4.435740e+01,1.200000e+01,2.400000e+02,1.000000e+03,0.000000e+00,0.000000e+00,0.000000e+00
1.628000e+01,4.921942e+02,1.953600e+02,-4.437360e+01,1.200000e+01,2.400000e+02,1.000000e+03,0.000000e+00,0.000000e+00,0.000000e+00
1.629000e+01,4.917503e+02,1.954800e+02,-4.438980e+01,1.200000e+01,2.400000e+02,1.000000e+03,0.000000e+00,0.000000e+00,0.000000e+00
1.630000e+01,4.913062e+02,1.956000e+02,-4.440600e+01,1.200000e+01,2.400000e+02,1.000000e+03,0.000000e+00,0.000000e+00,0.000000e+00
1.631000e+01,4.908621e+02,1.957200e+02,-4.442220e+01,1.200000e+01,2.400000e+02,1.000000e+03,0.000000e+00,0.000000e+00,0.000000e+00
1.632000e+01,4.904177e+02,1.958400e+02,-4.443840e+01,1.200000e+01,2.400000e+02,1.000000e+03,0.000000e+00,0.000000e+00,0.000000e+00
1.633000e+01,4.899732e+02,1.959600e+02,-4.445460e+01,1.200000e+01,2.400000e+02,1.000000e+03,0.000000e+00,0.000000e+00,0.000000e+00
1.634000e+01,4.895285e+02,1.960800e+02,-4.447080e+01,1.200000e+01,2.400000e+02,1.000000e+03,0.000000e+00,0.000000e+00,0.000000e+00
1.635000e+01,4.890837e+02,1.962000e+02,-4.448700e+01,1.200000e+01,2.400000e+02,1.000000e+03,0.000000e+00,0.000000e+00,0.000000e+00
1.636000e+01,4.886386e+02,1.963200e+02,-4.450320e+01,1.200000e+01,2.400000e+02,1.000000e+03,0.000000e+00,0.000000e+00,0.000000e+00
1.637000e+01,4.881935e+02,1.964400e+02,-4.451940e+01,1.200000e+01,2.400000e+02,1.000000e+03,0.000000e+00,0.000000e+00,0.000000e+00
1.638000e+01,4.877482e+02,1.965600e+02,-4.453560e+01,1.200000e+01,2.400000e+02,1.000000e+03,0.000000e+00,0.000000e+00,0.000000e+00
1.639000e+01,4.873027e+02,1.966800e+02,-4.455180e+01,1.200000e+01,2.400000e+02,1.000000e+03,0.000000e+00,0.000000e+00,0.000000e+00
1.640000e+01,4.868570e+02,1.968000e+02,-4.456800e+01,1.200000e+01,2.400000e+02,1.000000e+03,0.000000e+00,0.000000e+00,0.000000e+00
1.641000e+01,4.864112e+02,1.969200e+02,-4.458420e+01,1.200000e+01,2.400000e+02,1.000000e+03,0.000000e+00,0.000000e+00,0.000000e+00
1.642000e+01,4.859652e+02,1.970400e+02,-4.460040e+01,1.200000e+01,2.400000e+02,1.000000e+03,0.000000e+00,0.000000e+00,0.000000e+00
1.643000e+01,4.855191e+02,1.971600e+02,-4.461660e+01,1.200000e+01,2.400000e+02,1.000000e+03,0.000000e+00,0.000000e+00,0.000000e+00
1.644000e+01,4.850728e+02,1.972800e+02,-4.463280e+01,1.200000e+01,2.400000e+02,1.000000e+03,0.000000e+00,0.000000e+00,0.000000e+00
1.645000e+01,4.846263e+02,1.974000e+02,-4.464900e+01,1.200000e+01,2.400000e+02,1.000000e+03,0.000000e+00,0.000000e+00,0.000000e+00
1.646000e+01,4.841797e+02,1.975200e+02,-4.466520e+01,1.200000e+01,2.400000e+02,1.000000e+03,0.000000e+00,0.000000e+00,0.000000e+00
1.647000e+01,4.837329e+02,1.976400e+02,-4.468140e+01,1.200000e+01,2.400000e+02,1.000000e+03,0.000000e+00,0.000000e+00,0.000000e+00
1.648000e+01,4.832860e+02,1.977600e+02,-4.469760e+01,1.200000e+01,2.400000e+02,1.000000e+03,0.000000e+00,0.000000e+00,0.000000e+00
1.649000e+01,4.828389e+02,1.978800e+02,-4.471380e+01,1.200000e+01,2.400000e+02,1.000000e+03,0.000000e+00,0.000000e+00,0.000000e+00
1.650000e+01,4.823916e+02,1.980000e+02,-4.473000e+01,1.200000e+01,2.400000e+02,1.000000e+03,0.000000e+00,0.000000e+00,0.000000e+00
1.651000e+01,4.819442e+02,1.981200e+02,-4.474620e+01,1.200000e+01,2.400000e+02,1.000000e+03,0.000000e+00,0.000000e+00,0.000000e+00
1.652000e+01,4.814965e+02,1.982400e+02,-4.476240e+01,1.200000e+01,2.400000e+02,1.000000e+03,0.000000e+00,0.000000e+00,0.000000e+00
1.653000e+01,4.810488e+02,1.983600e+02,-4.477860e+01,1.200000e+01,2.400000e+02,1.000000e+03,0.000000e+00,0.000000e+00,0.000000e+00
1.654000e+01,4.806009e+02,1.984800e+02,-4.479480e+01,1.200000e+01,2.400000e+02,1.000000e+03,0.000000e+00,0.000000e+00,0.000000e+00
1.655000e+01,4.801528e+02,1.986000e+02,-4.481100e+01,1.200000e+01,2.400000e+02,1.000000e+03,0.000000e+00,0.000000e+00,0.000000e+00
1.656000e+01,4.797045e+02,1.987200e+02,-4.482720e+01,1.200000e+01,2.400000e+02,1.000000e+03,0.000000e+00,0.000000e+00,0.000000e+00
1.657000e+01,4.792561e+02,1.988400e+02,-4.484340e+01,1.200000e+01,2.400000e+02,1.000000e+03,0.000000e+00,0.000000e+00,0.000000e+00
1.658000e+01,4.788076e+02,1.989600e+02,-4.485960e+01,1.200000e+01,2.400000e+02,1.000000e+03,0.000000e+00,0.000000e+00,0.000000e+00
1.659000e+01,4.783588e+02,1.990800e+02,-4.487580e+01,1.200000e+01,2.400000e+02,1.000000e+03,0.000000e+00,0.000000e+00,0.000000e+00
1.660000e+01,4.779099e+02,1.992000e+02,-4.489200e+01,1.200000e+01,2.400000e+02,1.000000e+03,0.000000e+00,0.000000e+00,0.000000e+00
1.661000e+01,4.774609e+02,1.993200e+02,-4.490820e+01,1.200000e+01,2.400000e+02,1.000000e+03,0.000000e+00,0.000000e+00,0.000000e+00
1.662000e+01,4.770117e+02,1.994400e+02,-4.492440e+01,1.200000e+01,2.400000e+02,1.000000e+03,0.000000e+00,0.000000e+00,0.000000e+00
1.663000e+01,4.765623e+02,1.995600e+02,-4.494060e+01,1.200000e+01,2.400000e+02,1.000000e+03,0.000000e+00,0.000000e+00,0.000000e+00
1.664000e+01,4.761127e+02,1.996800e+02,-4.495680e+01,1.200000e+01,2.400000e+02,1.000000e+03,0.000000e+00,0.000000e+00,0.000000e+00
1.665000e+01,4.756631e+02,1.998000e+02,-4.497300e+01,1.200000e+01,2.400000e+02,1.000000e+03,0.000000e+00,0.000000e+00,0.000000e+00
1.666000e+01,4.752132e+02,1.999200e+02,-4.498920e+01,1.200000e+01,2.400000e+02,1.000000e+03,0.000000e+00,0.000000e+00,0.000000e+00
1.667000e+01,4.747632e+02,2.000400e+02,-4.500540e+01,1.200000e+01,2.400000e+02,1.000000e+03,0.000000e+00,0.000000e+00,0.000000e+00
1.668000e+01,4.743130e+02,2.001600e+02,-4.502160e+01,1.200000e+01,2.400000e+02,1.000000e+03,0.000000e+00,0.000000e+00,0.000000e+00
1.669000e+01,4.738626e+02,2.002800e+02,-4.503780e+01,1.200000e+01,2.400000e+02,1.000000e+03,0.000000e+00,0.000000e+00,0.000000e+00
1.670000e+01,4.734121e+02,2.004000e+02,-4.505400e+01,1.200000e+01,2.400000e+02,1.000000e+03,0.000000e+00,0.000000e+00,0.000000e+00
1.671000e+01,4.729614e+02,2.005200e+02,-4.507020e+01,1.200000e+01,2.400000e+02,1.000000e+03,0.000000e+00,0.000000e+00,0.000000e+00
1.672000e+01,4.725106e+02,2.006400e+02,-4.508640e+01,1.200000e+01,2.400000e+02,1.000000e+03,0.000000e+00,0.000000e+00,0.000000e+00
1.673000e+01,4.720596e+02,2.007600e+02,-4.510260e+01,1.200000e+01,2.400000e+02,1.000000e+03,0.000000e+00,0.000000e+00,0.000000e+00
1.674000e+01,4.716084e+02,2.008800e+02,-4.511880e+01,1.200000e+01,2.400000e+02,1.000000e+03,0.000000e+00,0.000000e+00,0.000000e+00
1.675000e+01,4.711571e+02,2.010000e+02,-4.513500e+01,1.200000e+01,2.400000e+02,1.000000e+03,0.000000e+00,0.000000e+00,0.000000e+00
1.676000e+01,4.707056e+02,2.011200e+02,-4.515120e+01,1.200000e+01,2.400000e+02,1.000000e+03,0.000000e+00,0.000000e+00,0.000000e+00
1.677000e+01,4.702540e+02,2.012400e+02,-4.516740e+01,1.200000e+01,2.400000e+02,1.000000e+03,0.000000e+00,0.000000e+00,0.000000e+00
1.678000e+01,4.698022e+02,2.013600e+02,-4.518360e+01,1.200000e+01,2.400000e+02,1.000000e+03,0.000000e+00,0.000000e+00,0.000000e+00
1.679000e+01,4.693502e+02,2.014800e+02,-4.519980e+01,1.200000e+01,2.400000e+02,1.000000e+03,0.000000e+00,0.000000e+00,0.000000e+00
1.680000e+01,4.688980e+02,2.016000e+02,-4.521600e+01,1.200000e+01,2.400000e+02,1.000000e+03,0.000000e+00,0.000000e+00,0.000000e+00
1.681000e+01,4.684458e+02,2.017200e+02,-4.523220e+01,1.200000e+01,2.400000e+02,1.000000e+03,0.000000e+00,0.000000e+00,0.000000e+00
1.682000e+01,4.679933e+02,2.018400e+02,-4.524840e+01,1.200000e+01,2.400000e+02,1.000000e+03,0.000000e+00,0.000000e+00,0.000000e+00
1.683000e+01,4.675407e+02,2.019600e+02,-4.526460e+01,1.200000e+01,2.400000e+02,1.000000e+03,0.000000e+00,0.000000e+00,0.000000e+00
1.684000e+01,4.670879e+02,2.020800e+02,-4.528080e+01,1.200000e+01,2.400000e+02,1.000000e+03,0.000000e+00,0.000000e+00,0.000000e+00
1.685000e+01,4.666350e+02,2.022000e+02,-4.529700e+01,1.200000e+01,2.400000e+02,1.000000e+03,0.000000e+00,0.000000e+00,0.000000e+00
1.686000e+01,4.661818e+02,2.023200e+02,-4.531320e+01,1.200000e+01,2.400000e+02,1.000000e+03,0.000000e+00,0.000000e+00,0.000000e+00
1.687000e+01,4.657286e+02,2.024400e+02,-4.532940e+01,1.200000e+01,2.400000e+02,1.000000e+03,0.000000e+00,0.000000e+00,0.000000e+00
1.688000e+01,4.652752e+02,2.025600e+02,-4.534560e+01,1.200000e+01,2.400000e+02,1.000000e+03,0.000000e+00,0.000000e+00,0.000000e+00
1.689000e+01,4.648216e+02,2.026800e+02,-4.536180e+01,1.200000e+01,2.400000e+02,1.000000e+03,0.000000e+00,0.000000e+00,0.000000e+00
1.690000e+01,4.643678e+02,2.028000e+02,-4.537800e+01,1.200000e+01,2.400000e+02,1.000000e+03,0.000000e+00,0.000000e+00,0.000000e+00
1.691000e+01,4.639139e+02,2.029200e+02,-4.539420e+01,1.200000e+01,2.400000e+02,1.000000e+03,0.000000e+00,0.000000e+00,0.000000e+00
1.692000e+01,4.634598e+02,2.030400e+02,-4.541040e+01,1.200000e+01,2.400000e+02,1.000000e+03,0.000000e+00,0.000000e+00,0.000000e+00
1.693000e+01,4.630056e+02,2.031600e+02,-4.542660e+01,1.200000e+01,2.400000e+02,1.000000e+03,0.000000e+00,0.000000e+00,0.000000e+00
1.694000e+01,4.625512e+02,2.032800e+02,-4.544280e+01,1.200000e+01,2.400000e+02,1.000000e+03,0.000000e+00,0.000000e+00,0.000000e+00
1.695000e+01,4.620966e+02,2.034000e+02,-4.545900e+01,1.200000e+01,2.400000e+02,1.000000e+03,0.000000e+00,0.000000e+00,0.000000e+00
1.696000e+01,4.616419e+02,2.035200e+02,-4.547520e+01,1.200000e+01,2.400000e+02,1.000000e+03,0.000000e+00,0.000000e+00,0.000000e+00
1.697000e+01,4.611870e+02,2.036400e+02,-4.549140e+01,1.200000e+01,2.400000e+02,1.000000e+03,0.000000e+00,0.000000e+00,0.000000e+00
1.698000e+01,4.607320e+02,2.037600e+02,-4.550760e+01,1.200000e+01,2.400000e+02,1.000000e+03,0.000000e+00,0.000000e+00,0.000000e+00
1.699000e+01,4.602768e+02,2.038800e+02,-4.552380e+01,1.200000e+01,2.400000e+02,1.000000e+03,0.000000e+00,0.000000e+00,0.000000e+00
1.700000e+01,4.598214e+02,2.040000e+02,-4.554000e+01,1.200000e+01,2.400000e+02,1.000000e+03,0.000000e+00,0.000000e+00,0.000000e+00
1.701000e+01,4.593659e+02,2.041200e+02,-4.555620e+01,1.200000e+01,2.400000e+02,1.000000e+03,0.000000e+00,0.000000e+00,0.000000e+00
1.702000e+01,4.589101e+02,2.042400e+02,-4.557240e+01,1.200000e+01,2.400000e+02,1.000000e+03,0.000000e+00,0.000000e+00,0.000000e+00
1.703000e+01,4.584543e+02,2.043600e+02,-4.558860e+01,1.200000e+01,2.400000e+02,1.000000e+03,0.000000e+00,0.000000e+00,0.000000e+00
1.704000e+01,4.579983e+02,2.044800e+02,-4.560480e+01,1.200000e+01,2.400000e+02,1.000000e+03,0.000000e+00,0.000000e+00,0.000000e+00
1.705000e+01,4.575421e+02,2.046000e+02,-4.562100e+01,1.200000e+01,2.400000e+02,1.000000e+03,0.000000e+00,0.000000e+00,0.000000e+00
1.706000e+01,4.570857e+02,2.047200e+02,-4.563720e+01,1.200000e+01,2.400000e+02,1.000000e+03,0.000000e+00,0.000000e+00,0.000000e+00
1.707000e+01,4.566292e+02,2.048400e+02,-4.565340e+01,1.200000e+01,2.400000e+02,1.000000e+03,0.000000e+00,0.000000e+00,0.000000e+00
1.708000e+01,4.561726e+02,2.049600e+02,-4.566960e+01,1.200000e+01,2.400000e+02,1.000000e+03,0.000000e+00,0.000000e+00,0.000000e+00
1.709000e+01,4.557157e+02,2.050800e+02,-4.568580e+01,1.200000e+01,2.400000e+02,1.000000e+03,0.000000e+00,0.000000e+00,0.000000e+00
1.710000e+01,4.552587e+02,2.052000e+02,-4.570200e+01,1.200000e+01,2.400000e+02,1.000000e+03,0.000000e+00,0.000000e+00,0.000000e+00
1.711000e+01,4.548016e+02,2.053200e+02,-4.571820e+01,1.200000e+01,2.400000e+02,1.000000e+03,0.000000e+00,0.000000e+00,0.000000e+00
1.712000e+01,4.543443e+02,2.054400e+02,-4.573440e+01,1.200000e+01,2.400000e+02,1.000000e+03,0.000000e+00,0.000000e+00,0.000000e+00
1.713000e+01,4.538868e+02,2.055600e+02,-4.575060e+01,1.200000e+01,2.400000e+02,1.000000e+03,0.000000e+00,0.000000e+00,0.000000e+00
1.714000e+01,4.534291e+02,2.056800e+02,-4.576680e+01,1.200000e+01,2.400000e+02,1.000000e+03,0.000000e+00,0.000000e+00,0.000000e+00
1.715000e+01,4.529714e+02,2.058000e+02,-4.578300e+01,1.200000e+01,2.400000e+02,1.000000e+03,0.000000e+00,0.000000e+00,0.000000e+00
1.716000e+01,4.525134e+02,2.059200e+02,-4.579920e+01,1.200000e+01,2.400000e+02,1.000000e+03,0.000000e+00,0.000000e+00,0.000000e+00
1.717000e+01,4.520553e+02,2.060400e+02,-4.581540e+01,1.200000e+01,2.400000e+02,1.000000e+03,0.000000e+00,0.000000e+00,0.000000e+00
1.718000e+01,4.515970e+02,2.061600e+02,-4.583160e+01,1.200000e+01,2.400000e+02,1.000000e+03,0.000000e+00,0.000000e+00,0.000000e+00
1.719000e+01,4.511385e+02,2.062800e+02,-4.584780e+01,1.200000e+01,2.400000e+02,1.000000e+03,0.000000e+00,0.000000e+00,0.000000e+00
1.720000e+01,4.506799e+02,2.064000e+02,-4.586400e+01,1.200000e+01,2.400000e+02,1.000000e+03,0.000000e+00,0.000000e+00,0.000000e+00
1.721000e+01,4.502211e+02,2.065200e+02,-4.588020e+01,1.200000e+01,2.400000e+02,1.000000e+03,0.000000e+00,0.000000e+00,0.000000e+00
1.722000e+01,4.497622e+02,2.066400e+02,-4.589640e+01,1.200000e+01,2.400000e+02,1.000000e+03,0.000000e+00,0.000000e+00,0.000000e+00
1.723000e+01,4.493031e+02,2.067600e+02,-4.591260e+01,1.200000e+01,2.400000e+02,1.000000e+03,0.000000e+00,0.000000e+00,0.000000e+00
1.724000e+01,4.488438e+02,2.068800e+02,-4.592880e+01,1.200000e+01,2.400000e+02,1.000000e+03,0.000000e+00,0.000000e+00,0.000000e+00
1.725000e+01,4.483844e+02,2.070000e+02,-4.594500e+01,1.200000e+01,2.400000e+02,1.000000e+03,0.000000e+00,0.000000e+00,0.000000e+00
1.726000e+01,4.479248e+02,2.071200e+02,-4.596120e+01,1.200000e+01,2.400000e+02,1.000000e+03,0.000000e+00,0.000000e+00,0.000000e+00
1.727000e+01,4.474651e+02,2.072400e+02,-4.597740e+01,1.200000e+01,2.400000e+02,1.000000e+03,0.000000e+00,0.000000e+00,0.000000e+00
1.728000e+01,4.470052e+02,2.073600e+02,-4.599360e+01,1.200000e+01,2.400000e+02,1.000000e+03,0.000000e+00,0.000000e+00,0.000000e+00
1.729000e+01,4.465451e+02,2.074800e+02,-4.600980e+01,1.200000e+01,2.400000e+02,1.000000e+03,0.000000e+00,0.000000e+00,0.000000e+00
1.730000e+01,4.460848e+02,2.076000e+02,-4.602600e+01,1.200000e+01,2.400000e+02,1.000000e+03,0.000000e+00,0.000000e+00,0.000000e+00
1.731000e+01,4.456245e+02,2.077200e+02,-4.604220e+01,1.200000e+01,2.400000e+02,1.000000e+03,0.000000e+00,0.000000e+00,0.000000e+00
1.732000e+01,4.451639e+02,2.078400e+02,-4.605840e+01,1.200000e+01,2.400000e+02,1.000000e+03,0.000000e+00,0.000000e+00,0.000000e+00
1.733000e+01,4.447032e+02,2.079600e+02,-4.607460e+01,1.200000e+01,2.400000e+02,1.000000e+03,0.000000e+00,0.000000e+00,0.000000e+00
1.734000e+01,4.442423e+02,2.080800e+02,-4.609080e+01,1.200000e+01,2.400000e+02,1.000000e+03,0.000000e+00,0.000000e+00,0.000000e+00
1.735000e+01,4.437813e+02,2.082000e+02,-4.610700e+01,1.200000e+01,2.400000e+02,1.000000e+03,0.000000e+00,0.000000e+00,0.000000e+00
1.736000e+01,4.433200e+02,2.083200e+02,-4.612320e+01,1.200000e+01,2.400000e+02,1.000000e+03,0.000000e+00,0.000000e+00,0.000000e+00
1.737000e+01,4.428587e+02,2.084400e+02,-4.613940e+01,1.200000e+01,2.400000e+02,1.000000e+03,0.000000e+00,0.000000e+00,0.000000e+00
1.738000e+01,4.423972e+02,2.085600e+02,-4.615560e+01,1.200000e+01,2.400000e+02,1.000000e+03,0.000000e+00,0.000000e+00,0.000000e+00
1.739000e+01,4.419355e+02,2.086800e+02,-4.617180e+01,1.200000e+01,2.400000e+02,1.000000e+03,0.000000e+00,0.000000e+00,0.000000e+00
1.740000e+01,4.414736e+02,2.088000e+02,-4.618800e+01,1.200000e+01,2.400000e+02,1.000000e+03,0.000000e+00,0.000000e+00,0.000000e+00
1.741000e+01,4.410116e+02,2.089200e+02,-4.620420e+01,1.200000e+01,2.400000e+02,1.000000e+03,0.000000e+00,0.000000e+00,0.000000e+00
1.742000e+01,4.405494e+02,2.090400e+02,-4.622040e+01,1.200000e+01,2.400000e+02,1.000000e+03,0.000000e+00,0.000000e+00,0.000000e+00
1.743000e+01,4.400871e+02,2.091600e+02,-4.623660e+01,1.200000e+01,2.400000e+02,1.000000e+03,0.000000e+00,0.000000e+00,0.000000e+00
1.744000e+01,4.396246e+02,2.092800e+02,-4.625280e+01,1.200000e+01,2.400000e+02,1.000000e+03,0.000000e+00,0.000000e+00,0.000000e+00
1.745000e+01,4.391619e+02,2.094000e+02,-4.626900e+01,1.200000e+01,2.400000e+02,1.000000e+03,0.000000e+00,0.000000e+00,0.000000e+00
1.746000e+01,4.386991e+02,2.095200e+02,-4.628520e+01,1.200000e+01,2.400000e+02,1.000000e+03,0.000000e+00,0.000000e+00,0.000000e+00
1.747000e+01,4.382361e+02,2.096400e+02,-4.630140e+01,1.200000e+01,2.400000e+02,1.000000e+03,0.000000e+00,0.000000e+00,0.000000e+00
1.748000e+01,4.377730e+02,2.097600e+02,-4.631760e+01,1.200000e+01,2.400000e+02,1.000000e+03,0.000000e+00,0.000000e+00,0.000000e+00
1.749000e+01,4.373097e+02,2.098800e+02,-4.633380e+01,1.200000e+01,2.400000e+02,1.000000e+03,0.000000e+00,0.000000e+00,0.000000e+00
1.750000e+01,4.368462e+02,2.100000e+02,-4.635000e+01,1.200000e+01,2.400000e+02,1.000000e+03,0.000000e+00,0.000000e+00,0.000000e+00
1.751000e+01,4.363826e+02,2.101200e+02,-4.636620e+01,1.200000e+01,2.400000e+02,1.000000e+03,0.000000e+00,0.000000e+00,0.000000e+00
1.752000e+01,4.359187e+02,2.102400e+02,-4.638240e+01,1.200000e+01,2.400000e+02,1.000000e+03,0.000000e+00,0.000000e+00,0.000000e+00
1.753000e+01,4.354548e+02,2.103600e+02,-4.639860e+01,1.200000e+01,2.400000e+02,1.000000e+03,0.000000e+00,0.000000e+00,0.000000e+00
1.754000e+01,4.349907e+02,2.104800e+02,-4.641480e+01,1.200000e+01,2.400000e+02,1.000000e+03,0.000000e+00,0.000000e+00,0.000000e+00
1.755000e+01,4.345264e+02,2.106000e+02,-4.643100e+01,1.200000e+01,2.400000e+02,1.000000e+03,0.000000e+00,0.000000e+00,0.000000e+00
1.756000e+01,4.340619e+02,2.107200e+02,-4.644720e+01,1.200000e+01,2.400000e+02,1.000000e+03,0.000000e+00,0.000000e+00,0.000000e+00
1.757000e+01,4.335973e+02,2.108400e+02,-4.646340e+01,1.200000e+01,2.400000e+02,1.000000e+03,0.000000e+00,0.000000e+00,0.000000e+00
1.758000e+01,4.331326e+02,2.109600e+02,-4.647960e+01,1.200000e+01,2.400000e+02,1.000000e+03,0.000000e+00,0.000000e+00,0.000000e+00
1.759000e+01,4.326676e+02,2.110800e+02,-4.649580e+01,1.200000e+01,2.400000e+02,1.000000e+03,0.000000e+00,0.000000e+00,0.000000e+00
1.760000e+01,4.322025e+02,2.112000e+02,-4.651200e+01,1.200000e+01,2.400000e+02,1.000000e+03,0.000000e+00,0.000000e+00,0.000000e+00
1.761000e+01,4.317373e+02,2.113200e+02,-4.652820e+01,1.200000e+01,2.400000e+02,1.000000e+03,0.000000e+00,0.000000e+00,0.000000e+00
1.762000e+01,4.312719e+02,2.114400e+02,-4.654440e+01,1.200000e+01,2.400000e+02,1.000000e+03,0.000000e+00,0.000000e+00,0.000000e+00
1.763000e+01,4.308063e+02,2.115600e+02,-4.656060e+01,1.200000e+01,2.400000e+02,1.000000e+03,0.000000e+00,0.000000e+00,0.000000e+00
1.764000e+01,4.303405e+02,2.116800e+02,-4.657680e+01,1.200000e+01,2.400000e+02,1.000000e+03,0.000000e+00,0.000000e+00,0.000000e+00
1.765000e+01,4.298747e+02,2.118000e+02,-4.659300e+01,1.200000e+01,2.400000e+02,1.000000e+03,0.000000e+00,0.000000e+00,0.000000e+00
1.766000e+01,4.294086e+02,2.119200e+02,-4.660920e+01,1.200000e+01,2.400000e+02,1.000000e+03,0.000000e+00,0.000000e+00,0.000000e+00
1.767000e+01,4.289424e+02,2.120400e+02,-4.662540e+01,1.200000e+01,2.400000e+02,1.000000e+03,0.000000e+00,0.000000e+00,0.000000e+00
1.768000e+01,4.284760e+02,2.121600e+02,-4.664160e+01,1.200000e+01,2.400000e+02,1.000000e+03,0.000000e+00,0.000000e+00,0.000000e+00
1.769000e+01,4.280094e+02,2.122800e+02,-4.665780e+01,1.200000e+01,2.400000e+02,1.000000e+03,0.000000e+00,0.000000e+00,0.000000e+00
1.770000e+01,4.275427e+02,2.124000e+02,-4.667400e+01,1.200000e+01,2.400000e+02,1.000000e+03,0.000000e+00,0.000000e+00,0.000000e+00
1.771000e+01,4.270758e+02,2.125200e+02,-4.669020e+01,1.200000e+01,2.400000e+02,1.000000e+03,0.000000e+00,0.000000e+00,0.000000e+00
1.772000e+01,4.266088e+02,2.126400e+02,-4.670640e+01,1.200000e+01,2.400000e+02,1.000000e+03,0.000000e+00,0.000000e+00,0.000000e+00
1.773000e+01,4.261416e+02,2.127600e+02,-4.672260e+01,1.200000e+01,2.400000e+02,1.000000e+03,0.000000e+00,0.000000e+00,0.000000e+00
1.774000e+01,4.256742e+02,2.128800e+02,-4.673880e+01,1.200000e+01,2.400000e+02,1.000000e+03,0.000000e+00,0.000000e+00,0.000000e+00
1.775000e+01,4.247390e+02,2.131200e+02,-4.676976e+01,1.200000e+01,2.399994e+02,9.999994e+02,1.440000e+02,6.400000e-02,0.000000e+00
1.776000e+01,4.242712e+02,2.132400e+02,-4.678452e+01,1.200000e+01,2.399987e+02,9.999987e+02,1.440000e+02,6.400000e-02,0.000000e+00
1.777000e+01,4.238032e+02,2.133600e+02,-4.679784e+01,1.200000e+01,2.399974e+02,9.999974e+02,2.880000e+02,1.280000e-01,0.000000e+00
1.778000e+01,4.233352e+02,2.134800e+02,-4.681116e+01,1.200000e+01,2.399962e+02,9.999962e+02,2.880000e+02,1.280000e-01,0.000000e+00
1.779000e+01,4.228670e+02,2.136000e+02,-4.682304e+01,1.200000e+01,2.399942e+02,9.999942e+02,4.320000e+02,1.920000e-01,0.000000e+00
1.780000e+01,4.223986e+02,2.137200e+02,-4.683492e+01,1.200000e+01,2.399923e+02,9.999923e+02,4.320000e+02,1.920000e-01,0.000000e+00
1.781000e+01,4.219302e+02,2.138400e+02,-4.684536e+01,1.200000e+01,2.399898e+02,9.999898e+02,5.760000e+02,2.560000e-01,0.000000e+00
1.782000e+01,4.214617e+02,2.139600e+02,-4.685580e+01,1.200000e+01,2.399872e+02,9.999872e+02,5.760000e+02,2.560000e-01,0.000000e+00
1.783000e+01,4.209930e+02,2.140800e+02,-4.686480e+01,1.200000e+01,2.399840e+02,9.999840e+02,7.200000e+02,3.200000e-01,0.000000e+00
1.784000e+01,4.205243e+02,2.142000e+02,-4.687380e+01,1.200000e+01,2.399808e+02,9.999808e+02,7.200000e+02,3.200000e-01,0.000000e+00
1.785000e+01,4.200555e+02,2.143200e+02,-4.688136e+01,1.200000e+01,2.399770e+02,9.999770e+02,8.640000e+02,3.840000e-01,0.000000e+00
1.786000e+01,4.195866e+02,2.144400e+02,-4.688892e+01,1.200000e+01,2.399731e+02,9.999731e+02,8.640000e+02,3.840000e-01,0.000000e+00
1.787000e+01,4.191177e+02,2.145600e+02,-4.689504e+01,1.200000e+01,2.399686e+02,9.999686e+02,1.008000e+03,4.480000e-01,0.000000e+00
1.788000e+01,4.186487e+02,2.146800e+02,-4.690116e+01,1.200000e+01,2.399642e+02,9.999642e+02,1.008000e+03,4.480000e-01,0.000000e+00
1.789000e+01,4.181796e+02,2.148000e+02,-4.690584e+01,1.200000e+01,2.399590e+02,9.999590e+02,1.152000e+03,5.120000e-01,0.000000e+00
1.790000e+01,4.177105e+02,2.149200e+02,-4.691052e+01,1.200000e+01,2.399539e+02,9.999539e+02,1.152000e+03,5.120000e-01,0.000000e+00
1.791000e+01,4.172414e+02,2.150400e+02,-4.691376e+01,1.200000e+01,2.399482e+02,9.999482e+02,1.296000e+03,5.760000e-01,0.000000e+00
1.792000e+01,4.167722e+02,2.151600e+02,-4.691700e+01,1.200000e+01,2.399424e+02,9.999424e+02,1.296000e+03,5.760000e-01,0.000000e+00
1.793000e+01,4.163031e+02,2.152800e+02,-4.691880e+01,1.200000e+01,2.399360e+02,9.999360e+02,1.440000e+03,6.400000e-01,0.000000e+00
1.794000e+01,4.158339e+02,2.154000e+02,-4.692059e+01,1.200000e+01,2.399296e+02,9.999296e+02,1.440000e+03,6.400000e-01,0.000000e+00
1.795000e+01,4.153646e+02,2.155200e+02,-4.692095e+01,1.200000e+01,2.399226e+02,9.999226e+02,1.584000e+03,7.040000e-01,0.000000e+00
1.796000e+01,4.148954e+02,2.156400e+02,-4.692131e+01,1.200000e+01,2.399155e+02,9.999155e+02,1.584000e+03,7.040000e-01,0.000000e+00
1.797000e+01,4.144262e+02,2.157600e+02,-4.692023e+01,1.200000e+01,2.399078e+02,9.999078e+02,1.728000e+03,7.680000e-01,0.000000e+00
1.798000e+01,4.139570e+02,2.158800e+02,-4.691915e+01,1.200000e+01,2.399002e+02,9.999002e+02,1.728000e+03,7.680000e-01,0.000000e+00
1.799000e+01,4.134879e+02,2.160000e+02,-4.691663e+01,1.200000e+01,2.398918e+02,9.998918e+02,1.872000e+03,8.320000e-01,0.000000e+00
1.800000e+01,4.130187e+02,2.161200e+02,-4.691410e+01,1.200000e+01,2.398835e+02,9.998835e+02,1.872000e+03,8.320000e-01,0.000000e+00
1.801000e+01,4.125496e+02,2.162400e+02,-4.691014e+01,1.200000e+01,2.398746e+02,9.998746e+02,2.016000e+03,8.960000e-01,0.000000e+00
1.802000e+01,4.120805e+02,2.163600e+02,-4.690618e+01,1.200000e+01,2.398656e+02,9.998656e+02,2.016000e+03,8.960000e-01,0.000000e+00
1.803000e+01,4.116115e+02,2.164800e+02,-4.690078e+01,1.200000e+01,2.398560e+02,9.998560e+02,2.160000e+03,9.600000e-01,0.000000e+00
1.804000e+01,4.111426e+02,2.166000e+02,-4.689537e+01,1.200000e+01,2.398464e+02,9.998464e+02,2.160000e+03,9.600000e-01,0.000000e+00
1.805000e+01,4.106737e+02,2.167200e+02,-4.688853e+01,1.200000e+01,2.398362e+02,9.998362e+02,2.304000e+03,1.024000e+00,0.000000e+00
1.806000e+01,4.102048e+02,2.168400e+02,-4.688168e+01,1.200000e+01,2.398259e+02,9.998259e+02,2.304000e+03,1.024000e+00,0.000000e+00
1.807000e+01,4.097361e+02,2.169600e+02,-4.687340e+01,1.200000e+01,2.398150e+02,9.998150e+02,2.448000e+03,1.088000e+00,0.000000e+00
1.808000e+01,4.092674e+02,2.170800e+02,-4.686512e+01,1.200000e+01,2.398042e+02,9.998042e+02,2.448000e+03,1.088000e+00,0.000000e+00
1.809000e+01,4.087989e+02,2.172000e+02,-4.685539e+01,1.200000e+01,2.397926e+02,9.997926e+02,2.592000e+03,1.152000e+00,0.000000e+00
1.810000e+01,4.083304e+02,2.173200e+02,-4.684566e+01,1.200000e+01,2.397811e+02,9.997811e+02,2.592000e+03,1.152000e+00,0.000000e+00
1.811000e+01,4.078620e+02,2.174400e+02,-4.683450e+01,1.200000e+01,2.397690e+02,9.997690e+02,2.736000e+03,1.216000e+00,0.000000e+00
1.812000e+01,4.073938e+02,2.175600e+02,-4.682333e+01,1.200000e+01,2.397568e+02,9.997568e+02,2.736000e+03,1.216000e+00,0.000000e+00
1.813000e+01,4.069257e+02,2.176800e+02,-4.681072e+01,1.200000e+01,2.397440e+02,9.997440e+02,2.880000e+03,1.280000e+00,0.000000e+00
1.814000e+01,4.064576e+02,2.178000e+02,-4.679812e+01,1.200000e+01,2.397312e+02,9.997312e+02,2.880000e+03,1.280000e+00,0.000000e+00
1.815000e+01,4.059898e+02,2.179200e+02,-4.678407e+01,1.200000e+01,2.397178e+02,9.997178e+02,3.024000e+03,1.344000e+00,0.000000e+00
1.816000e+01,4.055221e+02,2.180400e+02,-4.677002e+01,1.200000e+01,2.397043e+02,9.997043e+02,3.024000e+03,1.344000e+00,0.000000e+00
1.817000e+01,4.050545e+02,2.181600e+02,-4.675453e+01,1.200000e+01,2.396902e+02,9.996902e+02,3.168000e+03,1.408000e+00,0.000000e+00
1.818000e+01,4.045871e+02,2.182800e+02,-4.673904e+01,1.200000e+01,2.396762e+02,9.996762e+02,3.168000e+03,1.408000e+00,0.000000e+00
1.819000e+01,4.041198e+02,2.184000e+02,-4.672211e+01,1.200000e+01,2.396614e+02,9.996614e+02,3.312000e+03,1.472000e+00,0.000000e+00
1.820000e+01,4.036527e+02,2.185200e+02,-4.670518e+01,1.200000e+01,2.396467e+02,9.996467e+02,3.312000e+03,1.472000e+00,0.000000e+00
1.821000e+01,4.031859e+02,2.186400e+02,-4.668680e+01,1.200000e+01,2.396314e+02,9.996314e+02,3.456000e+03,1.536000e+00,0.000000e+00
1.822000e+01,4.027191e+02,2.187600e+02,-4.666843e+01,1.200000e+01,2.396160e+02,9.996160e+02,3.456000e+03,1.536000e+00,0.000000e+00
1.823000e+01,4.022526e+02,2.188800e+02,-4.664862e+01,1.200000e+01,2.396000e+02,9.996000e+02,3.600000e+03,1.600000e+00,0.000000e+00
1.824000e+01,4.017863e+02,2.190000e+02,-4.662880e+01,1.200000e+01,2.395840e+02,9.995840e+02,3.600000e+03,1.600000e+00,0.000000e+00
1.825000e+01,4.013202e+02,2.191200e+02,-4.660899e+01,1.200000e+01,2.395680e+02,9.995680e+02,3.600000e+03,1.600000e+00,0.000000e+00
1.826000e+01,4.008542e+02,2.192400e+02,-4.658917e+01,1.200000e+01,2.395520e+02,9.995520e+02,3.600000e+03,1.600000e+00,0.000000e+00
1.827000e+01,4.003885e+02,2.193600e+02,-4.656935e+01,1.200000e+01,2.395360e+02,9.995360e+02,3.600000e+03,1.600000e+00,0.000000e+00
1.828000e+01,3.999230e+02,2.194800e+02,-4.654954e+01,1.200000e+01,2.395200e+02,9.995200e+02,3.600000e+03,1.600000e+00,0.000000e+00
1.829000e+01,3.994577e+02,2.196000e+02,-4.652972e+01,1.200000e+01,2.395040e+02,9.995040e+02,3.600000e+03,1.600000e+00,0.000000e+00
1.830000e+01,3.989925e+02,2.197200e+02,-4.650990e+01,1.200000e+01,2.394880e+02,9.994880e+02,3.600000e+03,1.600000e+00,0.000000e+00
1.831000e+01,3.985276e+02,2.198400e+02,-4.649008e+01,1.200000e+01,2.394720e+02,9.994720e+02,3.600000e+03,1.600000e+00,0.000000e+00
1.832000e+01,3.980628e+02,2.199600e+02,-4.647026e+01,1.200000e+01,2.394560e+02,9.994560e+02,3.600000e+03,1.600000e+00,0.000000e+00
1.833000e+01,3.975983e+02,2.200800e+02,-4.645044e+01,1.200000e+01,2.394400e+02,9.994400e+02,3.600000e+03,1.600000e+00,0.000000e+00
1.834000e+01,3.971340e+02,2.202000e+02,-4.643062e+01,1.200000e+01,2.394240e+02,9.994240e+02,3.600000e+03,1.600000e+00,0.000000e+00
1.835000e+01,3.966699e+02,2.203200e+02,-4.641080e+01,1.200000e+01,2.394080e+02,9.994080e+02,3.600000e+03,1.600000e+00,0.000000e+00
1.836000e+01,3.962059e+02,2.204400e+02,-4.639098e+01,1.200000e+01,2.393920e+02,9.993920e+02,3.600000e+03,1.600000e+00,0.000000e+00
1.837000e+01,3.957422e+02,2.205600e+02,-4.637116e+01,1.200000e+01,2.393760e+02,9.993760e+02,3.600000e+03,1.600000e+00,0.000000e+00
1.838000e+01,3.952786e+02,2.206800e+02,-4.635133e+01,1.200000e+01,2.393600e+02,9.993600e+02,3.600000e+03,1.600000e+00,0.000000e+00
1.839000e+01,3.948153e+02,2.208000e+02,-4.633151e+01,1.200000e+01,2.393440e+02,9.993440e+02,3.600000e+03,1.600000e+00,0.000000e+00
1.840000e+01,3.943521e+02,2.209200e+02,-4.631169e+01,1.200000e+01,2.393280e+02,9.993280e+02,3.600000e+03,1.600000e+00,0.000000e+00
1.841000e+01,3.938892e+02,2.210400e+02,-4.629186e+01,1.200000e+01,2.393120e+02,9.993120e+02,3.600000e+03,1.600000e+00,0.000000e+00
1.842000e+01,3.934264e+02,2.211600e+02,-4.627204e+01,1.200000e+01,2.392960e+02,9.992960e+02,3.600000e+03,1.600000e+00,0.000000e+00
1.843000e+01,3.929639e+02,2.212800e+02,-4.625221e+01,1.200000e+01,2.392800e+02,9.992800e+02,3.600000e+03,1.600000e+00,0.000000e+00
1.844000e+01,3.925015e+02,2.214000e+02,-4.623238e+01,1.200000e+01,2.392640e+02,9.992640e+02,3.600000e+03,1.600000e+00,0.000000e+00
1.845000e+01,3.920394e+02,2.215200e+02,-4.621256e+01,1.200000e+01,2.392480e+02,9.992480e+02,3.600000e+03,1.600000e+00,0.000000e+00
1.846000e+01,3.915774e+02,2.216400e+02,-4.619273e+01,1.200000e+01,2.392320e+02,9.992320e+02,3.600000e+03,1.600000e+00,0.000000e+00
1.847000e+01,3.911156e+02,2.217600e+02,-4.617290e+01,1.200000e+01,2.392160e+02,9.992160e+02,3.600000e+03,1.600000e+00,0.000000e+00
1.848000e+01,3.906540e+02,2.218800e+02,-4.615307e+01,1.200000e+01,2.392000e+02,9.992000e+02,3.600000e+03,1.600000e+00,0.000000e+00
1.849000e+01,3.901927e+02,2.220000e+02,-4.613324e+01,1.200000e+01,2.391840e+02,9.991840e+02,3.600000e+03,1.600000e+00,0.000000e+00
1.850000e+01,3.897315e+02,2.221200e+02,-4.611341e+01,1.200000e+01,2.391680e+02,9.991680e+02,3.600000e+03,1.600000e+00,0.000000e+00
1.851000e+01,3.892706e+02,2.222400e+02,-4.609358e+01,1.200000e+01,2.391520e+02,9.991520e+02,3.600000e+03,1.600000e+00,0.000000e+00
1.852000e+01,3.888098e+02,2.223600e+02,-4.607375e+01,1.200000e+01,2.391360e+02,9.991360e+02,3.600000e+03,1.600000e+00,0.000000e+00
1.853000e+01,3.883492e+02,2.224800e+02,-4.605392e+01,1.200000e+01,2.391200e+02,9.991200e+02,3.600000e+03,1.600000e+00,0.000000e+00
1.854000e+01,3.878888e+02,2.226000e+02,-4.603409e+01,1.200000e+01,2.391040e+02,9.991040e+02,3.600000e+03,1.600000e+00,0.000000e+00
1.855000e+01,3.874287e+02,2.227200e+02,-4.601425e+01,1.200000e+01,2.390880e+02,9.990880e+02,3.600000e+03,1.600000e+00,0.000000e+00
1.856000e+01,3.869687e+02,2.228400e+02,-4.599442e+01,1.200000e+01,2.390720e+02,9.990720e+02,3.600000e+03,1.600000e+00,0.000000e+00
1.857000e+01,3.865089e+02,2.229600e+02,-4.597459e+01,1.200000e+01,2.390560e+02,9.990560e+02,3.600000e+03,1.600000e+00,0.000000e+00
1.858000e+01,3.860493e+02,2.230800e+02,-4.595475e+01,1.200000e+01,2.390400e+02,9.990400e+02,3.600000e+03,1.600000e+00,0.000000e+00
1.859000e+01,3.855900e+02,2.232000e+02,-4.593492e+01,1.200000e+01,2.390240e+02,9.990240e+02,3.600000e+03,1.600000e+00,0.000000e+00
1.860000e+01,3.851307e+02,2.233200e+02,-4.591508e+01,1.200000e+01,2.390080e+02,9.990080e+02,3.600000e+03,1.600000e+00,0.000000e+00
1.861000e+01,3.846718e+02,2.234400e+02,-4.589525e+01,1.200000e+01,2.389920e+02,9.989920e+02,3.600000e+03,1.600000e+00,0.000000e+00
1.862000e+01,3.842130e+02,2.235600e+02,-4.587541e+01,1.200000e+01,2.389760e+02,9.989760e+02,3.600000e+03,1.600000e+00,0.000000e+00
1.863000e+01,3.837544e+02,2.236800e+02,-4.585557e+01,1.200000e+01,2.389600e+02,9.989600e+02,3.600000e+03,1.600000e+00,0.000000e+00
1.864000e+01,3.832960e+02,2.238000e+02,-4.583573e+01,1.200000e+01,2.389440e+02,9.989440e+02,3.600000e+03,1.600000e+00,0.000000e+00
1.865000e+01,3.828378e+02,2.239200e+02,-4.581589e+01,1.200000e+01,2.389280e+02,9.989280e+02,3.600000e+03,1.600000e+00,0.000000e+00
1.866000e+01,3.823798e+02,2.240400e+02,-4.579606e+01,1.200000e+01,2.389120e+02,9.989120e+02,3.600000e+03,1.600000e+00,0.000000e+00
1.867000e+01,3.819220e+02,2.241600e+02,-4.577622e+01,1.200000e+01,2.388960e+02,9.988960e+02,3.600000e+03,1.600000e+00,0.000000e+00
1.868000e+01,3.814644e+02,2.242800e+02,-4.575638e+01,1.200000e+01,2.388800e+02,9.988800e+02,3.600000e+03,1.600000e+00,0.000000e+00
1.869000e+01,3.810070e+02,2.244000e+02,-4.573653e+01,1.200000e+01,2.388640e+02,9.988640e+02,3.600000e+03,1.600000e+00,0.000000e+00
1.870000e+01,3.805498e+02,2.245200e+02,-4.571669e+01,1.200000e+01,2.388480e+02,9.988480e+02,3.600000e+03,1.600000e+00,0.000000e+00
1.871000e+01,3.800928e+02,2.246400e+02,-4.569685e+01,1.200000e+01,2.388320e+02,9.988320e+02,3.600000e+03,1.600000e+00,0.000000e+00
1.872000e+01,3.796360e+02,2.247600e+02,-4.567701e+01,1.200000e+01,2.388160e+02,9.988160e+02,3.600000e+03,1.600000e+00,0.000000e+00
1.873000e+01,3.791794e+02,2.248800e+02,-4.565717e+01,1.200000e+01,2.388000e+02,9.988000e+02,3.600000e+03,1.600000e+00,0.000000e+00
1.874000e+01,3.787230e+02,2.250000e+02,-4.563732e+01,1.200000e+01,2.387840e+02,9.987840e+02,3.600000e+03,1.600000e+00,0.000000e+00
1.875000e+01,3.782668e+02,2.251200e+02,-4.561748e+01,1.200000e+01,2.387680e+02,9.987680e+02,3.600000e+03,1.600000e+00,0.000000e+00
1.876000e+01,3.778108e+02,2.252400e+02,-4.559763e+01,1.200000e+01,2.387520e+02,9.987520e+02,3.600000e+03,1.600000e+00,0.000000e+00
1.877000e+01,3.773550e+02,2.253600e+02,-4.557779e+01,1.200000e+01,2.387360e+02,9.987360e+02,3.600000e+03,1.600000e+00,0.000000e+00
1.878000e+01,3.768994e+02,2.254800e+02,-4.555794e+01,1.200000e+01,2.387200e+02,9.987200e+02,3.600000e+03,1.600000e+00,0.000000e+00
1.879000e+01,3.764440e+02,2.256000e+02,-4.553809e+01,1.200000e+01,2.387040e+02,9.987040e+02,3.600000e+03,1.600000e+00,0.000000e+00
1.880000e+01,3.759887e+02,2.257200e+02,-4.551825e+01,1.200000e+01,2.386880e+02,9.986880e+02,3.600000e+03,1.600000e+00,0.000000e+00
1.881000e+01,3.755337e+02,2.258400e+02,-4.549840e+01,1.200000e+01,2.386720e+02,9.986720e+02,3.600000e+03,1.600000e+00,0.000000e+00
1.882000e+01,3.750789e+02,2.259600e+02,-4.547855e+01,1.200000e+01,2.386560e+02,9.986560e+02,3.600000e+03,1.600000e+00,0.000000e+00
1.883000e+01,3.746243e+02,2.260800e+02,-4.545870e+01,1.200000e+01,2.386400e+02,9.986400e+02,3.600000e+03,1.600000e+00,0.000000e+00
1.884000e+01,3.741698e+02,2.262000e+02,-4.543885e+01,1.200000e+01,2.386240e+02,9.986240e+02,3.600000e+03,1.600000e+00,0.000000e+00
1.885000e+01,3.737157e+02,2.263200e+02,-4.541900e+01,1.200000e+01,2.386080e+02,9.986080e+02,3.600000e+03,1.600000e+00,0.000000e+00
1.886000e+01,3.732616e+02,2.264400e+02,-4.539915e+01,1.200000e+01,2.385920e+02,9.985920e+02,3.600000e+03,1.600000e+00,0.000000e+00
1.887000e+01,3.728078e+02,2.265600e+02,-4.537930e+01,1.200000e+01,2.385760e+02,9.985760e+02,3.600000e+03,1.600000e+00,0.000000e+00
1.888000e+01,3.723541e+02,2.266800e+02,-4.535945e+01,1.200000e+01,2.385600e+02,9.985600e+02,3.600000e+03,1.600000e+00,0.000000e+00
1.889000e+01,3.719007e+02,2.268000e+02,-4.533960e+01,1.200000e+01,2.385440e+02,9.985440e+02,3.600000e+03,1.600000e+00,0.000000e+00
1.890000e+01,3.714475e+02,2.269200e+02,-4.531974e+01,1.200000e+01,2.385280e+02,9.985280e+02,3.600000e+03,1.600000e+00,0.000000e+00
1.891000e+01,3.709945e+02,2.270400e+02,-4.529989e+01,1.200000e+01,2.385120e+02,9.985120e+02,3.600000e+03,1.600000e+00,0.000000e+00
1.892000e+01,3.705416e+02,2.271600e+02,-4.528004e+01,1.200000e+01,2.384960e+02,9.984960e+02,3.600000e+03,1.600000e+00,0.000000e+00
1.893000e+01,3.700890e+02,2.272800e+02,-4.526018e+01,1.200000e+01,2.384800e+02,9.984800e+02,3.600000e+03,1.600000e+00,0.000000e+00
1.894000e+01,3.696365e+02,2.274000e+02,-4.524033e+01,1.200000e+01,2.384640e+02,9.984640e+02,3.600000e+03,1.600000e+00,0.000000e+00
1.895000e+01,3.691843e+02,2.275200e+02,-4.522047e+01,1.200000e+01,2.384480e+02,9.984480e+02,3.600000e+03,1.600000e+00,0.000000e+00
1.896000e+01,3.687323e+02,2.276400e+02,-4.520061e+01,1.200000e+01,2.384320e+02,9.984320e+02,3.600000e+03,1.600000e+00,0.000000e+00
1.897000e+01,3.682805e+02,2.277600e+02,-4.518076e+01,1.200000e+01,2.384160e+02,9.984160e+02,3.600000e+03,1.600000e+00,0.000000e+00
1.898000e+01,3.678288e+02,2.278800e+02,-4.516090e+01,1.200000e+01,2.384000e+02,9.984000e+02,3.600000e+03,1.600000e+00,0.000000e+00
1.899000e+01,3.673774e+02,2.280000e+02,-4.514104e+01,1.200000e+01,2.383840e+02,9.983840e+02,3.600000e+03,1.600000e+00,0.000000e+00
1.900000e+01,3.669261e+02,2.281200e+02,-4.512118e+01,1.200000e+01,2.383680e+02,9.983680e+02,3.600000e+03,1.600000e+00,0.000000e+00
1.901000e+01,3.664751e+02,2.282400e+02,-4.510132e+01,1.200000e+01,2.383520e+02,9.983520e+02,3.600000e+03,1.600000e+00,0.000000e+00
1.902000e+01,3.660242e+02,2.283600e+02,-4.508146e+01,1.200000e+01,2.383360e+02,9.983360e+02,3.600000e+03,1.600000e+00,0.000000e+00
1.903000e+01,3.655736e+02,2.284800e+02,-4.506160e+01,1.200000e+01,2.383200e+02,9.983200e+02,3.600000e+03,1.600000e+00,0.000000e+00
1.904000e+01,3.651231e+02,2.286000e+02,-4.504174e+01,1.200000e+01,2.383040e+02,9.983040e+02,3.600000e+03,1.600000e+00,0.000000e+00
1.905000e+01,3.646729e+02,2.287200e+02,-4.502188e+01,1.200000e+01,2.382880e+02,9.982880e+02,3.600000e+03,1.600000e+00,0.000000e+00
1.906000e+01,3.642228e+02,2.288400e+02,-4.500202e+01,1.200000e+01,2.382720e+02,9.982720e+02,3.600000e+03,1.600000e+00,0.000000e+00
1.907000e+01,3.637730e+02,2.289600e+02,-4.498215e+01,1.200000e+01,2.382560e+02,9.982560e+02,3.600000e+03,1.600000e+00,0.000000e+00
1.908000e+01,3.633233e+02,2.290800e+02,-4.496229e+01,1.200000e+01,2.382400e+02,9.982400e+02,3.600000e+03,1.600000e+00,0.000000e+00
1.909000e+01,3.628739e+02,2.292000e+02,-4.494243e+01,1.200000e+01,2.382240e+02,9.982240e+02,3.600000e+03,1.600000e+00,0.000000e+00
1.910000e+01,3.624246e+02,2.293200e+02,-4.492256e+01,1.200000e+01,2.382080e+02,9.982080e+02,3.600000e+03,1.600000e+00,0.000000e+00
1.911000e+01,3.619755e+02,2.294400e+02,-4.490270e+01,1.200000e+01,2.381920e+02,9.981920e+02,3.600000e+03,1.600000e+00,0.000000e+00
1.912000e+01,3.615267e+02,2.295600e+02,-4.488283e+01,1.200000e+01,2.381760e+02,9.981760e+02,3.600000e+03,1.600000e+00,0.000000e+00
1.913000e+01,3.610780e+02,2.296800e+02,-4.486297e+01,1.200000e+01,2.381600e+02,9.981600e+02,3.600000e+03,1.600000e+00,0.000000e+00
1.914000e+01,3.606295e+02,2.298000e+02,-4.484310e+01,1.200000e+01,2.381440e+02,9.981440e+02,3.600000e+03,1.600000e+00,0.000000e+00
1.915000e+01,3.601813e+02,2.299200e+02,-4.482323e+01,1.200000e+01,2.381280e+02,9.981280e+02,3.600000e+03,1.600000e+00,0.000000e+00
1.916000e+01,3.597332e+02,2.300400e+02,-4.480336e+01,1.200000e+01,2.381120e+02,9.981120e+02,3.600000e+03,1.600000e+00,0.000000e+00
1.917000e+01,3.592854e+02,2.301600e+02,-4.478350e+01,1.200000e+01,2.380960e+02,9.980960e+02,3.600000e+03,1.600000e+00,0.000000e+00
1.918000e+01,3.588377e+02,2.302800e+02,-4.476363e+01,1.200000e+01,2.380800e+02,9.980800e+02,3.600000e+03,1.600000e+00,0.000000e+00
1.919000e+01,3.583902e+02,2.304000e+02,-4.474376e+01,1.200000e+01,2.380640e+02,9.980640e+02,3.600000e+03,1.600000e+00,0.000000e+00
1.920000e+01,3.579429e+02,2.305200e+02,-4.472389e+01,1.200000e+01,2.380480e+02,9.980480e+02,3.600000e+03,1.600000e+00,0.000000e+00
1.921000e+01,3.574959e+02,2.306400e+02,-4.470401e+01,1.200000e+01,2.380320e+02,9.980320e+02,3.600000e+03,1.600000e+00,0.000000e+00
1.922000e+01,3.570490e+02,2.307600e+02,-4.468414e+01,1.200000e+01,2.380160e+02,9.980160e+02,3.600000e+03,1.600000e+00,0.000000e+00
1.923000e+01,3.566023e+02,2.308800e+02,-4.466427e+01,1.200000e+01,2.380000e+02,9.980000e+02,3.600000e+03,1.600000e+00,0.000000e+00
1.924000e+01,3.561558e+02,2.310000e+02,-4.464440e+01,1.200000e+01,2.379840e+02,9.979840e+02,3.600000e+03,1.600000e+00,0.000000e+00
1.925000e+01,3.557096e+02,2.311200e+02,-4.462453e+01,1.200000e+01,2.379680e+02,9.979680e+02,3.600000e+03,1.600000e+00,0.000000e+00
1.926000e+01,3.552635e+02,2.312400e+02,-4.460465e+01,1.200000e+01,2.379520e+02,9.979520e+02,3.600000e+03,1.600000e+00,0.000000e+00
1.927000e+01,3.548176e+02,2.313600e+02,-4.458478e+01,1.200000e+01,2.379360e+02,9.979360e+02,3.600000e+03,1.600000e+00,0.000000e+00
1.928000e+01,3.543719e+02,2.314800e+02,-4.456490e+01,1.200000e+01,2.379200e+02,9.979200e+02,3.600000e+03,1.600000e+00,0.000000e+00
1.929000e+01,3.539264e+02,2.316000e+02,-4.454503e+01,1.200000e+01,2.379040e+02,9.979040e+02,3.600000e+03,1.600000e+00,0.000000e+00
1.930000e+01,3.534811e+02,2.317200e+02,-4.452515e+01,1.200000e+01,2.378880e+02,9.978880e+02,3.600000e+03,1.600000e+00,0.000000e+00
1.931000e+01,3.530361e+02,2.318400e+02,-4.450527e+01,1.200000e+01,2.378720e+02,9.978720e+02,3.600000e+03,1.600000e+00,0.000000e+00
1.932000e+01,3.525912e+02,2.319600e+02,-4.448540e+01,1.200000e+01,2.378560e+02,9.978560e+02,3.600000e+03,1.600000e+00,0.000000e+00
1.933000e+01,3.521465e+02,2.320800e+02,-4.446552e+01,1.200000e+01,2.378400e+02,9.978400e+02,3.600000e+03,1.600000e+00,0.000000e+00
1.934000e+01,3.517020e+02,2.322000e+02,-4.444564e+01,1.200000e+01,2.378240e+02,9.978240e+02,3.600000e+03,1.600000e+00,0.000000e+00
1.935000e+01,3.512577e+02,2.323200e+02,-4.442576e+01,1.200000e+01,2.378080e+02,9.978080e+02,3.600000e+03,1.600000e+00,0.000000e+00
1.936000e+01,3.508136e+02,2.324400e+02,-4.440588e+01,1.200000e+01,2.377920e+02,9.977920e+02,3.600000e+03,1.600000e+00,0.000000e+00
1.937000e+01,3.503697e+02,2.325600e+02,-4.438600e+01,1.200000e+01,2.377760e+02,9.977760e+02,3.600000e+03,1.600000e+00,0.000000e+00
1.938000e+01,3.499260e+02,2.326800e+02,-4.436612e+01,1.200000e+01,2.377600e+02,9.977600e+02,3.600000e+03,1.600000e+00,0.000000e+00
1.939000e+01,3.494825e+02,2.328000e+02,-4.434624e+01,1.200000e+01,2.377440e+02,9.977440e+02,3.600000e+03,1.600000e+00,0.000000e+00
1.940000e+01,3.490392e+02,2.329200e+02,-4.432636e+01,1.200000e+01,2.377280e+02,9.977280e+02,3.600000e+03,1.600000e+00,0.000000e+00
1.941000e+01,3.485961e+02,2.330400e+02,-4.430648e+01,1.200000e+01,2.377120e+02,9.977120e+02,3.600000e+03,1.600000e+00,0.000000e+00
1.942000e+01,3.481532e+02,2.331600e+02,-4.428659e+01,1.200000e+01,2.376960e+02,9.976960e+02,3.600000e+03,1.600000e+00,0.000000e+00
1.943000e+01,3.477105e+02,2.332800e+02,-4.426671e+01,1.200000e+01,2.376800e+02,9.976800e+02,3.600000e+03,1.600000e+00,0.000000e+00
1.944000e+01,3.472680e+02,2.334000e+02,-4.424682e+01,1.200000e+01,2.376640e+02,9.976640e+02,3.600000e+03,1.600000e+00,0.000000e+00
1.945000e+01,3.468257e+02,2.335200e+02,-4.422694e+01,1.200000e+01,2.376480e+02,9.976480e+02,3.600000e+03,1.600000e+00,0.000000e+00
1.946000e+01,3.463836e+02,2.336400e+02,-4.420705e+01,1.200000e+01,2.376320e+02,9.976320e+02,3.600000e+03,1.600000e+00,0.000000e+00
1.947000e+01,3.459417e+02,2.337600e+02,-4.418717e+01,1.200000e+01,2.376160e+02,9.976160e+02,3.600000e+03,1.600000e+00,0.000000e+00
1.948000e+01,3.455000e+02,2.338800e+02,-4.416728e+01,1.200000e+01,2.376000e+02,9.976000e+02,3.600000e+03,1.600000e+00,0.000000e+00
1.949000e+01,3.450585e+02,2.340000e+02,-4.414740e+01,1.200000e+01,2.375840e+02,9.975840e+02,3.600000e+03,1.600000e+00,0.000000e+00
1.950000e+01,3.446172e+02,2.341200e+02,-4.412751e+01,1.200000e+01,2.375680e+02,9.975680e+02,3.600000e+03,1.600000e+00,0.000000e+00
1.951000e+01,3.441761e+02,2.342400e+02,-4.410762e+01,1.200000e+01,2.375520e+02,9.975520e+02,3.600000e+03,1.600000e+00,0.000000e+00
1.952000e+01,3.437352e+02,2.343600e+02,-4.408773e+01,1.200000e+01,2.375360e+02,9.975360e+02,3.600000e+03,1.600000e+00,0.000000e+00
1.953000e+01,3.432945e+02,2.344800e+02,-4.406784e+01,1.200000e+01,2.375200e+02,9.975200e+02,3.600000e+03,1.600000e+00,0.000000e+00
1.954000e+01,3.428539e+02,2.346000e+02,-4.404795e+01,1.200000e+01,2.375040e+02,9.975040e+02,3.600000e+03,1.600000e+00,0.000000e+00
1.955000e+01,3.424137e+02,2.347200e+02,-4.402806e+01,1.200000e+01,2.374880e+02,9.974880e+02,3.600000e+03,1.600000e+00,0.000000e+00
1.956000e+01,3.419735e+02,2.348400e+02,-4.400817e+01,1.200000e+01,2.374720e+02,9.974720e+02,3.600000e+03,1.600000e+00,0.000000e+00
1.957000e+01,3.415336e+02,2.349600e+02,-4.398828e+01,1.200000e+01,2.374560e+02,9.974560e+02,3.600000e+03,1.600000e+00,0.000000e+00
1.958000e+01,3.410939e+02,2.350800e+02,-4.396839e+01,1.200000e+01,2.374400e+02,9.974400e+02,3.600000e+03,1.600000e+00,0.000000e+00
1.959000e+01,3.406544e+02,2.352000e+02,-4.394849e+01,1.200000e+01,2.374240e+02,9.974240e+02,3.600000e+03,1.600000e+00,0.000000e+00
1.960000e+01,3.402150e+02,2.353200e+02,-4.392860e+01,1.200000e+01,2.374080e+02,9.974080e+02,3.600000e+03,1.600000e+00,0.000000e+00
1.961000e+01,3.397760e+02,2.354400e+02,-4.390870e+01,1.200000e+01,2.373920e+02,9.973920e+02,3.600000e+03,1.600000e+00,0.000000e+00
1.962000e+01,3.393370e+02,2.355600e+02,-4.388881e+01,1.200000e+01,2.373760e+02,9.973760e+02,3.600000e+03,1.600000e+00,0.000000e+00
1.963000e+01,3.388983e+02,2.356800e+02,-4.386892e+01,1.200000e+01,2.373600e+02,9.973600e+02,3.600000e+03,1.600000e+00,0.000000e+00
1.964000e+01,3.384598e+02,2.358000e+02,-4.384902e+01,1.200000e+01,2.373440e+02,9.973440e+02,3.600000e+03,1.600000e+00,0.000000e+00
1.965000e+01,3.380215e+02,2.359200e+02,-4.382912e+01,1.200000e+01,2.373280e+02,9.973280e+02,3.600000e+03,1.600000e+00,0.000000e+00
1.966000e+01,3.375833e+02,2.360400e+02,-4.380923e+01,1.200000e+01,2.373120e+02,9.973120e+02,3.600000e+03,1.600000e+00,0.000000e+00
1.967000e+01,3.371454e+02,2.361600e+02,-4.378933e+01,1.200000e+01,2.372960e+02,9.972960e+02,3.600000e+03,1.600000e+00,0.000000e+00
1.968000e+01,3.367076e+02,2.362800e+02,-4.376943e+01,1.200000e+01,2.372800e+02,9.972800e+02,3.600000e+03,1.600000e+00,0.000000e+00
1.969000e+01,3.362702e+02,2.364000e+02,-4.374953e+01,1.200000e+01,2.372640e+02,9.972640e+02,3.600000e+03,1.600000e+00,0.000000e+00
1.970000e+01,3.358328e+02,2.365200e+02,-4.372963e+01,1.200000e+01,2.372480e+02,9.972480e+02,3.600000e+03,1.600000e+00,0.000000e+00
1.971000e+01,3.353957e+02,2.366400e+02,-4.370973e+01,1.200000e+01,2.372320e+02,9.972320e+02,3.600000e+03,1.600000e+00,0.000000e+00
1.972000e+01,3.349587e+02,2.367600e+02,-4.368983e+01,1.200000e+01,2.372160e+02,9.972160e+02,3.600000e+03,1.600000e+00,0.000000e+00
1.973000e+01,3.345220e+02,2.368800e+02,-4.366993e+01,1.200000e+01,2.372000e+02,9.972000e+02,3.600000e+03,1.600000e+00,0.000000e+00
1.974000e+01,3.340855e+02,2.370000e+02,-4.365003e+01,1.200000e+01,2.371840e+02,9.971840e+02,3.600000e+03,1.600000e+00,0.000000e+00
1.975000e+01,3.336492e+02,2.371200e+02,-4.363015e+01,1.199884e+01,2.371680e+02,9.971680e+02,3.600000e+03,1.600000e+00,-3.200000e-02
1.976000e+01,3.332130e+02,2.372400e+02,-4.361026e+01,1.199769e+01,2.371520e+02,9.971520e+02,3.600000e+03,1.600000e+00,-3.200000e-02
1.977000e+01,3.327771e+02,2.373599e+02,-4.359043e+01,1.199538e+01,2.371360e+02,9.971360e+02,3.600000e+03,1.600000e+00,-6.400000e-02
1.978000e+01,3.323413e+02,2.374799e+02,-4.357060e+01,1.199307e+01,2.371200e+02,9.971200e+02,3.600000e+03,1.600000e+00,-6.400000e-02
1.979000e+01,3.319058e+02,2.375998e+02,-4.355086e+01,1.198961e+01,2.371040e+02,9.971040e+02,3.600000e+03,1.600000e+00,-9.600000e-02
1.980000e+01,3.314704e+02,2.377196e+02,-4.353113e+01,1.198615e+01,2.370880e+02,9.970880e+02,3.600000e+03,1.600000e+00,-9.600000e-02
1.981000e+01,3.310353e+02,2.378395e+02,-4.351127e+01,1.198427e+01,2.370720e+02,9.970720e+02,3.600000e+03,1.600000e+00,-5.200000e-02
1.982000e+01,3.306003e+02,2.379593e+02,-4.349141e+01,1.198240e+01,2.370560e+02,9.970560e+02,3.600000e+03,1.600000e+00,-5.200000e-02
1.983000e+01,3.301656e+02,2.380791e+02,-4.347151e+01,1.198211e+01,2.370400e+02,9.970400e+02,3.600000e+03,1.600000e+00,-8.000000e-03
1.984000e+01,3.297310e+02,2.381989e+02,-4.345160e+01,1.198182e+01,2.370240e+02,9.970240e+02,3.600000e+03,1.600000e+00,-8.000000e-03
1.985000e+01,3.292967e+02,2.383188e+02,-4.343169e+01,1.198182e+01,2.370080e+02,9.970080e+02,3.600000e+03,1.600000e+00,0.000000e+00
1.986000e+01,3.288625e+02,2.384386e+02,-4.341178e+01,1.198182e+01,2.369920e+02,9.969920e+02,3.600000e+03,1.600000e+00,0.000000e+00
1.987000e+01,3.284286e+02,2.385584e+02,-4.339187e+01,1.198182e+01,2.369760e+02,9.969760e+02,3.600000e+03,1.600000e+00,0.000000e+00
1.988000e+01,3.279948e+02,2.386782e+02,-4.337196e+01,1.198182e+01,2.369600e+02,9.969600e+02,3.600000e+03,1.600000e+00,0.000000e+00
1.989000e+01,3.275613e+02,2.387980e+02,-4.335205e+01,1.198182e+01,2.369440e+02,9.969440e+02,3.600000e+03,1.600000e+00,0.000000e+00
1.990000e+01,3.271279e+02,2.389179e+02,-4.333214e+01,1.198182e+01,2.369280e+02,9.969280e+02,3.600000e+03,1.600000e+00,0.000000e+00
1.991000e+01,3.266948e+02,2.390377e+02,-4.331223e+01,1.198182e+01,2.369120e+02,9.969120e+02,3.600000e+03,1.600000e+00,0.000000e+00
1.992000e+01,3.262618e+02,2.391575e+02,-4.329232e+01,1.198182e+01,2.368960e+02,9.968960e+02,3.600000e+03,1.600000e+00,0.000000e+00
1.993000e+01,3.258291e+02,2.392773e+02,-4.327241e+01,1.198182e+01,2.368800e+02,9.968800e+02,3.600000e+03,1.600000e+00,0.000000e+00
1.994000e+01,3.253965e+02,2.393971e+02,-4.325249e+01,1.198182e+01,2.368640e+02,9.968640e+02,3.600000e+03,1.600000e+00,0.000000e+00
1.995000e+01,3.249642e+02,2.395169e+02,-4.323258e+01,1.198182e+01,2.368480e+02,9.968480e+02,3.600000e+03,1.600000e+00,0.000000e+00
1.996000e+01,3.245320e+02,2.396368e+02,-4.321267e+01,1.198182e+01,2.368320e+02,9.968320e+02,3.600000e+03,1.600000e+00,0.000000e+00
1.997000e+01,3.241001e+02,2.397566e+02,-4.319275e+01,1.198182e+01,2.368160e+02,9.968160e+02,3.600000e+03,1.600000e+00,0.000000e+00
1.998000e+01,3.236683e+02,2.398764e+02,-4.317284e+01,1.198182e+01,2.368000e+02,9.968000e+02,3.600000e+03,1.600000e+00,0.000000e+00
1.999000e+01,3.232367e+02,2.399962e+02,-4.315292e+01,1.198182e+01,2.367840e+02,9.967840e+02,3.600000e+03,1.600000e+00,0.000000e+00
2.000000e+01,3.228053e+02,2.401160e+02,-4.313300e+01,1.198182e+01,2.367680e+02,9.967680e+02,3.600000e+03,1.600000e+00,0.000000e+00
2.001000e+01,3.223742e+02,2.402359e+02,-4.311309e+01,1.198182e+01,2.367520e+02,9.967520e+02,3.600000e+03,1.600000e+00,0.000000e+00
2.002000e+01,3.219432e+02,2.403557e+02,-4.309317e+01,1.198182e+01,2.367360e+02,9.967360e+02,3.600000e+03,1.600000e+00,0.000000e+00
2.003000e+01,3.215125e+02,2.404755e+02,-4.307325e+01,1.198182e+01,2.367200e+02,9.967200e+02,3.600000e+03,1.600000e+00,0.000000e+00
2.004000e+01,3.210819e+02,2.405953e+02,-4.305333e+01,1.198182e+01,2.367040e+02,9.967040e+02,3.600000e+03,1.600000e+00,0.000000e+00
2.005000e+01,3.206515e+02,2.407151e+02,-4.303341e+01,1.198182e+01,2.366880e+02,9.966880e+02,3.600000e+03,1.600000e+00,0.000000e+00
2.006000e+01,3.202213e+02,2.408349e+02,-4.301349e+01,1.198182e+01,2.366720e+02,9.966720e+02,3.600000e+03,1.600000e+00,0.000000e+00
2.007000e+01,3.197914e+02,2.409548e+02,-4.299357e+01,1.198182e+01,2.366560e+02,9.966560e+02,3.600000e+03,1.600000e+00,0.000000e+00
2.008000e+01,3.193616e+02,2.410746e+02,-4.297365e+01,1.198182e+01,2.366400e+02,9.966400e+02,3.600000e+03,1.600000e+00,0.000000e+00
2.009000e+01,3.189321e+02,2.411944e+02,-4.295373e+01,1.198182e+01,2.366240e+02,9.966240e+02,3.600000e+03,1.600000e+00,0.000000e+00
2.010000e+01,3.185027e+02,2.413142e+02,-4.293380e+01,1.198182e+01,2.366080e+02,9.966080e+02,3.600000e+03,1.600000e+00,0.000000e+00
2.011000e+01,3.180735e+02,2.414340e+02,-4.291390e+01,1.198066e+01,2.365920e+02,9.965920e+02,3.600000e+03,1.600000e+00,-3.200000e-02
2.012000e+01,3.176445e+02,2.415538e+02,-4.289400e+01,1.197951e+01,2.365760e+02,9.965760e+02,3.600000e+03,1.600000e+00,-3.200000e-02
2.013000e+01,3.172158e+02,2.416736e+02,-4.287414e+01,1.197720e+01,2.365600e+02,9.965600e+02,3.600000e+03,1.600000e+00,-6.400000e-02
2.014000e+01,3.167872e+02,2.417934e+02,-4.285429e+01,1.197489e+01,2.365440e+02,9.965440e+02,3.600000e+03,1.600000e+00,-6.400000e-02
2.015000e+01,3.163588e+02,2.419131e+02,-4.283454e+01,1.197142e+01,2.365280e+02,9.965280e+02,3.600000e+03,1.600000e+00,-9.600000e-02
2.016000e+01,3.159306e+02,2.420328e+02,-4.281478e+01,1.196796e+01,2.365120e+02,9.965120e+02,3.600000e+03,1.600000e+00,-9.600000e-02
2.017000e+01,3.155026e+02,2.421524e+02,-4.279514e+01,1.196335e+01,2.364960e+02,9.964960e+02,3.600000e+03,1.600000e+00,-1.280000e-01
2.018000e+01,3.150748e+02,2.422720e+02,-4.277551e+01,1.195874e+01,2.364800e+02,9.964800e+02,3.600000e+03,1.600000e+00,-1.280000e-01
2.019000e+01,3.146473e+02,2.423915e+02,-4.275571e+01,1.195571e+01,2.364640e+02,9.964640e+02,3.600000e+03,1.600000e+00,-8.400000e-02
2.020000e+01,3.142198e+02,2.425111e+02,-4.273591e+01,1.195268e+01,2.364480e+02,9.964480e+02,3.600000e+03,1.600000e+00,-8.400000e-02
2.021000e+01,3.137927e+02,2.426306e+02,-4.271601e+01,1.195123e+01,2.364320e+02,9.964320e+02,3.600000e+03,1.600000e+00,-4.000000e-02
2.022000e+01,3.133657e+02,2.427501e+02,-4.269611e+01,1.194979e+01,2.364160e+02,9.964160e+02,3.600000e+03,1.600000e+00,-4.000000e-02
2.023000e+01,3.129389e+02,2.428696e+02,-4.267618e+01,1.194979e+01,2.364000e+02,9.964000e+02,3.600000e+03,1.600000e+00,0.000000e+00
2.024000e+01,3.125123e+02,2.429891e+02,-4.265625e+01,1.194979e+01,2.363840e+02,9.963840e+02,3.600000e+03,1.600000e+00,0.000000e+00
2.025000e+01,3.120859e+02,2.431086e+02,-4.263632e+01,1.194979e+01,2.363680e+02,9.963680e+02,3.600000e+03,1.600000e+00,0.000000e+00
2.026000e+01,3.116597e+02,2.432281e+02,-4.261639e+01,1.194979e+01,2.363520e+02,9.963520e+02,3.600000e+03,1.600000e+00,0.000000e+00
2.027000e+01,3.112337e+02,2.433476e+02,-4.259646e+01,1.194979e+01,2.363360e+02,9.963360e+02,3.600000e+03,1.600000e+00,0.000000e+00
2.028000e+01,3.108079e+02,2.434671e+02,-4.257652e+01,1.194979e+01,2.363200e+02,9.963200e+02,3.600000e+03,1.600000e+00,0.000000e+00
2.029000e+01,3.103823e+02,2.435866e+02,-4.255659e+01,1.194979e+01,2.363040e+02,9.963040e+02,3.600000e+03,1.600000e+00,0.000000e+00
2.030000e+01,3.099569e+02,2.437061e+02,-4.253666e+01,1.194979e+01,2.362880e+02,9.962880e+02,3.600000e+03,1.600000e+00,0.000000e+00
2.031000e+01,3.095317e+02,2.438256e+02,-4.251672e+01,1.194979e+01,2.362720e+02,9.962720e+02,3.600000e+03,1.600000e+00,0.000000e+00
2.032000e+01,3.091067e+02,2.439451e+02,-4.249679e+01,1.194979e+01,2.362560e+02,9.962560e+02,3.600000e+03,1.600000e+00,0.000000e+00
2.033000e+01,3.086819e+02,2.440646e+02,-4.247685e+01,1.194979e+01,2.362400e+02,9.962400e+02,3.600000e+03,1.600000e+00,0.000000e+00
2.034000e+01,3.082573e+02,2.441841e+02,-4.245691e+01,1.194979e+01,2.362240e+02,9.962240e+02,3.600000e+03,1.600000e+00,0.000000e+00
2.035000e+01,3.078329e+02,2.443036e+02,-4.243698e+01,1.194979e+01,2.362080e+02,9.962080e+02,3.600000e+03,1.600000e+00,0.000000e+00
2.036000e+01,3.074087e+02,2.444231e+02,-4.241704e+01,1.194979e+01,2.361920e+02,9.961920e+02,3.600000e+03,1.600000e+00,0.000000e+00
2.037000e+01,3.069847e+02,2.445426e+02,-4.239710e+01,1.194979e+01,2.361760e+02,9.961760e+02,3.600000e+03,1.600000e+00,0.000000e+00
2.038000e+01,3.065609e+02,2.446621e+02,-4.237716e+01,1.194979e+01,2.361600e+02,9.961600e+02,3.600000e+03,1.600000e+00,0.000000e+00
2.039000e+01,3.061373e+02,2.447816e+02,-4.235722e+01,1.194979e+01,2.361440e+02,9.961440e+02,3.600000e+03,1.600000e+00,0.000000e+00
2.040000e+01,3.057138e+02,2.449011e+02,-4.233728e+01,1.194979e+01,2.361280e+02,9.961280e+02,3.600000e+03,1.600000e+00,0.000000e+00
2.041000e+01,3.052907e+02,2.450206e+02,-4.231734e+01,1.194979e+01,2.361120e+02,9.961120e+02,3.600000e+03,1.600000e+00,0.000000e+00
2.042000e+01,3.048676e+02,2.451401e+02,-4.229740e+01,1.194979e+01,2.360960e+02,9.960960e+02,3.600000e+03,1.600000e+00,0.000000e+00
2.043000e+01,3.044449e+02,2.452596e+02,-4.227746e+01,1.194979e+01,2.360800e+02,9.960800e+02,3.600000e+03,1.600000e+00,0.000000e+00
2.044000e+01,3.040222e+02,2.453791e+02,-4.225752e+01,1.194979e+01,2.360640e+02,9.960640e+02,3.600000e+03,1.600000e+00,0.000000e+00
2.045000e+01,3.035998e+02,2.454986e+02,-4.223758e+01,1.194979e+01,2.360480e+02,9.960480e+02,3.600000e+03,1.600000e+00,0.000000e+00
2.046000e+01,3.031776e+02,2.456181e+02,-4.221763e+01,1.194979e+01,2.360320e+02,9.960320e+02,3.600000e+03,1.600000e+00,0.000000e+00
2.047000e+01,3.027556e+02,2.457375e+02,-4.219769e+01,1.194979e+01,2.360160e+02,9.960160e+02,3.600000e+03,1.600000e+00,0.000000e+00
2.048000e+01,3.023338e+02,2.458570e+02,-4.217774e+01,1.194979e+01,2.360000e+02,9.960000e+02,3.600000e+03,1.600000e+00,0.000000e+00
2.049000e+01,3.019122e+02,2.459765e+02,-4.215780e+01,1.194979e+01,2.359840e+02,9.959840e+02,3.600000e+03,1.600000e+00,0.000000e+00
2.050000e+01,3.014908e+02,2.460960e+02,-4.213785e+01,1.194979e+01,2.359680e+02,9.959680e+02,3.600000e+03,1.600000e+00,0.000000e+00
2.051000e+01,3.010696e+02,2.462155e+02,-4.211791e+01,1.194979e+01,2.359520e+02,9.959520e+02,3.600000e+03,1.600000e+00,0.000000e+00
2.052000e+01,3.006485e+02,2.463350e+02,-4.209796e+01,1.194979e+01,2.359360e+02,9.959360e+02,3.600000e+03,1.600000e+00,0.000000e+00
2.053000e+01,3.002277e+02,2.464545e+02,-4.207801e+01,1.194979e+01,2.359200e+02,9.959200e+02,3.600000e+03,1.600000e+00,0.000000e+00
2.054000e+01,2.998071e+02,2.465740e+02,-4.205806e+01,1.194979e+01,2.359040e+02,9.959040e+02,3.600000e+03,1.600000e+00,0.000000e+00
2.055000e+01,2.993867e+02,2.466935e+02,-4.203812e+01,1.194979e+01,2.358880e+02,9.958880e+02,3.600000e+03,1.600000e+00,0.000000e+00
2.056000e+01,2.989665e+02,2.468130e+02,-4.201817e+01,1.194979e+01,2.358720e+02,9.958720e+02,3.600000e+03,1.600000e+00,0.000000e+00
2.057000e+01,2.985465e+02,2.469325e+02,-4.199822e+01,1.194979e+01,2.358560e+02,9.958560e+02,3.600000e+03,1.600000e+00,0.000000e+00
2.058000e+01,2.981266e+02,2.470520e+02,-4.197827e+01,1.194979e+01,2.358400e+02,9.958400e+02,3.600000e+03,1.600000e+00,0.000000e+00
2.059000e+01,2.977071e+02,2.471715e+02,-4.195832e+01,1.194979e+01,2.358240e+02,9.958240e+02,3.600000e+03,1.600000e+00,0.000000e+00
2.060000e+01,2.972876e+02,2.472910e+02,-4.193836e+01,1.194979e+01,2.358080e+02,9.958080e+02,3.600000e+03,1.600000e+00,0.000000e+00
2.061000e+01,2.968684e+02,2.474105e+02,-4.191841e+01,1.194979e+01,2.357920e+02,9.957920e+02,3.600000e+03,1.600000e+00,0.000000e+00
2.062000e+01,2.964494e+02,2.475300e+02,-4.189846e+01,1.194979e+01,2.357760e+02,9.957760e+02,3.600000e+03,1.600000e+00,0.000000e+00
2.063000e+01,2.960306e+02,2.476495e+02,-4.187851e+01,1.194979e+01,2.357600e+02,9.957600e+02,3.600000e+03,1.600000e+00,0.000000e+00
2.064000e+01,2.956119e+02,2.477690e+02,-4.185855e+01,1.194979e+01,2.357440e+02,9.957440e+02,3.600000e+03,1.600000e+00,0.000000e+00
2.065000e+01,2.951935e+02,2.478885e+02,-4.183860e+01,1.194979e+01,2.357280e+02,9.957280e+02,3.600000e+03,1.600000e+00,0.000000e+00
2.066000e+01,2.947753e+02,2.480080e+02,-4.181864e+01,1.194979e+01,2.357120e+02,9.957120e+02,3.600000e+03,1.600000e+00,0.000000e+00
2.067000e+01,2.943573e+02,2.481275e+02,-4.179869e+01,1.194979e+01,2.356960e+02,9.956960e+02,3.600000e+03,1.600000e+00,0.000000e+00
2.068000e+01,2.939395e+02,2.482470e+02,-4.177873e+01,1.194979e+01,2.356800e+02,9.956800e+02,3.600000e+03,1.600000e+00,0.000000e+00
2.069000e+01,2.935219e+02,2.483665e+02,-4.175878e+01,1.194979e+01,2.356640e+02,9.956640e+02,3.600000e+03,1.600000e+00,0.000000e+00
2.070000e+01,2.931044e+02,2.484860e+02,-4.173882e+01,1.194979e+01,2.356480e+02,9.956480e+02,3.600000e+03,1.600000e+00,0.000000e+00
2.071000e+01,2.926872e+02,2.486055e+02,-4.171886e+01,1.194979e+01,2.356320e+02,9.956320e+02,3.600000e+03,1.600000e+00,0.000000e+00
2.072000e+01,2.922702e+02,2.487250e+02,-4.169890e+01,1.194979e+01,2.356160e+02,9.956160e+02,3.600000e+03,1.600000e+00,0.000000e+00
2.073000e+01,2.918534e+02,2.488445e+02,-4.167894e+01,1.194979e+01,2.356000e+02,9.956000e+02,3.600000e+03,1.600000e+00,0.000000e+00
2.074000e+01,2.914367e+02,2.489640e+02,-4.165898e+01,1.194979e+01,2.355840e+02,9.955840e+02,3.600000e+03,1.600000e+00,0.000000e+00
2.075000e+01,2.910203e+02,2.490835e+02,-4.163902e+01,1.194979e+01,2.355680e+02,9.955680e+02,3.600000e+03,1.600000e+00,0.000000e+00
2.076000e+01,2.906041e+02,2.492030e+02,-4.161906e+01,1.194979e+01,2.355520e+02,9.955520e+02,3.600000e+03,1.600000e+00,0.000000e+00
2.077000e+01,2.901881e+02,2.493225e+02,-4.159910e+01,1.194979e+01,2.355360e+02,9.955360e+02,3.600000e+03,1.600000e+00,0.000000e+00
2.078000e+01,2.897722e+02,2.494420e+02,-4.157914e+01,1.194979e+01,2.355200e+02,9.955200e+02,3.600000e+03,1.600000e+00,0.000000e+00
2.079000e+01,2.893566e+02,2.495615e+02,-4.155918e+01,1.194979e+01,2.355040e+02,9.955040e+02,3.600000e+03,1.600000e+00,0.000000e+00
2.080000e+01,2.889412e+02,2.496810e+02,-4.153921e+01,1.194979e+01,2.354880e+02,9.954880e+02,3.600000e+03,1.600000e+00,0.000000e+00
2.081000e+01,2.885260e+02,2.498005e+02,-4.151925e+01,1.194979e+01,2.354720e+02,9.954720e+02,3.600000e+03,1.600000e+00,0.000000e+00
2.082000e+01,2.881109e+02,2.499200e+02,-4.149929e+01,1.194979e+01,2.354560e+02,9.954560e+02,3.600000e+03,1.600000e+00,0.000000e+00
2.083000e+01,2.876961e+02,2.500395e+02,-4.147932e+01,1.194979e+01,2.354400e+02,9.954400e+02,3.600000e+03,1.600000e+00,0.000000e+00
2.084000e+01,2.872815e+02,2.501590e+02,-4.145936e+01,1.194979e+01,2.354240e+02,9.954240e+02,3.600000e+03,1.600000e+00,0.000000e+00
2.085000e+01,2.868671e+02,2.502785e+02,-4.143939e+01,1.194979e+01,2.354080e+02,9.954080e+02,3.600000e+03,1.600000e+00,0.000000e+00
2.086000e+01,2.864528e+02,2.503980e+02,-4.141942e+01,1.194979e+01,2.353920e+02,9.953920e+02,3.600000e+03,1.600000e+00,0.000000e+00
2.087000e+01,2.860388e+02,2.505175e+02,-4.139946e+01,1.194979e+01,2.353760e+02,9.953760e+02,3.600000e+03,1.600000e+00,0.000000e+00
2.088000e+01,2.856250e+02,2.506370e+02,-4.137949e+01,1.194979e+01,2.353600e+02,9.953600e+02,3.600000e+03,1.600000e+00,0.000000e+00
2.089000e+01,2.852114e+02,2.507565e+02,-4.135952e+01,1.194979e+01,2.353440e+02,9.953440e+02,3.600000e+03,1.600000e+00,0.000000e+00
2.090000e+01,2.847979e+02,2.508760e+02,-4.133955e+01,1.194979e+01,2.353280e+02,9.953280e+02,3.600000e+03,1.600000e+00,0.000000e+00
2.091000e+01,2.843847e+02,2.509955e+02,-4.131958e+01,1.194979e+01,2.353120e+02,9.953120e+02,3.600000e+03,1.600000e+00,0.000000e+00
2.092000e+01,2.839716e+02,2.511150e+02,-4.129961e+01,1.194979e+01,2.352960e+02,9.952960e+02,3.600000e+03,1.600000e+00,0.000000e+00
2.093000e+01,2.835588e+02,2.512344e+02,-4.127964e+01,1.194979e+01,2.352800e+02,9.952800e+02,3.600000e+03,1.600000e+00,0.000000e+00
2.094000e+01,2.831462e+02,2.513539e+02,-4.125967e+01,1.194979e+01,2.352640e+02,9.952640e+02,3.600000e+03,1.600000e+00,0.000000e+00
2.095000e+01,2.827338e+02,2.514734e+02,-4.123970e+01,1.194979e+01,2.352480e+02,9.952480e+02,3.600000e+03,1.600000e+00,0.000000e+00
2.096000e+01,2.823215e+02,2.515929e+02,-4.121973e+01,1.194979e+01,2.352320e+02,9.952320e+02,3.600000e+03,1.600000e+00,0.000000e+00
2.097000e+01,2.819095e+02,2.517124e+02,-4.119975e+01,1.194979e+01,2.352160e+02,9.952160e+02,3.600000e+03,1.600000e+00,0.000000e+00
2.098000e+01,2.814977e+02,2.518319e+02,-4.117978e+01,1.194979e+01,2.352000e+02,9.952000e+02,3.600000e+03,1.600000e+00,0.000000e+00
2.099000e+01,2.810861e+02,2.519514e+02,-4.115980e+01,1.194979e+01,2.351840e+02,9.951840e+02,3.600000e+03,1.600000e+00,0.000000e+00
2.100000e+01,2.806746e+02,2.520709e+02,-4.113983e+01,1.194979e+01,2.351680e+02,9.951680e+02,3.600000e+03,1.600000e+00,0.000000e+00
2.101000e+01,2.802634e+02,2.521904e+02,-4.111985e+01,1.194979e+01,2.351520e+02,9.951520e+02,3.600000e+03,1.600000e+00,0.000000e+00
2.102000e+01,2.798523e+02,2.523099e+02,-4.109988e+01,1.194979e+01,2.351360e+02,9.951360e+02,3.600000e+03,1.600000e+00,0.000000e+00
2.103000e+01,2.794415e+02,2.524294e+02,-4.107990e+01,1.194979e+01,2.351200e+02,9.951200e+02,3.600000e+03,1.600000e+00,0.000000e+00
2.104000e+01,2.790309e+02,2.525489e+02,-4.105993e+01,1.194979e+01,2.351040e+02,9.951040e+02,3.600000e+03,1.600000e+00,0.000000e+00
2.105000e+01,2.786205e+02,2.526684e+02,-4.103995e+01,1.194979e+01,2.350880e+02,9.950880e+02,3.600000e+03,1.600000e+00,0.000000e+00
2.106000e+01,2.782102e+02,2.527879e+02,-4.101997e+01,1.194979e+01,2.350720e+02,9.950720e+02,3.600000e+03,1.600000e+00,0.000000e+00
2.107000e+01,2.778002e+02,2.529074e+02,-4.099999e+01,1.194979e+01,2.350560e+02,9.950560e+02,3.600000e+03,1.600000e+00,0.000000e+00
2.108000e+01,2.773903e+02,2.530269e+02,-4.098001e+01,1.194979e+01,2.350400e+02,9.950400e+02,3.600000e+03,1.600000e+00,0.000000e+00
2.109000e+01,2.769807e+02,2.531464e+02,-4.096003e+01,1.194979e+01,2.350240e+02,9.950240e+02,3.600000e+03,1.600000e+00,0.000000e+00
2.110000e+01,2.765713e+02,2.532659e+02,-4.094005e+01,1.194979e+01,2.350080e+02,9.950080e+02,3.600000e+03,1.600000e+00,0.000000e+00
2.111000e+01,2.761621e+02,2.533854e+02,-4.092007e+01,1.194979e+01,2.349920e+02,9.949920e+02,3.600000e+03,1.600000e+00,0.000000e+00
2.112000e+01,2.757530e+02,2.535049e+02,-4.090009e+01,1.194979e+01,2.349760e+02,9.949760e+02,3.600000e+03,1.600000e+00,0.000000e+00
2.113000e+01,2.753442e+02,2.536244e+02,-4.088011e+01,1.194979e+01,2.349600e+02,9.949600e+02,3.600000e+03,1.600000e+00,0.000000e+00
2.114000e+01,2.749355e+02,2.537439e+02,-4.086012e+01,1.194979e+01,2.349440e+02,9.949440e+02,3.600000e+03,1.600000e+00,0.000000e+00
2.115000e+01,2.745271e+02,2.538634e+02,-4.084014e+01,1.194979e+01,2.349280e+02,9.949280e+02,3.600000e+03,1.600000e+00,0.000000e+00
2.116000e+01,2.741189e+02,2.539829e+02,-4.082016e+01,1.194979e+01,2.349120e+02,9.949120e+02,3.600000e+03,1.600000e+00,0.000000e+00
2.117000e+01,2.737109e+02,2.541024e+02,-4.080017e+01,1.194979e+01,2.348960e+02,9.948960e+02,3.600000e+03,1.600000e+00,0.000000e+00
2.118000e+01,2.733030e+02,2.542219e+02,-4.078019e+01,1.194979e+01,2.348800e+02,9.948800e+02,3.600000e+03,1.600000e+00,0.000000e+00
2.119000e+01,2.728954e+02,2.543414e+02,-4.076020e+01,1.194979e+01,2.348640e+02,9.948640e+02,3.600000e+03,1.600000e+00,0.000000e+00
2.120000e+01,2.724879e+02,2.544609e+02,-4.074021e+01,1.194979e+01,2.348480e+02,9.948480e+02,3.600000e+03,1.600000e+00,0.000000e+00
2.121000e+01,2.720807e+02,2.545804e+02,-4.072023e+01,1.194979e+01,2.348320e+02,9.948320e+02,3.600000e+03,1.600000e+00,0.000000e+00
2.122000e+01,2.716736e+02,2.546999e+02,-4.070024e+01,1.194979e+01,2.348160e+02,9.948160e+02,3.600000e+03,1.600000e+00,0.000000e+00
2.123000e+01,2.712668e+02,2.548194e+02,-4.068025e+01,1.194979e+01,2.348000e+02,9.948000e+02,3.600000e+03,1.600000e+00,0.000000e+00
2.124000e+01,2.708602e+02,2.549389e+02,-4.066026e+01,1.194979e+01,2.347840e+02,9.947840e+02,3.600000e+03,1.600000e+00,0.000000e+00
2.125000e+01,2.704538e+02,2.550584e+02,-4.064027e+01,1.194979e+01,2.347680e+02,9.947680e+02,3.600000e+03,1.600000e+00,0.000000e+00
2.126000e+01,2.700475e+02,2.551779e+02,-4.062028e+01,1.194979e+01,2.347520e+02,9.947520e+02,3.600000e+03,1.600000e+00,0.000000e+00
2.127000e+01,2.696415e+02,2.552974e+02,-4.060029e+01,1.194979e+01,2.347360e+02,9.947360e+02,3.600000e+03,1.600000e+00,0.000000e+00
2.128000e+01,2.692356e+02,2.554169e+02,-4.058030e+01,1.194979e+01,2.347200e+02,9.947200e+02,3.600000e+03,1.600000e+00,0.000000e+00
2.129000e+01,2.688300e+02,2.555364e+02,-4.056031e+01,1.194979e+01,2.347040e+02,9.947040e+02,3.600000e+03,1.600000e+00,0.000000e+00
2.130000e+01,2.684246e+02,2.556559e+02,-4.054032e+01,1.194979e+01,2.346880e+02,9.946880e+02,3.600000e+03,1.600000e+00,0.000000e+00
2.131000e+01,2.680194e+02,2.557754e+02,-4.052033e+01,1.194979e+01,2.346720e+02,9.946720e+02,3.600000e+03,1.600000e+00,0.000000e+00
2.132000e+01,2.676143e+02,2.558949e+02,-4.050033e+01,1.194979e+01,2.346560e+02,9.946560e+02,3.600000e+03,1.600000e+00,0.000000e+00
2.133000e+01,2.672095e+02,2.560144e+02,-4.048034e+01,1.194979e+01,2.346400e+02,9.946400e+02,3.600000e+03,1.600000e+00,0.000000e+00
2.134000e+01,2.668048e+02,2.561339e+02,-4.046034e+01,1.194979e+01,2.346240e+02,9.946240e+02,3.600000e+03,1.600000e+00,0.000000e+00
2.135000e+01,2.664004e+02,2.562534e+02,-4.044035e+01,1.194979e+01,2.346080e+02,9.946080e+02,3.600000e+03,1.600000e+00,0.000000e+00
2.136000e+01,2.659961e+02,2.563729e+02,-4.042035e+01,1.194979e+01,2.345920e+02,9.945920e+02,3.600000e+03,1.600000e+00,0.000000e+00
2.137000e+01,2.655921e+02,2.564924e+02,-4.040036e+01,1.194979e+01,2.345760e+02,9.945760e+02,3.600000e+03,1.600000e+00,0.000000e+00
2.138000e+01,2.651883e+02,2.566119e+02,-4.038036e+01,1.194979e+01,2.345600e+02,9.945600e+02,3.600000e+03,1.600000e+00,0.000000e+00
2.139000e+01,2.647847e+02,2.567314e+02,-4.036036e+01,1.194979e+01,2.345440e+02,9.945440e+02,3.600000e+03,1.600000e+00,0.000000e+00
2.140000e+01,2.643812e+02,2.568508e+02,-4.034036e+01,1.194979e+01,2.345280e+02,9.945280e+02,3.600000e+03,1.600000e+00,0.000000e+00
2.141000e+01,2.639780e+02,2.569703e+02,-4.032037e+01,1.194979e+01,2.345120e+02,9.945120e+02,3.600000e+03,1.600000e+00,0.000000e+00
2.142000e+01,2.635749e+02,2.570898e+02,-4.030037e+01,1.194979e+01,2.344960e+02,9.944960e+02,3.600000e+03,1.600000e+00,0.000000e+00
2.143000e+01,2.631721e+02,2.572093e+02,-4.028037e+01,1.194979e+01,2.344800e+02,9.944800e+02,3.600000e+03,1.600000e+00,0.000000e+00
2.144000e+01,2.627694e+02,2.573288e+02,-4.026037e+01,1.194979e+01,2.344640e+02,9.944640e+02,3.600000e+03,1.600000e+00,0.000000e+00
2.145000e+01,2.623670e+02,2.574483e+02,-4.024037e+01,1.194979e+01,2.344480e+02,9.944480e+02,3.600000e+03,1.600000e+00,0.000000e+00
2.146000e+01,2.619648e+02,2.575678e+02,-4.022036e+01,1.194979e+01,2.344320e+02,9.944320e+02,3.600000e+03,1.600000e+00,0.000000e+00
2.147000e+01,2.615628e+02,2.576873e+02,-4.020036e+01,1.194979e+01,2.344160e+02,9.944160e+02,3.600000e+03,1.600000e+00,0.000000e+00
2.148000e+01,2.611609e+02,2.578068e+02,-4.018036e+01,1.194979e+01,2.344000e+02,9.944000e+02,3.600000e+03,1.600000e+00,0.000000e+00
2.149000e+01,2.607593e+02,2.579263e+02,-4.016036e+01,1.194979e+01,2.343840e+02,9.943840e+02,3.600000e+03,1.600000e+00,0.000000e+00
2.150000e+01,2.603578e+02,2.580458e+02,-4.014035e+01,1.194979e+01,2.343680e+02,9.943680e+02,3.600000e+03,1.600000e+00,0.000000e+00
2.151000e+01,2.599566e+02,2.581653e+02,-4.012035e+01,1.194979e+01,2.343520e+02,9.943520e+02,3.600000e+03,1.600000e+00,0.000000e+00
2.152000e+01,2.595555e+02,2.582848e+02,-4.010034e+01,1.194979e+01,2.343360e+02,9.943360e+02,3.600000e+03,1.600000e+00,0.000000e+00
2.153000e+01,2.591547e+02,2.584043e+02,-4.008034e+01,1.194979e+01,2.343200e+02,9.943200e+02,3.600000e+03,1.600000e+00,0.000000e+00
2.154000e+01,2.587541e+02,2.585238e+02,-4.006033e+01,1.194979e+01,2.343040e+02,9.943040e+02,3.600000e+03,1.600000e+00,0.000000e+00
2.155000e+01,2.583537e+02,2.586433e+02,-4.004033e+01,1.194979e+01,2.342880e+02,9.942880e+02,3.600000e+03,1.600000e+00,0.000000e+00
2.156000e+01,2.579534e+02,2.587628e+02,-4.002032e+01,1.194979e+01,2.342720e+02,9.942720e+02,3.600000e+03,1.600000e+00,0.000000e+00
2.157000e+01,2.575534e+02,2.588823e+02,-4.000031e+01,1.194979e+01,2.342560e+02,9.942560e+02,3.600000e+03,1.600000e+00,0.000000e+00
2.158000e+01,2.571535e+02,2.590018e+02,-3.998030e+01,1.194979e+01,2.342400e+02,9.942400e+02,3.600000e+03,1.600000e+00,0.000000e+00
2.159000e+01,2.567539e+02,2.591213e+02,-3.996029e+01,1.194979e+01,2.342240e+02,9.942240e+02,3.600000e+03,1.600000e+00,0.000000e+00
2.160000e+01,2.563545e+02,2.592408e+02,-3.994028e+01,1.194979e+01,2.342080e+02,9.942080e+02,3.600000e+03,1.600000e+00,0.000000e+00
2.161000e+01,2.559553e+02,2.593603e+02,-3.992027e+01,1.194979e+01,2.341920e+02,9.941920e+02,3.600000e+03,1.600000e+00,0.000000e+00
2.162000e+01,2.555562e+02,2.594798e+02,-3.990026e+01,1.194979e+01,2.341760e+02,9.941760e+02,3.600000e+03,1.600000e+00,0.000000e+00
2.163000e+01,2.551574e+02,2.595993e+02,-3.988025e+01,1.194979e+01,2.341600e+02,9.941600e+02,3.600000e+03,1.600000e+00,0.000000e+00
2.164000e+01,2.547587e+02,2.597188e+02,-3.986024e+01,1.194979e+01,2.341440e+02,9.941440e+02,3.600000e+03,1.600000e+00,0.000000e+00
2.165000e+01,2.543603e+02,2.598383e+02,-3.984023e+01,1.194979e+01,2.341280e+02,9.941280e+02,3.600000e+03,1.600000e+00,0.000000e+00
2.166000e+01,2.539620e+02,2.599578e+02,-3.982021e+01,1.194979e+01,2.341120e+02,9.941120e+02,3.600000e+03,1.600000e+00,0.000000e+00
2.167000e+01,2.535640e+02,2.600773e+02,-3.980020e+01,1.194979e+01,2.340960e+02,9.940960e+02,3.600000e+03,1.600000e+00,0.000000e+00
2.168000e+01,2.531662e+02,2.601968e+02,-3.978019e+01,1.194979e+01,2.340800e+02,9.940800e+02,3.600000e+03,1.600000e+00,0.000000e+00
2.169000e+01,2.527686e+02,2.603163e+02,-3.976017e+01,1.194979e+01,2.340640e+02,9.940640e+02,3.600000e+03,1.600000e+00,0.000000e+00
2.170000e+01,2.523711e+02,2.604358e+02,-3.974015e+01,1.194979e+01,2.340480e+02,9.940480e+02,3.600000e+03,1.600000e+00,0.000000e+00
2.171000e+01,2.519739e+02,2.605553e+02,-3.972014e+01,1.194979e+01,2.340320e+02,9.940320e+02,3.600000e+03,1.600000e+00,0.000000e+00
2.172000e+01,2.515768e+02,2.606748e+02,-3.970012e+01,1.194979e+01,2.340160e+02,9.940160e+02,3.600000e+03,1.600000e+00,0.000000e+00
2.173000e+01,2.511800e+02,2.607943e+02,-3.968010e+01,1.194979e+01,2.340000e+02,9.940000e+02,3.600000e+03,1.600000e+00,0.000000e+00
2.174000e+01,2.507834e+02,2.609138e+02,-3.966009e+01,1.194979e+01,2.339840e+02,9.939840e+02,3.600000e+03,1.600000e+00,0.000000e+00
2.175000e+01,2.503870e+02,2.610333e+02,-3.964007e+01,1.194979e+01,2.339680e+02,9.939680e+02,3.600000e+03,1.600000e+00,0.000000e+00
2.176000e+01,2.499907e+02,2.611528e+02,-3.962005e+01,1.194979e+01,2.339520e+02,9.939520e+02,3.600000e+03,1.600000e+00,0.000000e+00
2.177000e+01,2.495947e+02,2.612723e+02,-3.960003e+01,1.194979e+01,2.339360e+02,9.939360e+02,3.600000e+03,1.600000e+00,0.000000e+00
2.178000e+01,2.491988e+02,2.613918e+02,-3.958001e+01,1.194979e+01,2.339200e+02,9.939200e+02,3.600000e+03,1.600000e+00,0.000000e+00
2.179000e+01,2.488032e+02,2.615113e+02,-3.955999e+01,1.194979e+01,2.339040e+02,9.939040e+02,3.600000e+03,1.600000e+00,0.000000e+00
2.180000e+01,2.484078e+02,2.616308e+02,-3.953997e+01,1.194979e+01,2.338880e+02,9.938880e+02,3.600000e+03,1.600000e+00,0.000000e+00
2.181000e+01,2.480126e+02,2.617503e+02,-3.951995e+01,1.194979e+01,2.338720e+02,9.938720e+02,3.600000e+03,1.600000e+00,0.000000e+00
2.182000e+01,2.476175e+02,2.618698e+02,-3.949992e+01,1.194979e+01,2.338560e+02,9.938560e+02,3.600000e+03,1.600000e+00,0.000000e+00
2.183000e+01,2.472227e+02,2.619893e+02,-3.947990e+01,1.194979e+01,2.338400e+02,9.938400e+02,3.600000e+03,1.600000e+00,0.000000e+00
2.184000e+01,2.468280e+02,2.621088e+02,-3.945988e+01,1.194979e+01,2.338240e+02,9.938240e+02,3.600000e+03,1.600000e+00,0.000000e+00
2.185000e+01,2.464336e+02,2.622283e+02,-3.943985e+01,1.194979e+01,2.338080e+02,9.938080e+02,3.600000e+03,1.600000e+00,0.000000e+00
2.186000e+01,2.460394e+02,2.623478e+02,-3.941983e+01,1.194979e+01,2.337920e+02,9.937920e+02,3.600000e+03,1.600000e+00,0.000000e+00
2.187000e+01,2.456454e+02,2.624672e+02,-3.939980e+01,1.194979e+01,2.337760e+02,9.937760e+02,3.600000e+03,1.600000e+00,0.000000e+00
2.188000e+01,2.452515e+02,2.625867e+02,-3.937978e+01,1.194979e+01,2.337600e+02,9.937600e+02,3.600000e+03,1.600000e+00,0.000000e+00
2.189000e+01,2.448579e+02,2.627062e+02,-3.935975e+01,1.194979e+01,2.337440e+02,9.937440e+02,3.600000e+03,1.600000e+00,0.000000e+00
2.190000e+01,2.444644e+02,2.628257e+02,-3.933972e+01,1.194979e+01,2.337280e+02,9.937280e+02,3.600000e+03,1.600000e+00,0.000000e+00
2.191000e+01,2.440712e+02,2.629452e+02,-3.931970e+01,1.194979e+01,2.337120e+02,9.937120e+02,3.600000e+03,1.600000e+00,0.000000e+00
2.192000e+01,2.436782e+02,2.630647e+02,-3.929967e+01,1.194979e+01,2.336960e+02,9.936960e+02,3.600000e+03,1.600000e+00,0.000000e+00
2.193000e+01,2.432854e+02,2.631842e+02,-3.927964e+01,1.194979e+01,2.336800e+02,9.936800e+02,3.600000e+03,1.600000e+00,0.000000e+00
2.194000e+01,2.428927e+02,2.633037e+02,-3.925961e+01,1.194979e+01,2.336640e+02,9.936640e+02,3.600000e+03,1.600000e+00,0.000000e+00
2.195000e+01,2.425003e+02,2.634232e+02,-3.923958e+01,1.194979e+01,2.336480e+02,9.936480e+02,3.600000e+03,1.600000e+00,0.000000e+00
2.196000e+01,2.421081e+02,2.635427e+02,-3.921955e+01,1.194979e+01,2.336320e+02,9.936320e+02,3.600000e+03,1.600000e+00,0.000000e+00
2.197000e+01,2.417161e+02,2.636622e+02,-3.919952e+01,1.194979e+01,2.336160e+02,9.936160e+02,3.600000e+03,1.600000e+00,0.000000e+00
2.198000e+01,2.413242e+02,2.637817e+02,-3.917949e+01,1.194979e+01,2.336000e+02,9.936000e+02,3.600000e+03,1.600000e+00,0.000000e+00
2.199000e+01,2.409326e+02,2.639012e+02,-3.915945e+01,1.194979e+01,2.335840e+02,9.935840e+02,3.600000e+03,1.600000e+00,0.000000e+00
2.200000e+01,2.405412e+02,2.640207e+02,-3.913942e+01,1.194979e+01,2.335680e+02,9.935680e+02,3.600000e+03,1.600000e+00,0.000000e+00
2.201000e+01,2.401500e+02,2.641402e+02,-3.911939e+01,1.194979e+01,2.335520e+02,9.935520e+02,3.600000e+03,1.600000e+00,0.000000e+00
2.202000e+01,2.397589e+02,2.642597e+02,-3.909935e+01,1.194979e+01,2.335360e+02,9.935360e+02,3.600000e+03,1.600000e+00,0.000000e+00
2.203000e+01,2.393681e+02,2.643792e+02,-3.907932e+01,1.194979e+01,2.335200e+02,9.935200e+02,3.600000e+03,1.600000e+00,0.000000e+00
2.204000e+01,2.389774e+02,2.644987e+02,-3.905928e+01,1.194979e+01,2.335040e+02,9.935040e+02,3.600000e+03,1.600000e+00,0.000000e+00
2.205000e+01,2.385871e+02,2.646182e+02,-3.903925e+01,1.194979e+01,2.334880e+02,9.934880e+02,3.600000e+03,1.600000e+00,0.000000e+00
2.206000e+01,2.381968e+02,2.647377e+02,-3.901921e+01,1.194979e+01,2.334720e+02,9.934720e+02,3.600000e+03,1.600000e+00,0.000000e+00
2.207000e+01,2.378068e+02,2.648572e+02,-3.899917e+01,1.194979e+01,2.334560e+02,9.934560e+02,3.600000e+03,1.600000e+00,0.000000e+00
2.208000e+01,2.374169e+02,2.649767e+02,-3.897914e+01,1.194979e+01,2.334400e+02,9.934400e+02,3.600000e+03,1.600000e+00,0.000000e+00
2.209000e+01,2.370274e+02,2.650962e+02,-3.895910e+01,1.194979e+01,2.334240e+02,9.934240e+02,3.600000e+03,1.600000e+00,0.000000e+00
2.210000e+01,2.366379e+02,2.652157e+02,-3.893906e+01,1.194979e+01,2.334080e+02,9.934080e+02,3.600000e+03,1.600000e+00,0.000000e+00
2.211000e+01,2.362487e+02,2.653352e+02,-3.891902e+01,1.194979e+01,2.333920e+02,9.933920e+02,3.600000e+03,1.600000e+00,0.000000e+00
2.212000e+01,2.358597e+02,2.654547e+02,-3.889898e+01,1.194979e+01,2.333760e+02,9.933760e+02,3.600000e+03,1.600000e+00,0.000000e+00
2.213000e+01,2.354709e+02,2.655742e+02,-3.887894e+01,1.194979e+01,2.333600e+02,9.933600e+02,3.600000e+03,1.600000e+00,0.000000e+00
2.214000e+01,2.350822e+02,2.656937e+02,-3.885890e+01,1.194979e+01,2.333440e+02,9.933440e+02,3.600000e+03,1.600000e+00,0.000000e+00
2.215000e+01,2.346938e+02,2.658132e+02,-3.883886e+01,1.194979e+01,2.333280e+02,9.933280e+02,3.600000e+03,1.600000e+00,0.000000e+00
2.216000e+01,2.343056e+02,2.659327e+02,-3.881881e+01,1.194979e+01,2.333120e+02,9.933120e+02,3.600000e+03,1.600000e+00,0.000000e+00
2.217000e+01,2.339176e+02,2.660522e+02,-3.879877e+01,1.194979e+01,2.332960e+02,9.932960e+02,3.600000e+03,1.600000e+00,0.000000e+00
2.218000e+01,2.335297e+02,2.661717e+02,-3.877873e+01,1.194979e+01,2.332800e+02,9.932800e+02,3.600000e+03,1.600000e+00,0.000000e+00
2.219000e+01,2.331421e+02,2.662912e+02,-3.875868e+01,1.194979e+01,2.332640e+02,9.932640e+02,3.600000e+03,1.600000e+00,0.000000e+00
2.220000e+01,2.327547e+02,2.664107e+02,-3.873864e+01,1.194979e+01,2.332480e+02,9.932480e+02,3.600000e+03,1.600000e+00,0.000000e+00
2.221000e+01,2.323675e+02,2.665302e+02,-3.871859e+01,1.194979e+01,2.332320e+02,9.932320e+02,3.600000e+03,1.600000e+00,0.000000e+00
2.222000e+01,2.319804e+02,2.666497e+02,-3.869855e+01,1.194979e+01,2.332160e+02,9.932160e+02,3.600000e+03,1.600000e+00,0.000000e+00
2.223000e+01,2.315937e+02,2.667692e+02,-3.867850e+01,1.194979e+01,2.332000e+02,9.932000e+02,3.600000e+03,1.600000e+00,0.000000e+00
2.224000e+01,2.312070e+02,2.668887e+02,-3.865845e+01,1.194979e+01,2.331840e+02,9.931840e+02,3.600000e+03,1.600000e+00,0.000000e+00
2.225000e+01,2.308206e+02,2.670082e+02,-3.863841e+01,1.194979e+01,2.331680e+02,9.931680e+02,3.600000e+03,1.600000e+00,0.000000e+00
2.226000e+01,2.304344e+02,2.671277e+02,-3.861836e+01,1.194979e+01,2.331520e+02,9.931520e+02,3.600000e+03,1.600000e+00,0.000000e+00
2.227000e+01,2.300484e+02,2.672472e+02,-3.859831e+01,1.194979e+01,2.331360e+02,9.931360e+02,3.600000e+03,1.600000e+00,0.000000e+00
2.228000e+01,2.296625e+02,2.673667e+02,-3.857826e+01,1.194979e+01,2.331200e+02,9.931200e+02,3.600000e+03,1.600000e+00,0.000000e+00
2.229000e+01,2.292770e+02,2.674862e+02,-3.855821e+01,1.194979e+01,2.331040e+02,9.931040e+02,3.600000e+03,1.600000e+00,0.000000e+00
2.230000e+01,2.288915e+02,2.676057e+02,-3.853816e+01,1.194979e+01,2.330880e+02,9.930880e+02,3.600000e+03,1.600000e+00,0.000000e+00
2.231000e+01,2.285063e+02,2.677252e+02,-3.851811e+01,1.194979e+01,2.330720e+02,9.930720e+02,3.600000e+03,1.600000e+00,0.000000e+00
2.232000e+01,2.281213e+02,2.678447e+02,-3.849806e+01,1.194979e+01,2.330560e+02,9.930560e+02,3.600000e+03,1.600000e+00,0.000000e+00
2.233000e+01,2.277365e+02,2.679642e+02,-3.847800e+01,1.194979e+01,2.330400e+02,9.930400e+02,3.600000e+03,1.600000e+00,0.000000e+00
2.234000e+01,2.273519e+02,2.680836e+02,-3.845795e+01,1.194979e+01,2.330240e+02,9.930240e+02,3.600000e+03,1.600000e+00,0.000000e+00
2.235000e+01,2.269675e+02,2.682031e+02,-3.843790e+01,1.194979e+01,2.330080e+02,9.930080e+02,3.600000e+03,1.600000e+00,0.000000e+00
2.236000e+01,2.265832e+02,2.683226e+02,-3.841784e+01,1.194979e+01,2.329920e+02,9.929920e+02,3.600000e+03,1.600000e+00,0.000000e+00
2.237000e+01,2.261993e+02,2.684421e+02,-3.839779e+01,1.194979e+01,2.329760e+02,9.929760e+02,3.600000e+03,1.600000e+00,0.000000e+00
2.238000e+01,2.258154e+02,2.685616e+02,-3.837774e+01,1.194979e+01,2.329600e+02,9.929600e+02,3.600000e+03,1.600000e+00,0.000000e+00
2.239000e+01,2.254318e+02,2.686811e+02,-3.835768e+01,1.194979e+01,2.329440e+02,9.929440e+02,3.600000e+03,1.600000e+00,0.000000e+00
2.240000e+01,2.250484e+02,2.688006e+02,-3.833762e+01,1.194979e+01,2.329280e+02,9.929280e+02,3.600000e+03,1.600000e+00,0.000000e+00
2.241000e+01,2.246652e+02,2.689201e+02,-3.831757e+01,1.194979e+01,2.329120e+02,9.929120e+02,3.600000e+03,1.600000e+00,0.000000e+00
2.242000e+01,2.242822e+02,2.690396e+02,-3.829751e+01,1.194979e+01,2.328960e+02,9.928960e+02,3.600000e+03,1.600000e+00,0.000000e+00
2.243000e+01,2.238994e+02,2.691591e+02,-3.827745e+01,1.194979e+01,2.328800e+02,9.928800e+02,3.600000e+03,1.600000e+00,0.000000e+00
2.244000e+01,2.235168e+02,2.692786e+02,-3.825739e+01,1.194979e+01,2.328640e+02,9.928640e+02,3.600000e+03,1.600000e+00,0.000000e+00
2.245000e+01,2.231344e+02,2.693981e+02,-3.823733e+01,1.194979e+01,2.328480e+02,9.928480e+02,3.600000e+03,1.600000e+00,0.000000e+00
2.246000e+01,2.227521e+02,2.695176e+02,-3.821727e+01,1.194979e+01,2.328320e+02,9.928320e+02,3.600000e+03,1.600000e+00,0.000000e+00
2.247000e+01,2.223702e+02,2.696371e+02,-3.819721e+01,1.194979e+01,2.328160e+02,9.928160e+02,3.600000e+03,1.600000e+00,0.000000e+00
2.248000e+01,2.219883e+02,2.697566e+02,-3.817715e+01,1.194979e+01,2.328000e+02,9.928000e+02,3.600000e+03,1.600000e+00,0.000000e+00
2.249000e+01,2.216068e+02,2.698761e+02,-3.815709e+01,1.194979e+01,2.327840e+02,9.927840e+02,3.600000e+03,1.600000e+00,0.000000e+00
2.250000e+01,2.212253e+02,2.699956e+02,-3.813703e+01,1.194979e+01,2.327680e+02,9.927680e+02,3.600000e+03,1.600000e+00,0.000000e+00
2.251000e+01,2.208442e+02,2.701151e+02,-3.811697e+01,1.194979e+01,2.327520e+02,9.927520e+02,3.600000e+03,1.600000e+00,0.000000e+00
2.252000e+01,2.204631e+02,2.702346e+02,-3.809690e+01,1.194979e+01,2.327360e+02,9.927360e+02,3.600000e+03,1.600000e+00,0.000000e+00
2.253000e+01,2.200823e+02,2.703541e+02,-3.807684e+01,1.194979e+01,2.327200e+02,9.927200e+02,3.600000e+03,1.600000e+00,0.000000e+00
2.254000e+01,2.197017e+02,2.704736e+02,-3.805677e+01,1.194979e+01,2.327040e+02,9.927040e+02,3.600000e+03,1.600000e+00,0.000000e+00
2.255000e+01,2.193213e+02,2.705931e+02,-3.803671e+01,1.194979e+01,2.326880e+02,9.926880e+02,3.600000e+03,1.600000e+00,0.000000e+00
2.256000e+01,2.189411e+02,2.707126e+02,-3.801664e+01,1.194979e+01,2.326720e+02,9.926720e+02,3.600000e+03,1.600000e+00,0.000000e+00
2.257000e+01,2.185611e+02,2.708321e+02,-3.799658e+01,1.194979e+01,2.326560e+02,9.926560e+02,3.600000e+03,1.600000e+00,0.000000e+00
2.258000e+01,2.181813e+02,2.709516e+02,-3.797651e+01,1.194979e+01,2.326400e+02,9.926400e+02,3.600000e+03,1.600000e+00,0.000000e+00
2.259000e+01,2.178018e+02,2.710711e+02,-3.795644e+01,1.194979e+01,2.326240e+02,9.926240e+02,3.600000e+03,1.600000e+00,0.000000e+00
2.260000e+01,2.174223e+02,2.711906e+02,-3.793637e+01,1.194979e+01,2.326080e+02,9.926080e+02,3.600000e+03,1.600000e+00,0.000000e+00
2.261000e+01,2.170432e+02,2.713101e+02,-3.791631e+01,1.194979e+01,2.325920e+02,9.925920e+02,3.600000e+03,1.600000e+00,0.000000e+00
2.262000e+01,2.166641e+02,2.714296e+02,-3.789624e+01,1.194979e+01,2.325760e+02,9.925760e+02,3.600000e+03,1.600000e+00,0.000000e+00
2.263000e+01,2.162854e+02,2.715491e+02,-3.787617e+01,1.194979e+01,2.325600e+02,9.925600e+02,3.600000e+03,1.600000e+00,0.000000e+00
2.264000e+01,2.159067e+02,2.716686e+02,-3.785610e+01,1.194979e+01,2.325440e+02,9.925440e+02,3.600000e+03,1.600000e+00,0.000000e+00
2.265000e+01,2.155284e+02,2.717881e+02,-3.783603e+01,1.194979e+01,2.325280e+02,9.925280e+02,3.600000e+03,1.600000e+00,0.000000e+00
2.266000e+01,2.151502e+02,2.719076e+02,-3.781595e+01,1.194979e+01,2.325120e+02,9.925120e+02,3.600000e+03,1.600000e+00,0.000000e+00
2.267000e+01,2.147722e+02,2.720271e+02,-3.779588e+01,1.194979e+01,2.324960e+02,9.924960e+02,3.600000e+03,1.600000e+00,0.000000e+00
2.268000e+01,2.143944e+02,2.721466e+02,-3.777581e+01,1.194979e+01,2.324800e+02,9.924800e+02,3.600000e+03,1.600000e+00,0.000000e+00
2.269000e+01,2.140168e+02,2.722661e+02,-3.775574e+01,1.194979e+01,2.324640e+02,9.924640e+02,3.600000e+03,1.600000e+00,0.000000e+00
2.270000e+01,2.136394e+02,2.723856e+02,-3.773566e+01,1.194979e+01,2.324480e+02,9.924480e+02,3.600000e+03,1.600000e+00,0.000000e+00
2.271000e+01,2.132622e+02,2.725051e+02,-3.771559e+01,1.194979e+01,2.324320e+02,9.924320e+02,3.600000e+03,1.600000e+00,0.000000e+00
2.272000e+01,2.128852e+02,2.726246e+02,-3.769551e+01,1.194979e+01,2.324160e+02,9.924160e+02,3.600000e+03,1.600000e+00,0.000000e+00
2.273000e+01,2.125085e+02,2.727441e+02,-3.767544e+01,1.194979e+01,2.324000e+02,9.924000e+02,3.600000e+03,1.600000e+00,0.000000e+00
2.274000e+01,2.121318e+02,2.728636e+02,-3.765536e+01,1.194979e+01,2.323840e+02,9.923840e+02,3.600000e+03,1.600000e+00,0.000000e+00
2.275000e+01,2.117555e+02,2.729831e+02,-3.763528e+01,1.194979e+01,2.323680e+02,9.923680e+02,3.600000e+03,1.600000e+00,0.000000e+00
2.276000e+01,2.113793e+02,2.731026e+02,-3.761521e+01,1.194979e+01,2.323520e+02,9.923520e+02,3.600000e+03,1.600000e+00,0.000000e+00
2.277000e+01,2.110033e+02,2.732221e+02,-3.759513e+01,1.194979e+01,2.323360e+02,9.923360e+02,3.600000e+03,1.600000e+00,0.000000e+00
2.278000e+01,2.106275e+02,2.733416e+02,-3.757505e+01,1.194979e+01,2.323200e+02,9.923200e+02,3.600000e+03,1.600000e+00,0.000000e+00
2.279000e+01,2.102519e+02,2.734611e+02,-3.755497e+01,1.194979e+01,2.323040e+02,9.923040e+02,3.600000e+03,1.600000e+00,0.000000e+00
2.280000e+01,2.098765e+02,2.735806e+02,-3.753489e+01,1.194979e+01,2.322880e+02,9.922880e+02,3.600000e+03,1.600000e+00,0.000000e+00
2.281000e+01,2.095014e+02,2.737000e+02,-3.751481e+01,1.194979e+01,2.322720e+02,9.922720e+02,3.600000e+03,1.600000e+00,0.000000e+00
2.282000e+01,2.091264e+02,2.738195e+02,-3.749473e+01,1.194979e+01,2.322560e+02,9.922560e+02,3.600000e+03,1.600000e+00,0.000000e+00
2.283000e+01,2.087516e+02,2.739390e+02,-3.747465e+01,1.194979e+01,2.322400e+02,9.922400e+02,3.600000e+03,1.600000e+00,0.000000e+00
2.284000e+01,2.083770e+02,2.740585e+02,-3.745457e+01,1.194979e+01,2.322240e+02,9.922240e+02,3.600000e+03,1.600000e+00,0.000000e+00
2.285000e+01,2.080027e+02,2.741780e+02,-3.743448e+01,1.194979e+01,2.322080e+02,9.922080e+02,3.600000e+03,1.600000e+00,0.000000e+00
2.286000e+01,2.076285e+02,2.742975e+02,-3.741440e+01,1.194979e+01,2.321920e+02,9.921920e+02,3.600000e+03,1.600000e+00,0.000000e+00
2.287000e+01,2.072545e+02,2.744170e+02,-3.739432e+01,1.194979e+01,2.321760e+02,9.921760e+02,3.600000e+03,1.600000e+00,0.000000e+00
2.288000e+01,2.068807e+02,2.745365e+02,-3.737423e+01,1.194979e+01,2.321600e+02,9.921600e+02,3.600000e+03,1.600000e+00,0.000000e+00
2.289000e+01,2.065072e+02,2.746560e+02,-3.735415e+01,1.194979e+01,2.321440e+02,9.921440e+02,3.600000e+03,1.600000e+00,0.000000e+00
2.290000e+01,2.061338e+02,2.747755e+02,-3.733406e+01,1.194979e+01,2.321280e+02,9.921280e+02,3.600000e+03,1.600000e+00,0.000000e+00
2.291000e+01,2.057606e+02,2.748950e+02,-3.731398e+01,1.194979e+01,2.321120e+02,9.921120e+02,3.600000e+03,1.600000e+00,0.000000e+00
2.292000e+01,2.053876e+02,2.750145e+02,-3.729389e+01,1.194979e+01,2.320960e+02,9.920960e+02,3.600000e+03,1.600000e+00,0.000000e+00
2.293000e+01,2.050149e+02,2.751340e+02,-3.727380e+01,1.194979e+01,2.320800e+02,9.920800e+02,3.600000e+03,1.600000e+00,0.000000e+00
2.294000e+01,2.046423e+02,2.752535e+02,-3.725371e+01,1.194979e+01,2.320640e+02,9.920640e+02,3.600000e+03,1.600000e+00,0.000000e+00
2.295000e+01,2.042699e+02,2.753730e+02,-3.723363e+01,1.194979e+01,2.320480e+02,9.920480e+02,3.600000e+03,1.600000e+00,0.000000e+00
2.296000e+01,2.038977e+02,2.754925e+02,-3.721354e+01,1.194979e+01,2.320320e+02,9.920320e+02,3.600000e+03,1.600000e+00,0.000000e+00
2.297000e+01,2.035258e+02,2.756120e+02,-3.719345e+01,1.194979e+01,2.320160e+02,9.920160e+02,3.600000e+03,1.600000e+00,0.000000e+00
2.298000e+01,2.031540e+02,2.757315e+02,-3.717336e+01,1.194979e+01,2.320000e+02,9.920000e+02,3.600000e+03,1.600000e+00,0.000000e+00
2.299000e+01,2.027825e+02,2.758510e+02,-3.715327e+01,1.194979e+01,2.319840e+02,9.919840e+02,3.600000e+03,1.600000e+00,0.000000e+00
2.300000e+01,2.024111e+02,2.759705e+02,-3.713317e+01,1.194979e+01,2.319680e+02,9.919680e+02,3.600000e+03,1.600000e+00,0.000000e+00
2.301000e+01,2.020399e+02,2.760900e+02,-3.711308e+01,1.194979e+01,2.319520e+02,9.919520e+02,3.600000e+03,1.600000e+00,0.000000e+00
2.302000e+01,2.016689e+02,2.762095e+02,-3.709299e+01,1.194979e+01,2.319360e+02,9.919360e+02,3.600000e+03,1.600000e+00,0.000000e+00
2.303000e+01,2.012982e+02,2.763290e+02,-3.707290e+01,1.194979e+01,2.319200e+02,9.919200e+02,3.600000e+03,1.600000e+00,0.000000e+00
2.304000e+01,2.009276e+02,2.764485e+02,-3.705280e+01,1.194979e+01,2.319040e+02,9.919040e+02,3.600000e+03,1.600000e+00,0.000000e+00
2.305000e+01,2.005573e+02,2.765680e+02,-3.703271e+01,1.194979e+01,2.318880e+02,9.918880e+02,3.600000e+03,1.600000e+00,0.000000e+00
2.306000e+01,2.001871e+02,2.766875e+02,-3.701261e+01,1.194979e+01,2.318720e+02,9.918720e+02,3.600000e+03,1.600000e+00,0.000000e+00
2.307000e+01,1.998172e+02,2.768070e+02,-3.699252e+01,1.194979e+01,2.318560e+02,9.918560e+02,3.600000e+03,1.600000e+00,0.000000e+00
2.308000e+01,1.994474e+02,2.769265e+02,-3.697242e+01,1.194979e+01,2.318400e+02,9.918400e+02,3.600000e+03,1.600000e+00,0.000000e+00
2.309000e+01,1.990778e+02,2.770460e+02,-3.695233e+01,1.194979e+01,2.318240e+02,9.918240e+02,3.600000e+03,1.600000e+00,0.000000e+00
2.310000e+01,1.987085e+02,2.771655e+02,-3.693223e+01,1.194979e+01,2.318080e+02,9.918080e+02,3.600000e+03,1.600000e+00,0.000000e+00
2.311000e+01,1.983393e+02,2.772850e+02,-3.691213e+01,1.194979e+01,2.317920e+02,9.917920e+02,3.600000e+03,1.600000e+00,0.000000e+00
2.312000e+01,1.979703e+02,2.774045e+02,-3.689203e+01,1.194979e+01,2.317760e+02,9.917760e+02,3.600000e+03,1.600000e+00,0.000000e+00
2.313000e+01,1.976016e+02,2.775240e+02,-3.687193e+01,1.194979e+01,2.317600e+02,9.917600e+02,3.600000e+03,1.600000e+00,0.000000e+00
2.314000e+01,1.972330e+02,2.776435e+02,-3.685183e+01,1.194979e+01,2.317440e+02,9.917440e+02,3.600000e+03,1.600000e+00,0.000000e+00
2.315000e+01,1.968647e+02,2.777630e+02,-3.683173e+01,1.194979e+01,2.317280e+02,9.917280e+02,3.600000e+03,1.600000e+00,0.000000e+00
2.316000e+01,1.964965e+02,2.778825e+02,-3.681163e+01,1.194979e+01,2.317120e+02,9.917120e+02,3.600000e+03,1.600000e+00,0.000000e+00
2.317000e+01,1.961286e+02,2.780020e+02,-3.679153e+01,1.194979e+01,2.316960e+02,9.916960e+02,3.600000e+03,1.600000e+00,0.000000e+00
2.318000e+01,1.957608e+02,2.781215e+02,-3.677143e+01,1.194979e+01,2.316800e+02,9.916800e+02,3.600000e+03,1.600000e+00,0.000000e+00
2.319000e+01,1.953933e+02,2.782410e+02,-3.675133e+01,1.194979e+01,2.316640e+02,9.916640e+02,3.600000e+03,1.600000e+00,0.000000e+00
2.320000e+01,1.950260e+02,2.783605e+02,-3.673122e+01,1.194979e+01,2.316480e+02,9.916480e+02,3.600000e+03,1.600000e+00,0.000000e+00
2.321000e+01,1.946588e+02,2.784800e+02,-3.671112e+01,1.194979e+01,2.316320e+02,9.916320e+02,3.600000e+03,1.600000e+00,0.000000e+00
2.322000e+01,1.942919e+02,2.785995e+02,-3.669102e+01,1.194979e+01,2.316160e+02,9.916160e+02,3.600000e+03,1.600000e+00,0.000000e+00
2.323000e+01,1.939252e+02,2.787190e+02,-3.667091e+01,1.194979e+01,2.316000e+02,9.916000e+02,3.600000e+03,1.600000e+00,0.000000e+00
2.324000e+01,1.935586e+02,2.788385e+02,-3.665081e+01,1.194979e+01,2.315840e+02,9.915840e+02,3.600000e+03,1.600000e+00,0.000000e+00
2.325000e+01,1.931923e+02,2.789580e+02,-3.663070e+01,1.194979e+01,2.315680e+02,9.915680e+02,3.600000e+03,1.600000e+00,0.000000e+00
2.326000e+01,1.928261e+02,2.790775e+02,-3.661059e+01,1.194979e+01,2.315520e+02,9.915520e+02,3.600000e+03,1.600000e+00,0.000000e+00
2.327000e+01,1.924602e+02,2.791969e+02,-3.659049e+01,1.194979e+01,2.315360e+02,9.915360e+02,3.600000e+03,1.600000e+00,0.000000e+00
2.328000e+01,1.920944e+02,2.793164e+02,-3.657038e+01,1.194979e+01,2.315200e+02,9.915200e+02,3.600000e+03,1.600000e+00,0.000000e+00
2.329000e+01,1.917289e+02,2.794359e+02,-3.655027e+01,1.194979e+01,2.315040e+02,9.915040e+02,3.600000e+03,1.600000e+00,0.000000e+00
2.330000e+01,1.913636e+02,2.795554e+02,-3.653016e+01,1.194979e+01,2.314880e+02,9.914880e+02,3.600000e+03,1.600000e+00,0.000000e+00
2.331000e+01,1.909985e+02,2.796749e+02,-3.651005e+01,1.194979e+01,2.314720e+02,9.914720e+02,3.600000e+03,1.600000e+00,0.000000e+00
2.332000e+01,1.906335e+02,2.797944e+02,-3.648994e+01,1.194979e+01,2.314560e+02,9.914560e+02,3.600000e+03,1.600000e+00,0.000000e+00
2.333000e+01,1.902688e+02,2.799139e+02,-3.646983e+01,1.194979e+01,2.314400e+02,9.914400e+02,3.600000e+03,1.600000e+00,0.000000e+00
2.334000e+01,1.899042e+02,2.800334e+02,-3.644972e+01,1.194979e+01,2.314240e+02,9.914240e+02,3.600000e+03,1.600000e+00,0.000000e+00
2.335000e+01,1.895399e+02,2.801529e+02,-3.642961e+01,1.194979e+01,2.314080e+02,9.914080e+02,3.600000e+03,1.600000e+00,0.000000e+00
2.336000e+01,1.891758e+02,2.802724e+02,-3.640949e+01,1.194979e+01,2.313920e+02,9.913920e+02,3.600000e+03,1.600000e+00,0.000000e+00
2.337000e+01,1.888119e+02,2.803919e+02,-3.638938e+01,1.194979e+01,2.313760e+02,9.913760e+02,3.600000e+03,1.600000e+00,0.000000e+00
2.338000e+01,1.884481e+02,2.805114e+02,-3.636927e+01,1.194979e+01,2.313600e+02,9.913600e+02,3.600000e+03,1.600000e+00,0.000000e+00
2.339000e+01,1.880846e+02,2.806309e+02,-3.634915e+01,1.194979e+01,2.313440e+02,9.913440e+02,3.600000e+03,1.600000e+00,0.000000e+00
2.340000e+01,1.877213e+02,2.807504e+02,-3.632904e+01,1.194979e+01,2.313280e+02,9.913280e+02,3.600000e+03,1.600000e+00,0.000000e+00
2.341000e+01,1.873582e+02,2.808699e+02,-3.630892e+01,1.194979e+01,2.313120e+02,9.913120e+02,3.600000e+03,1.600000e+00,0.000000e+00
2.342000e+01,1.869952e+02,2.809894e+02,-3.628881e+01,1.194979e+01,2.312960e+02,9.912960e+02,3.600000e+03,1.600000e+00,0.000000e+00
2.343000e+01,1.866325e+02,2.811089e+02,-3.626869e+01,1.194979e+01,2.312800e+02,9.912800e+02,3.600000e+03,1.600000e+00,0.000000e+00
2.344000e+01,1.862700e+02,2.812284e+02,-3.624857e+01,1.194979e+01,2.312640e+02,9.912640e+02,3.600000e+03,1.600000e+00,0.000000e+00
2.345000e+01,1.859077e+02,2.813479e+02,-3.622846e+01,1.194979e+01,2.312480e+02,9.912480e+02,3.600000e+03,1.600000e+00,0.000000e+00
2.346000e+01,1.855455e+02,2.814674e+02,-3.620834e+01,1.194979e+01,2.312320e+02,9.912320e+02,3.600000e+03,1.600000e+00,0.000000e+00
2.347000e+01,1.851837e+02,2.815869e+02,-3.618822e+01,1.194979e+01,2.312160e+02,9.912160e+02,3.600000e+03,1.600000e+00,0.000000e+00
2.348000e+01,1.848219e+02,2.817064e+02,-3.616810e+01,1.194979e+01,2.312000e+02,9.912000e+02,3.600000e+03,1.600000e+00,0.000000e+00
2.349000e+01,1.844604e+02,2.818259e+02,-3.614798e+01,1.194979e+01,2.311840e+02,9.911840e+02,3.600000e+03,1.600000e+00,0.000000e+00
2.350000e+01,1.840991e+02,2.819454e+02,-3.612786e+01,1.194979e+01,2.311680e+02,9.911680e+02,3.600000e+03,1.600000e+00,0.000000e+00
2.351000e+01,1.837380e+02,2.820649e+02,-3.610774e+01,1.194979e+01,2.311520e+02,9.911520e+02,3.600000e+03,1.600000e+00,0.000000e+00
2.352000e+01,1.833771e+02,2.821844e+02,-3.608762e+01,1.194979e+01,2.311360e+02,9.911360e+02,3.600000e+03,1.600000e+00,0.000000e+00
2.353000e+01,1.830164e+02,2.823039e+02,-3.606749e+01,1.194979e+01,2.311200e+02,9.911200e+02,3.600000e+03,1.600000e+00,0.000000e+00
2.354000e+01,1.826559e+02,2.824234e+02,-3.604737e+01,1.194979e+01,2.311040e+02,9.911040e+02,3.600000e+03,1.600000e+00,0.000000e+00
2.355000e+01,1.822956e+02,2.825429e+02,-3.602725e+01,1.194979e+01,2.310880e+02,9.910880e+02,3.600000e+03,1.600000e+00,0.000000e+00
2.356000e+01,1.819354e+02,2.826624e+02,-3.600712e+01,1.194979e+01,2.310720e+02,9.910720e+02,3.600000e+03,1.600000e+00,0.000000e+00
2.357000e+01,1.815756e+02,2.827819e+02,-3.598700e+01,1.194979e+01,2.310560e+02,9.910560e+02,3.600000e+03,1.600000e+00,0.000000e+00
2.358000e+01,1.812158e+02,2.829014e+02,-3.596687e+01,1.194979e+01,2.310400e+02,9.910400e+02,3.600000e+03,1.600000e+00,0.000000e+00
2.359000e+01,1.808564e+02,2.830209e+02,-3.594675e+01,1.194979e+01,2.310240e+02,9.910240e+02,3.600000e+03,1.600000e+00,0.000000e+00
2.360000e+01,1.804970e+02,2.831404e+02,-3.592662e+01,1.194979e+01,2.310080e+02,9.910080e+02,3.600000e+03,1.600000e+00,0.000000e+00
2.361000e+01,1.801380e+02,2.832599e+02,-3.590649e+01,1.194979e+01,2.309920e+02,9.909920e+02,3.600000e+03,1.600000e+00,0.000000e+00
2.362000e+01,1.797790e+02,2.833794e+02,-3.588636e+01,1.194979e+01,2.309760e+02,9.909760e+02,3.600000e+03,1.600000e+00,0.000000e+00
2.363000e+01,1.794204e+02,2.834989e+02,-3.586624e+01,1.194979e+01,2.309600e+02,9.909600e+02,3.600000e+03,1.600000e+00,0.000000e+00
2.364000e+01,1.790619e+02,2.836184e+02,-3.584611e+01,1.194979e+01,2.309440e+02,9.909440e+02,3.600000e+03,1.600000e+00,0.000000e+00
2.365000e+01,1.787036e+02,2.837379e+02,-3.582598e+01,1.194979e+01,2.309280e+02,9.909280e+02,3.600000e+03,1.600000e+00,0.000000e+00
2.366000e+01,1.783455e+02,2.838574e+02,-3.580585e+01,1.194979e+01,2.309120e+02,9.909120e+02,3.600000e+03,1.600000e+00,0.000000e+00
2.367000e+01,1.779876e+02,2.839769e+02,-3.578572e+01,1.194979e+01,2.308960e+02,9.908960e+02,3.600000e+03,1.600000e+00,0.000000e+00
2.368000e+01,1.776299e+02,2.840964e+02,-3.576559e+01,1.194979e+01,2.308800e+02,9.908800e+02,3.600000e+03,1.600000e+00,0.000000e+00
2.369000e+01,1.772724e+02,2.842159e+02,-3.574545e+01,1.194979e+01,2.308640e+02,9.908640e+02,3.600000e+03,1.600000e+00,0.000000e+00
2.370000e+01,1.769151e+02,2.843354e+02,-3.572532e+01,1.194979e+01,2.308480e+02,9.908480e+02,3.600000e+03,1.600000e+00,0.000000e+00
2.371000e+01,1.765581e+02,2.844549e+02,-3.570519e+01,1.194979e+01,2.308320e+02,9.908320e+02,3.600000e+03,1.600000e+00,0.000000e+00
2.372000e+01,1.762011e+02,2.845744e+02,-3.568505e+01,1.194979e+01,2.308160e+02,9.908160e+02,3.600000e+03,1.600000e+00,0.000000e+00
2.373000e+01,1.758445e+02,2.846939e+02,-3.566492e+01,1.194979e+01,2.308000e+02,9.908000e+02,3.600000e+03,1.600000e+00,0.000000e+00
2.374000e+01,1.754880e+02,2.848133e+02,-3.564479e+01,1.194979e+01,2.307840e+02,9.907840e+02,3.600000e+03,1.600000e+00,0.000000e+00
2.375000e+01,1.751317e+02,2.849328e+02,-3.562465e+01,1.194979e+01,2.307680e+02,9.907680e+02,3.600000e+03,1.600000e+00,0.000000e+00
2.376000e+01,1.747756e+02,2.850523e+02,-3.560451e+01,1.194979e+01,2.307520e+02,9.907520e+02,3.600000e+03,1.600000e+00,0.000000e+00
2.377000e+01,1.744198e+02,2.851718e+02,-3.558438e+01,1.194979e+01,2.307360e+02,9.907360e+02,3.600000e+03,1.600000e+00,0.000000e+00
2.378000e+01,1.740641e+02,2.852913e+02,-3.556424e+01,1.194979e+01,2.307200e+02,9.907200e+02,3.600000e+03,1.600000e+00,0.000000e+00
2.379000e+01,1.737086e+02,2.854108e+02,-3.554410e+01,1.194979e+01,2.307040e+02,9.907040e+02,3.600000e+03,1.600000e+00,0.000000e+00
2.380000e+01,1.733533e+02,2.855303e+02,-3.552396e+01,1.194979e+01,2.306880e+02,9.906880e+02,3.600000e+03,1.600000e+00,0.000000e+00
2.381000e+01,1.729983e+02,2.856498e+02,-3.550383e+01,1.194979e+01,2.306720e+02,9.906720e+02,3.600000e+03,1.600000e+00,0.000000e+00
2.382000e+01,1.726434e+02,2.857693e+02,-3.548369e+01,1.194979e+01,2.306560e+02,9.906560e+02,3.600000e+03,1.600000e+00,0.000000e+00
2.383000e+01,1.722887e+02,2.858888e+02,-3.546355e+01,1.194979e+01,2.306400e+02,9.906400e+02,3.600000e+03,1.600000e+00,0.000000e+00
2.384000e+01,1.719342e+02,2.860083e+02,-3.544341e+01,1.194979e+01,2.306240e+02,9.906240e+02,3.600000e+03,1.600000e+00,0.000000e+00
2.385000e+01,1.715800e+02,2.861278e+02,-3.542326e+01,1.194979e+01,2.306080e+02,9.906080e+02,3.600000e+03,1.600000e+00,0.000000e+00
2.386000e+01,1.712259e+02,2.862473e+02,-3.540312e+01,1.194979e+01,2.305920e+02,9.905920e+02,3.600000e+03,1.600000e+00,0.000000e+00
2.387000e+01,1.708721e+02,2.863668e+02,-3.538298e+01,1.194979e+01,2.305760e+02,9.905760e+02,3.600000e+03,1.600000e+00,0.000000e+00
2.388000e+01,1.705184e+02,2.864863e+02,-3.536284e+01,1.194979e+01,2.305600e+02,9.905600e+02,3.600000e+03,1.600000e+00,0.000000e+00
2.389000e+01,1.701650e+02,2.866058e+02,-3.534269e+01,1.194979e+01,2.305440e+02,9.905440e+02,3.600000e+03,1.600000e+00,0.000000e+00
2.390000e+01,1.698117e+02,2.867253e+02,-3.532255e+01,1.194979e+01,2.305280e+02,9.905280e+02,3.600000e+03,1.600000e+00,0.000000e+00
2.391000e+01,1.694586e+02,2.868448e+02,-3.530240e+01,1.194979e+01,2.305120e+02,9.905120e+02,3.600000e+03,1.600000e+00,0.000000e+00
2.392000e+01,1.691057e+02,2.869643e+02,-3.528226e+01,1.194979e+01,2.304960e+02,9.904960e+02,3.600000e+03,1.600000e+00,0.000000e+00
2.393000e+01,1.687531e+02,2.870838e+02,-3.526211e+01,1.194979e+01,2.304800e+02,9.904800e+02,3.600000e+03,1.600000e+00,0.000000e+00
2.394000e+01,1.684006e+02,2.872033e+02,-3.524197e+01,1.194979e+01,2.304640e+02,9.904640e+02,3.600000e+03,1.600000e+00,0.000000e+00
2.395000e+01,1.680484e+02,2.873228e+02,-3.522182e+01,1.194979e+01,2.304480e+02,9.904480e+02,3.600000e+03,1.600000e+00,0.000000e+00
2.396000e+01,1.676963e+02,2.874423e+02,-3.520167e+01,1.194979e+01,2.304320e+02,9.904320e+02,3.600000e+03,1.600000e+00,0.000000e+00
2.397000e+01,1.673445e+02,2.875618e+02,-3.518152e+01,1.194979e+01,2.304160e+02,9.904160e+02,3.600000e+03,1.600000e+00,0.000000e+00
2.398000e+01,1.669928e+02,2.876813e+02,-3.516138e+01,1.194979e+01,2.304000e+02,9.904000e+02,3.600000e+03,1.600000e+00,0.000000e+00
2.399000e+01,1.666414e+02,2.878008e+02,-3.514123e+01,1.194979e+01,2.303840e+02,9.903840e+02,3.600000e+03,1.600000e+00,0.000000e+00
2.400000e+01,1.662902e+02,2.879203e+02,-3.512108e+01,1.194979e+01,2.303680e+02,9.903680e+02,3.600000e+03,1.600000e+00,0.000000e+00
2.401000e+01,1.659391e+02,2.880398e+02,-3.510093e+01,1.194979e+01,2.303520e+02,9.903520e+02,3.600000e+03,1.600000e+00,0.000000e+00
2.402000e+01,1.655883e+02,2.881593e+02,-3.508077e+01,1.194979e+01,2.303360e+02,9.903360e+02,3.600000e+03,1.600000e+00,0.000000e+00
2.403000e+01,1.652377e+02,2.882788e+02,-3.506062e+01,1.194979e+01,2.303200e+02,9.903200e+02,3.600000e+03,1.600000e+00,0.000000e+00
2.404000e+01,1.648872e+02,2.883983e+02,-3.504047e+01,1.194979e+01,2.303040e+02,9.903040e+02,3.600000e+03,1.600000e+00,0.000000e+00
2.405000e+01,1.645370e+02,2.885178e+02,-3.502032e+01,1.194979e+01,2.302880e+02,9.902880e+02,3.600000e+03,1.600000e+00,0.000000e+00
2.406000e+01,1.641869e+02,2.886373e+02,-3.500016e+01,1.194979e+01,2.302720e+02,9.902720e+02,3.600000e+03,1.600000e+00,0.000000e+00
2.407000e+01,1.638371e+02,2.887568e+02,-3.498001e+01,1.194979e+01,2.302560e+02,9.902560e+02,3.600000e+03,1.600000e+00,0.000000e+00
2.408000e+01,1.634875e+02,2.888763e+02,-3.495985e+01,1.194979e+01,2.302400e+02,9.902400e+02,3.600000e+03,1.600000e+00,0.000000e+00
2.409000e+01,1.631381e+02,2.889958e+02,-3.493970e+01,1.194979e+01,2.302240e+02,9.902240e+02,3.600000e+03,1.600000e+00,0.000000e+00
2.410000e+01,1.627888e+02,2.891153e+02,-3.491954e+01,1.194979e+01,2.302080e+02,9.902080e+02,3.600000e+03,1.600000e+00,0.000000e+00
2.411000e+01,1.624398e+02,2.892348e+02,-3.489939e+01,1.194979e+01,2.301920e+02,9.901920e+02,3.600000e+03,1.600000e+00,0.000000e+00
2.412000e+01,1.620909e+02,2.893543e+02,-3.487923e+01,1.194979e+01,2.301760e+02,9.901760e+02,3.600000e+03,1.600000e+00,0.000000e+00
2.413000e+01,1.617423e+02,2.894738e+02,-3.485907e+01,1.194979e+01,2.301600e+02,9.901600e+02,3.600000e+03,1.600000e+00,0.000000e+00
2.414000e+01,1.613939e+02,2.895933e+02,-3.483891e+01,1.194979e+01,2.301440e+02,9.901440e+02,3.600000e+03,1.600000e+00,0.000000e+00
2.415000e+01,1.610457e+02,2.897128e+02,-3.481875e+01,1.194979e+01,2.301280e+02,9.901280e+02,3.600000e+03,1.600000e+00,0.000000e+00
2.416000e+01,1.606977e+02,2.898323e+02,-3.479860e+01,1.194979e+01,2.301120e+02,9.901120e+02,3.600000e+03,1.600000e+00,0.000000e+00
2.417000e+01,1.603499e+02,2.899518e+02,-3.477844e+01,1.194979e+01,2.300960e+02,9.900960e+02,3.600000e+03,1.600000e+00,0.000000e+00
2.418000e+01,1.600022e+02,2.900713e+02,-3.475827e+01,1.194979e+01,2.300800e+02,9.900800e+02,3.600000e+03,1.600000e+00,0.000000e+00
2.419000e+01,1.596548e+02,2.901908e+02,-3.473811e+01,1.194979e+01,2.300640e+02,9.900640e+02,3.600000e+03,1.600000e+00,0.000000e+00
2.420000e+01,1.593076e+02,2.903103e+02,-3.471795e+01,1.194979e+01,2.300480e+02,9.900480e+02,3.600000e+03,1.600000e+00,0.000000e+00
2.421000e+01,1.589606e+02,2.904297e+02,-3.469779e+01,1.194979e+01,2.300320e+02,9.900320e+02,3.600000e+03,1.600000e+00,0.000000e+00
2.422000e+01,1.586138e+02,2.905492e+02,-3.467763e+01,1.194979e+01,2.300160e+02,9.900160e+02,3.600000e+03,1.600000e+00,0.000000e+00
2.423000e+01,1.582672e+02,2.906687e+02,-3.465746e+01,1.194979e+01,2.300000e+02,9.900000e+02,3.600000e+03,1.600000e+00,0.000000e+00
2.424000e+01,1.579208e+02,2.907882e+02,-3.463730e+01,1.194979e+01,2.299840e+02,9.899840e+02,3.600000e+03,1.600000e+00,0.000000e+00
2.425000e+01,1.575746e+02,2.909077e+02,-3.461713e+01,1.194979e+01,2.299680e+02,9.899680e+02,3.600000e+03,1.600000e+00,0.000000e+00
2.426000e+01,1.572285e+02,2.910272e+02,-3.459697e+01,1.194979e+01,2.299520e+02,9.899520e+02,3.600000e+03,1.600000e+00,0.000000e+00
2.427000e+01,1.568828e+02,2.911467e+02,-3.457680e+01,1.194979e+01,2.299360e+02,9.899360e+02,3.600000e+03,1.600000e+00,0.000000e+00
2.428000e+01,1.565371e+02,2.912662e+02,-3.455664e+01,1.194979e+01,2.299200e+02,9.899200e+02,3.600000e+03,1.600000e+00,0.000000e+00
2.429000e+01,1.561918e+02,2.913857e+02,-3.453647e+01,1.194979e+01,2.299040e+02,9.899040e+02,3.600000e+03,1.600000e+00,0.000000e+00
2.430000e+01,1.558465e+02,2.915052e+02,-3.451630e+01,1.194979e+01,2.298880e+02,9.898880e+02,3.600000e+03,1.600000e+00,0.000000e+00
2.431000e+01,1.555016e+02,2.916247e+02,-3.449613e+01,1.194979e+01,2.298720e+02,9.898720e+02,3.600000e+03,1.600000e+00,0.000000e+00
2.432000e+01,1.551568e+02,2.917442e+02,-3.447596e+01,1.194979e+01,2.298560e+02,9.898560e+02,3.600000e+03,1.600000e+00,0.000000e+00
2.433000e+01,1.548122e+02,2.918637e+02,-3.445580e+01,1.194979e+01,2.298400e+02,9.898400e+02,3.600000e+03,1.600000e+00,0.000000e+00
2.434000e+01,1.544678e+02,2.919832e+02,-3.443563e+01,1.194979e+01,2.298240e+02,9.898240e+02,3.600000e+03,1.600000e+00,0.000000e+00
2.435000e+01,1.541236e+02,2.921027e+02,-3.441545e+01,1.194979e+01,2.298080e+02,9.898080e+02,3.600000e+03,1.600000e+00,0.000000e+00
2.436000e+01,1.537796e+02,2.922222e+02,-3.439528e+01,1.194979e+01,2.297920e+02,9.897920e+02,3.600000e+03,1.600000e+00,0.000000e+00
2.437000e+01,1.534359e+02,2.923417e+02,-3.437511e+01,1.194979e+01,2.297760e+02,9.897760e+02,3.600000e+03,1.600000e+00,0.000000e+00
2.438000e+01,1.530922e+02,2.924612e+02,-3.435494e+01,1.194979e+01,2.297600e+02,9.897600e+02,3.600000e+03,1.600000e+00,0.000000e+00
2.439000e+01,1.527489e+02,2.925807e+02,-3.433477e+01,1.194979e+01,2.297440e+02,9.897440e+02,3.600000e+03,1.600000e+00,0.000000e+00
2.440000e+01,1.524057e+02,2.927002e+02,-3.431459e+01,1.194979e+01,2.297280e+02,9.897280e+02,3.600000e+03,1.600000e+00,0.000000e+00
2.441000e+01,1.520627e+02,2.928197e+02,-3.429442e+01,1.194979e+01,2.297120e+02,9.897120e+02,3.600000e+03,1.600000e+00,0.000000e+00
2.442000e+01,1.517199e+02,2.929392e+02,-3.427424e+01,1.194979e+01,2.296960e+02,9.896960e+02,3.600000e+03,1.600000e+00,0.000000e+00
2.443000e+01,1.513774e+02,2.930587e+02,-3.425407e+01,1.194979e+01,2.296800e+02,9.896800e+02,3.600000e+03,1.600000e+00,0.000000e+00
2.444000e+01,1.510350e+02,2.931782e+02,-3.423389e+01,1.194979e+01,2.296640e+02,9.896640e+02,3.600000e+03,1.600000e+00,0.000000e+00
2.445000e+01,1.506928e+02,2.932977e+02,-3.421372e+01,1.194979e+01,2.296480e+02,9.896480e+02,3.600000e+03,1.600000e+00,0.000000e+00
2.446000e+01,1.503508e+02,2.934172e+02,-3.419354e+01,1.194979e+01,2.296320e+02,9.896320e+02,3.600000e+03,1.600000e+00,0.000000e+00
2.447000e+01,1.500091e+02,2.935367e+02,-3.417336e+01,1.194979e+01,2.296160e+02,9.896160e+02,3.600000e+03,1.600000e+00,0.000000e+00
2.448000e+01,1.496675e+02,2.936562e+02,-3.415318e+01,1.194979e+01,2.296000e+02,9.896000e+02,3.600000e+03,1.600000e+00,0.000000e+00
2.449000e+01,1.493262e+02,2.937757e+02,-3.413300e+01,1.194979e+01,2.295840e+02,9.895840e+02,3.600000e+03,1.600000e+00,0.000000e+00
2.450000e+01,1.489850e+02,2.938952e+02,-3.411283e+01,1.194979e+01,2.295680e+02,9.895680e+02,3.600000e+03,1.600000e+00,0.000000e+00
2.451000e+01,1.486440e+02,2.940147e+02,-3.409265e+01,1.194979e+01,2.295520e+02,9.895520e+02,3.600000e+03,1.600000e+00,0.000000e+00
2.452000e+01,1.483033e+02,2.941342e+02,-3.407246e+01,1.194979e+01,2.295360e+02,9.895360e+02,3.600000e+03,1.600000e+00,0.000000e+00
2.453000e+01,1.479627e+02,2.942537e+02,-3.405228e+01,1.194979e+01,2.295200e+02,9.895200e+02,3.600000e+03,1.600000e+00,0.000000e+00
2.454000e+01,1.476223e+02,2.943732e+02,-3.403210e+01,1.194979e+01,2.295040e+02,9.895040e+02,3.600000e+03,1.600000e+00,0.000000e+00
2.455000e+01,1.472822e+02,2.944927e+02,-3.401192e+01,1.194979e+01,2.294880e+02,9.894880e+02,3.600000e+03,1.600000e+00,0.000000e+00
2.456000e+01,1.469422e+02,2.946122e+02,-3.399174e+01,1.194979e+01,2.294720e+02,9.894720e+02,3.600000e+03,1.600000e+00,0.000000e+00
2.457000e+01,1.466025e+02,2.947317e+02,-3.397155e+01,1.194979e+01,2.294560e+02,9.894560e+02,3.600000e+03,1.600000e+00,0.000000e+00
2.458000e+01,1.462629e+02,2.948512e+02,-3.395137e+01,1.194979e+01,2.294400e+02,9.894400e+02,3.600000e+03,1.600000e+00,0.000000e+00
2.459000e+01,1.459236e+02,2.949707e+02,-3.393118e+01,1.194979e+01,2.294240e+02,9.894240e+02,3.600000e+03,1.600000e+00,0.000000e+00
2.460000e+01,1.455845e+02,2.950902e+02,-3.391100e+01,1.194979e+01,2.294080e+02,9.894080e+02,3.600000e+03,1.600000e+00,0.000000e+00
2.461000e+01,1.452455e+02,2.952097e+02,-3.389081e+01,1.194979e+01,2.293920e+02,9.893920e+02,3.600000e+03,1.600000e+00,0.000000e+00
2.462000e+01,1.449068e+02,2.953292e+02,-3.387063e+01,1.194979e+01,2.293760e+02,9.893760e+02,3.600000e+03,1.600000e+00,0.000000e+00
2.463000e+01,1.445683e+02,2.954487e+02,-3.385044e+01,1.194979e+01,2.293600e+02,9.893600e+02,3.600000e+03,1.600000e+00,0.000000e+00
2.464000e+01,1.442299e+02,2.955682e+02,-3.383025e+01,1.194979e+01,2.293440e+02,9.893440e+02,3.600000e+03,1.600000e+00,0.000000e+00
2.465000e+01,1.438918e+02,2.956877e+02,-3.381006e+01,1.194979e+01,2.293280e+02,9.893280e+02,3.600000e+03,1.600000e+00,0.000000e+00
2.466000e+01,1.435538e+02,2.958072e+02,-3.378987e+01,1.194979e+01,2.293120e+02,9.893120e+02,3.600000e+03,1.600000e+00,0.000000e+00
2.467000e+01,1.432161e+02,2.959267e+02,-3.376969e+01,1.194979e+01,2.292960e+02,9.892960e+02,3.600000e+03,1.600000e+00,0.000000e+00
2.468000e+01,1.428786e+02,2.960461e+02,-3.374950e+01,1.194979e+01,2.292800e+02,9.892800e+02,3.600000e+03,1.600000e+00,0.000000e+00
2.469000e+01,1.425413e+02,2.961656e+02,-3.372930e+01,1.194979e+01,2.292640e+02,9.892640e+02,3.600000e+03,1.600000e+00,0.000000e+00
2.470000e+01,1.422041e+02,2.962851e+02,-3.370911e+01,1.194979e+01,2.292480e+02,9.892480e+02,3.600000e+03,1.600000e+00,0.000000e+00
2.471000e+01,1.418672e+02,2.964046e+02,-3.368892e+01,1.194979e+01,2.292320e+02,9.892320e+02,3.600000e+03,1.600000e+00,0.000000e+00
2.472000e+01,1.415305e+02,2.965241e+02,-3.366873e+01,1.194979e+01,2.292160e+02,9.892160e+02,3.600000e+03,1.600000e+00,0.000000e+00
2.473000e+01,1.411940e+02,2.966436e+02,-3.364854e+01,1.194979e+01,2.292000e+02,9.892000e+02,3.600000e+03,1.600000e+00,0.000000e+00
2.474000e+01,1.408576e+02,2.967631e+02,-3.362834e+01,1.194979e+01,2.291840e+02,9.891840e+02,3.600000e+03,1.600000e+00,0.000000e+00
2.475000e+01,1.405216e+02,2.968826e+02,-3.360815e+01,1.194979e+01,2.291680e+02,9.891680e+02,3.600000e+03,1.600000e+00,0.000000e+00
2.476000e+01,1.401856e+02,2.970021e+02,-3.358795e+01,1.194979e+01,2.291520e+02,9.891520e+02,3.600000e+03,1.600000e+00,0.000000e+00
2.477000e+01,1.398499e+02,2.971216e+02,-3.356776e+01,1.194979e+01,2.291360e+02,9.891360e+02,3.600000e+03,1.600000e+00,0.000000e+00
2.478000e+01,1.395144e+02,2.972411e+02,-3.354756e+01,1.194979e+01,2.291200e+02,9.891200e+02,3.600000e+03,1.600000e+00,0.000000e+00
2.479000e+01,1.391791e+02,2.973606e+02,-3.352737e+01,1.194979e+01,2.291040e+02,9.891040e+02,3.600000e+03,1.600000e+00,0.000000e+00
2.480000e+01,1.388440e+02,2.974801e+02,-3.350717e+01,1.194979e+01,2.290880e+02,9.890880e+02,3.600000e+03,1.600000e+00,0.000000e+00
2.481000e+01,1.385091e+02,2.975996e+02,-3.348699e+01,1.194862e+01,2.290720e+02,9.890720e+02,3.600000e+03,1.600000e+00,-3.200000e-02
2.482000e+01,1.381744e+02,2.977191e+02,-3.346681e+01,1.194746e+01,2.290560e+02,9.890560e+02,3.600000e+03,1.600000e+00,-3.200000e-02
2.483000e+01,1.378399e+02,2.978385e+02,-3.344669e+01,1.194513e+01,2.290400e+02,9.890400e+02,3.600000e+03,1.600000e+00,-6.400000e-02
2.484000e+01,1.375056e+02,2.979580e+02,-3.342656e+01,1.194280e+01,2.290240e+02,9.890240e+02,3.600000e+03,1.600000e+00,-6.400000e-02
2.485000e+01,1.371715e+02,2.980774e+02,-3.340653e+01,1.193931e+01,2.290080e+02,9.890080e+02,3.600000e+03,1.600000e+00,-9.600000e-02
2.486000e+01,1.368376e+02,2.981967e+02,-3.338650e+01,1.193582e+01,2.289920e+02,9.889920e+02,3.600000e+03,1.600000e+00,-9.600000e-02
2.487000e+01,1.365039e+02,2.983160e+02,-3.336659e+01,1.193118e+01,2.289760e+02,9.889760e+02,3.600000e+03,1.600000e+00,-1.280000e-01
2.488000e+01,1.361704e+02,2.984353e+02,-3.334669e+01,1.192653e+01,2.289600e+02,9.889600e+02,3.600000e+03,1.600000e+00,-1.280000e-01
2.489000e+01,1.358371e+02,2.985545e+02,-3.332695e+01,1.192073e+01,2.289440e+02,9.889440e+02,3.600000e+03,1.600000e+00,-1.600000e-01
2.490000e+01,1.355040e+02,2.986737e+02,-3.330721e+01,1.191493e+01,2.289280e+02,9.889280e+02,3.600000e+03,1.600000e+00,-1.600000e-01
2.491000e+01,1.351711e+02,2.987928e+02,-3.328768e+01,1.190798e+01,2.289120e+02,9.889120e+02,3.600000e+03,1.600000e+00,-1.920000e-01
2.492000e+01,1.348384e+02,2.989118e+02,-3.326814e+01,1.190104e+01,2.288960e+02,9.888960e+02,3.600000e+03,1.600000e+00,-1.920000e-01
2.493000e+01,1.345059e+02,2.990307e+02,-3.324885e+01,1.189295e+01,2.288800e+02,9.888800e+02,3.600000e+03,1.600000e+00,-2.240000e-01
2.494000e+01,1.341735e+02,2.991496e+02,-3.322955e+01,1.188486e+01,2.288640e+02,9.888640e+02,3.600000e+03,1.600000e+00,-2.240000e-01
2.495000e+01,1.338414e+02,2.992684e+02,-3.321053e+01,1.187565e+01,2.288480e+02,9.888480e+02,3.600000e+03,1.600000e+00,-2.560000e-01
2.496000e+01,1.335094e+02,2.993871e+02,-3.319151e+01,1.186643e+01,2.288320e+02,9.888320e+02,3.600000e+03,1.600000e+00,-2.560000e-01
2.497000e+01,1.331777e+02,2.995056e+02,-3.317281e+01,1.185609e+01,2.288160e+02,9.888160e+02,3.600000e+03,1.600000e+00,-2.880000e-01
2.498000e+01,1.328461e+02,2.996241e+02,-3.315410e+01,1.184574e+01,2.288000e+02,9.888000e+02,3.600000e+03,1.600000e+00,-2.880000e-01
2.499000e+01,1.325147e+02,2.997425e+02,-3.313574e+01,1.183429e+01,2.287840e+02,9.887840e+02,3.600000e+03,1.600000e+00,-3.200000e-01
2.500000e+01,1.321835e+02,2.998607e+02,-3.311738e+01,1.182284e+01,2.287680e+02,9.887680e+02,3.600000e+03,1.600000e+00,-3.200000e-01
2.501000e+01,1.318525e+02,2.999788e+02,-3.309940e+01,1.181029e+01,2.287520e+02,9.887520e+02,3.600000e+03,1.600000e+00,-3.520000e-01
2.502000e+01,1.315216e+02,3.000969e+02,-3.308142e+01,1.179773e+01,2.287360e+02,9.887360e+02,3.600000e+03,1.600000e+00,-3.520000e-01
2.503000e+01,1.311910e+02,3.002147e+02,-3.306386e+01,1.178409e+01,2.287200e+02,9.887200e+02,3.600000e+03,1.600000e+00,-3.840000e-01
2.504000e+01,1.308605e+02,3.003325e+02,-3.304630e+01,1.177045e+01,2.287040e+02,9.887040e+02,3.600000e+03,1.600000e+00,-3.840000e-01
2.505000e+01,1.305302e+02,3.004500e+02,-3.302920e+01,1.175574e+01,2.286880e+02,9.886880e+02,3.600000e+03,1.600000e+00,-4.160000e-01
2.506000e+01,1.302000e+02,3.005675e+02,-3.301209e+01,1.174102e+01,2.286720e+02,9.886720e+02,3.600000e+03,1.600000e+00,-4.160000e-01
2.507000e+01,1.298700e+02,3.006847e+02,-3.299547e+01,1.172525e+01,2.286560e+02,9.886560e+02,3.600000e+03,1.600000e+00,-4.480000e-01
2.508000e+01,1.295402e+02,3.008019e+02,-3.297885e+01,1.170948e+01,2.286400e+02,9.886400e+02,3.600000e+03,1.600000e+00,-4.480000e-01
2.509000e+01,1.292106e+02,3.009188e+02,-3.296275e+01,1.169266e+01,2.286240e+02,9.886240e+02,3.600000e+03,1.600000e+00,-4.800000e-01
2.510000e+01,1.288810e+02,3.010356e+02,-3.294665e+01,1.167585e+01,2.286080e+02,9.886080e+02,3.600000e+03,1.600000e+00,-4.800000e-01
2.511000e+01,1.285517e+02,3.011522e+02,-3.293111e+01,1.165801e+01,2.285920e+02,9.885920e+02,3.600000e+03,1.600000e+00,-5.120000e-01
2.512000e+01,1.282225e+02,3.012687e+02,-3.291556e+01,1.164016e+01,2.285760e+02,9.885760e+02,3.600000e+03,1.600000e+00,-5.120000e-01
2.513000e+01,1.278935e+02,3.013849e+02,-3.290060e+01,1.162132e+01,2.285600e+02,9.885600e+02,3.600000e+03,1.600000e+00,-5.440000e-01
2.514000e+01,1.275646e+02,3.015010e+02,-3.288564e+01,1.160247e+01,2.285440e+02,9.885440e+02,3.600000e+03,1.600000e+00,-5.440000e-01
2.515000e+01,1.272359e+02,3.016168e+02,-3.287079e+01,1.158343e+01,2.285280e+02,9.885280e+02,3.600000e+03,1.600000e+00,-5.500000e-01
2.516000e+01,1.269073e+02,3.017325e+02,-3.285595e+01,1.156440e+01,2.285120e+02,9.885120e+02,3.600000e+03,1.600000e+00,-5.500000e-01
2.517000e+01,1.265789e+02,3.018479e+02,-3.284110e+01,1.154536e+01,2.284960e+02,9.884960e+02,3.600000e+03,1.600000e+00,-5.500000e-01
2.518000e+01,1.262506e+02,3.019633e+02,-3.282625e+01,1.152633e+01,2.284800e+02,9.884800e+02,3.600000e+03,1.600000e+00,-5.500000e-01
2.519000e+01,1.259225e+02,3.020783e+02,-3.281140e+01,1.150729e+01,2.284640e+02,9.884640e+02,3.600000e+03,1.600000e+00,-5.500000e-01
2.520000e+01,1.255945e+02,3.021933e+02,-3.279655e+01,1.148825e+01,2.284480e+02,9.884480e+02,3.600000e+03,1.600000e+00,-5.500000e-01
2.521000e+01,1.252666e+02,3.023080e+02,-3.278170e+01,1.146922e+01,2.284320e+02,9.884320e+02,3.600000e+03,1.600000e+00,-5.500000e-01
2.522000e+01,1.249389e+02,3.024225e+02,-3.276685e+01,1.145018e+01,2.284160e+02,9.884160e+02,3.600000e+03,1.600000e+00,-5.500000e-01
2.523000e+01,1.246114e+02,3.025369e+02,-3.275200e+01,1.143114e+01,2.284000e+02,9.884000e+02,3.600000e+03,1.600000e+00,-5.500000e-01
2.524000e+01,1.242840e+02,3.026510e+02,-3.273715e+01,1.141210e+01,2.283840e+02,9.883840e+02,3.600000e+03,1.600000e+00,-5.500000e-01
2.525000e+01,1.239568e+02,3.027650e+02,-3.272230e+01,1.139307e+01,2.283680e+02,9.883680e+02,3.600000e+03,1.600000e+00,-5.500000e-01
2.526000e+01,1.236296e+02,3.028788e+02,-3.270744e+01,1.137403e+01,2.283520e+02,9.883520e+02,3.600000e+03,1.600000e+00,-5.500000e-01
2.527000e+01,1.233027e+02,3.029923e+02,-3.269259e+01,1.135499e+01,2.283360e+02,9.883360e+02,3.600000e+03,1.600000e+00,-5.500000e-01
2.528000e+01,1.229759e+02,3.031058e+02,-3.267774e+01,1.133595e+01,2.283200e+02,9.883200e+02,3.600000e+03,1.600000e+00,-5.500000e-01
2.529000e+01,1.226492e+02,3.032189e+02,-3.266288e+01,1.131691e+01,2.283040e+02,9.883040e+02,3.600000e+03,1.600000e+00,-5.500000e-01
2.530000e+01,1.223227e+02,3.033320e+02,-3.264803e+01,1.129787e+01,2.282880e+02,9.882880e+02,3.600000e+03,1.600000e+00,-5.500000e-01
2.531000e+01,1.219964e+02,3.034448e+02,-3.263317e+01,1.127883e+01,2.282720e+02,9.882720e+02,3.600000e+03,1.600000e+00,-5.500000e-01
2.532000e+01,1.216702e+02,3.035574e+02,-3.261832e+01,1.125979e+01,2.282560e+02,9.882560e+02,3.600000e+03,1.600000e+00,-5.500000e-01
2.533000e+01,1.213441e+02,3.036698e+02,-3.260346e+01,1.124075e+01,2.282400e+02,9.882400e+02,3.600000e+03,1.600000e+00,-5.500000e-01
2.534000e+01,1.210182e+02,3.037821e+02,-3.258861e+01,1.122171e+01,2.282240e+02,9.882240e+02,3.600000e+03,1.600000e+00,-5.500000e-01
2.535000e+01,1.206924e+02,3.038941e+02,-3.257375e+01,1.120267e+01,2.282080e+02,9.882080e+02,3.600000e+03,1.600000e+00,-5.500000e-01
2.536000e+01,1.203668e+02,3.040060e+02,-3.255889e+01,1.118363e+01,2.281920e+02,9.881920e+02,3.600000e+03,1.600000e+00,-5.500000e-01
2.537000e+01,1.200414e+02,3.041177e+02,-3.254403e+01,1.116458e+01,2.281760e+02,9.881760e+02,3.600000e+03,1.600000e+00,-5.500000e-01
2.538000e+01,1.197160e+02,3.042292e+02,-3.252917e+01,1.114554e+01,2.281600e+02,9.881600e+02,3.600000e+03,1.600000e+00,-5.500000e-01
2.539000e+01,1.193909e+02,3.043405e+02,-3.251432e+01,1.112650e+01,2.281440e+02,9.881440e+02,3.600000e+03,1.600000e+00,-5.500000e-01
2.540000e+01,1.190658e+02,3.044516e+02,-3.249946e+01,1.110746e+01,2.281280e+02,9.881280e+02,3.600000e+03,1.600000e+00,-5.500000e-01
2.541000e+01,1.187410e+02,3.045625e+02,-3.248460e+01,1.108841e+01,2.281120e+02,9.881120e+02,3.600000e+03,1.600000e+00,-5.500000e-01
2.542000e+01,1.184162e+02,3.046732e+02,-3.246974e+01,1.106937e+01,2.280960e+02,9.880960e+02,3.600000e+03,1.600000e+00,-5.500000e-01
2.543000e+01,1.180917e+02,3.047837e+02,-3.245487e+01,1.105033e+01,2.280800e+02,9.880800e+02,3.600000e+03,1.600000e+00,-5.500000e-01
2.544000e+01,1.177672e+02,3.048941e+02,-3.244001e+01,1.103128e+01,2.280640e+02,9.880640e+02,3.600000e+03,1.600000e+00,-5.500000e-01
2.545000e+01,1.174430e+02,3.050042e+02,-3.242515e+01,1.101224e+01,2.280480e+02,9.880480e+02,3.600000e+03,1.600000e+00,-5.500000e-01
2.546000e+01,1.171188e+02,3.051142e+02,-3.241029e+01,1.099319e+01,2.280320e+02,9.880320e+02,3.600000e+03,1.600000e+00,-5.500000e-01
2.547000e+01,1.167949e+02,3.052240e+02,-3.239542e+01,1.097415e+01,2.280160e+02,9.880160e+02,3.600000e+03,1.600000e+00,-5.500000e-01
2.548000e+01,1.164710e+02,3.053336e+02,-3.238056e+01,1.095510e+01,2.280000e+02,9.880000e+02,3.600000e+03,1.600000e+00,-5.500000e-01
2.549000e+01,1.161474e+02,3.054430e+02,-3.236570e+01,1.093606e+01,2.279840e+02,9.879840e+02,3.600000e+03,1.600000e+00,-5.500000e-01
2.550000e+01,1.158238e+02,3.055522e+02,-3.235083e+01,1.091701e+01,2.279680e+02,9.879680e+02,3.600000e+03,1.600000e+00,-5.500000e-01
2.551000e+01,1.155005e+02,3.056612e+02,-3.233597e+01,1.089797e+01,2.279520e+02,9.879520e+02,3.600000e+03,1.600000e+00,-5.500000e-01
2.552000e+01,1.151772e+02,3.057700e+02,-3.232110e+01,1.087892e+01,2.279360e+02,9.879360e+02,3.600000e+03,1.600000e+00,-5.500000e-01
2.553000e+01,1.148541e+02,3.058786e+02,-3.230624e+01,1.085987e+01,2.279200e+02,9.879200e+02,3.600000e+03,1.600000e+00,-5.500000e-01
2.554000e+01,1.145312e+02,3.059871e+02,-3.229137e+01,1.084083e+01,2.279040e+02,9.879040e+02,3.600000e+03,1.600000e+00,-5.500000e-01
2.555000e+01,1.142084e+02,3.060953e+02,-3.227650e+01,1.082178e+01,2.278880e+02,9.878880e+02,3.600000e+03,1.600000e+00,-5.500000e-01
2.556000e+01,1.138857e+02,3.062034e+02,-3.226163e+01,1.080273e+01,2.278720e+02,9.878720e+02,3.600000e+03,1.600000e+00,-5.500000e-01
2.557000e+01,1.135633e+02,3.063112e+02,-3.224677e+01,1.078368e+01,2.278560e+02,9.878560e+02,3.600000e+03,1.600000e+00,-5.500000e-01
2.558000e+01,1.132409e+02,3.064189e+02,-3.223190e+01,1.076463e+01,2.278400e+02,9.878400e+02,3.600000e+03,1.600000e+00,-5.500000e-01
2.559000e+01,1.129187e+02,3.065264e+02,-3.221703e+01,1.074559e+01,2.278240e+02,9.878240e+02,3.600000e+03,1.600000e+00,-5.500000e-01
2.560000e+01,1.125967e+02,3.066337e+02,-3.220216e+01,1.072654e+01,2.278080e+02,9.878080e+02,3.600000e+03,1.600000e+00,-5.500000e-01
2.561000e+01,1.122748e+02,3.067408e+02,-3.218729e+01,1.070749e+01,2.277920e+02,9.877920e+02,3.600000e+03,1.600000e+00,-5.500000e-01
2.562000e+01,1.119530e+02,3.068477e+02,-3.217242e+01,1.068844e+01,2.277760e+02,9.877760e+02,3.600000e+03,1.600000e+00,-5.500000e-01
2.563000e+01,1.116314e+02,3.069544e+02,-3.215755e+01,1.066939e+01,2.277600e+02,9.877600e+02,3.600000e+03,1.600000e+00,-5.500000e-01
2.564000e+01,1.113100e+02,3.070610e+02,-3.214268e+01,1.065034e+01,2.277440e+02,9.877440e+02,3.600000e+03,1.600000e+00,-5.500000e-01
2.565000e+01,1.109887e+02,3.071673e+02,-3.212780e+01,1.063129e+01,2.277280e+02,9.877280e+02,3.600000e+03,1.600000e+00,-5.500000e-01
2.566000e+01,1.106675e+02,3.072735e+02,-3.211293e+01,1.061224e+01,2.277120e+02,9.877120e+02,3.600000e+03,1.600000e+00,-5.500000e-01
2.567000e+01,1.103465e+02,3.073794e+02,-3.209806e+01,1.059319e+01,2.276960e+02,9.876960e+02,3.600000e+03,1.600000e+00,-5.500000e-01
2.568000e+01,1.100256e+02,3.074852e+02,-3.208318e+01,1.057413e+01,2.276800e+02,9.876800e+02,3.600000e+03,1.600000e+00,-5.500000e-01
2.569000e+01,1.097050e+02,3.075908e+02,-3.206831e+01,1.055508e+01,2.276640e+02,9.876640e+02,3.600000e+03,1.600000e+00,-5.500000e-01
2.570000e+01,1.093844e+02,3.076962e+02,-3.205344e+01,1.053603e+01,2.276480e+02,9.876480e+02,3.600000e+03,1.600000e+00,-5.500000e-01
2.571000e+01,1.090640e+02,3.078014e+02,-3.203856e+01,1.051698e+01,2.276320e+02,9.876320e+02,3.600000e+03,1.600000e+00,-5.500000e-01
2.572000e+01,1.087437e+02,3.079064e+02,-3.202368e+01,1.049793e+01,2.276160e+02,9.876160e+02,3.600000e+03,1.600000e+00,-5.500000e-01
2.573000e+01,1.084236e+02,3.080112e+02,-3.200881e+01,1.047887e+01,2.276000e+02,9.876000e+02,3.600000e+03,1.600000e+00,-5.500000e-01
2.574000e+01,1.081036e+02,3.081159e+02,-3.199393e+01,1.045982e+01,2.275840e+02,9.875840e+02,3.600000e+03,1.600000e+00,-5.500000e-01
2.575000e+01,1.077838e+02,3.082203e+02,-3.197905e+01,1.044077e+01,2.275680e+02,9.875680e+02,3.600000e+03,1.600000e+00,-5.500000e-01
2.576000e+01,1.074641e+02,3.083246e+02,-3.196418e+01,1.042171e+01,2.275520e+02,9.875520e+02,3.600000e+03,1.600000e+00,-5.500000e-01
2.577000e+01,1.071447e+02,3.084286e+02,-3.194930e+01,1.040266e+01,2.275360e+02,9.875360e+02,3.600000e+03,1.600000e+00,-5.500000e-01
2.578000e+01,1.068253e+02,3.085325e+02,-3.193442e+01,1.038360e+01,2.275200e+02,9.875200e+02,3.600000e+03,1.600000e+00,-5.500000e-01
2.579000e+01,1.065061e+02,3.086361e+02,-3.191954e+01,1.036455e+01,2.275040e+02,9.875040e+02,3.600000e+03,1.600000e+00,-5.500000e-01
2.580000e+01,1.061870e+02,3.087397e+02,-3.190466e+01,1.034549e+01,2.274880e+02,9.874880e+02,3.600000e+03,1.600000e+00,-5.500000e-01
2.581000e+01,1.058681e+02,3.088429e+02,-3.188978e+01,1.032644e+01,2.274720e+02,9.874720e+02,3.600000e+03,1.600000e+00,-5.500000e-01
2.582000e+01,1.055493e+02,3.089461e+02,-3.187490e+01,1.030738e+01,2.274560e+02,9.874560e+02,3.600000e+03,1.600000e+00,-5.500000e-01
2.583000e+01,1.052307e+02,3.090489e+02,-3.186002e+01,1.028833e+01,2.274400e+02,9.874400e+02,3.600000e+03,1.600000e+00,-5.500000e-01
2.584000e+01,1.049122e+02,3.091517e+02,-3.184514e+01,1.026927e+01,2.274240e+02,9.874240e+02,3.600000e+03,1.600000e+00,-5.500000e-01
2.585000e+01,1.045939e+02,3.092542e+02,-3.183026e+01,1.025021e+01,2.274080e+02,9.874080e+02,3.600000e+03,1.600000e+00,-5.500000e-01
2.586000e+01,1.042757e+02,3.093566e+02,-3.181537e+01,1.023116e+01,2.273920e+02,9.873920e+02,3.600000e+03,1.600000e+00,-5.500000e-01
2.587000e+01,1.039577e+02,3.094587e+02,-3.179968e+01,1.021348e+01,2.273760e+02,9.873760e+02,3.600000e+03,1.600000e+00,-5.060000e-01
2.588000e+01,1.036398e+02,3.095607e+02,-3.178399e+01,1.019581e+01,2.273600e+02,9.873600e+02,3.600000e+03,1.600000e+00,-5.060000e-01
2.589000e+01,1.033221e+02,3.096625e+02,-3.176755e+01,1.017956e+01,2.273440e+02,9.873440e+02,3.600000e+03,1.600000e+00,-4.620000e-01
2.590000e+01,1.030045e+02,3.097642e+02,-3.175111e+01,1.016331e+01,2.273280e+02,9.873280e+02,3.600000e+03,1.600000e+00,-4.620000e-01
2.591000e+01,1.026872e+02,3.098657e+02,-3.173399e+01,1.014851e+01,2.273120e+02,9.873120e+02,3.600000e+03,1.600000e+00,-4.180000e-01
2.592000e+01,1.023700e+02,3.099671e+02,-3.171686e+01,1.013370e+01,2.272960e+02,9.872960e+02,3.600000e+03,1.600000e+00,-4.180000e-01
2.593000e+01,1.020530e+02,3.100683e+02,-3.169912e+01,1.012038e+01,2.272800e+02,9.872800e+02,3.600000e+03,1.600000e+00,-3.740000e-01
2.594000e+01,1.017361e+02,3.101694e+02,-3.168138e+01,1.010706e+01,2.272640e+02,9.872640e+02,3.600000e+03,1.600000e+00,-3.740000e-01
2.595000e+01,1.014195e+02,3.102704e+02,-3.166308e+01,1.009524e+01,2.272480e+02,9.872480e+02,3.600000e+03,1.600000e+00,-3.300000e-01
2.596000e+01,1.011030e+02,3.103712e+02,-3.164478e+01,1.008343e+01,2.272320e+02,9.872320e+02,3.600000e+03,1.600000e+00,-3.300000e-01
2.597000e+01,1.007867e+02,3.104720e+02,-3.162600e+01,1.007314e+01,2.272160e+02,9.872160e+02,3.600000e+03,1.600000e+00,-2.860000e-01
2.598000e+01,1.004706e+02,3.105726e+02,-3.160721e+01,1.006285e+01,2.272000e+02,9.872000e+02,3.600000e+03,1.600000e+00,-2.860000e-01
2.599000e+01,1.001547e+02,3.106732e+02,-3.158801e+01,1.005411e+01,2.271840e+02,9.871840e+02,3.600000e+03,1.600000e+00,-2.420000e-01
2.600000e+01,9.983894e+01,3.107736e+02,-3.156880e+01,1.004537e+01,2.271680e+02,9.871680e+02,3.600000e+03,1.600000e+00,-2.420000e-01
2.601000e+01,9.952345e+01,3.108740e+02,-3.154925e+01,1.003820e+01,2.271520e+02,9.871520e+02,3.600000e+03,1.600000e+00,-1.980000e-01
2.602000e+01,9.920808e+01,3.109744e+02,-3.152969e+01,1.003103e+01,2.271360e+02,9.871360e+02,3.600000e+03,1.600000e+00,-1.980000e-01
2.603000e+01,9.889299e+01,3.110746e+02,-3.150985e+01,1.002543e+01,2.271200e+02,9.871200e+02,3.600000e+03,1.600000e+00,-1.540000e-01
2.604000e+01,9.857802e+01,3.111748e+02,-3.149001e+01,1.001984e+01,2.271040e+02,9.871040e+02,3.600000e+03,1.600000e+00,-1.540000e-01
2.605000e+01,9.826332e+01,3.112750e+02,-3.146996e+01,1.001583e+01,2.270880e+02,9.870880e+02,3.600000e+03,1.600000e+00,-1.100000e-01
2.606000e+01,9.794875e+01,3.113751e+02,-3.144991e+01,1.001183e+01,2.270720e+02,9.870720e+02,3.600000e+03,1.600000e+00,-1.100000e-01
2.607000e+01,9.763446e+01,3.114752e+02,-3.142972e+01,1.000943e+01,2.270560e+02,9.870560e+02,3.600000e+03,1.600000e+00,-6.600000e-02
2.608000e+01,9.732029e+01,3.115753e+02,-3.140953e+01,1.000702e+01,2.270400e+02,9.870400e+02,3.600000e+03,1.600000e+00,-6.600000e-02
2.609000e+01,9.700640e+01,3.116754e+02,-3.138926e+01,1.000622e+01,2.270240e+02,9.870240e+02,3.600000e+03,1.600000e+00,-2.200000e-02
2.610000e+01,9.669264e+01,3.117754e+02,-3.136900e+01,1.000542e+01,2.270080e+02,9.870080e+02,3.600000e+03,1.600000e+00,-2.200000e-02
2.611000e+01,9.637916e+01,3.118755e+02,-3.134872e+01,1.000542e+01,2.269920e+02,9.869920e+02,3.600000e+03,1.600000e+00,0.000000e+00
2.612000e+01,9.606580e+01,3.119755e+02,-3.132845e+01,1.000542e+01,2.269760e+02,9.869760e+02,3.600000e+03,1.600000e+00,0.000000e+00
2.613000e+01,9.575272e+01,3.120756e+02,-3.130817e+01,1.000542e+01,2.269600e+02,9.869600e+02,3.600000e+03,1.600000e+00,0.000000e+00
2.614000e+01,9.543978e+01,3.121756e+02,-3.128790e+01,1.000542e+01,2.269440e+02,9.869440e+02,3.600000e+03,1.600000e+00,0.000000e+00
2.615000e+01,9.512710e+01,3.122757e+02,-3.126762e+01,1.000542e+01,2.269280e+02,9.869280e+02,3.600000e+03,1.600000e+00,0.000000e+00
2.616000e+01,9.481456e+01,3.123757e+02,-3.124734e+01,1.000542e+01,2.269120e+02,9.869120e+02,3.600000e+03,1.600000e+00,0.000000e+00
2.617000e+01,9.450229e+01,3.124758e+02,-3.122706e+01,1.000542e+01,2.268960e+02,9.868960e+02,3.600000e+03,1.600000e+00,0.000000e+00
2.618000e+01,9.419015e+01,3.125759e+02,-3.120679e+01,1.000542e+01,2.268800e+02,9.868800e+02,3.600000e+03,1.600000e+00,0.000000e+00
2.619000e+01,9.387829e+01,3.126759e+02,-3.118651e+01,1.000542e+01,2.268640e+02,9.868640e+02,3.600000e+03,1.600000e+00,0.000000e+00
2.620000e+01,9.356656e+01,3.127760e+02,-3.116623e+01,1.000542e+01,2.268480e+02,9.868480e+02,3.600000e+03,1.600000e+00,0.000000e+00
2.621000e+01,9.325510e+01,3.128760e+02,-3.114595e+01,1.000542e+01,2.268320e+02,9.868320e+02,3.600000e+03,1.600000e+00,0.000000e+00
2.622000e+01,9.294377e+01,3.129761e+02,-3.112567e+01,1.000542e+01,2.268160e+02,9.868160e+02,3.600000e+03,1.600000e+00,0.000000e+00
2.623000e+01,9.263272e+01,3.130761e+02,-3.110538e+01,1.000542e+01,2.268000e+02,9.868000e+02,3.600000e+03,1.600000e+00,0.000000e+00
2.624000e+01,9.232180e+01,3.131762e+02,-3.108510e+01,1.000542e+01,2.267840e+02,9.867840e+02,3.600000e+03,1.600000e+00,0.000000e+00
2.625000e+01,9.201115e+01,3.132762e+02,-3.106482e+01,1.000542e+01,2.267680e+02,9.867680e+02,3.600000e+03,1.600000e+00,0.000000e+00
2.626000e+01,9.170064e+01,3.133763e+02,-3.104454e+01,1.000542e+01,2.267520e+02,9.867520e+02,3.600000e+03,1.600000e+00,0.000000e+00
2.627000e+01,9.139040e+01,3.134763e+02,-3.102425e+01,1.000542e+01,2.267360e+02,9.867360e+02,3.600000e+03,1.600000e+00,0.000000e+00
2.628000e+01,9.108029e+01,3.135764e+02,-3.100397e+01,1.000542e+01,2.267200e+02,9.867200e+02,3.600000e+03,1.600000e+00,0.000000e+00
2.629000e+01,9.077045e+01,3.136764e+02,-3.098368e+01,1.000542e+01,2.267040e+02,9.867040e+02,3.600000e+03,1.600000e+00,0.000000e+00
2.630000e+01,9.046075e+01,3.137765e+02,-3.096340e+01,1.000542e+01,2.266880e+02,9.866880e+02,3.600000e+03,1.600000e+00,0.000000e+00
2.631000e+01,9.015132e+01,3.138766e+02,-3.094311e+01,1.000542e+01,2.266720e+02,9.866720e+02,3.600000e+03,1.600000e+00,0.000000e+00
2.632000e+01,8.984203e+01,3.139766e+02,-3.092282e+01,1.000542e+01,2.266560e+02,9.866560e+02,3.600000e+03,1.600000e+00,0.000000e+00
2.633000e+01,8.953300e+01,3.140767e+02,-3.090254e+01,1.000542e+01,2.266400e+02,9.866400e+02,3.600000e+03,1.600000e+00,0.000000e+00
2.634000e+01,8.922411e+01,3.141767e+02,-3.088225e+01,1.000542e+01,2.266240e+02,9.866240e+02,3.600000e+03,1.600000e+00,0.000000e+00
2.635000e+01,8.891549e+01,3.142768e+02,-3.086198e+01,1.000425e+01,2.266080e+02,9.866080e+02,3.600000e+03,1.600000e+00,-3.200000e-02
2.636000e+01,8.860701e+01,3.143768e+02,-3.084171e+01,1.000308e+01,2.265920e+02,9.865920e+02,3.600000e+03,1.600000e+00,-3.200000e-02
2.637000e+01,8.829879e+01,3.144768e+02,-3.082149e+01,1.000075e+01,2.265760e+02,9.865760e+02,3.600000e+03,1.600000e+00,-6.400000e-02
2.638000e+01,8.799071e+01,3.145768e+02,-3.080128e+01,9.998413e+00,2.265600e+02,9.865600e+02,3.600000e+03,1.600000e+00,-6.400000e-02
2.639000e+01,8.768290e+01,3.146767e+02,-3.078116e+01,9.994915e+00,2.265440e+02,9.865440e+02,3.600000e+03,1.600000e+00,-9.600000e-02
2.640000e+01,8.737522e+01,3.147767e+02,-3.076103e+01,9.991418e+00,2.265280e+02,9.865280e+02,3.600000e+03,1.600000e+00,-9.600000e-02
2.641000e+01,8.706781e+01,3.148765e+02,-3.074104e+01,9.986759e+00,2.265120e+02,9.865120e+02,3.600000e+03,1.600000e+00,-1.280000e-01
2.642000e+01,8.676053e+01,3.149764e+02,-3.072104e+01,9.982101e+00,2.264960e+02,9.864960e+02,3.600000e+03,1.600000e+00,-1.280000e-01
2.643000e+01,8.645352e+01,3.150761e+02,-3.070122e+01,9.976287e+00,2.264800e+02,9.864800e+02,3.600000e+03,1.600000e+00,-1.600000e-01
2.644000e+01,8.614664e+01,3.151759e+02,-3.068139e+01,9.970473e+00,2.264640e+02,9.864640e+02,3.600000e+03,1.600000e+00,-1.600000e-01
2.645000e+01,8.584002e+01,3.152755e+02,-3.066177e+01,9.963509e+00,2.264480e+02,9.864480e+02,3.600000e+03,1.600000e+00,-1.920000e-01
2.646000e+01,8.553354e+01,3.153751e+02,-3.064214e+01,9.956545e+00,2.264320e+02,9.864320e+02,3.600000e+03,1.600000e+00,-1.920000e-01
2.647000e+01,8.522731e+01,3.154746e+02,-3.062276e+01,9.948438e+00,2.264160e+02,9.864160e+02,3.600000e+03,1.600000e+00,-2.240000e-01
2.648000e+01,8.492121e+01,3.155740e+02,-3.060337e+01,9.940331e+00,2.264000e+02,9.864000e+02,3.600000e+03,1.600000e+00,-2.240000e-01
2.649000e+01,8.461537e+01,3.156733e+02,-3.058426e+01,9.931090e+00,2.263840e+02,9.863840e+02,3.600000e+03,1.600000e+00,-2.560000e-01
2.650000e+01,8.430965e+01,3.157726e+02,-3.056516e+01,9.921848e+00,2.263680e+02,9.863680e+02,3.600000e+03,1.600000e+00,-2.560000e-01
2.651000e+01,8.400419e+01,3.158717e+02,-3.054636e+01,9.911481e+00,2.263520e+02,9.863520e+02,3.600000e+03,1.600000e+00,-2.880000e-01
2.652000e+01,8.369885e+01,3.159707e+02,-3.052757e+01,9.901114e+00,2.263360e+02,9.863360e+02,3.600000e+03,1.600000e+00,-2.880000e-01
2.653000e+01,8.339376e+01,3.160696e+02,-3.050912e+01,9.889633e+00,2.263200e+02,9.863200e+02,3.600000e+03,1.600000e+00,-3.200000e-01
2.654000e+01,8.308879e+01,3.161684e+02,-3.049067e+01,9.878151e+00,2.263040e+02,9.863040e+02,3.600000e+03,1.600000e+00,-3.200000e-01
2.655000e+01,8.278407e+01,3.162671e+02,-3.047261e+01,9.865567e+00,2.262880e+02,9.862880e+02,3.600000e+03,1.600000e+00,-3.520000e-01
2.656000e+01,8.247946e+01,3.163657e+02,-3.045455e+01,9.852982e+00,2.262720e+02,9.862720e+02,3.600000e+03,1.600000e+00,-3.520000e-01
2.657000e+01,8.217509e+01,3.164641e+02,-3.043690e+01,9.839307e+00,2.262560e+02,9.862560e+02,3.600000e+03,1.600000e+00,-3.840000e-01
2.658000e+01,8.187084e+01,3.165624e+02,-3.041926e+01,9.825633e+00,2.262400e+02,9.862400e+02,3.600000e+03,1.600000e+00,-3.840000e-01
2.659000e+01,8.156682e+01,3.166605e+02,-3.040207e+01,9.810882e+00,2.262240e+02,9.862240e+02,3.600000e+03,1.600000e+00,-4.160000e-01
2.660000e+01,8.126291e+01,3.167585e+02,-3.038488e+01,9.796130e+00,2.262080e+02,9.862080e+02,3.600000e+03,1.600000e+00,-4.160000e-01
2.661000e+01,8.095923e+01,3.168563e+02,-3.036818e+01,9.780318e+00,2.261920e+02,9.861920e+02,3.600000e+03,1.600000e+00,-4.480000e-01
2.662000e+01,8.065566e+01,3.169540e+02,-3.035148e+01,9.764506e+00,2.261760e+02,9.861760e+02,3.600000e+03,1.600000e+00,-4.480000e-01
2.663000e+01,8.035231e+01,3.170515e+02,-3.033530e+01,9.747648e+00,2.261600e+02,9.861600e+02,3.600000e+03,1.600000e+00,-4.800000e-01
2.664000e+01,8.004906e+01,3.171488e+02,-3.031912e+01,9.730791e+00,2.261440e+02,9.861440e+02,3.600000e+03,1.600000e+00,-4.800000e-01
2.665000e+01,7.974603e+01,3.172459e+02,-3.030349e+01,9.712906e+00,2.261280e+02,9.861280e+02,3.600000e+03,1.600000e+00,-5.120000e-01
2.666000e+01,7.944310e+01,3.173430e+02,-3.028787e+01,9.695020e+00,2.261120e+02,9.861120e+02,3.600000e+03,1.600000e+00,-5.120000e-01
2.667000e+01,7.914037e+01,3.174397e+02,-3.027283e+01,9.676125e+00,2.260960e+02,9.860960e+02,3.600000e+03,1.600000e+00,-5.440000e-01
2.668000e+01,7.883774e+01,3.175364e+02,-3.025779e+01,9.657230e+00,2.260800e+02,9.860800e+02,3.600000e+03,1.600000e+00,-5.440000e-01
2.669000e+01,7.853531e+01,3.176327e+02,-3.024287e+01,9.638147e+00,2.260640e+02,9.860640e+02,3.600000e+03,1.600000e+00,-5.500000e-01
2.670000e+01,7.823298e+01,3.177290e+02,-3.022794e+01,9.619064e+00,2.260480e+02,9.860480e+02,3.600000e+03,1.600000e+00,-5.500000e-01
2.671000e+01,7.793085e+01,3.178250e+02,-3.021302e+01,9.599981e+00,2.260320e+02,9.860320e+02,3.600000e+03,1.600000e+00,-5.500000e-01
2.672000e+01,7.762882e+01,3.179209e+02,-3.019809e+01,9.580898e+00,2.260160e+02,9.860160e+02,3.600000e+03,1.600000e+00,-5.500000e-01
2.673000e+01,7.732699e+01,3.180165e+02,-3.018316e+01,9.561814e+00,2.260000e+02,9.860000e+02,3.600000e+03,1.600000e+00,-5.500000e-01
2.674000e+01,7.702526e+01,3.181120e+02,-3.016824e+01,9.542730e+00,2.259840e+02,9.859840e+02,3.600000e+03,1.600000e+00,-5.500000e-01
2.675000e+01,7.672373e+01,3.182072e+02,-3.015331e+01,9.523645e+00,2.259680e+02,9.859680e+02,3.600000e+03,1.600000e+00,-5.500000e-01
2.676000e+01,7.642229e+01,3.183023e+02,-3.013838e+01,9.504560e+00,2.259520e+02,9.859520e+02,3.600000e+03,1.600000e+00,-5.500000e-01
2.677000e+01,7.612106e+01,3.183972e+02,-3.012345e+01,9.485475e+00,2.259360e+02,9.859360e+02,3.600000e+03,1.600000e+00,-5.500000e-01
2.678000e+01,7.581992e+01,3.184919e+02,-3.010852e+01,9.466390e+00,2.259200e+02,9.859200e+02,3.600000e+03,1.600000e+00,-5.500000e-01
2.679000e+01,7.551899e+01,3.185864e+02,-3.009359e+01,9.447304e+00,2.259040e+02,9.859040e+02,3.600000e+03,1.600000e+00,-5.500000e-01
2.680000e+01,7.521815e+01,3.186807e+02,-3.007866e+01,9.428218e+00,2.258880e+02,9.858880e+02,3.600000e+03,1.600000e+00,-5.500000e-01
2.681000e+01,7.491751e+01,3.187748e+02,-3.006373e+01,9.409132e+00,2.258720e+02,9.858720e+02,3.600000e+03,1.600000e+00,-5.500000e-01
2.682000e+01,7.461697e+01,3.188688e+02,-3.004880e+01,9.390045e+00,2.258560e+02,9.858560e+02,3.600000e+03,1.600000e+00,-5.500000e-01
2.683000e+01,7.431664e+01,3.189625e+02,-3.003387e+01,9.370958e+00,2.258400e+02,9.858400e+02,3.600000e+03,1.600000e+00,-5.500000e-01
2.684000e+01,7.401640e+01,3.190561e+02,-3.001894e+01,9.351871e+00,2.258240e+02,9.858240e+02,3.600000e+03,1.600000e+00,-5.500000e-01
2.685000e+01,7.371636e+01,3.191494e+02,-3.000401e+01,9.332783e+00,2.258080e+02,9.858080e+02,3.600000e+03,1.600000e+00,-5.500000e-01
2.686000e+01,7.341642e+01,3.192426e+02,-2.998907e+01,9.313695e+00,2.257920e+02,9.857920e+02,3.600000e+03,1.600000e+00,-5.500000e-01
2.687000e+01,7.311667e+01,3.193355e+02,-2.997414e+01,9.294607e+00,2.257760e+02,9.857760e+02,3.600000e+03,1.600000e+00,-5.500000e-01
2.688000e+01,7.281703e+01,3.194284e+02,-2.995920e+01,9.275519e+00,2.257600e+02,9.857600e+02,3.600000e+03,1.600000e+00,-5.500000e-01
2.689000e+01,7.251759e+01,3.195209e+02,-2.994427e+01,9.256430e+00,2.257440e+02,9.857440e+02,3.600000e+03,1.600000e+00,-5.500000e-01
2.690000e+01,7.221825e+01,3.196134e+02,-2.992933e+01,9.237341e+00,2.257280e+02,9.857280e+02,3.600000e+03,1.600000e+00,-5.500000e-01
2.691000e+01,7.191910e+01,3.197055e+02,-2.991440e+01,9.218251e+00,2.257120e+02,9.857120e+02,3.600000e+03,1.600000e+00,-5.500000e-01
2.692000e+01,7.162006e+01,3.197976e+02,-2.989946e+01,9.199162e+00,2.256960e+02,9.856960e+02,3.600000e+03,1.600000e+00,-5.500000e-01
2.693000e+01,7.132121e+01,3.198894e+02,-2.988453e+01,9.180071e+00,2.256800e+02,9.856800e+02,3.600000e+03,1.600000e+00,-5.500000e-01
2.694000e+01,7.102247e+01,3.199811e+02,-2.986959e+01,9.160981e+00,2.256640e+02,9.856640e+02,3.600000e+03,1.600000e+00,-5.500000e-01
2.695000e+01,7.072392e+01,3.200725e+02,-2.985465e+01,9.141890e+00,2.256480e+02,9.856480e+02,3.600000e+03,1.600000e+00,-5.500000e-01
2.696000e+01,7.042547e+01,3.201638e+02,-2.983971e+01,9.122799e+00,2.256320e+02,9.856320e+02,3.600000e+03,1.600000e+00,-5.500000e-01
2.697000e+01,7.012723e+01,3.202548e+02,-2.982477e+01,9.103708e+00,2.256160e+02,9.856160e+02,3.600000e+03,1.600000e+00,-5.500000e-01
2.698000e+01,6.982908e+01,3.203457e+02,-2.980984e+01,9.084617e+00,2.256000e+02,9.856000e+02,3.600000e+03,1.600000e+00,-5.500000e-01
2.699000e+01,6.953113e+01,3.204364e+02,-2.979490e+01,9.065525e+00,2.255840e+02,9.855840e+02,3.600000e+03,1.600000e+00,-5.500000e-01
2.700000e+01,6.923328e+01,3.205269e+02,-2.977996e+01,9.046432e+00,2.255680e+02,9.855680e+02,3.600000e+03,1.600000e+00,-5.500000e-01
2.701000e+01,6.893563e+01,3.206172e+02,-2.976501e+01,9.027340e+00,2.255520e+02,9.855520e+02,3.600000e+03,1.600000e+00,-5.500000e-01
2.702000e+01,6.863808e+01,3.207073e+02,-2.975007e+01,9.008247e+00,2.255360e+02,9.855360e+02,3.600000e+03,1.600000e+00,-5.500000e-01
2.703000e+01,6.834073e+01,3.207972e+02,-2.973513e+01,8.989154e+00,2.255200e+02,9.855200e+02,3.600000e+03,1.600000e+00,-5.500000e-01
2.704000e+01,6.804348e+01,3.208870e+02,-2.972019e+01,8.970060e+00,2.255040e+02,9.855040e+02,3.600000e+03,1.600000e+00,-5.500000e-01
2.705000e+01,6.774642e+01,3.209765e+02,-2.970525e+01,8.950967e+00,2.254880e+02,9.854880e+02,3.600000e+03,1.600000e+00,-5.500000e-01
2.706000e+01,6.744947e+01,3.210659e+02,-2.969030e+01,8.931873e+00,2.254720e+02,9.854720e+02,3.600000e+03,1.600000e+00,-5.500000e-01
2.707000e+01,6.715272e+01,3.211550e+02,-2.967536e+01,8.912778e+00,2.254560e+02,9.854560e+02,3.600000e+03,1.600000e+00,-5.500000e-01
2.708000e+01,6.685606e+01,3.212440e+02,-2.966042e+01,8.893683e+00,2.254400e+02,9.854400e+02,3.600000e+03,1.600000e+00,-5.500000e-01
2.709000e+01,6.655961e+01,3.213328e+02,-2.964547e+01,8.874588e+00,2.254240e+02,9.854240e+02,3.600000e+03,1.600000e+00,-5.500000e-01
2.710000e+01,6.626325e+01,3.214214e+02,-2.963053e+01,8.855493e+00,2.254080e+02,9.854080e+02,3.600000e+03,1.600000e+00,-5.500000e-01
2.711000e+01,6.596710e+01,3.215097e+02,-2.961558e+01,8.836397e+00,2.253920e+02,9.853920e+02,3.600000e+03,1.600000e+00,-5.500000e-01
2.712000e+01,6.567104e+01,3.215980e+02,-2.960063e+01,8.817301e+00,2.253760e+02,9.853760e+02,3.600000e+03,1.600000e+00,-5.500000e-01
2.713000e+01,6.537518e+01,3.216860e+02,-2.958569e+01,8.798205e+00,2.253600e+02,9.853600e+02,3.600000e+03,1.600000e+00,-5.500000e-01
2.714000e+01,6.507943e+01,3.217738e+02,-2.957074e+01,8.779109e+00,2.253440e+02,9.853440e+02,3.600000e+03,1.600000e+00,-5.500000e-01
2.715000e+01,6.478387e+01,3.218614e+02,-2.955579e+01,8.760012e+00,2.253280e+02,9.853280e+02,3.600000e+03,1.600000e+00,-5.500000e-01
2.716000e+01,6.448841e+01,3.219489e+02,-2.954084e+01,8.740915e+00,2.253120e+02,9.853120e+02,3.600000e+03,1.600000e+00,-5.500000e-01
2.717000e+01,6.419315e+01,3.220361e+02,-2.952589e+01,8.721817e+00,2.252960e+02,9.852960e+02,3.600000e+03,1.600000e+00,-5.500000e-01
2.718000e+01,6.389799e+01,3.221232e+02,-2.951095e+01,8.702719e+00,2.252800e+02,9.852800e+02,3.600000e+03,1.600000e+00,-5.500000e-01
2.719000e+01,6.360303e+01,3.222100e+02,-2.949600e+01,8.683621e+00,2.252640e+02,9.852640e+02,3.600000e+03,1.600000e+00,-5.500000e-01
2.720000e+01,6.330817e+01,3.222967e+02,-2.948104e+01,8.664523e+00,2.252480e+02,9.852480e+02,3.600000e+03,1.600000e+00,-5.500000e-01
2.721000e+01,6.301351e+01,3.223832e+02,-2.946609e+01,8.645424e+00,2.252320e+02,9.852320e+02,3.600000e+03,1.600000e+00,-5.500000e-01
2.722000e+01,6.271895e+01,3.224695e+02,-2.945114e+01,8.626325e+00,2.252160e+02,9.852160e+02,3.600000e+03,1.600000e+00,-5.500000e-01
2.723000e+01,6.242459e+01,3.225556e+02,-2.943619e+01,8.607226e+00,2.252000e+02,9.852000e+02,3.600000e+03,1.600000e+00,-5.500000e-01
2.724000e+01,6.213033e+01,3.226415e+02,-2.942124e+01,8.588126e+00,2.251840e+02,9.851840e+02,3.600000e+03,1.600000e+00,-5.500000e-01
2.725000e+01,6.183626e+01,3.227272e+02,-2.940629e+01,8.569026e+00,2.251680e+02,9.851680e+02,3.600000e+03,1.600000e+00,-5.500000e-01
2.726000e+01,6.154230e+01,3.228128e+02,-2.939133e+01,8.549926e+00,2.251520e+02,9.851520e+02,3.600000e+03,1.600000e+00,-5.500000e-01
2.727000e+01,6.124854e+01,3.228981e+02,-2.937638e+01,8.530825e+00,2.251360e+02,9.851360e+02,3.600000e+03,1.600000e+00,-5.500000e-01
2.728000e+01,6.095487e+01,3.229833e+02,-2.936142e+01,8.511724e+00,2.251200e+02,9.851200e+02,3.600000e+03,1.600000e+00,-5.500000e-01
2.729000e+01,6.066141e+01,3.230682e+02,-2.934647e+01,8.492623e+00,2.251040e+02,9.851040e+02,3.600000e+03,1.600000e+00,-5.500000e-01
2.730000e+01,6.036804e+01,3.231530e+02,-2.933151e+01,8.473521e+00,2.250880e+02,9.850880e+02,3.600000e+03,1.600000e+00,-5.500000e-01
2.731000e+01,6.007488e+01,3.232375e+02,-2.931656e+01,8.454419e+00,2.250720e+02,9.850720e+02,3.600000e+03,1.600000e+00,-5.500000e-01
2.732000e+01,5.978181e+01,3.233220e+02,-2.930160e+01,8.435317e+00,2.250560e+02,9.850560e+02,3.600000e+03,1.600000e+00,-5.500000e-01
2.733000e+01,5.948895e+01,3.234061e+02,-2.928664e+01,8.416215e+00,2.250400e+02,9.850400e+02,3.600000e+03,1.600000e+00,-5.500000e-01
2.734000e+01,5.919618e+01,3.234902e+02,-2.927169e+01,8.397112e+00,2.250240e+02,9.850240e+02,3.600000e+03,1.600000e+00,-5.500000e-01
2.735000e+01,5.890361e+01,3.235739e+02,-2.925673e+01,8.378009e+00,2.250080e+02,9.850080e+02,3.600000e+03,1.600000e+00,-5.500000e-01
2.736000e+01,5.861114e+01,3.236576e+02,-2.924177e+01,8.358906e+00,2.249920e+02,9.849920e+02,3.600000e+03,1.600000e+00,-5.500000e-01
2.737000e+01,5.831888e+01,3.237410e+02,-2.922681e+01,8.339802e+00,2.249760e+02,9.849760e+02,3.600000e+03,1.600000e+00,-5.500000e-01
2.738000e+01,5.802671e+01,3.238243e+02,-2.921185e+01,8.320698e+00,2.249600e+02,9.849600e+02,3.600000e+03,1.600000e+00,-5.500000e-01
2.739000e+01,5.773474e+01,3.239073e+02,-2.919689e+01,8.301594e+00,2.249440e+02,9.849440e+02,3.600000e+03,1.600000e+00,-5.500000e-01
2.740000e+01,5.744287e+01,3.239902e+02,-2.918193e+01,8.282489e+00,2.249280e+02,9.849280e+02,3.600000e+03,1.600000e+00,-5.500000e-01
2.741000e+01,5.715120e+01,3.240728e+02,-2.916697e+01,8.263384e+00,2.249120e+02,9.849120e+02,3.600000e+03,1.600000e+00,-5.500000e-01
2.742000e+01,5.685963e+01,3.241553e+02,-2.915201e+01,8.244279e+00,2.248960e+02,9.848960e+02,3.600000e+03,1.600000e+00,-5.500000e-01
2.743000e+01,5.656826e+01,3.242376e+02,-2.913705e+01,8.225173e+00,2.248800e+02,9.848800e+02,3.600000e+03,1.600000e+00,-5.500000e-01
2.744000e+01,5.627699e+01,3.243197e+02,-2.912209e+01,8.206067e+00,2.248640e+02,9.848640e+02,3.600000e+03,1.600000e+00,-5.500000e-01
2.745000e+01,5.598592e+01,3.244016e+02,-2.910712e+01,8.186961e+00,2.248480e+02,9.848480e+02,3.600000e+03,1.600000e+00,-5.500000e-01
2.746000e+01,5.569495e+01,3.244833e+02,-2.909216e+01,8.167855e+00,2.248320e+02,9.848320e+02,3.600000e+03,1.600000e+00,-5.500000e-01
2.747000e+01,5.540417e+01,3.245648e+02,-2.907719e+01,8.148748e+00,2.248160e+02,9.848160e+02,3.600000e+03,1.600000e+00,-5.500000e-01
2.748000e+01,5.511350e+01,3.246461e+02,-2.906223e+01,8.129641e+00,2.248000e+02,9.848000e+02,3.600000e+03,1.600000e+00,-5.500000e-01
2.749000e+01,5.482303e+01,3.247272e+02,-2.904727e+01,8.110533e+00,2.247840e+02,9.847840e+02,3.600000e+03,1.600000e+00,-5.500000e-01
2.750000e+01,5.453266e+01,3.248082e+02,-2.903230e+01,8.091426e+00,2.247680e+02,9.847680e+02,3.600000e+03,1.600000e+00,-5.500000e-01
2.751000e+01,5.424248e+01,3.248890e+02,-2.901733e+01,8.072317e+00,2.247520e+02,9.847520e+02,3.600000e+03,1.600000e+00,-5.500000e-01
2.752000e+01,5.395241e+01,3.249695e+02,-2.900237e+01,8.053209e+00,2.247360e+02,9.847360e+02,3.600000e+03,1.600000e+00,-5.500000e-01
2.753000e+01,5.366253e+01,3.250499e+02,-2.898740e+01,8.034100e+00,2.247200e+02,9.847200e+02,3.600000e+03,1.600000e+00,-5.500000e-01
2.754000e+01,5.337276e+01,3.251301e+02,-2.897243e+01,8.014992e+00,2.247040e+02,9.847040e+02,3.600000e+03,1.600000e+00,-5.500000e-01
2.755000e+01,5.308319e+01,3.252101e+02,-2.895746e+01,7.995882e+00,2.246880e+02,9.846880e+02,3.600000e+03,1.600000e+00,-5.500000e-01
2.756000e+01,5.279371e+01,3.252899e+02,-2.894250e+01,7.976773e+00,2.246720e+02,9.846720e+02,3.600000e+03,1.600000e+00,-5.500000e-01
2.757000e+01,5.250444e+01,3.253695e+02,-2.892753e+01,7.957663e+00,2.246560e+02,9.846560e+02,3.600000e+03,1.600000e+00,-5.500000e-01
2.758000e+01,5.221526e+01,3.254489e+02,-2.891256e+01,7.938553e+00,2.246400e+02,9.846400e+02,3.600000e+03,1.600000e+00,-5.500000e-01
2.759000e+01,5.192628e+01,3.255281e+02,-2.889759e+01,7.919442e+00,2.246240e+02,9.846240e+02,3.600000e+03,1.600000e+00,-5.500000e-01
2.760000e+01,5.163741e+01,3.256072e+02,-2.888262e+01,7.900331e+00,2.246080e+02,9.846080e+02,3.600000e+03,1.600000e+00,-5.500000e-01
2.761000e+01,5.134873e+01,3.256860e+02,-2.886765e+01,7.881220e+00,2.245920e+02,9.845920e+02,3.600000e+03,1.600000e+00,-5.500000e-01
2.762000e+01,5.106016e+01,3.257647e+02,-2.885267e+01,7.862109e+00,2.245760e+02,9.845760e+02,3.600000e+03,1.600000e+00,-5.500000e-01
2.763000e+01,5.077178e+01,3.258431e+02,-2.883770e+01,7.842997e+00,2.245600e+02,9.845600e+02,3.600000e+03,1.600000e+00,-5.500000e-01
2.764000e+01,5.048350e+01,3.259214e+02,-2.882273e+01,7.823885e+00,2.245440e+02,9.845440e+02,3.600000e+03,1.600000e+00,-5.500000e-01
2.765000e+01,5.019542e+01,3.259995e+02,-2.880776e+01,7.804772e+00,2.245280e+02,9.845280e+02,3.600000e+03,1.600000e+00,-5.500000e-01
2.766000e+01,4.990745e+01,3.260774e+02,-2.879278e+01,7.785660e+00,2.245120e+02,9.845120e+02,3.600000e+03,1.600000e+00,-5.500000e-01
2.767000e+01,4.961967e+01,3.261550e+02,-2.877781e+01,7.766546e+00,2.244960e+02,9.844960e+02,3.600000e+03,1.600000e+00,-5.500000e-01
2.768000e+01,4.933199e+01,3.262326e+02,-2.876283e+01,7.747433e+00,2.244800e+02,9.844800e+02,3.600000e+03,1.600000e+00,-5.500000e-01
2.769000e+01,4.904451e+01,3.263099e+02,-2.874786e+01,7.728320e+00,2.244640e+02,9.844640e+02,3.600000e+03,1.600000e+00,-5.500000e-01
2.770000e+01,4.875713e+01,3.263870e+02,-2.873288e+01,7.709206e+00,2.244480e+02,9.844480e+02,3.600000e+03,1.600000e+00,-5.500000e-01
2.771000e+01,4.846995e+01,3.264639e+02,-2.871791e+01,7.690091e+00,2.244320e+02,9.844320e+02,3.600000e+03,1.600000e+00,-5.500000e-01
2.772000e+01,4.818287e+01,3.265407e+02,-2.870293e+01,7.670977e+00,2.244160e+02,9.844160e+02,3.600000e+03,1.600000e+00,-5.500000e-01
2.773000e+01,4.789599e+01,3.266172e+02,-2.868795e+01,7.651862e+00,2.244000e+02,9.844000e+02,3.600000e+03,1.600000e+00,-5.500000e-01
2.774000e+01,4.760921e+01,3.266936e+02,-2.867298e+01,7.632747e+00,2.243840e+02,9.843840e+02,3.600000e+03,1.600000e+00,-5.500000e-01
2.775000e+01,4.732263e+01,3.267697e+02,-2.865800e+01,7.613631e+00,2.243680e+02,9.843680e+02,3.600000e+03,1.600000e+00,-5.500000e-01
2.776000e+01,4.703615e+01,3.268457e+02,-2.864302e+01,7.594515e+00,2.243520e+02,9.843520e+02,3.600000e+03,1.600000e+00,-5.500000e-01
2.777000e+01,4.674987e+01,3.269215e+02,-2.862804e+01,7.575399e+00,2.243360e+02,9.843360e+02,3.600000e+03,1.600000e+00,-5.500000e-01
2.778000e+01,4.646369e+01,3.269971e+02,-2.861306e+01,7.556283e+00,2.243200e+02,9.843200e+02,3.600000e+03,1.600000e+00,-5.500000e-01
2.779000e+01,4.617771e+01,3.270725e+02,-2.859808e+01,7.537166e+00,2.243040e+02,9.843040e+02,3.600000e+03,1.600000e+00,-5.500000e-01
2.780000e+01,4.589183e+01,3.271477e+02,-2.858310e+01,7.518049e+00,2.242880e+02,9.842880e+02,3.600000e+03,1.600000e+00,-5.500000e-01
2.781000e+01,4.560615e+01,3.272227e+02,-2.856812e+01,7.498932e+00,2.242720e+02,9.842720e+02,3.600000e+03,1.600000e+00,-5.500000e-01
2.782000e+01,4.532057e+01,3.272976e+02,-2.855314e+01,7.479814e+00,2.242560e+02,9.842560e+02,3.600000e+03,1.600000e+00,-5.500000e-01
2.783000e+01,4.503519e+01,3.273722e+02,-2.853815e+01,7.460696e+00,2.242400e+02,9.842400e+02,3.600000e+03,1.600000e+00,-5.500000e-01
2.784000e+01,4.474991e+01,3.274467e+02,-2.852317e+01,7.441578e+00,2.242240e+02,9.842240e+02,3.600000e+03,1.600000e+00,-5.500000e-01
2.785000e+01,4.446482e+01,3.275209e+02,-2.850819e+01,7.422459e+00,2.242080e+02,9.842080e+02,3.600000e+03,1.600000e+00,-5.500000e-01
2.786000e+01,4.417984e+01,3.275950e+02,-2.849320e+01,7.403340e+00,2.241920e+02,9.841920e+02,3.600000e+03,1.600000e+00,-5.500000e-01
2.787000e+01,4.389506e+01,3.276688e+02,-2.847822e+01,7.384221e+00,2.241760e+02,9.841760e+02,3.600000e+03,1.600000e+00,-5.500000e-01
2.788000e+01,4.361038e+01,3.277426e+02,-2.846323e+01,7.365101e+00,2.241600e+02,9.841600e+02,3.600000e+03,1.600000e+00,-5.500000e-01
2.789000e+01,4.332590e+01,3.278160e+02,-2.844825e+01,7.345981e+00,2.241440e+02,9.841440e+02,3.600000e+03,1.600000e+00,-5.500000e-01
2.790000e+01,4.304151e+01,3.278894e+02,-2.843326e+01,7.326861e+00,2.241280e+02,9.841280e+02,3.600000e+03,1.600000e+00,-5.500000e-01
2.791000e+01,4.275733e+01,3.279624e+02,-2.841828e+01,7.307741e+00,2.241120e+02,9.841120e+02,3.600000e+03,1.600000e+00,-5.500000e-01
2.792000e+01,4.247325e+01,3.280354e+02,-2.840329e+01,7.288620e+00,2.240960e+02,9.840960e+02,3.600000e+03,1.600000e+00,-5.500000e-01
2.793000e+01,4.218936e+01,3.281081e+02,-2.838830e+01,7.269499e+00,2.240800e+02,9.840800e+02,3.600000e+03,1.600000e+00,-5.500000e-01
2.794000e+01,4.190558e+01,3.281806e+02,-2.837332e+01,7.250378e+00,2.240640e+02,9.840640e+02,3.600000e+03,1.600000e+00,-5.500000e-01
2.795000e+01,4.162200e+01,3.282530e+02,-2.835833e+01,7.231256e+00,2.240480e+02,9.840480e+02,3.600000e+03,1.600000e+00,-5.500000e-01
2.796000e+01,4.133851e+01,3.283251e+02,-2.834334e+01,7.212134e+00,2.240320e+02,9.840320e+02,3.600000e+03,1.600000e+00,-5.500000e-01
2.797000e+01,4.105523e+01,3.283971e+02,-2.832835e+01,7.193011e+00,2.240160e+02,9.840160e+02,3.600000e+03,1.600000e+00,-5.500000e-01
2.798000e+01,4.077205e+01,3.284689e+02,-2.831336e+01,7.173889e+00,2.240000e+02,9.840000e+02,3.600000e+03,1.600000e+00,-5.500000e-01
2.799000e+01,4.048906e+01,3.285404e+02,-2.829837e+01,7.154766e+00,2.239840e+02,9.839840e+02,3.600000e+03,1.600000e+00,-5.500000e-01
2.800000e+01,4.020618e+01,3.286118e+02,-2.828338e+01,7.135643e+00,2.239680e+02,9.839680e+02,3.600000e+03,1.600000e+00,-5.500000e-01
2.801000e+01,3.992350e+01,3.286830e+02,-2.826839e+01,7.116519e+00,2.239520e+02,9.839520e+02,3.600000e+03,1.600000e+00,-5.500000e-01
2.802000e+01,3.964091e+01,3.287540e+02,-2.825339e+01,7.097395e+00,2.239360e+02,9.839360e+02,3.600000e+03,1.600000e+00,-5.500000e-01
2.803000e+01,3.935853e+01,3.288248e+02,-2.823840e+01,7.078271e+00,2.239200e+02,9.839200e+02,3.600000e+03,1.600000e+00,-5.500000e-01
2.804000e+01,3.907624e+01,3.288955e+02,-2.822341e+01,7.059146e+00,2.239040e+02,9.839040e+02,3.600000e+03,1.600000e+00,-5.500000e-01
2.805000e+01,3.879416e+01,3.289659e+02,-2.820842e+01,7.040022e+00,2.238880e+02,9.838880e+02,3.600000e+03,1.600000e+00,-5.500000e-01
2.806000e+01,3.851218e+01,3.290362e+02,-2.819342e+01,7.020896e+00,2.238720e+02,9.838720e+02,3.600000e+03,1.600000e+00,-5.500000e-01
2.807000e+01,3.823039e+01,3.291062e+02,-2.817843e+01,7.001771e+00,2.238560e+02,9.838560e+02,3.600000e+03,1.600000e+00,-5.500000e-01
2.808000e+01,3.794871e+01,3.291761e+02,-2.816343e+01,6.982645e+00,2.238400e+02,9.838400e+02,3.600000e+03,1.600000e+00,-5.500000e-01
2.809000e+01,3.766722e+01,3.292457e+02,-2.814844e+01,6.963519e+00,2.238240e+02,9.838240e+02,3.600000e+03,1.600000e+00,-5.500000e-01
2.810000e+01,3.738584e+01,3.293152e+02,-2.813344e+01,6.944393e+00,2.238080e+02,9.838080e+02,3.600000e+03,1.600000e+00,-5.500000e-01
2.811000e+01,3.710465e+01,3.293845e+02,-2.811845e+01,6.925266e+00,2.237920e+02,9.837920e+02,3.600000e+03,1.600000e+00,-5.500000e-01
2.812000e+01,3.682357e+01,3.294536e+02,-2.810345e+01,6.906139e+00,2.237760e+02,9.837760e+02,3.600000e+03,1.600000e+00,-5.500000e-01
2.813000e+01,3.654269e+01,3.295225e+02,-2.808845e+01,6.887012e+00,2.237600e+02,9.837600e+02,3.600000e+03,1.600000e+00,-5.500000e-01
2.814000e+01,3.626190e+01,3.295912e+02,-2.807345e+01,6.867884e+00,2.237440e+02,9.837440e+02,3.600000e+03,1.600000e+00,-5.500000e-01
2.815000e+01,3.598132e+01,3.296597e+02,-2.805845e+01,6.848756e+00,2.237280e+02,9.837280e+02,3.600000e+03,1.600000e+00,-5.500000e-01
2.816000e+01,3.570083e+01,3.297280e+02,-2.804346e+01,6.829628e+00,2.237120e+02,9.837120e+02,3.600000e+03,1.600000e+00,-5.500000e-01
2.817000e+01,3.542055e+01,3.297961e+02,-2.802846e+01,6.810499e+00,2.236960e+02,9.836960e+02,3.600000e+03,1.600000e+00,-5.500000e-01
2.818000e+01,3.514036e+01,3.298641e+02,-2.801346e+01,6.791371e+00,2.236800e+02,9.836800e+02,3.600000e+03,1.600000e+00,-5.500000e-01
2.819000e+01,3.486038e+01,3.299318e+02,-2.799846e+01,6.772241e+00,2.236640e+02,9.836640e+02,3.600000e+03,1.600000e+00,-5.500000e-01
2.820000e+01,3.458049e+01,3.299994e+02,-2.798345e+01,6.753112e+00,2.236480e+02,9.836480e+02,3.600000e+03,1.600000e+00,-5.500000e-01
2.821000e+01,3.430081e+01,3.300668e+02,-2.796845e+01,6.733982e+00,2.236320e+02,9.836320e+02,3.600000e+03,1.600000e+00,-5.500000e-01
2.822000e+01,3.402122e+01,3.301340e+02,-2.795345e+01,6.714852e+00,2.236160e+02,9.836160e+02,3.600000e+03,1.600000e+00,-5.500000e-01
2.823000e+01,3.374184e+01,3.302010e+02,-2.793845e+01,6.695721e+00,2.236000e+02,9.836000e+02,3.600000e+03,1.600000e+00,-5.500000e-01
2.824000e+01,3.346256e+01,3.302678e+02,-2.792345e+01,6.676591e+00,2.235840e+02,9.835840e+02,3.600000e+03,1.600000e+00,-5.500000e-01
2.825000e+01,3.318347e+01,3.303344e+02,-2.790844e+01,6.657460e+00,2.235680e+02,9.835680e+02,3.600000e+03,1.600000e+00,-5.500000e-01
2.826000e+01,3.290449e+01,3.304008e+02,-2.789344e+01,6.638328e+00,2.235520e+02,9.835520e+02,3.600000e+03,1.600000e+00,-5.500000e-01
2.827000e+01,3.262570e+01,3.304670e+02,-2.787843e+01,6.619197e+00,2.235360e+02,9.835360e+02,3.600000e+03,1.600000e+00,-5.500000e-01
2.828000e+01,3.234702e+01,3.305331e+02,-2.786343e+01,6.600065e+00,2.235200e+02,9.835200e+02,3.600000e+03,1.600000e+00,-5.500000e-01
2.829000e+01,3.206853e+01,3.305989e+02,-2.784842e+01,6.580932e+00,2.235040e+02,9.835040e+02,3.600000e+03,1.600000e+00,-5.500000e-01
2.830000e+01,3.179015e+01,3.306646e+02,-2.783342e+01,6.561800e+00,2.234880e+02,9.834880e+02,3.600000e+03,1.600000e+00,-5.500000e-01
2.831000e+01,3.151197e+01,3.307300e+02,-2.781841e+01,6.542667e+00,2.234720e+02,9.834720e+02,3.600000e+03,1.600000e+00,-5.500000e-01
2.832000e+01,3.123388e+01,3.307953e+02,-2.780340e+01,6.523534e+00,2.234560e+02,9.834560e+02,3.600000e+03,1.600000e+00,-5.500000e-01
2.833000e+01,3.095600e+01,3.308603e+02,-2.778840e+01,6.504400e+00,2.234400e+02,9.834400e+02,3.600000e+03,1.600000e+00,-5.500000e-01
2.834000e+01,3.067821e+01,3.309252e+02,-2.777339e+01,6.485266e+00,2.234240e+02,9.834240e+02,3.600000e+03,1.600000e+00,-5.500000e-01
2.835000e+01,3.040063e+01,3.309899e+02,-2.775838e+01,6.466132e+00,2.234080e+02,9.834080e+02,3.600000e+03,1.600000e+00,-5.500000e-01
2.836000e+01,3.012315e+01,3.310544e+02,-2.774337e+01,6.446998e+00,2.233920e+02,9.833920e+02,3.600000e+03,1.600000e+00,-5.500000e-01
2.837000e+01,2.984586e+01,3.311187e+02,-2.772836e+01,6.427863e+00,2.233760e+02,9.833760e+02,3.600000e+03,1.600000e+00,-5.500000e-01
2.838000e+01,2.956868e+01,3.311829e+02,-2.771335e+01,6.408728e+00,2.233600e+02,9.833600e+02,3.600000e+03,1.600000e+00,-5.500000e-01
2.839000e+01,2.929170e+01,3.312468e+02,-2.769834e+01,6.389592e+00,2.233440e+02,9.833440e+02,3.600000e+03,1.600000e+00,-5.500000e-01
2.840000e+01,2.901481e+01,3.313105e+02,-2.768333e+01,6.370457e+00,2.233280e+02,9.833280e+02,3.600000e+03,1.600000e+00,-5.500000e-01
2.841000e+01,2.873813e+01,3.313740e+02,-2.766832e+01,6.351321e+00,2.233120e+02,9.833120e+02,3.600000e+03,1.600000e+00,-5.500000e-01
2.842000e+01,2.846155e+01,3.314374e+02,-2.765330e+01,6.332184e+00,2.232960e+02,9.832960e+02,3.600000e+03,1.600000e+00,-5.500000e-01
2.843000e+01,2.818516e+01,3.315006e+02,-2.763829e+01,6.313048e+00,2.232800e+02,9.832800e+02,3.600000e+03,1.600000e+00,-5.500000e-01
2.844000e+01,2.790888e+01,3.315636e+02,-2.762328e+01,6.293911e+00,2.232640e+02,9.832640e+02,3.600000e+03,1.600000e+00,-5.500000e-01
2.845000e+01,2.763280e+01,3.316263e+02,-2.760826e+01,6.274773e+00,2.232480e+02,9.832480e+02,3.600000e+03,1.600000e+00,-5.500000e-01
2.846000e+01,2.735681e+01,3.316889e+02,-2.759325e+01,6.255636e+00,2.232320e+02,9.832320e+02,3.600000e+03,1.600000e+00,-5.500000e-01
2.847000e+01,2.708103e+01,3.317513e+02,-2.757824e+01,6.236498e+00,2.232160e+02,9.832160e+02,3.600000e+03,1.600000e+00,-5.500000e-01
2.848000e+01,2.680535e+01,3.318135e+02,-2.756322e+01,6.217360e+00,2.232000e+02,9.832000e+02,3.600000e+03,1.600000e+00,-5.500000e-01
2.849000e+01,2.652987e+01,3.318755e+02,-2.754820e+01,6.198221e+00,2.231840e+02,9.831840e+02,3.600000e+03,1.600000e+00,-5.500000e-01
2.850000e+01,2.625449e+01,3.319374e+02,-2.753319e+01,6.179082e+00,2.231680e+02,9.831680e+02,3.600000e+03,1.600000e+00,-5.500000e-01
2.851000e+01,2.597930e+01,3.319990e+02,-2.751817e+01,6.159943e+00,2.231520e+02,9.831520e+02,3.600000e+03,1.600000e+00,-5.500000e-01
2.852000e+01,2.570422e+01,3.320604e+02,-2.750315e+01,6.140804e+00,2.231360e+02,9.831360e+02,3.600000e+03,1.600000e+00,-5.500000e-01
2.853000e+01,2.542934e+01,3.321217e+02,-2.748814e+01,6.121664e+00,2.231200e+02,9.831200e+02,3.600000e+03,1.600000e+00,-5.500000e-01
2.854000e+01,2.515456e+01,3.321827e+02,-2.747312e+01,6.102524e+00,2.231040e+02,9.831040e+02,3.600000e+03,1.600000e+00,-5.500000e-01
2.855000e+01,2.487998e+01,3.322436e+02,-2.745810e+01,6.083383e+00,2.230880e+02,9.830880e+02,3.600000e+03,1.600000e+00,-5.500000e-01
2.856000e+01,2.460550e+01,3.323043e+02,-2.744308e+01,6.064243e+00,2.230720e+02,9.830720e+02,3.600000e+03,1.600000e+00,-5.500000e-01
2.857000e+01,2.433122e+01,3.323647e+02,-2.742806e+01,6.045102e+00,2.230560e+02,9.830560e+02,3.600000e+03,1.600000e+00,-5.500000e-01
2.858000e+01,2.405704e+01,3.324251e+02,-2.741304e+01,6.025960e+00,2.230400e+02,9.830400e+02,3.600000e+03,1.600000e+00,-5.500000e-01
2.859000e+01,2.378306e+01,3.324851e+02,-2.739802e+01,6.006819e+00,2.230240e+02,9.830240e+02,3.600000e+03,1.600000e+00,-5.500000e-01
2.860000e+01,2.350918e+01,3.325451e+02,-2.738300e+01,5.987677e+00,2.230080e+02,9.830080e+02,3.600000e+03,1.600000e+00,-5.500000e-01
2.861000e+01,2.323550e+01,3.326048e+02,-2.736798e+01,5.968534e+00,2.229920e+02,9.829920e+02,3.600000e+03,1.600000e+00,-5.500000e-01
2.862000e+01,2.296192e+01,3.326643e+02,-2.735295e+01,5.949392e+00,2.229760e+02,9.829760e+02,3.600000e+03,1.600000e+00,-5.500000e-01
2.863000e+01,2.268854e+01,3.327236e+02,-2.733793e+01,5.930249e+00,2.229600e+02,9.829600e+02,3.600000e+03,1.600000e+00,-5.500000e-01
2.864000e+01,2.241526e+01,3.327828e+02,-2.732291e+01,5.911106e+00,2.229440e+02,9.829440e+02,3.600000e+03,1.600000e+00,-5.500000e-01
2.865000e+01,2.214218e+01,3.328417e+02,-2.730788e+01,5.891962e+00,2.229280e+02,9.829280e+02,3.600000e+03,1.600000e+00,-5.500000e-01
2.866000e+01,2.186920e+01,3.329005e+02,-2.729286e+01,5.872819e+00,2.229120e+02,9.829120e+02,3.600000e+03,1.600000e+00,-5.500000e-01
2.867000e+01,2.159642e+01,3.329590e+02,-2.727783e+01,5.853674e+00,2.228960e+02,9.828960e+02,3.600000e+03,1.600000e+00,-5.500000e-01
2.868000e+01,2.132375e+01,3.330174e+02,-2.726281e+01,5.834530e+00,2.228800e+02,9.828800e+02,3.600000e+03,1.600000e+00,-5.500000e-01
2.869000e+01,2.105127e+01,3.330756e+02,-2.724778e+01,5.815385e+00,2.228640e+02,9.828640e+02,3.600000e+03,1.600000e+00,-5.500000e-01
2.870000e+01,2.077889e+01,3.331336e+02,-2.723276e+01,5.796240e+00,2.228480e+02,9.828480e+02,3.600000e+03,1.600000e+00,-5.500000e-01
2.871000e+01,2.050671e+01,3.331914e+02,-2.721773e+01,5.777095e+00,2.228320e+02,9.828320e+02,3.600000e+03,1.600000e+00,-5.500000e-01
2.872000e+01,2.023464e+01,3.332490e+02,-2.720270e+01,5.757949e+00,2.228160e+02,9.828160e+02,3.600000e+03,1.600000e+00,-5.500000e-01
2.873000e+01,1.996276e+01,3.333064e+02,-2.718767e+01,5.738803e+00,2.228000e+02,9.828000e+02,3.600000e+03,1.600000e+00,-5.500000e-01
2.874000e+01,1.969098e+01,3.333637e+02,-2.717265e+01,5.719657e+00,2.227840e+02,9.827840e+02,3.600000e+03,1.600000e+00,-5.500000e-01
2.875000e+01,1.941941e+01,3.334207e+02,-2.715762e+01,5.700510e+00,2.227680e+02,9.827680e+02,3.600000e+03,1.600000e+00,-5.500000e-01
2.876000e+01,1.914793e+01,3.334776e+02,-2.714259e+01,5.681363e+00,2.227520e+02,9.827520e+02,3.600000e+03,1.600000e+00,-5.500000e-01
2.877000e+01,1.887665e+01,3.335342e+02,-2.712756e+01,5.662216e+00,2.227360e+02,9.827360e+02,3.600000e+03,1.600000e+00,-5.500000e-01
2.878000e+01,1.860548e+01,3.335907e+02,-2.711253e+01,5.643068e+00,2.227200e+02,9.827200e+02,3.600000e+03,1.600000e+00,-5.500000e-01
2.879000e+01,1.833450e+01,3.336469e+02,-2.709750e+01,5.623920e+00,2.227040e+02,9.827040e+02,3.600000e+03,1.600000e+00,-5.500000e-01
2.880000e+01,1.806363e+01,3.337030e+02,-2.708247e+01,5.604772e+00,2.226880e+02,9.826880e+02,3.600000e+03,1.600000e+00,-5.500000e-01
2.881000e+01,1.779295e+01,3.337589e+02,-2.706743e+01,5.585624e+00,2.226720e+02,9.826720e+02,3.600000e+03,1.600000e+00,-5.500000e-01
2.882000e+01,1.752238e+01,3.338146e+02,-2.705240e+01,5.566475e+00,2.226560e+02,9.826560e+02,3.600000e+03,1.600000e+00,-5.500000e-01
2.883000e+01,1.725201e+01,3.338701e+02,-2.703737e+01,5.547326e+00,2.226400e+02,9.826400e+02,3.600000e+03,1.600000e+00,-5.500000e-01
2.884000e+01,1.698173e+01,3.339254e+02,-2.702233e+01,5.528177e+00,2.226240e+02,9.826240e+02,3.600000e+03,1.600000e+00,-5.500000e-01
2.885000e+01,1.671166e+01,3.339805e+02,-2.700730e+01,5.509027e+00,2.226080e+02,9.826080e+02,3.600000e+03,1.600000e+00,-5.500000e-01
2.886000e+01,1.644169e+01,3.340355e+02,-2.699227e+01,5.489877e+00,2.225920e+02,9.825920e+02,3.600000e+03,1.600000e+00,-5.500000e-01
2.887000e+01,1.617192e+01,3.340902e+02,-2.697723e+01,5.470726e+00,2.225760e+02,9.825760e+02,3.600000e+03,1.600000e+00,-5.500000e-01
2.888000e+01,1.590224e+01,3.341448e+02,-2.696220e+01,5.451576e+00,2.225600e+02,9.825600e+02,3.600000e+03,1.600000e+00,-5.500000e-01
2.889000e+01,1.563277e+01,3.341991e+02,-2.694716e+01,5.432425e+00,2.225440e+02,9.825440e+02,3.600000e+03,1.600000e+00,-5.500000e-01
2.890000e+01,1.536340e+01,3.342533e+02,-2.693212e+01,5.413273e+00,2.225280e+02,9.825280e+02,3.600000e+03,1.600000e+00,-5.500000e-01
2.891000e+01,1.509423e+01,3.343072e+02,-2.691709e+01,5.394122e+00,2.225120e+02,9.825120e+02,3.600000e+03,1.600000e+00,-5.500000e-01
2.892000e+01,1.482516e+01,3.343611e+02,-2.690205e+01,5.374970e+00,2.224960e+02,9.824960e+02,3.600000e+03,1.600000e+00,-5.500000e-01
2.893000e+01,1.455629e+01,3.344146e+02,-2.688701e+01,5.355818e+00,2.224800e+02,9.824800e+02,3.600000e+03,1.600000e+00,-5.500000e-01
2.894000e+01,1.428752e+01,3.344680e+02,-2.687197e+01,5.336665e+00,2.224640e+02,9.824640e+02,3.600000e+03,1.600000e+00,-5.500000e-01
2.895000e+01,1.401895e+01,3.345212e+02,-2.685693e+01,5.317512e+00,2.224480e+02,9.824480e+02,3.600000e+03,1.600000e+00,-5.500000e-01
2.896000e+01,1.375048e+01,3.345743e+02,-2.684189e+01,5.298359e+00,2.224320e+02,9.824320e+02,3.600000e+03,1.600000e+00,-5.500000e-01
2.897000e+01,1.348221e+01,3.346271e+02,-2.682685e+01,5.279206e+00,2.224160e+02,9.824160e+02,3.600000e+03,1.600000e+00,-5.500000e-01
2.898000e+01,1.321404e+01,3.346797e+02,-2.681181e+01,5.260052e+00,2.224000e+02,9.824000e+02,3.600000e+03,1.600000e+00,-5.500000e-01
2.899000e+01,1.294608e+01,3.347321e+02,-2.679677e+01,5.240898e+00,2.223840e+02,9.823840e+02,3.600000e+03,1.600000e+00,-5.500000e-01
2.900000e+01,1.267821e+01,3.347844e+02,-2.678173e+01,5.221743e+00,2.223680e+02,9.823680e+02,3.600000e+03,1.600000e+00,-5.500000e-01
2.901000e+01,1.241054e+01,3.348364e+02,-2.676669e+01,5.202588e+00,2.223520e+02,9.823520e+02,3.600000e+03,1.600000e+00,-5.500000e-01
2.902000e+01,1.214298e+01,3.348883e+02,-2.675164e+01,5.183433e+00,2.223360e+02,9.823360e+02,3.600000e+03,1.600000e+00,-5.500000e-01
2.903000e+01,1.187561e+01,3.349400e+02,-2.673660e+01,5.164278e+00,2.223200e+02,9.823200e+02,3.600000e+03,1.600000e+00,-5.500000e-01
2.904000e+01,1.160834e+01,3.349915e+02,-2.672156e+01,5.145122e+00,2.223040e+02,9.823040e+02,3.600000e+03,1.600000e+00,-5.500000e-01
2.905000e+01,1.134128e+01,3.350428e+02,-2.670651e+01,5.125966e+00,2.222880e+02,9.822880e+02,3.600000e+03,1.600000e+00,-5.500000e-01
2.906000e+01,1.107431e+01,3.350939e+02,-2.669147e+01,5.106810e+00,2.222720e+02,9.822720e+02,3.600000e+03,1.600000e+00,-5.500000e-01
2.907000e+01,1.080755e+01,3.351448e+02,-2.667642e+01,5.087654e+00,2.222560e+02,9.822560e+02,3.600000e+03,1.600000e+00,-5.500000e-01
2.908000e+01,1.054089e+01,3.351955e+02,-2.666138e+01,5.068497e+00,2.222400e+02,9.822400e+02,3.600000e+03,1.600000e+00,-5.500000e-01
2.909000e+01,1.027442e+01,3.352460e+02,-2.664633e+01,5.049339e+00,2.222240e+02,9.822240e+02,3.600000e+03,1.600000e+00,-5.500000e-01
2.910000e+01,1.000806e+01,3.352964e+02,-2.663128e+01,5.030182e+00,2.222080e+02,9.822080e+02,3.600000e+03,1.600000e+00,-5.500000e-01
2.911000e+01,9.741897e+00,3.353465e+02,-2.661624e+01,5.011024e+00,2.221920e+02,9.821920e+02,3.600000e+03,1.600000e+00,-5.500000e-01
2.912000e+01,9.475835e+00,3.353965e+02,-2.660119e+01,4.991866e+00,2.221760e+02,9.821760e+02,3.600000e+03,1.600000e+00,-5.500000e-01
2.913000e+01,9.209973e+00,3.354462e+02,-2.658614e+01,4.972707e+00,2.221600e+02,9.821600e+02,3.600000e+03,1.600000e+00,-5.500000e-01
2.914000e+01,8.944212e+00,3.354958e+02,-2.657109e+01,4.953549e+00,2.221440e+02,9.821440e+02,3.600000e+03,1.600000e+00,-5.500000e-01
2.915000e+01,8.678652e+00,3.355451e+02,-2.655604e+01,4.934389e+00,2.221280e+02,9.821280e+02,3.600000e+03,1.600000e+00,-5.500000e-01
2.916000e+01,8.413192e+00,3.355944e+02,-2.654099e+01,4.915230e+00,2.221120e+02,9.821120e+02,3.600000e+03,1.600000e+00,-5.500000e-01
2.917000e+01,8.147932e+00,3.356433e+02,-2.652594e+01,4.896070e+00,2.220960e+02,9.820960e+02,3.600000e+03,1.600000e+00,-5.500000e-01
2.918000e+01,7.882773e+00,3.356921e+02,-2.651089e+01,4.876910e+00,2.220800e+02,9.820800e+02,3.600000e+03,1.600000e+00,-5.500000e-01
2.919000e+01,7.617815e+00,3.357407e+02,-2.649584e+01,4.857750e+00,2.220640e+02,9.820640e+02,3.600000e+03,1.600000e+00,-5.500000e-01
2.920000e+01,7.352957e+00,3.357892e+02,-2.648079e+01,4.838589e+00,2.220480e+02,9.820480e+02,3.600000e+03,1.600000e+00,-5.500000e-01
2.921000e+01,7.088299e+00,3.358374e+02,-2.646574e+01,4.819428e+00,2.220320e+02,9.820320e+02,3.600000e+03,1.600000e+00,-5.500000e-01
2.922000e+01,6.823742e+00,3.358854e+02,-2.645068e+01,4.800267e+00,2.220160e+02,9.820160e+02,3.600000e+03,1.600000e+00,-5.500000e-01
2.923000e+01,6.559386e+00,3.359332e+02,-2.643563e+01,4.781105e+00,2.220000e+02,9.820000e+02,3.600000e+03,1.600000e+00,-5.500000e-01
2.924000e+01,6.295130e+00,3.359809e+02,-2.642058e+01,4.761944e+00,2.219840e+02,9.819840e+02,3.600000e+03,1.600000e+00,-5.500000e-01
2.925000e+01,6.031075e+00,3.360284e+02,-2.640552e+01,4.742781e+00,2.219680e+02,9.819680e+02,3.600000e+03,1.600000e+00,-5.500000e-01
2.926000e+01,5.767120e+00,3.360757e+02,-2.639047e+01,4.723619e+00,2.219520e+02,9.819520e+02,3.600000e+03,1.600000e+00,-5.500000e-01
2.927000e+01,5.503366e+00,3.361227e+02,-2.637541e+01,4.704456e+00,2.219360e+02,9.819360e+02,3.600000e+03,1.600000e+00,-5.500000e-01
2.928000e+01,5.239712e+00,3.361696e+02,-2.636036e+01,4.685293e+00,2.219200e+02,9.819200e+02,3.600000e+03,1.600000e+00,-5.500000e-01
2.929000e+01,4.976259e+00,3.362163e+02,-2.634530e+01,4.666129e+00,2.219040e+02,9.819040e+02,3.600000e+03,1.600000e+00,-5.500000e-01
2.930000e+01,4.712907e+00,3.362628e+02,-2.633024e+01,4.646966e+00,2.218880e+02,9.818880e+02,3.600000e+03,1.600000e+00,-5.500000e-01
2.931000e+01,4.449755e+00,3.363091e+02,-2.631519e+01,4.627801e+00,2.218720e+02,9.818720e+02,3.600000e+03,1.600000e+00,-5.500000e-01
2.932000e+01,4.186703e+00,3.363552e+02,-2.630013e+01,4.608637e+00,2.218560e+02,9.818560e+02,3.600000e+03,1.600000e+00,-5.500000e-01
2.933000e+01,3.923853e+00,3.364011e+02,-2.628507e+01,4.589472e+00,2.218400e+02,9.818400e+02,3.600000e+03,1.600000e+00,-5.500000e-01
2.934000e+01,3.661102e+00,3.364469e+02,-2.627001e+01,4.570307e+00,2.218240e+02,9.818240e+02,3.600000e+03,1.600000e+00,-5.500000e-01
2.935000e+01,3.398553e+00,3.364924e+02,-2.625495e+01,4.551142e+00,2.218080e+02,9.818080e+02,3.600000e+03,1.600000e+00,-5.500000e-01
2.936000e+01,3.136104e+00,3.365378e+02,-2.623989e+01,4.531976e+00,2.217920e+02,9.817920e+02,3.600000e+03,1.600000e+00,-5.500000e-01
2.937000e+01,2.873855e+00,3.365829e+02,-2.622483e+01,4.512810e+00,2.217760e+02,9.817760e+02,3.600000e+03,1.600000e+00,-5.500000e-01
2.938000e+01,2.611707e+00,3.366279e+02,-2.620977e+01,4.493644e+00,2.217600e+02,9.817600e+02,3.600000e+03,1.600000e+00,-5.500000e-01
2.939000e+01,2.349760e+00,3.366727e+02,-2.619471e+01,4.474477e+00,2.217440e+02,9.817440e+02,3.600000e+03,1.600000e+00,-5.500000e-01
2.940000e+01,2.087914e+00,3.367173e+02,-2.617965e+01,4.455311e+00,2.217280e+02,9.817280e+02,3.600000e+03,1.600000e+00,-5.500000e-01
2.941000e+01,1.826268e+00,3.367616e+02,-2.616458e+01,4.436143e+00,2.217120e+02,9.817120e+02,3.600000e+03,1.600000e+00,-5.500000e-01
2.942000e+01,1.564722e+00,3.368059e+02,-2.614952e+01,4.416976e+00,2.216960e+02,9.816960e+02,3.600000e+03,1.600000e+00,-5.500000e-01
2.943000e+01,1.303378e+00,3.368499e+02,-2.613446e+01,4.397808e+00,2.216800e+02,9.816800e+02,3.600000e+03,1.600000e+00,-5.500000e-01
2.944000e+01,1.042134e+00,3.368937e+02,-2.611939e+01,4.378640e+00,2.216640e+02,9.816640e+02,3.600000e+03,1.600000e+00,-5.500000e-01
2.945000e+01,7.810905e-01,3.369373e+02,-2.610433e+01,4.359471e+00,2.216480e+02,9.816480e+02,3.600000e+03,1.600000e+00,-5.500000e-01
2.946000e+01,5.201477e-01,3.369808e+02,-2.608926e+01,4.340303e+00,2.216320e+02,9.816320e+02,3.600000e+03,1.600000e+00,-5.500000e-01
2.947000e+01,2.594057e-01,3.370240e+02,-2.607420e+01,4.321133e+00,2.216160e+02,9.816160e+02,3.600000e+03,1.600000e+00,-5.500000e-01
2.948000e+01,-1.235847e-03,3.370671e+02,-2.605913e+01,4.301964e+00,2.216000e+02,9.816000e+02,3.600000e+03,1.600000e+00,-5.500000e-01
