Time,main.led_anode,main.light_bus,main.pt_collector
5.000000e-07,1.765543e+00,1.661667e-01,2.870337e+00
1.100000e-06,1.766036e+00,1.678321e-01,3.161782e+00
1.820000e-06,1.766621e+00,1.698320e-01,3.468638e+00
2.684000e-06,1.767315e+00,1.722337e-01,3.764449e+00
3.720800e-06,1.768135e+00,1.751183e-01,3.983579e+00
4.757600e-06,1.769103e+00,1.785832e-01,4.016613e+00
5.794400e-06,1.770054e+00,1.820515e-01,3.998193e+00
7.038560e-06,1.770986e+00,1.855230e-01,3.978979e+00
8.531552e-06,1.772084e+00,1.896925e-01,3.956113e+00
1.032314e-05,1.773372e+00,1.947008e-01,3.928633e+00
1.247305e-05,1.774875e+00,2.007165e-01,3.895615e+00
1.462296e-05,1.776622e+00,2.079420e-01,3.855958e+00
1.720285e-05,1.778310e+00,2.151729e-01,3.816220e+00
2.029872e-05,1.780263e+00,2.238536e-01,3.768547e+00
2.401376e-05,1.782509e+00,2.342711e-01,3.711309e+00
2.847181e-05,1.785075e+00,2.467653e-01,3.642644e+00
3.347181e-05,1.787983e+00,2.617352e-01,3.560362e+00
3.847181e-05,1.791044e+00,2.784756e-01,3.468331e+00
4.347181e-05,1.793917e+00,2.951423e-01,3.376680e+00
4.847181e-05,1.796617e+00,3.117144e-01,3.285549e+00
5.347181e-05,1.799159e+00,3.281716e-01,3.195046e+00
5.847181e-05,1.801557e+00,3.444939e-01,3.105280e+00
6.347181e-05,1.803824e+00,3.606622e-01,3.016360e+00
6.847181e-05,1.805968e+00,3.766575e-01,2.928388e+00
7.347181e-05,1.807998e+00,3.924618e-01,2.841467e+00
7.847181e-05,1.809924e+00,4.080571e-01,2.755694e+00
8.347181e-05,1.811750e+00,4.234261e-01,2.671165e+00
8.847181e-05,1.813484e+00,4.385518e-01,2.587973e+00
9.347181e-05,1.815131e+00,4.534177e-01,2.506211e+00
9.847181e-05,1.816696e+00,4.680077e-01,2.425965e+00
1.034718e-04,1.818183e+00,4.823060e-01,2.347324e+00
1.084718e-04,1.819595e+00,4.962974e-01,2.270372e+00
1.134718e-04,1.820938e+00,5.099667e-01,2.195190e+00
1.184718e-04,1.822213e+00,5.232997e-01,2.121858e+00
1.234718e-04,1.823423e+00,5.362821e-01,2.050454e+00
1.284718e-04,1.824572e+00,5.489003e-01,1.981053e+00
1.334718e-04,1.825662e+00,5.611410e-01,1.913729e+00
1.384718e-04,1.826694e+00,5.729915e-01,1.848551e+00
1.434718e-04,1.827672e+00,5.844393e-01,1.785587e+00
1.484718e-04,1.828596e+00,5.954725e-01,1.724904e+00
1.534718e-04,1.829468e+00,6.060796e-01,1.666564e+00
1.584718e-04,1.830290e+00,6.162497e-01,1.610628e+00
1.634718e-04,1.831063e+00,6.259722e-01,1.557154e+00
1.684718e-04,1.831789e+00,6.352370e-01,1.506197e+00
1.734718e-04,1.832469e+00,6.440346e-01,1.457810e+00
1.784718e-04,1.833103e+00,6.523559e-01,1.412042e+00
1.834718e-04,1.833693e+00,6.601923e-01,1.368941e+00
1.884718e-04,1.834239e+00,6.675358e-01,1.328551e+00
1.934718e-04,1.834743e+00,6.743789e-01,1.290914e+00
1.984718e-04,1.835205e+00,6.807144e-01,1.256068e+00
2.034718e-04,1.835626e+00,6.865358e-01,1.224049e+00
2.084718e-04,1.836006e+00,6.918373e-01,1.194890e+00
2.134718e-04,1.836345e+00,6.966134e-01,1.168622e+00
2.184718e-04,1.836646e+00,7.008592e-01,1.145269e+00
2.234718e-04,1.836906e+00,7.045702e-01,1.124858e+00
2.284718e-04,1.837128e+00,7.077429e-01,1.107408e+00
2.334718e-04,1.837312e+00,7.103738e-01,1.092937e+00
2.384718e-04,1.837457e+00,7.124603e-01,1.081461e+00
2.434718e-04,1.837563e+00,7.140003e-01,1.072990e+00
2.484718e-04,1.837632e+00,7.149922e-01,1.067534e+00
2.534718e-04,1.837662e+00,7.154349e-01,1.065099e+00
2.584718e-04,1.837655e+00,7.153281e-01,1.065686e+00
2.634718e-04,1.837610e+00,7.146718e-01,1.069295e+00
2.684718e-04,1.837526e+00,7.134667e-01,1.075922e+00
2.734718e-04,1.837405e+00,7.117141e-01,1.085562e+00
2.784718e-04,1.837245e+00,7.094156e-01,1.098202e+00
2.834718e-04,1.837047e+00,7.065738e-01,1.113832e+00
2.884718e-04,1.836810e+00,7.031914e-01,1.132435e+00
2.934718e-04,1.836534e+00,6.992720e-01,1.153991e+00
2.984718e-04,1.836218e+00,6.948196e-01,1.178479e+00
3.034718e-04,1.835863e+00,6.898386e-01,1.205874e+00
3.084718e-04,1.835467e+00,6.843343e-01,1.236147e+00
3.134718e-04,1.835030e+00,6.783123e-01,1.269268e+00
3.184718e-04,1.834552e+00,6.717787e-01,1.305202e+00
3.234718e-04,1.834032e+00,6.647403e-01,1.343913e+00
3.284718e-04,1.833469e+00,6.572042e-01,1.385361e+00
3.334718e-04,1.832862e+00,6.491783e-01,1.429503e+00
3.384718e-04,1.832210e+00,6.406708e-01,1.476294e+00
3.434718e-04,1.831513e+00,6.316905e-01,1.525686e+00
3.484718e-04,1.830769e+00,6.222466e-01,1.577627e+00
3.534718e-04,1.829976e+00,6.123489e-01,1.632064e+00
3.584718e-04,1.829135e+00,6.020077e-01,1.688941e+00
3.634718e-04,1.828243e+00,5.912335e-01,1.748198e+00
3.684718e-04,1.827299e+00,5.800378e-01,1.809775e+00
3.734718e-04,1.826300e+00,5.684320e-01,1.873606e+00
3.784718e-04,1.825246e+00,5.564283e-01,1.939626e+00
3.834718e-04,1.824134e+00,5.440393e-01,2.007766e+00
3.884718e-04,1.822961e+00,5.312779e-01,2.077953e+00
3.934718e-04,1.821726e+00,5.181576e-01,2.150115e+00
3.984718e-04,1.820425e+00,5.046921e-01,2.224175e+00
4.034718e-04,1.819056e+00,4.908958e-01,2.300055e+00
4.084718e-04,1.817615e+00,4.767833e-01,2.377674e+00
4.134718e-04,1.816099e+00,4.623697e-01,2.456948e+00
4.184718e-04,1.814503e+00,4.476705e-01,2.537794e+00
4.234718e-04,1.812823e+00,4.327016e-01,2.620123e+00
4.284718e-04,1.811054e+00,4.174792e-01,2.703846e+00
4.334718e-04,1.809190e+00,4.020201e-01,2.788871e+00
4.384718e-04,1.807225e+00,3.863414e-01,2.875104e+00
4.434718e-04,1.805152e+00,3.704606e-01,2.962449e+00
4.484718e-04,1.802962e+00,3.543957e-01,3.050806e+00
4.534718e-04,1.800647e+00,3.381651e-01,3.140074e+00
4.584718e-04,1.798195e+00,3.217878e-01,3.230150e+00
4.634718e-04,1.795594e+00,3.052833e-01,3.320925e+00
4.684718e-04,1.792831e+00,2.886716e-01,3.412289e+00
4.734718e-04,1.789888e+00,2.719735e-01,3.504129e+00
4.784718e-04,1.786747e+00,2.552105e-01,3.596326e+00
4.834718e-04,1.783383e+00,2.384052e-01,3.688755e+00
4.884718e-04,1.779769e+00,2.215811e-01,3.781288e+00
4.934718e-04,1.775872e+00,2.047634e-01,3.873786e+00
4.984718e-04,1.771650e+00,1.879787e-01,3.966102e+00
5.034718e-04,1.767051e+00,1.712564e-01,4.058076e+00
5.084718e-04,1.762011e+00,1.546286e-01,4.149529e+00
5.134718e-04,1.756445e+00,1.381319e-01,4.240262e+00
5.184718e-04,1.750244e+00,1.218087e-01,4.330040e+00
5.234718e-04,1.743257e+00,1.057102e-01,4.418583e+00
5.284718e-04,1.735217e+00,8.991492e-02,4.505458e+00
5.334718e-04,1.725924e+00,7.448496e-02,4.590324e+00
5.384718e-04,1.714884e+00,5.954951e-02,4.672471e+00
5.434718e-04,1.701348e+00,4.529553e-02,4.750871e+00
5.484718e-04,1.684194e+00,3.199353e-02,4.824036e+00
5.534718e-04,1.661316e+00,2.013720e-02,4.889253e+00
5.584718e-04,1.629262e+00,1.052433e-02,4.942135e+00
5.634718e-04,1.583589e+00,4.176623e-03,4.977063e+00
5.684718e-04,1.523713e+00,1.242871e-03,4.993208e+00
5.734718e-04,1.455927e+00,3.151981e-04,4.998305e+00
5.784718e-04,1.386125e+00,7.672372e-05,4.999604e+00
5.834718e-04,1.316623e+00,1.878951e-05,4.999914e+00
5.884718e-04,1.248096e+00,4.693142e-06,4.999986e+00
5.934718e-04,1.180757e+00,1.200774e-06,5.000001e+00
5.984718e-04,1.114709e+00,3.153574e-07,5.000003e+00
6.034718e-04,1.050024e+00,8.514092e-08,5.000003e+00
6.084718e-04,9.867701e-01,2.366176e-08,5.000002e+00
6.134718e-04,9.250092e-01,6.777708e-09,5.000001e+00
6.184718e-04,8.648025e-01,2.003470e-09,5.000001e+00
6.234718e-04,8.062096e-01,6.118851e-10,5.000001e+00
6.284718e-04,7.492882e-01,1.933087e-10,5.000000e+00
6.334718e-04,6.940946e-01,6.324439e-11,5.000000e+00
6.384718e-04,6.406832e-01,2.145162e-11,5.000000e+00
6.434718e-04,5.891067e-01,7.551468e-12,5.000000e+00
6.484718e-04,5.394160e-01,2.761836e-12,5.000000e+00
6.534718e-04,4.916602e-01,1.050151e-12,5.000000e+00
6.584718e-04,4.458864e-01,4.157238e-13,5.000000e+00
6.634718e-04,4.021397e-01,1.714395e-13,5.000000e+00
6.684718e-04,3.604634e-01,7.386127e-14,5.000000e+00
6.734718e-04,3.208985e-01,3.303428e-14,5.000000e+00
6.784718e-04,2.834841e-01,1.541600e-14,5.000000e+00
6.834718e-04,2.482572e-01,7.453890e-15,5.000000e+00
6.884718e-04,2.152525e-01,3.726945e-15,5.000000e+00
6.934718e-04,1.845025e-01,2.032879e-15,5.000000e+00
6.984718e-04,1.560377e-01,1.185846e-15,5.000000e+00
7.034718e-04,1.298861e-01,5.082198e-16,5.000000e+00
7.084718e-04,1.060735e-01,5.082198e-16,5.000000e+00
7.134718e-04,8.462337e-02,0.000000e+00,5.000000e+00
7.184718e-04,6.555696e-02,1.694066e-16,5.000000e+00
7.234718e-04,4.889305e-02,0.000000e+00,5.000000e+00
7.284718e-04,3.464809e-02,0.000000e+00,5.000000e+00
7.334718e-04,2.283613e-02,0.000000e+00,5.000000e+00
7.384718e-04,1.346884e-02,1.694066e-16,5.000000e+00
7.434718e-04,6.555445e-03,0.000000e+00,5.000000e+00
7.484718e-04,2.102784e-03,1.694066e-16,5.000000e+00
7.534718e-04,1.152449e-04,0.000000e+00,5.000000e+00
7.584718e-04,5.947907e-04,0.000000e+00,5.000000e+00
7.634718e-04,3.540948e-03,-3.388132e-16,5.000000e+00
7.684718e-04,8.950808e-03,0.000000e+00,5.000000e+00
7.734718e-04,1.681903e-02,0.000000e+00,5.000000e+00
7.784718e-04,2.713786e-02,-3.388132e-16,5.000000e+00
7.834718e-04,3.989710e-02,-3.388132e-16,5.000000e+00
7.884718e-04,5.508417e-02,0.000000e+00,5.000000e+00
7.934718e-04,7.268407e-02,0.000000e+00,5.000000e+00
7.984718e-04,9.267944e-02,3.388132e-16,5.000000e+00
8.034718e-04,1.150505e-01,1.694066e-16,5.000000e+00
8.084718e-04,1.397753e-01,8.470329e-16,5.000000e+00
8.134718e-04,1.668293e-01,1.355253e-15,5.000000e+00
8.184718e-04,1.961859e-01,2.710505e-15,5.000000e+00
8.234718e-04,2.278161e-01,4.743385e-15,5.000000e+00
8.284718e-04,2.616886e-01,9.825582e-15,5.000000e+00
8.334718e-04,2.977701e-01,2.066760e-14,5.000000e+00
8.384718e-04,3.360249e-01,4.455393e-14,5.000000e+00
8.434718e-04,3.764153e-01,1.018134e-13,5.000000e+00
8.484718e-04,4.189014e-01,2.408962e-13,5.000000e+00
8.534718e-04,4.634413e-01,5.930925e-13,5.000000e+00
8.584718e-04,5.099911e-01,1.522457e-12,5.000000e+00
8.634718e-04,5.585047e-01,4.064233e-12,5.000000e+00
8.684718e-04,6.089344e-01,1.128095e-11,5.000000e+00
8.734718e-04,6.612303e-01,3.251573e-11,5.000000e+00
8.784718e-04,7.153409e-01,9.723142e-11,5.000000e+00
8.834718e-04,7.712127e-01,3.012994e-10,5.000000e+00
8.884718e-04,8.287906e-01,9.664693e-10,5.000000e+00
8.934718e-04,8.880178e-01,3.205363e-09,5.000000e+00
8.984718e-04,9.488358e-01,1.097872e-08,5.000000e+00
9.034718e-04,1.011184e+00,3.878674e-08,5.000000e+00
9.084718e-04,1.075002e+00,1.411656e-07,4.999999e+00
9.134718e-04,1.140225e+00,5.285998e-07,4.999997e+00
9.184718e-04,1.206785e+00,2.033663e-06,4.999989e+00
9.234718e-04,1.274601e+00,8.025582e-06,4.999956e+00
9.284718e-04,1.343545e+00,3.240338e-05,4.999822e+00
9.334718e-04,1.413293e+00,1.329771e-04,4.999269e+00
9.384718e-04,1.482748e+00,5.424868e-04,4.997020e+00
9.434718e-04,1.548363e+00,2.047300e-03,4.988752e+00
9.484718e-04,1.603172e+00,6.207524e-03,4.965889e+00
9.534718e-04,1.643088e+00,1.393120e-02,4.923426e+00
9.584718e-04,1.671027e+00,2.454219e-02,4.865069e+00
9.634718e-04,1.691365e+00,3.703370e-02,4.796362e+00
9.684718e-04,1.706961e+00,5.074199e-02,4.720961e+00
9.734718e-04,1.719379e+00,6.529642e-02,4.640906e+00
9.784718e-04,1.729742e+00,8.042557e-02,4.557691e+00
9.834718e-04,1.738473e+00,9.601663e-02,4.471937e+00
9.884718e-04,1.746045e+00,1.119451e-01,4.384327e+00
9.934718e-04,1.752647e+00,1.281509e-01,4.295194e+00
9.984718e-04,1.758610e+00,1.445417e-01,4.205042e+00
1.003472e-03,1.763977e+00,1.610901e-01,4.114024e+00
1.008472e-03,1.768849e+00,1.777560e-01,4.022361e+00
1.013472e-03,1.773303e+00,1.945043e-01,3.930244e+00
1.018472e-03,1.777400e+00,2.113037e-01,3.837847e+00
1.023472e-03,1.781187e+00,2.281259e-01,3.745324e+00
1.028472e-03,1.784703e+00,2.449448e-01,3.652820e+00
1.033472e-03,1.787981e+00,2.617357e-01,3.560469e+00
1.038472e-03,1.791044e+00,2.784756e-01,3.468399e+00
1.043472e-03,1.793917e+00,2.951423e-01,3.376732e+00
1.048472e-03,1.796617e+00,3.117144e-01,3.285584e+00
1.053472e-03,1.799159e+00,3.281716e-01,3.195069e+00
1.058472e-03,1.801557e+00,3.444939e-01,3.105296e+00
1.063472e-03,1.803824e+00,3.606622e-01,3.016370e+00
1.068472e-03,1.805968e+00,3.766575e-01,2.928395e+00
1.073472e-03,1.807998e+00,3.924618e-01,2.841471e+00
1.078472e-03,1.809924e+00,4.080571e-01,2.755697e+00
1.083472e-03,1.811750e+00,4.234261e-01,2.671167e+00
1.088472e-03,1.813484e+00,4.385518e-01,2.587975e+00
1.093472e-03,1.815131e+00,4.534177e-01,2.506212e+00
1.098472e-03,1.816696e+00,4.680077e-01,2.425966e+00
1.103472e-03,1.818183e+00,4.823060e-01,2.347325e+00
1.108472e-03,1.819595e+00,4.962974e-01,2.270372e+00
1.113472e-03,1.820938e+00,5.099667e-01,2.195190e+00
1.118472e-03,1.822213e+00,5.232997e-01,2.121858e+00
1.123472e-03,1.823423e+00,5.362821e-01,2.050454e+00
1.128472e-03,1.824572e+00,5.489003e-01,1.981053e+00
1.133472e-03,1.825662e+00,5.611410e-01,1.913729e+00
1.138472e-03,1.826694e+00,5.729915e-01,1.848551e+00
1.143472e-03,1.827672e+00,5.844393e-01,1.785587e+00
1.148472e-03,1.828596e+00,5.954725e-01,1.724904e+00
1.153472e-03,1.829468e+00,6.060796e-01,1.666564e+00
1.158472e-03,1.830290e+00,6.162497e-01,1.610628e+00
1.163472e-03,1.831063e+00,6.259722e-01,1.557154e+00
1.168472e-03,1.831789e+00,6.352370e-01,1.506197e+00
1.173472e-03,1.832469e+00,6.440346e-01,1.457810e+00
1.178472e-03,1.833103e+00,6.523559e-01,1.412042e+00
1.183472e-03,1.833693e+00,6.601923e-01,1.368941e+00
1.188472e-03,1.834239e+00,6.675358e-01,1.328551e+00
1.193472e-03,1.834743e+00,6.743789e-01,1.290914e+00
1.198472e-03,1.835205e+00,6.807143e-01,1.256068e+00
1.203472e-03,1.835626e+00,6.865358e-01,1.224049e+00
1.208472e-03,1.836006e+00,6.918373e-01,1.194890e+00
1.213472e-03,1.836345e+00,6.966134e-01,1.168622e+00
1.218472e-03,1.836646e+00,7.008592e-01,1.145269e+00
1.223472e-03,1.836906e+00,7.045702e-01,1.124858e+00
1.228472e-03,1.837128e+00,7.077429e-01,1.107408e+00
1.233472e-03,1.837312e+00,7.103738e-01,1.092937e+00
1.238472e-03,1.837457e+00,7.124603e-01,1.081461e+00
1.243472e-03,1.837563e+00,7.140003e-01,1.072990e+00
1.248472e-03,1.837632e+00,7.149922e-01,1.067534e+00
1.253472e-03,1.837662e+00,7.154349e-01,1.065099e+00
1.258472e-03,1.837655e+00,7.153281e-01,1.065686e+00
1.263472e-03,1.837610e+00,7.146718e-01,1.069295e+00
1.268472e-03,1.837526e+00,7.134667e-01,1.075922e+00
1.273472e-03,1.837405e+00,7.117141e-01,1.085562e+00
1.278472e-03,1.837245e+00,7.094156e-01,1.098202e+00
1.283472e-03,1.837047e+00,7.065738e-01,1.113832e+00
1.288472e-03,1.836810e+00,7.031914e-01,1.132435e+00
1.293472e-03,1.836534e+00,6.992720e-01,1.153991e+00
1.298472e-03,1.836218e+00,6.948196e-01,1.178479e+00
1.303472e-03,1.835863e+00,6.898386e-01,1.205874e+00
1.308472e-03,1.835467e+00,6.843343e-01,1.236147e+00
1.313472e-03,1.835030e+00,6.783123e-01,1.269268e+00
1.318472e-03,1.834552e+00,6.717787e-01,1.305202e+00
1.323472e-03,1.834032e+00,6.647403e-01,1.343913e+00
1.328472e-03,1.833469e+00,6.572043e-01,1.385361e+00
1.333472e-03,1.832862e+00,6.491783e-01,1.429503e+00
1.338472e-03,1.832210e+00,6.406708e-01,1.476294e+00
1.343472e-03,1.831513e+00,6.316905e-01,1.525686e+00
1.348472e-03,1.830769e+00,6.222466e-01,1.577627e+00
1.353472e-03,1.829976e+00,6.123489e-01,1.632064e+00
1.358472e-03,1.829135e+00,6.020077e-01,1.688941e+00
1.363472e-03,1.828243e+00,5.912336e-01,1.748198e+00
1.368472e-03,1.827299e+00,5.800378e-01,1.809775e+00
1.373472e-03,1.826300e+00,5.684320e-01,1.873606e+00
1.378472e-03,1.825246e+00,5.564283e-01,1.939626e+00
1.383472e-03,1.824134e+00,5.440393e-01,2.007766e+00
1.388472e-03,1.822961e+00,5.312779e-01,2.077953e+00
1.393472e-03,1.821726e+00,5.181576e-01,2.150115e+00
1.398472e-03,1.820425e+00,5.046921e-01,2.224175e+00
1.403472e-03,1.819056e+00,4.908958e-01,2.300055e+00
1.408472e-03,1.817615e+00,4.767833e-01,2.377674e+00
1.413472e-03,1.816099e+00,4.623697e-01,2.456948e+00
1.418472e-03,1.814503e+00,4.476705e-01,2.537794e+00
1.423472e-03,1.812823e+00,4.327016e-01,2.620123e+00
1.428472e-03,1.811054e+00,4.174792e-01,2.703846e+00
1.433472e-03,1.809190e+00,4.020201e-01,2.788871e+00
1.438472e-03,1.807225e+00,3.863414e-01,2.875104e+00
1.443472e-03,1.805152e+00,3.704606e-01,2.962449e+00
1.448472e-03,1.802962e+00,3.543957e-01,3.050806e+00
1.453472e-03,1.800647e+00,3.381651e-01,3.140074e+00
1.458472e-03,1.798195e+00,3.217878e-01,3.230149e+00
1.463472e-03,1.795594e+00,3.052833e-01,3.320925e+00
1.468472e-03,1.792831e+00,2.886716e-01,3.412289e+00
1.473472e-03,1.789888e+00,2.719735e-01,3.504129e+00
1.478472e-03,1.786747e+00,2.552105e-01,3.596326e+00
1.483472e-03,1.783383e+00,2.384052e-01,3.688755e+00
1.488472e-03,1.779769e+00,2.215811e-01,3.781288e+00
1.493472e-03,1.775872e+00,2.047634e-01,3.873786e+00
1.498472e-03,1.771650e+00,1.879787e-01,3.966102e+00
1.503472e-03,1.767051e+00,1.712564e-01,4.058076e+00
1.508472e-03,1.762011e+00,1.546286e-01,4.149529e+00
1.513472e-03,1.756445e+00,1.381319e-01,4.240262e+00
1.518472e-03,1.750244e+00,1.218087e-01,4.330040e+00
1.523472e-03,1.743257e+00,1.057102e-01,4.418583e+00
1.528472e-03,1.735217e+00,8.991493e-02,4.505458e+00
1.533472e-03,1.725924e+00,7.448496e-02,4.590324e+00
1.538472e-03,1.714884e+00,5.954951e-02,4.672471e+00
1.543472e-03,1.701348e+00,4.529553e-02,4.750871e+00
1.548472e-03,1.684194e+00,3.199353e-02,4.824036e+00
1.553472e-03,1.661316e+00,2.013720e-02,4.889253e+00
1.558472e-03,1.629262e+00,1.052433e-02,4.942135e+00
1.563472e-03,1.583589e+00,4.176624e-03,4.977063e+00
1.568472e-03,1.523713e+00,1.242872e-03,4.993208e+00
1.573472e-03,1.455928e+00,3.151982e-04,4.998305e+00
1.578472e-03,1.386125e+00,7.672375e-05,4.999604e+00
1.583472e-03,1.316624e+00,1.878952e-05,4.999914e+00
1.588472e-03,1.248096e+00,4.693144e-06,4.999986e+00
1.593472e-03,1.180757e+00,1.200774e-06,5.000001e+00
1.598472e-03,1.114709e+00,3.153575e-07,5.000003e+00
1.603472e-03,1.050024e+00,8.514094e-08,5.000003e+00
1.608472e-03,9.867701e-01,2.366177e-08,5.000002e+00
1.613472e-03,9.250092e-01,6.777710e-09,5.000001e+00
1.618472e-03,8.648025e-01,2.003471e-09,5.000001e+00
1.623472e-03,8.062096e-01,6.118851e-10,5.000001e+00
1.628472e-03,7.492882e-01,1.933087e-10,5.000000e+00
1.633472e-03,6.940946e-01,6.324439e-11,5.000000e+00
1.638472e-03,6.406832e-01,2.145196e-11,5.000000e+00
1.643472e-03,5.891067e-01,7.551299e-12,5.000000e+00
1.648472e-03,5.394160e-01,2.761836e-12,5.000000e+00
1.653472e-03,4.916602e-01,1.050321e-12,5.000000e+00
1.658472e-03,4.458864e-01,4.160626e-13,5.000000e+00
1.663472e-03,4.021397e-01,1.712701e-13,5.000000e+00
1.668472e-03,3.604634e-01,7.352246e-14,5.000000e+00
1.673472e-03,3.208985e-01,3.303428e-14,5.000000e+00
1.678472e-03,2.834842e-01,1.541600e-14,5.000000e+00
1.683472e-03,2.482572e-01,7.284483e-15,5.000000e+00
1.688472e-03,2.152525e-01,3.896352e-15,5.000000e+00
1.693472e-03,1.845026e-01,2.202286e-15,5.000000e+00
1.698472e-03,1.560377e-01,1.185846e-15,5.000000e+00
1.703472e-03,1.298861e-01,3.388132e-16,5.000000e+00
1.708472e-03,1.060735e-01,5.082198e-16,5.000000e+00
1.713472e-03,8.462338e-02,0.000000e+00,5.000000e+00
1.718472e-03,6.555697e-02,1.694066e-16,5.000000e+00
1.723472e-03,4.889306e-02,1.694066e-16,5.000000e+00
1.728472e-03,3.464809e-02,0.000000e+00,5.000000e+00
1.733472e-03,2.283613e-02,0.000000e+00,5.000000e+00
1.738472e-03,1.346884e-02,0.000000e+00,5.000000e+00
1.743472e-03,6.555446e-03,0.000000e+00,5.000000e+00
1.748472e-03,2.102784e-03,-1.694066e-16,5.000000e+00
1.753472e-03,1.152451e-04,-1.694066e-16,5.000000e+00
1.758472e-03,5.947903e-04,-1.694066e-16,5.000000e+00
1.763472e-03,3.540947e-03,0.000000e+00,5.000000e+00
1.768472e-03,8.950807e-03,-1.694066e-16,5.000000e+00
1.773472e-03,1.681903e-02,0.000000e+00,5.000000e+00
1.778472e-03,2.713786e-02,-3.388132e-16,5.000000e+00
1.783472e-03,3.989710e-02,-3.388132e-16,5.000000e+00
1.788472e-03,5.508416e-02,0.000000e+00,5.000000e+00
1.793472e-03,7.268407e-02,3.388132e-16,5.000000e+00
1.798472e-03,9.267944e-02,3.388132e-16,5.000000e+00
1.803472e-03,1.150505e-01,5.082198e-16,5.000000e+00
1.808472e-03,1.397753e-01,8.470329e-16,5.000000e+00
1.813472e-03,1.668293e-01,1.185846e-15,5.000000e+00
1.818472e-03,1.961859e-01,2.710505e-15,5.000000e+00
1.823472e-03,2.278161e-01,4.573978e-15,5.000000e+00
1.828472e-03,2.616886e-01,9.825582e-15,5.000000e+00
1.833472e-03,2.977701e-01,2.049820e-14,5.000000e+00
1.838472e-03,3.360249e-01,4.455393e-14,5.000000e+00
1.843472e-03,3.764153e-01,1.019828e-13,5.000000e+00
1.848472e-03,4.189014e-01,2.407268e-13,5.000000e+00
1.853472e-03,4.634413e-01,5.930925e-13,5.000000e+00
1.858472e-03,5.099911e-01,1.522457e-12,5.000000e+00
1.863472e-03,5.585047e-01,4.064233e-12,5.000000e+00
1.868472e-03,6.089344e-01,1.128095e-11,5.000000e+00
1.873472e-03,6.612303e-01,3.251624e-11,5.000000e+00
1.878472e-03,7.153408e-01,9.723142e-11,5.000000e+00
1.883472e-03,7.712127e-01,3.012994e-10,5.000000e+00
1.888472e-03,8.287906e-01,9.664688e-10,5.000000e+00
1.893472e-03,8.880177e-01,3.205362e-09,5.000000e+00
1.898472e-03,9.488357e-01,1.097871e-08,5.000000e+00
1.903472e-03,1.011184e+00,3.878673e-08,5.000000e+00
1.908472e-03,1.075002e+00,1.411656e-07,4.999999e+00
1.913472e-03,1.140225e+00,5.285997e-07,4.999997e+00
1.918472e-03,1.206785e+00,2.033663e-06,4.999989e+00
1.923472e-03,1.274601e+00,8.025580e-06,4.999956e+00
1.928472e-03,1.343545e+00,3.240337e-05,4.999822e+00
1.933472e-03,1.413293e+00,1.329771e-04,4.999269e+00
1.938472e-03,1.482748e+00,5.424866e-04,4.997020e+00
1.943472e-03,1.548363e+00,2.047300e-03,4.988752e+00
1.948472e-03,1.603172e+00,6.207523e-03,4.965889e+00
1.953472e-03,1.643088e+00,1.393119e-02,4.923426e+00
1.958472e-03,1.671027e+00,2.454219e-02,4.865069e+00
1.963472e-03,1.691365e+00,3.703369e-02,4.796362e+00
1.968472e-03,1.706961e+00,5.074199e-02,4.720961e+00
1.973472e-03,1.719379e+00,6.529642e-02,4.640906e+00
1.978472e-03,1.729742e+00,8.042556e-02,4.557691e+00
1.983472e-03,1.738473e+00,9.601663e-02,4.471937e+00
1.988472e-03,1.746045e+00,1.119451e-01,4.384327e+00
1.993472e-03,1.752647e+00,1.281509e-01,4.295194e+00
1.998472e-03,1.758610e+00,1.445417e-01,4.205042e+00
2.003472e-03,1.763977e+00,1.610901e-01,4.114024e+00
2.008472e-03,1.768849e+00,1.777560e-01,4.022361e+00
2.013472e-03,1.773303e+00,1.945043e-01,3.930244e+00
2.018472e-03,1.777400e+00,2.113037e-01,3.837847e+00
2.023472e-03,1.781187e+00,2.281259e-01,3.745324e+00
2.028472e-03,1.784703e+00,2.449448e-01,3.652820e+00
2.033472e-03,1.787981e+00,2.617357e-01,3.560469e+00
2.038472e-03,1.791044e+00,2.784756e-01,3.468399e+00
2.043472e-03,1.793917e+00,2.951423e-01,3.376732e+00
2.048472e-03,1.796617e+00,3.117144e-01,3.285584e+00
2.053472e-03,1.799159e+00,3.281716e-01,3.195069e+00
2.058472e-03,1.801557e+00,3.444939e-01,3.105296e+00
2.063472e-03,1.803824e+00,3.606621e-01,3.016370e+00
2.068472e-03,1.805968e+00,3.766575e-01,2.928395e+00
2.073472e-03,1.807998e+00,3.924618e-01,2.841471e+00
2.078472e-03,1.809924e+00,4.080571e-01,2.755697e+00
2.083472e-03,1.811750e+00,4.234261e-01,2.671167e+00
2.088472e-03,1.813484e+00,4.385518e-01,2.587975e+00
2.093472e-03,1.815131e+00,4.534177e-01,2.506212e+00
2.098472e-03,1.816696e+00,4.680077e-01,2.425966e+00
2.103472e-03,1.818183e+00,4.823060e-01,2.347325e+00
2.108472e-03,1.819595e+00,4.962973e-01,2.270372e+00
2.113472e-03,1.820938e+00,5.099667e-01,2.195190e+00
2.118472e-03,1.822213e+00,5.232997e-01,2.121858e+00
2.123472e-03,1.823423e+00,5.362821e-01,2.050454e+00
2.128472e-03,1.824572e+00,5.489003e-01,1.981053e+00
2.133472e-03,1.825662e+00,5.611410e-01,1.913729e+00
2.138472e-03,1.826694e+00,5.729915e-01,1.848551e+00
2.143472e-03,1.827672e+00,5.844393e-01,1.785587e+00
2.148472e-03,1.828596e+00,5.954725e-01,1.724904e+00
2.153472e-03,1.829468e+00,6.060796e-01,1.666564e+00
2.158472e-03,1.830290e+00,6.162497e-01,1.610628e+00
2.163472e-03,1.831063e+00,6.259722e-01,1.557154e+00
2.168472e-03,1.831789e+00,6.352370e-01,1.506197e+00
2.173472e-03,1.832469e+00,6.440346e-01,1.457810e+00
2.178472e-03,1.833103e+00,6.523559e-01,1.412042e+00
2.183472e-03,1.833693e+00,6.601923e-01,1.368941e+00
2.188472e-03,1.834239e+00,6.675358e-01,1.328551e+00
2.193472e-03,1.834743e+00,6.743788e-01,1.290914e+00
2.198472e-03,1.835205e+00,6.807143e-01,1.256068e+00
2.203472e-03,1.835626e+00,6.865358e-01,1.224049e+00
2.208472e-03,1.836006e+00,6.918373e-01,1.194891e+00
2.213472e-03,1.836345e+00,6.966134e-01,1.168622e+00
2.218472e-03,1.836646e+00,7.008592e-01,1.145269e+00
2.223472e-03,1.836906e+00,7.045702e-01,1.124858e+00
2.228472e-03,1.837128e+00,7.077429e-01,1.107408e+00
2.233472e-03,1.837312e+00,7.103738e-01,1.092937e+00
2.238472e-03,1.837457e+00,7.124603e-01,1.081461e+00
2.243472e-03,1.837563e+00,7.140003e-01,1.072990e+00
2.248472e-03,1.837632e+00,7.149922e-01,1.067534e+00
2.253472e-03,1.837662e+00,7.154349e-01,1.065099e+00
2.258472e-03,1.837655e+00,7.153281e-01,1.065686e+00
2.263472e-03,1.837610e+00,7.146718e-01,1.069295e+00
2.268472e-03,1.837526e+00,7.134667e-01,1.075922e+00
2.273472e-03,1.837405e+00,7.117141e-01,1.085562e+00
2.278472e-03,1.837245e+00,7.094156e-01,1.098202e+00
2.283472e-03,1.837047e+00,7.065738e-01,1.113832e+00
2.288472e-03,1.836810e+00,7.031914e-01,1.132435e+00
2.293472e-03,1.836534e+00,6.992720e-01,1.153991e+00
2.298472e-03,1.836218e+00,6.948196e-01,1.178479e+00
2.303472e-03,1.835863e+00,6.898386e-01,1.205874e+00
2.308472e-03,1.835467e+00,6.843343e-01,1.236147e+00
2.313472e-03,1.835030e+00,6.783123e-01,1.269268e+00
2.318472e-03,1.834552e+00,6.717787e-01,1.305202e+00
2.323472e-03,1.834032e+00,6.647403e-01,1.343913e+00
2.328472e-03,1.833469e+00,6.572043e-01,1.385361e+00
2.333472e-03,1.832862e+00,6.491783e-01,1.429503e+00
2.338472e-03,1.832210e+00,6.406708e-01,1.476294e+00
2.343472e-03,1.831513e+00,6.316905e-01,1.525686e+00
2.348472e-03,1.830769e+00,6.222466e-01,1.577627e+00
2.353472e-03,1.829976e+00,6.123489e-01,1.632064e+00
2.358472e-03,1.829135e+00,6.020077e-01,1.688941e+00
2.363472e-03,1.828243e+00,5.912336e-01,1.748198e+00
2.368472e-03,1.827299e+00,5.800378e-01,1.809775e+00
2.373472e-03,1.826300e+00,5.684320e-01,1.873606e+00
2.378472e-03,1.825246e+00,5.564283e-01,1.939626e+00
2.383472e-03,1.824134e+00,5.440393e-01,2.007766e+00
2.388472e-03,1.822961e+00,5.312779e-01,2.077953e+00
2.393472e-03,1.821726e+00,5.181576e-01,2.150115e+00
2.398472e-03,1.820425e+00,5.046921e-01,2.224175e+00
2.403472e-03,1.819056e+00,4.908958e-01,2.300055e+00
2.408472e-03,1.817615e+00,4.767833e-01,2.377674e+00
2.413472e-03,1.816099e+00,4.623697e-01,2.456948e+00
2.418472e-03,1.814503e+00,4.476705e-01,2.537794e+00
2.423472e-03,1.812823e+00,4.327016e-01,2.620123e+00
2.428472e-03,1.811054e+00,4.174792e-01,2.703846e+00
2.433472e-03,1.809190e+00,4.020201e-01,2.788871e+00
2.438472e-03,1.807225e+00,3.863414e-01,2.875104e+00
2.443472e-03,1.805152e+00,3.704606e-01,2.962449e+00
2.448472e-03,1.802962e+00,3.543957e-01,3.050806e+00
2.453472e-03,1.800647e+00,3.381651e-01,3.140074e+00
2.458472e-03,1.798195e+00,3.217878e-01,3.230149e+00
2.463472e-03,1.795594e+00,3.052833e-01,3.320925e+00
2.468472e-03,1.792831e+00,2.886716e-01,3.412289e+00
2.473472e-03,1.789888e+00,2.719735e-01,3.504129e+00
2.478472e-03,1.786747e+00,2.552105e-01,3.596326e+00
2.483472e-03,1.783383e+00,2.384052e-01,3.688755e+00
2.488472e-03,1.779769e+00,2.215811e-01,3.781288e+00
2.493472e-03,1.775872e+00,2.047634e-01,3.873786e+00
2.498472e-03,1.771650e+00,1.879787e-01,3.966102e+00
2.503472e-03,1.767051e+00,1.712564e-01,4.058075e+00
2.508472e-03,1.762011e+00,1.546286e-01,4.149529e+00
2.513472e-03,1.756445e+00,1.381319e-01,4.240262e+00
2.518472e-03,1.750244e+00,1.218087e-01,4.330040e+00
2.523472e-03,1.743257e+00,1.057102e-01,4.418583e+00
2.528472e-03,1.735217e+00,8.991493e-02,4.505458e+00
2.533472e-03,1.725924e+00,7.448497e-02,4.590324e+00
2.538472e-03,1.714884e+00,5.954952e-02,4.672471e+00
2.543472e-03,1.701348e+00,4.529553e-02,4.750871e+00
2.548472e-03,1.684194e+00,3.199353e-02,4.824036e+00
2.553472e-03,1.661316e+00,2.013720e-02,4.889253e+00
2.558472e-03,1.629262e+00,1.052433e-02,4.942135e+00
2.563472e-03,1.583589e+00,4.176625e-03,4.977063e+00
2.568472e-03,1.523713e+00,1.242872e-03,4.993208e+00
2.573472e-03,1.455928e+00,3.151983e-04,4.998305e+00
2.578472e-03,1.386125e+00,7.672377e-05,4.999604e+00
2.583472e-03,1.316624e+00,1.878953e-05,4.999914e+00
2.588472e-03,1.248096e+00,4.693145e-06,4.999986e+00
2.593472e-03,1.180757e+00,1.200775e-06,5.000001e+00
2.598472e-03,1.114709e+00,3.153576e-07,5.000003e+00
2.603472e-03,1.050024e+00,8.514097e-08,5.000003e+00
2.608472e-03,9.867701e-01,2.366177e-08,5.000002e+00
2.613472e-03,9.250092e-01,6.777712e-09,5.000001e+00
2.618472e-03,8.648025e-01,2.003471e-09,5.000001e+00
2.623472e-03,8.062096e-01,6.118856e-10,5.000001e+00
2.628472e-03,7.492882e-01,1.933092e-10,5.000000e+00
2.633472e-03,6.940946e-01,6.324439e-11,5.000000e+00
2.638472e-03,6.406832e-01,2.145179e-11,5.000000e+00
2.643472e-03,5.891067e-01,7.551299e-12,5.000000e+00
2.648472e-03,5.394160e-01,2.761666e-12,5.000000e+00
2.653472e-03,4.916602e-01,1.050151e-12,5.000000e+00
2.658472e-03,4.458864e-01,4.158932e-13,5.000000e+00
2.663472e-03,4.021397e-01,1.712701e-13,5.000000e+00
2.668472e-03,3.604634e-01,7.352246e-14,5.000000e+00
2.673472e-03,3.208985e-01,3.286488e-14,5.000000e+00
2.678472e-03,2.834842e-01,1.575481e-14,5.000000e+00
2.683472e-03,2.482572e-01,7.453890e-15,5.000000e+00
2.688472e-03,2.152525e-01,3.726945e-15,5.000000e+00
2.693472e-03,1.845026e-01,2.032879e-15,5.000000e+00
2.698472e-03,1.560377e-01,1.185846e-15,5.000000e+00
2.703472e-03,1.298861e-01,5.082198e-16,5.000000e+00
2.708472e-03,1.060735e-01,3.388132e-16,5.000000e+00
2.713472e-03,8.462338e-02,0.000000e+00,5.000000e+00
2.718472e-03,6.555697e-02,1.694066e-16,5.000000e+00
2.723472e-03,4.889306e-02,0.000000e+00,5.000000e+00
2.728472e-03,3.464810e-02,0.000000e+00,5.000000e+00
2.733472e-03,2.283614e-02,0.000000e+00,5.000000e+00
2.738472e-03,1.346884e-02,0.000000e+00,5.000000e+00
2.743472e-03,6.555448e-03,1.694066e-16,5.000000e+00
2.748472e-03,2.102785e-03,-1.694066e-16,5.000000e+00
2.753472e-03,1.152452e-04,-1.694066e-16,5.000000e+00
2.758472e-03,5.947899e-04,1.694066e-16,5.000000e+00
2.763472e-03,3.540946e-03,1.694066e-16,5.000000e+00
2.768472e-03,8.950805e-03,0.000000e+00,5.000000e+00
2.773472e-03,1.681903e-02,0.000000e+00,5.000000e+00
2.778472e-03,2.713785e-02,1.694066e-16,5.000000e+00
2.783472e-03,3.989709e-02,-1.694066e-16,5.000000e+00
2.788472e-03,5.508416e-02,-1.694066e-16,5.000000e+00
2.793472e-03,7.268406e-02,3.388132e-16,5.000000e+00
2.798472e-03,9.267943e-02,3.388132e-16,5.000000e+00
2.803472e-03,1.150505e-01,5.082198e-16,5.000000e+00
2.808472e-03,1.397753e-01,8.470329e-16,5.000000e+00
2.813472e-03,1.668293e-01,1.185846e-15,5.000000e+00
2.818472e-03,1.961859e-01,2.710505e-15,5.000000e+00
2.823472e-03,2.278161e-01,4.573978e-15,5.000000e+00
2.828472e-03,2.616886e-01,9.825582e-15,5.000000e+00
2.833472e-03,2.977701e-01,2.049820e-14,5.000000e+00
2.838472e-03,3.360249e-01,4.455393e-14,5.000000e+00
2.843472e-03,3.764153e-01,1.019828e-13,5.000000e+00
2.848472e-03,4.189014e-01,2.407268e-13,5.000000e+00
2.853472e-03,4.634413e-01,5.930925e-13,5.000000e+00
2.858472e-03,5.099910e-01,1.522457e-12,5.000000e+00
2.863472e-03,5.585047e-01,4.064233e-12,5.000000e+00
2.868472e-03,6.089344e-01,1.128095e-11,5.000000e+00
2.873472e-03,6.612303e-01,3.251624e-11,5.000000e+00
2.878472e-03,7.153408e-01,9.723142e-11,5.000000e+00
2.883472e-03,7.712126e-01,3.012994e-10,5.000000e+00
2.888472e-03,8.287906e-01,9.664688e-10,5.000000e+00
2.893472e-03,8.880177e-01,3.205361e-09,5.000000e+00
2.898472e-03,9.488357e-01,1.097871e-08,5.000000e+00
2.903472e-03,1.011184e+00,3.878672e-08,5.000000e+00
2.908472e-03,1.075002e+00,1.411656e-07,4.999999e+00
2.913472e-03,1.140225e+00,5.285995e-07,4.999997e+00
2.918472e-03,1.206785e+00,2.033662e-06,4.999989e+00
2.923472e-03,1.274601e+00,8.025577e-06,4.999956e+00
2.928472e-03,1.343545e+00,3.240336e-05,4.999822e+00
2.933472e-03,1.413293e+00,1.329771e-04,4.999269e+00
2.938472e-03,1.482748e+00,5.424865e-04,4.997020e+00
2.943472e-03,1.548363e+00,2.047299e-03,4.988752e+00
2.948472e-03,1.603172e+00,6.207522e-03,4.965889e+00
2.953472e-03,1.643088e+00,1.393119e-02,4.923426e+00
2.958472e-03,1.671027e+00,2.454218e-02,4.865069e+00
2.963472e-03,1.691365e+00,3.703369e-02,4.796362e+00
2.968472e-03,1.706961e+00,5.074198e-02,4.720961e+00
2.973472e-03,1.719379e+00,6.529642e-02,4.640906e+00
2.978472e-03,1.729742e+00,8.042556e-02,4.557691e+00
2.983472e-03,1.738473e+00,9.601663e-02,4.471937e+00
2.988472e-03,1.746045e+00,1.119451e-01,4.384327e+00
2.993472e-03,1.752647e+00,1.281509e-01,4.295194e+00
2.998472e-03,1.758610e+00,1.445417e-01,4.205042e+00
3.003472e-03,1.763977e+00,1.610901e-01,4.114024e+00
3.008472e-03,1.768849e+00,1.777560e-01,4.022361e+00
3.013472e-03,1.773303e+00,1.945043e-01,3.930244e+00
3.018472e-03,1.777400e+00,2.113037e-01,3.837847e+00
3.023472e-03,1.781187e+00,2.281259e-01,3.745324e+00
3.028472e-03,1.784703e+00,2.449448e-01,3.652820e+00
3.033472e-03,1.787981e+00,2.617357e-01,3.560469e+00
3.038472e-03,1.791044e+00,2.784756e-01,3.468399e+00
3.043472e-03,1.793917e+00,2.951422e-01,3.376732e+00
3.048472e-03,1.796617e+00,3.117144e-01,3.285584e+00
3.053472e-03,1.799159e+00,3.281716e-01,3.195069e+00
3.058472e-03,1.801557e+00,3.444939e-01,3.105296e+00
3.063472e-03,1.803824e+00,3.606621e-01,3.016370e+00
3.068472e-03,1.805968e+00,3.766575e-01,2.928395e+00
3.073472e-03,1.807998e+00,3.924617e-01,2.841471e+00
3.078472e-03,1.809924e+00,4.080571e-01,2.755697e+00
3.083472e-03,1.811750e+00,4.234260e-01,2.671167e+00
3.088472e-03,1.813484e+00,4.385518e-01,2.587975e+00
3.093472e-03,1.815131e+00,4.534177e-01,2.506212e+00
3.098472e-03,1.816696e+00,4.680077e-01,2.425966e+00
3.103472e-03,1.818183e+00,4.823060e-01,2.347325e+00
3.108472e-03,1.819595e+00,4.962973e-01,2.270372e+00
3.113472e-03,1.820938e+00,5.099667e-01,2.195190e+00
3.118472e-03,1.822213e+00,5.232997e-01,2.121858e+00
3.123472e-03,1.823423e+00,5.362821e-01,2.050454e+00
3.128472e-03,1.824572e+00,5.489003e-01,1.981053e+00
3.133472e-03,1.825662e+00,5.611410e-01,1.913729e+00
3.138472e-03,1.826694e+00,5.729915e-01,1.848551e+00
3.143472e-03,1.827672e+00,5.844393e-01,1.785587e+00
3.148472e-03,1.828596e+00,5.954725e-01,1.724904e+00
3.153472e-03,1.829468e+00,6.060796e-01,1.666564e+00
3.158472e-03,1.830290e+00,6.162497e-01,1.610628e+00
3.163472e-03,1.831063e+00,6.259722e-01,1.557154e+00
3.168472e-03,1.831789e+00,6.352370e-01,1.506197e+00
3.173472e-03,1.832469e+00,6.440346e-01,1.457810e+00
3.178472e-03,1.833103e+00,6.523559e-01,1.412042e+00
3.183472e-03,1.833693e+00,6.601923e-01,1.368941e+00
3.188472e-03,1.834239e+00,6.675358e-01,1.328551e+00
3.193472e-03,1.834743e+00,6.743788e-01,1.290914e+00
3.198472e-03,1.835205e+00,6.807143e-01,1.256068e+00
3.203472e-03,1.835626e+00,6.865358e-01,1.224049e+00
3.208472e-03,1.836006e+00,6.918373e-01,1.194891e+00
3.213472e-03,1.836345e+00,6.966134e-01,1.168622e+00
3.218472e-03,1.836646e+00,7.008591e-01,1.145269e+00
3.223472e-03,1.836906e+00,7.045702e-01,1.124858e+00
3.228472e-03,1.837128e+00,7.077429e-01,1.107408e+00
3.233472e-03,1.837312e+00,7.103738e-01,1.092937e+00
3.238472e-03,1.837457e+00,7.124603e-01,1.081461e+00
3.243472e-03,1.837563e+00,7.140003e-01,1.072990e+00
3.248472e-03,1.837632e+00,7.149922e-01,1.067534e+00
3.253472e-03,1.837662e+00,7.154349e-01,1.065099e+00
3.258472e-03,1.837655e+00,7.153281e-01,1.065686e+00
3.263472e-03,1.837610e+00,7.146718e-01,1.069295e+00
3.268472e-03,1.837526e+00,7.134667e-01,1.075922e+00
3.273472e-03,1.837405e+00,7.117141e-01,1.085562e+00
3.278472e-03,1.837245e+00,7.094156e-01,1.098202e+00
3.283472e-03,1.837047e+00,7.065738e-01,1.113832e+00
3.288472e-03,1.836810e+00,7.031914e-01,1.132435e+00
3.293472e-03,1.836534e+00,6.992720e-01,1.153991e+00
3.298472e-03,1.836218e+00,6.948196e-01,1.178479e+00
3.303472e-03,1.835863e+00,6.898386e-01,1.205874e+00
3.308472e-03,1.835467e+00,6.843343e-01,1.236147e+00
3.313472e-03,1.835030e+00,6.783123e-01,1.269268e+00
3.318472e-03,1.834552e+00,6.717787e-01,1.305202e+00
3.323472e-03,1.834032e+00,6.647403e-01,1.343913e+00
3.328472e-03,1.833469e+00,6.572043e-01,1.385361e+00
3.333472e-03,1.832862e+00,6.491784e-01,1.429503e+00
3.338472e-03,1.832210e+00,6.406709e-01,1.476294e+00
3.343472e-03,1.831513e+00,6.316905e-01,1.525686e+00
3.348472e-03,1.830769e+00,6.222466e-01,1.577627e+00
3.353472e-03,1.829976e+00,6.123489e-01,1.632064e+00
3.358472e-03,1.829135e+00,6.020077e-01,1.688941e+00
3.363472e-03,1.828243e+00,5.912336e-01,1.748198e+00
3.368472e-03,1.827299e+00,5.800378e-01,1.809775e+00
3.373472e-03,1.826300e+00,5.684320e-01,1.873606e+00
3.378472e-03,1.825246e+00,5.564284e-01,1.939626e+00
3.383472e-03,1.824134e+00,5.440393e-01,2.007766e+00
3.388472e-03,1.822961e+00,5.312779e-01,2.077953e+00
3.393472e-03,1.821726e+00,5.181576e-01,2.150115e+00
3.398472e-03,1.820425e+00,5.046921e-01,2.224175e+00
3.403472e-03,1.819056e+00,4.908958e-01,2.300055e+00
3.408472e-03,1.817615e+00,4.767833e-01,2.377674e+00
3.413472e-03,1.816099e+00,4.623697e-01,2.456948e+00
3.418472e-03,1.814503e+00,4.476705e-01,2.537794e+00
3.423472e-03,1.812823e+00,4.327016e-01,2.620123e+00
3.428472e-03,1.811054e+00,4.174792e-01,2.703846e+00
3.433472e-03,1.809190e+00,4.020201e-01,2.788871e+00
3.438472e-03,1.807225e+00,3.863414e-01,2.875104e+00
3.443472e-03,1.805152e+00,3.704606e-01,2.962449e+00
3.448472e-03,1.802962e+00,3.543957e-01,3.050806e+00
3.453472e-03,1.800647e+00,3.381651e-01,3.140074e+00
3.458472e-03,1.798195e+00,3.217878e-01,3.230149e+00
3.463472e-03,1.795594e+00,3.052833e-01,3.320925e+00
3.468472e-03,1.792831e+00,2.886716e-01,3.412289e+00
3.473472e-03,1.789888e+00,2.719735e-01,3.504129e+00
3.478472e-03,1.786747e+00,2.552105e-01,3.596326e+00
3.483472e-03,1.783383e+00,2.384052e-01,3.688755e+00
3.488472e-03,1.779769e+00,2.215811e-01,3.781288e+00
3.493472e-03,1.775872e+00,2.047634e-01,3.873786e+00
3.498472e-03,1.771650e+00,1.879787e-01,3.966102e+00
3.503472e-03,1.767051e+00,1.712564e-01,4.058075e+00
3.508472e-03,1.762011e+00,1.546286e-01,4.149529e+00
3.513472e-03,1.756445e+00,1.381319e-01,4.240262e+00
3.518472e-03,1.750244e+00,1.218087e-01,4.330040e+00
3.523472e-03,1.743257e+00,1.057102e-01,4.418583e+00
3.528472e-03,1.735217e+00,8.991493e-02,4.505458e+00
3.533472e-03,1.725924e+00,7.448497e-02,4.590324e+00
3.538472e-03,1.714884e+00,5.954952e-02,4.672471e+00
3.543472e-03,1.701348e+00,4.529554e-02,4.750871e+00
3.548472e-03,1.684194e+00,3.199354e-02,4.824036e+00
3.553472e-03,1.661316e+00,2.013720e-02,4.889253e+00
3.558472e-03,1.629262e+00,1.052433e-02,4.942135e+00
3.563472e-03,1.583589e+00,4.176626e-03,4.977063e+00
3.568472e-03,1.523713e+00,1.242872e-03,4.993208e+00
3.573472e-03,1.455928e+00,3.151984e-04,4.998305e+00
3.578472e-03,1.386125e+00,7.672380e-05,4.999604e+00
3.583472e-03,1.316624e+00,1.878953e-05,4.999914e+00
3.588472e-03,1.248096e+00,4.693147e-06,4.999986e+00
3.593472e-03,1.180757e+00,1.200775e-06,5.000001e+00
3.598472e-03,1.114709e+00,3.153577e-07,5.000003e+00
3.603472e-03,1.050024e+00,8.514099e-08,5.000003e+00
3.608472e-03,9.867701e-01,2.366178e-08,5.000002e+00
3.613472e-03,9.250092e-01,6.777714e-09,5.000001e+00
3.618472e-03,8.648025e-01,2.003472e-09,5.000001e+00
3.623472e-03,8.062096e-01,6.118853e-10,5.000001e+00
3.628472e-03,7.492882e-01,1.933092e-10,5.000000e+00
3.633472e-03,6.940946e-01,6.324456e-11,5.000000e+00
3.638472e-03,6.406832e-01,2.145145e-11,5.000000e+00
3.643472e-03,5.891067e-01,7.551468e-12,5.000000e+00
3.648472e-03,5.394160e-01,2.761327e-12,5.000000e+00
3.653472e-03,4.916602e-01,1.050151e-12,5.000000e+00
3.658472e-03,4.458864e-01,4.158932e-13,5.000000e+00
3.663472e-03,4.021397e-01,1.714395e-13,5.000000e+00
3.668472e-03,3.604634e-01,7.369187e-14,5.000000e+00
3.673472e-03,3.208985e-01,3.303428e-14,5.000000e+00
3.678472e-03,2.834842e-01,1.541600e-14,5.000000e+00
3.683472e-03,2.482572e-01,7.453890e-15,5.000000e+00
3.688472e-03,2.152525e-01,3.896352e-15,5.000000e+00
3.693472e-03,1.845026e-01,2.032879e-15,5.000000e+00
3.698472e-03,1.560377e-01,1.185846e-15,5.000000e+00
3.703472e-03,1.298861e-01,8.470329e-16,5.000000e+00
3.708472e-03,1.060735e-01,5.082198e-16,5.000000e+00
3.713472e-03,8.462339e-02,1.694066e-16,5.000000e+00
3.718472e-03,6.555697e-02,1.694066e-16,5.000000e+00
3.723472e-03,4.889306e-02,1.694066e-16,5.000000e+00
3.728472e-03,3.464810e-02,0.000000e+00,5.000000e+00
3.733472e-03,2.283614e-02,-1.694066e-16,5.000000e+00
3.738472e-03,1.346884e-02,-1.694066e-16,5.000000e+00
3.743472e-03,6.555449e-03,1.694066e-16,5.000000e+00
3.748472e-03,2.102786e-03,0.000000e+00,5.000000e+00
3.753472e-03,1.152454e-04,0.000000e+00,5.000000e+00
3.758472e-03,5.947895e-04,0.000000e+00,5.000000e+00
3.763472e-03,3.540945e-03,1.694066e-16,5.000000e+00
3.768472e-03,8.950804e-03,0.000000e+00,5.000000e+00
3.773472e-03,1.681903e-02,0.000000e+00,5.000000e+00
3.778472e-03,2.713785e-02,-3.388132e-16,5.000000e+00
3.783472e-03,3.989709e-02,-5.082198e-16,5.000000e+00
3.788472e-03,5.508416e-02,1.694066e-16,5.000000e+00
3.793472e-03,7.268406e-02,0.000000e+00,5.000000e+00
3.798472e-03,9.267943e-02,1.694066e-16,5.000000e+00
3.803472e-03,1.150505e-01,1.694066e-16,5.000000e+00
3.808472e-03,1.397753e-01,8.470329e-16,5.000000e+00
3.813472e-03,1.668293e-01,1.355253e-15,5.000000e+00
3.818472e-03,1.961859e-01,2.710505e-15,5.000000e+00
3.823472e-03,2.278160e-01,4.743385e-15,5.000000e+00
3.828472e-03,2.616886e-01,9.825582e-15,5.000000e+00
3.833472e-03,2.977701e-01,2.066760e-14,5.000000e+00
3.838472e-03,3.360249e-01,4.455393e-14,5.000000e+00
3.843472e-03,3.764153e-01,1.018134e-13,5.000000e+00
3.848472e-03,4.189014e-01,2.408962e-13,5.000000e+00
3.853472e-03,4.634413e-01,5.930925e-13,5.000000e+00
3.858472e-03,5.099910e-01,1.522457e-12,5.000000e+00
3.863472e-03,5.585047e-01,4.064233e-12,5.000000e+00
3.868472e-03,6.089343e-01,1.128095e-11,5.000000e+00
3.873472e-03,6.612303e-01,3.251573e-11,5.000000e+00
3.878472e-03,7.153408e-01,9.723142e-11,5.000000e+00
3.883472e-03,7.712126e-01,3.012994e-10,5.000000e+00
3.888472e-03,8.287905e-01,9.664690e-10,5.000000e+00
3.893472e-03,8.880177e-01,3.205360e-09,5.000000e+00
3.898472e-03,9.488357e-01,1.097871e-08,5.000000e+00
3.903472e-03,1.011184e+00,3.878670e-08,5.000000e+00
3.908472e-03,1.075002e+00,1.411655e-07,4.999999e+00
3.913472e-03,1.140225e+00,5.285993e-07,4.999997e+00
3.918472e-03,1.206784e+00,2.033661e-06,4.999989e+00
3.923472e-03,1.274601e+00,8.025575e-06,4.999956e+00
3.928472e-03,1.343545e+00,3.240335e-05,4.999822e+00
3.933472e-03,1.413293e+00,1.329770e-04,4.999269e+00
3.938472e-03,1.482748e+00,5.424863e-04,4.997020e+00
3.943472e-03,1.548363e+00,2.047299e-03,4.988752e+00
3.948472e-03,1.603172e+00,6.207520e-03,4.965889e+00
3.953472e-03,1.643088e+00,1.393119e-02,4.923426e+00
3.958472e-03,1.671027e+00,2.454218e-02,4.865070e+00
3.963472e-03,1.691365e+00,3.703369e-02,4.796362e+00
3.968472e-03,1.706961e+00,5.074198e-02,4.720961e+00
3.973472e-03,1.719379e+00,6.529641e-02,4.640906e+00
3.978472e-03,1.729742e+00,8.042555e-02,4.557691e+00
3.983472e-03,1.738473e+00,9.601662e-02,4.471937e+00
3.988472e-03,1.746045e+00,1.119451e-01,4.384327e+00
3.993472e-03,1.752647e+00,1.281509e-01,4.295194e+00
3.998472e-03,1.758610e+00,1.445417e-01,4.205042e+00
4.003472e-03,1.763977e+00,1.610901e-01,4.114024e+00
4.008472e-03,1.768849e+00,1.777560e-01,4.022361e+00
4.013472e-03,1.773303e+00,1.945043e-01,3.930244e+00
4.018472e-03,1.777400e+00,2.113037e-01,3.837847e+00
4.023472e-03,1.781187e+00,2.281259e-01,3.745324e+00
4.028472e-03,1.784703e+00,2.449447e-01,3.652820e+00
4.033472e-03,1.787981e+00,2.617357e-01,3.560469e+00
4.038472e-03,1.791044e+00,2.784756e-01,3.468399e+00
4.043472e-03,1.793917e+00,2.951422e-01,3.376732e+00
4.048472e-03,1.796617e+00,3.117144e-01,3.285584e+00
4.053472e-03,1.799159e+00,3.281716e-01,3.195069e+00
4.058472e-03,1.801557e+00,3.444939e-01,3.105296e+00
4.063472e-03,1.803824e+00,3.606621e-01,3.016370e+00
4.068472e-03,1.805968e+00,3.766575e-01,2.928395e+00
4.073472e-03,1.807998e+00,3.924617e-01,2.841472e+00
4.078472e-03,1.809924e+00,4.080570e-01,2.755697e+00
4.083472e-03,1.811750e+00,4.234260e-01,2.671167e+00
4.088472e-03,1.813484e+00,4.385518e-01,2.587975e+00
4.093472e-03,1.815131e+00,4.534177e-01,2.506212e+00
4.098472e-03,1.816696e+00,4.680077e-01,2.425966e+00
4.103472e-03,1.818183e+00,4.823060e-01,2.347325e+00
4.108472e-03,1.819595e+00,4.962973e-01,2.270372e+00
4.113472e-03,1.820938e+00,5.099667e-01,2.195190e+00
4.118472e-03,1.822213e+00,5.232997e-01,2.121858e+00
4.123472e-03,1.823423e+00,5.362821e-01,2.050454e+00
4.128472e-03,1.824572e+00,5.489003e-01,1.981053e+00
4.133472e-03,1.825662e+00,5.611410e-01,1.913729e+00
4.138472e-03,1.826694e+00,5.729915e-01,1.848551e+00
4.143472e-03,1.827672e+00,5.844393e-01,1.785587e+00
4.148472e-03,1.828596e+00,5.954725e-01,1.724904e+00
4.153472e-03,1.829468e+00,6.060796e-01,1.666564e+00
4.158472e-03,1.830290e+00,6.162497e-01,1.610628e+00
4.163472e-03,1.831063e+00,6.259722e-01,1.557154e+00
4.168472e-03,1.831789e+00,6.352370e-01,1.506197e+00
4.173472e-03,1.832469e+00,6.440346e-01,1.457810e+00
4.178472e-03,1.833103e+00,6.523559e-01,1.412042e+00
4.183472e-03,1.833693e+00,6.601923e-01,1.368941e+00
4.188472e-03,1.834239e+00,6.675358e-01,1.328551e+00
4.193472e-03,1.834743e+00,6.743788e-01,1.290914e+00
4.198472e-03,1.835205e+00,6.807143e-01,1.256068e+00
4.203472e-03,1.835626e+00,6.865358e-01,1.224049e+00
4.208472e-03,1.836006e+00,6.918373e-01,1.194891e+00
4.213472e-03,1.836345e+00,6.966134e-01,1.168622e+00
4.218472e-03,1.836646e+00,7.008591e-01,1.145269e+00
4.223472e-03,1.836906e+00,7.045702e-01,1.124858e+00
4.228472e-03,1.837128e+00,7.077429e-01,1.107408e+00
4.233472e-03,1.837312e+00,7.103738e-01,1.092937e+00
4.238472e-03,1.837457e+00,7.124603e-01,1.081461e+00
4.243472e-03,1.837563e+00,7.140003e-01,1.072990e+00
4.248472e-03,1.837632e+00,7.149922e-01,1.067534e+00
4.253472e-03,1.837662e+00,7.154349e-01,1.065099e+00
4.258472e-03,1.837655e+00,7.153281e-01,1.065686e+00
4.263472e-03,1.837610e+00,7.146718e-01,1.069295e+00
4.268472e-03,1.837526e+00,7.134667e-01,1.075922e+00
4.273472e-03,1.837405e+00,7.117141e-01,1.085562e+00
4.278472e-03,1.837245e+00,7.094156e-01,1.098202e+00
4.283472e-03,1.837047e+00,7.065738e-01,1.113832e+00
4.288472e-03,1.836810e+00,7.031914e-01,1.132435e+00
4.293472e-03,1.836534e+00,6.992720e-01,1.153991e+00
4.298472e-03,1.836218e+00,6.948196e-01,1.178479e+00
4.303472e-03,1.835863e+00,6.898386e-01,1.205874e+00
4.308472e-03,1.835467e+00,6.843343e-01,1.236147e+00
4.313472e-03,1.835030e+00,6.783123e-01,1.269268e+00
4.318472e-03,1.834552e+00,6.717787e-01,1.305202e+00
4.323472e-03,1.834032e+00,6.647403e-01,1.343913e+00
4.328472e-03,1.833469e+00,6.572043e-01,1.385361e+00
4.333472e-03,1.832862e+00,6.491784e-01,1.429503e+00
4.338472e-03,1.832210e+00,6.406709e-01,1.476294e+00
4.343472e-03,1.831513e+00,6.316905e-01,1.525686e+00
4.348472e-03,1.830769e+00,6.222466e-01,1.577627e+00
4.353472e-03,1.829976e+00,6.123489e-01,1.632064e+00
4.358472e-03,1.829135e+00,6.020077e-01,1.688941e+00
4.363472e-03,1.828243e+00,5.912336e-01,1.748198e+00
4.368472e-03,1.827299e+00,5.800378e-01,1.809775e+00
4.373472e-03,1.826300e+00,5.684320e-01,1.873606e+00
4.378472e-03,1.825246e+00,5.564284e-01,1.939626e+00
4.383472e-03,1.824134e+00,5.440393e-01,2.007766e+00
4.388472e-03,1.822961e+00,5.312779e-01,2.077953e+00
4.393472e-03,1.821726e+00,5.181576e-01,2.150115e+00
4.398472e-03,1.820425e+00,5.046921e-01,2.224175e+00
4.403472e-03,1.819056e+00,4.908958e-01,2.300055e+00
4.408472e-03,1.817615e+00,4.767833e-01,2.377674e+00
4.413472e-03,1.816099e+00,4.623697e-01,2.456948e+00
4.418472e-03,1.814503e+00,4.476705e-01,2.537794e+00
4.423472e-03,1.812823e+00,4.327016e-01,2.620123e+00
4.428472e-03,1.811054e+00,4.174792e-01,2.703846e+00
4.433472e-03,1.809190e+00,4.020201e-01,2.788871e+00
4.438472e-03,1.807225e+00,3.863414e-01,2.875104e+00
4.443472e-03,1.805152e+00,3.704606e-01,2.962449e+00
4.448472e-03,1.802962e+00,3.543957e-01,3.050806e+00
4.453472e-03,1.800647e+00,3.381651e-01,3.140074e+00
4.458472e-03,1.798195e+00,3.217878e-01,3.230149e+00
4.463472e-03,1.795594e+00,3.052833e-01,3.320925e+00
4.468472e-03,1.792831e+00,2.886716e-01,3.412289e+00
4.473472e-03,1.789888e+00,2.719735e-01,3.504129e+00
4.478472e-03,1.786747e+00,2.552105e-01,3.596326e+00
4.483472e-03,1.783383e+00,2.384052e-01,3.688755e+00
4.488472e-03,1.779769e+00,2.215811e-01,3.781288e+00
4.493472e-03,1.775872e+00,2.047634e-01,3.873786e+00
4.498472e-03,1.771650e+00,1.879788e-01,3.966102e+00
4.503472e-03,1.767051e+00,1.712564e-01,4.058075e+00
4.508472e-03,1.762011e+00,1.546286e-01,4.149529e+00
4.513472e-03,1.756445e+00,1.381319e-01,4.240262e+00
4.518472e-03,1.750244e+00,1.218087e-01,4.330040e+00
4.523472e-03,1.743257e+00,1.057102e-01,4.418583e+00
4.528472e-03,1.735217e+00,8.991494e-02,4.505458e+00
4.533472e-03,1.725924e+00,7.448497e-02,4.590324e+00
4.538472e-03,1.714884e+00,5.954952e-02,4.672471e+00
4.543472e-03,1.701348e+00,4.529554e-02,4.750871e+00
4.548472e-03,1.684194e+00,3.199354e-02,4.824036e+00
4.553472e-03,1.661316e+00,2.013721e-02,4.889253e+00
4.558472e-03,1.629262e+00,1.052434e-02,4.942135e+00
4.563472e-03,1.583589e+00,4.176627e-03,4.977063e+00
4.568472e-03,1.523713e+00,1.242873e-03,4.993208e+00
4.573472e-03,1.455928e+00,3.151985e-04,4.998305e+00
4.578472e-03,1.386125e+00,7.672382e-05,4.999604e+00
4.583472e-03,1.316624e+00,1.878954e-05,4.999914e+00
4.588472e-03,1.248096e+00,4.693148e-06,4.999986e+00
4.593472e-03,1.180757e+00,1.200775e-06,5.000001e+00
4.598472e-03,1.114709e+00,3.153578e-07,5.000003e+00
4.603472e-03,1.050024e+00,8.514102e-08,5.000003e+00
4.608472e-03,9.867701e-01,2.366179e-08,5.000002e+00
4.613472e-03,9.250092e-01,6.777716e-09,5.000001e+00
4.618472e-03,8.648026e-01,2.003472e-09,5.000001e+00
4.623472e-03,8.062096e-01,6.118854e-10,5.000001e+00
4.628472e-03,7.492883e-01,1.933092e-10,5.000000e+00
4.633472e-03,6.940946e-01,6.324456e-11,5.000000e+00
4.638472e-03,6.406832e-01,2.145145e-11,5.000000e+00
4.643472e-03,5.891067e-01,7.551468e-12,5.000000e+00
4.648472e-03,5.394160e-01,2.761666e-12,5.000000e+00
4.653472e-03,4.916602e-01,1.050151e-12,5.000000e+00
4.658472e-03,4.458864e-01,4.155544e-13,5.000000e+00
4.663472e-03,4.021397e-01,1.714395e-13,5.000000e+00
4.668472e-03,3.604634e-01,7.369187e-14,5.000000e+00
4.673472e-03,3.208985e-01,3.320369e-14,5.000000e+00
4.678472e-03,2.834842e-01,1.541600e-14,5.000000e+00
4.683472e-03,2.482573e-01,7.453890e-15,5.000000e+00
4.688472e-03,2.152525e-01,3.726945e-15,5.000000e+00
4.693472e-03,1.845026e-01,2.202286e-15,5.000000e+00
4.698472e-03,1.560377e-01,1.016440e-15,5.000000e+00
4.703472e-03,1.298861e-01,6.776264e-16,5.000000e+00
4.708472e-03,1.060735e-01,5.082198e-16,5.000000e+00
4.713472e-03,8.462339e-02,-1.694066e-16,5.000000e+00
4.718472e-03,6.555698e-02,3.388132e-16,5.000000e+00
4.723472e-03,4.889307e-02,1.694066e-16,5.000000e+00
4.728472e-03,3.464810e-02,0.000000e+00,5.000000e+00
4.733472e-03,2.283614e-02,0.000000e+00,5.000000e+00
4.738472e-03,1.346884e-02,0.000000e+00,5.000000e+00
4.743472e-03,6.555450e-03,0.000000e+00,5.000000e+00
4.748472e-03,2.102786e-03,0.000000e+00,5.000000e+00
4.753472e-03,1.152456e-04,0.000000e+00,5.000000e+00
4.758472e-03,5.947891e-04,0.000000e+00,5.000000e+00
4.763472e-03,3.540944e-03,0.000000e+00,5.000000e+00
4.768472e-03,8.950802e-03,0.000000e+00,5.000000e+00
4.773472e-03,1.681903e-02,-1.694066e-16,5.000000e+00
4.778472e-03,2.713785e-02,-1.694066e-16,5.000000e+00
4.783472e-03,3.989709e-02,1.694066e-16,5.000000e+00
4.788472e-03,5.508415e-02,1.694066e-16,5.000000e+00
4.793472e-03,7.268405e-02,1.694066e-16,5.000000e+00
4.798472e-03,9.267942e-02,1.694066e-16,5.000000e+00
4.803472e-03,1.150505e-01,1.694066e-16,5.000000e+00
4.808472e-03,1.397753e-01,8.470329e-16,5.000000e+00
4.813472e-03,1.668293e-01,1.355253e-15,5.000000e+00
4.818472e-03,1.961859e-01,2.710505e-15,5.000000e+00
4.823472e-03,2.278160e-01,4.743385e-15,5.000000e+00
4.828472e-03,2.616886e-01,9.825582e-15,5.000000e+00
4.833472e-03,2.977700e-01,2.066760e-14,5.000000e+00
4.838472e-03,3.360249e-01,4.455393e-14,5.000000e+00
4.843472e-03,3.764153e-01,1.018134e-13,5.000000e+00
4.848472e-03,4.189014e-01,2.408962e-13,5.000000e+00
4.853472e-03,4.634413e-01,5.930925e-13,5.000000e+00
4.858472e-03,5.099910e-01,1.522457e-12,5.000000e+00
4.863472e-03,5.585047e-01,4.064233e-12,5.000000e+00
4.868472e-03,6.089343e-01,1.128095e-11,5.000000e+00
4.873472e-03,6.612302e-01,3.251573e-11,5.000000e+00
4.878472e-03,7.153408e-01,9.723142e-11,5.000000e+00
4.883472e-03,7.712126e-01,3.012994e-10,5.000000e+00
4.888472e-03,8.287905e-01,9.664685e-10,5.000000e+00
4.893472e-03,8.880177e-01,3.205359e-09,5.000000e+00
4.898472e-03,9.488357e-01,1.097870e-08,5.000000e+00
4.903472e-03,1.011184e+00,3.878669e-08,5.000000e+00
4.908472e-03,1.075002e+00,1.411655e-07,4.999999e+00
4.913472e-03,1.140225e+00,5.285992e-07,4.999997e+00
4.918472e-03,1.206784e+00,2.033661e-06,4.999989e+00
4.923472e-03,1.274601e+00,8.025572e-06,4.999956e+00
4.928472e-03,1.343545e+00,3.240334e-05,4.999822e+00
4.933472e-03,1.413293e+00,1.329770e-04,4.999269e+00
4.938472e-03,1.482748e+00,5.424861e-04,4.997020e+00
4.943472e-03,1.548363e+00,2.047298e-03,4.988752e+00
4.948472e-03,1.603172e+00,6.207519e-03,4.965889e+00
4.953472e-03,1.643088e+00,1.393119e-02,4.923426e+00
4.958472e-03,1.671027e+00,2.454218e-02,4.865070e+00
4.963472e-03,1.691365e+00,3.703368e-02,4.796362e+00
4.968472e-03,1.706961e+00,5.074198e-02,4.720961e+00
4.973472e-03,1.719379e+00,6.529641e-02,4.640906e+00
4.978472e-03,1.729742e+00,8.042555e-02,4.557691e+00
4.983472e-03,1.738473e+00,9.601662e-02,4.471937e+00
4.988472e-03,1.746045e+00,1.119451e-01,4.384327e+00
4.993472e-03,1.752647e+00,1.281509e-01,4.295194e+00
4.998472e-03,1.758610e+00,1.445417e-01,4.205042e+00
5.003472e-03,1.763977e+00,1.610901e-01,4.114024e+00
5.008472e-03,1.768849e+00,1.777560e-01,4.022361e+00
5.013472e-03,1.773303e+00,1.945043e-01,3.930244e+00
5.018472e-03,1.777400e+00,2.113037e-01,3.837847e+00
5.023472e-03,1.781187e+00,2.281259e-01,3.745324e+00
5.028472e-03,1.784703e+00,2.449447e-01,3.652820e+00
5.033472e-03,1.787981e+00,2.617357e-01,3.560469e+00
5.038472e-03,1.791044e+00,2.784756e-01,3.468399e+00
5.043472e-03,1.793917e+00,2.951422e-01,3.376732e+00
5.048472e-03,1.796617e+00,3.117144e-01,3.285584e+00
5.053472e-03,1.799159e+00,3.281716e-01,3.195069e+00
5.058472e-03,1.801557e+00,3.444939e-01,3.105296e+00
5.063472e-03,1.803824e+00,3.606621e-01,3.016370e+00
5.068472e-03,1.805968e+00,3.766575e-01,2.928395e+00
5.073472e-03,1.807998e+00,3.924617e-01,2.841472e+00
5.078472e-03,1.809924e+00,4.080570e-01,2.755697e+00
5.083472e-03,1.811750e+00,4.234260e-01,2.671167e+00
5.088472e-03,1.813484e+00,4.385518e-01,2.587975e+00
5.093472e-03,1.815131e+00,4.534177e-01,2.506212e+00
5.098472e-03,1.816696e+00,4.680077e-01,2.425966e+00
5.103472e-03,1.818183e+00,4.823060e-01,2.347325e+00
5.108472e-03,1.819595e+00,4.962973e-01,2.270372e+00
5.113472e-03,1.820938e+00,5.099667e-01,2.195190e+00
5.118472e-03,1.822213e+00,5.232997e-01,2.121858e+00
5.123472e-03,1.823423e+00,5.362821e-01,2.050454e+00
5.128472e-03,1.824572e+00,5.489003e-01,1.981053e+00
5.133472e-03,1.825662e+00,5.611410e-01,1.913729e+00
5.138472e-03,1.826694e+00,5.729915e-01,1.848551e+00
5.143472e-03,1.827672e+00,5.844393e-01,1.785587e+00
5.148472e-03,1.828596e+00,5.954725e-01,1.724904e+00
5.153472e-03,1.829468e+00,6.060796e-01,1.666564e+00
5.158472e-03,1.830290e+00,6.162497e-01,1.610628e+00
5.163472e-03,1.831063e+00,6.259722e-01,1.557154e+00
5.168472e-03,1.831789e+00,6.352370e-01,1.506197e+00
5.173472e-03,1.832469e+00,6.440346e-01,1.457810e+00
5.178472e-03,1.833103e+00,6.523559e-01,1.412042e+00
5.183472e-03,1.833693e+00,6.601923e-01,1.368941e+00
5.188472e-03,1.834239e+00,6.675358e-01,1.328551e+00
5.193472e-03,1.834743e+00,6.743788e-01,1.290914e+00
5.198472e-03,1.835205e+00,6.807143e-01,1.256068e+00
5.203472e-03,1.835626e+00,6.865358e-01,1.224049e+00
5.208472e-03,1.836006e+00,6.918373e-01,1.194891e+00
5.213472e-03,1.836345e+00,6.966134e-01,1.168622e+00
5.218472e-03,1.836646e+00,7.008591e-01,1.145269e+00
5.223472e-03,1.836906e+00,7.045702e-01,1.124858e+00
5.228472e-03,1.837128e+00,7.077429e-01,1.107408e+00
5.233472e-03,1.837312e+00,7.103738e-01,1.092937e+00
5.238472e-03,1.837457e+00,7.124603e-01,1.081461e+00
5.243472e-03,1.837563e+00,7.140003e-01,1.072990e+00
5.248472e-03,1.837632e+00,7.149922e-01,1.067534e+00
5.253472e-03,1.837662e+00,7.154349e-01,1.065099e+00
5.258472e-03,1.837655e+00,7.153281e-01,1.065686e+00
5.263472e-03,1.837610e+00,7.146718e-01,1.069295e+00
5.268472e-03,1.837526e+00,7.134667e-01,1.075922e+00
5.273472e-03,1.837405e+00,7.117141e-01,1.085562e+00
5.278472e-03,1.837245e+00,7.094156e-01,1.098202e+00
5.283472e-03,1.837047e+00,7.065738e-01,1.113832e+00
5.288472e-03,1.836810e+00,7.031914e-01,1.132435e+00
5.293472e-03,1.836534e+00,6.992720e-01,1.153991e+00
5.298472e-03,1.836218e+00,6.948196e-01,1.178479e+00
5.303472e-03,1.835863e+00,6.898386e-01,1.205874e+00
5.308472e-03,1.835467e+00,6.843343e-01,1.236147e+00
5.313472e-03,1.835030e+00,6.783123e-01,1.269268e+00
5.318472e-03,1.834552e+00,6.717787e-01,1.305202e+00
5.323472e-03,1.834032e+00,6.647403e-01,1.343913e+00
5.328472e-03,1.833469e+00,6.572043e-01,1.385361e+00
5.333472e-03,1.832862e+00,6.491784e-01,1.429503e+00
5.338472e-03,1.832210e+00,6.406709e-01,1.476294e+00
5.343472e-03,1.831513e+00,6.316905e-01,1.525686e+00
5.348472e-03,1.830769e+00,6.222466e-01,1.577627e+00
5.353472e-03,1.829976e+00,6.123489e-01,1.632064e+00
5.358472e-03,1.829135e+00,6.020077e-01,1.688941e+00
5.363472e-03,1.828243e+00,5.912336e-01,1.748198e+00
5.368472e-03,1.827299e+00,5.800378e-01,1.809775e+00
5.373472e-03,1.826300e+00,5.684320e-01,1.873606e+00
5.378472e-03,1.825246e+00,5.564284e-01,1.939626e+00
5.383472e-03,1.824134e+00,5.440393e-01,2.007766e+00
5.388472e-03,1.822961e+00,5.312779e-01,2.077953e+00
5.393472e-03,1.821726e+00,5.181576e-01,2.150115e+00
5.398472e-03,1.820425e+00,5.046921e-01,2.224175e+00
5.403472e-03,1.819056e+00,4.908958e-01,2.300055e+00
5.408472e-03,1.817615e+00,4.767833e-01,2.377673e+00
5.413472e-03,1.816099e+00,4.623697e-01,2.456948e+00
5.418472e-03,1.814503e+00,4.476705e-01,2.537794e+00
5.423472e-03,1.812823e+00,4.327016e-01,2.620123e+00
5.428472e-03,1.811054e+00,4.174792e-01,2.703846e+00
5.433472e-03,1.809190e+00,4.020201e-01,2.788871e+00
5.438472e-03,1.807225e+00,3.863414e-01,2.875104e+00
5.443472e-03,1.805152e+00,3.704606e-01,2.962449e+00
5.448472e-03,1.802962e+00,3.543957e-01,3.050806e+00
5.453472e-03,1.800647e+00,3.381651e-01,3.140074e+00
5.458472e-03,1.798195e+00,3.217878e-01,3.230149e+00
5.463472e-03,1.795594e+00,3.052833e-01,3.320925e+00
5.468472e-03,1.792831e+00,2.886716e-01,3.412289e+00
5.473472e-03,1.789888e+00,2.719735e-01,3.504129e+00
5.478472e-03,1.786747e+00,2.552105e-01,3.596326e+00
5.483472e-03,1.783383e+00,2.384052e-01,3.688755e+00
5.488472e-03,1.779769e+00,2.215811e-01,3.781288e+00
5.493472e-03,1.775872e+00,2.047634e-01,3.873786e+00
5.498472e-03,1.771650e+00,1.879788e-01,3.966102e+00
5.503472e-03,1.767051e+00,1.712564e-01,4.058075e+00
5.508472e-03,1.762011e+00,1.546286e-01,4.149529e+00
5.513472e-03,1.756445e+00,1.381319e-01,4.240262e+00
5.518472e-03,1.750244e+00,1.218087e-01,4.330040e+00
5.523472e-03,1.743257e+00,1.057102e-01,4.418583e+00
5.528472e-03,1.735217e+00,8.991494e-02,4.505458e+00
5.533472e-03,1.725924e+00,7.448498e-02,4.590324e+00
5.538472e-03,1.714885e+00,5.954953e-02,4.672471e+00
5.543472e-03,1.701348e+00,4.529554e-02,4.750871e+00
5.548472e-03,1.684194e+00,3.199354e-02,4.824036e+00
5.553472e-03,1.661316e+00,2.013721e-02,4.889253e+00
5.558472e-03,1.629262e+00,1.052434e-02,4.942135e+00
5.563472e-03,1.583589e+00,4.176628e-03,4.977063e+00
5.568472e-03,1.523713e+00,1.242873e-03,4.993208e+00
5.573472e-03,1.455928e+00,3.151986e-04,4.998305e+00
5.578472e-03,1.386125e+00,7.672385e-05,4.999604e+00
5.583472e-03,1.316624e+00,1.878954e-05,4.999914e+00
5.588472e-03,1.248096e+00,4.693150e-06,4.999986e+00
5.593472e-03,1.180757e+00,1.200776e-06,5.000001e+00
5.598472e-03,1.114709e+00,3.153579e-07,5.000003e+00
5.603472e-03,1.050024e+00,8.514104e-08,5.000003e+00
5.608472e-03,9.867702e-01,2.366179e-08,5.000002e+00
5.613472e-03,9.250092e-01,6.777717e-09,5.000001e+00
5.618472e-03,8.648026e-01,2.003473e-09,5.000001e+00
5.623472e-03,8.062096e-01,6.118854e-10,5.000001e+00
5.628472e-03,7.492883e-01,1.933092e-10,5.000000e+00
5.633472e-03,6.940946e-01,6.324456e-11,5.000000e+00
5.638472e-03,6.406832e-01,2.145179e-11,5.000000e+00
5.643472e-03,5.891067e-01,7.551638e-12,5.000000e+00
5.648472e-03,5.394161e-01,2.761836e-12,5.000000e+00
5.653472e-03,4.916602e-01,1.050321e-12,5.000000e+00
5.658472e-03,4.458864e-01,4.158932e-13,5.000000e+00
5.663472e-03,4.021397e-01,1.711007e-13,5.000000e+00
5.668472e-03,3.604634e-01,7.403068e-14,5.000000e+00
5.673472e-03,3.208985e-01,3.320369e-14,5.000000e+00
5.678472e-03,2.834842e-01,1.524659e-14,5.000000e+00
5.683472e-03,2.482573e-01,7.284483e-15,5.000000e+00
5.688472e-03,2.152525e-01,3.726945e-15,5.000000e+00
5.693472e-03,1.845026e-01,2.032879e-15,5.000000e+00
5.698472e-03,1.560377e-01,8.470329e-16,5.000000e+00
5.703472e-03,1.298861e-01,6.776264e-16,5.000000e+00
5.708472e-03,1.060735e-01,1.694066e-16,5.000000e+00
5.713472e-03,8.462340e-02,0.000000e+00,5.000000e+00
5.718472e-03,6.555698e-02,3.388132e-16,5.000000e+00
5.723472e-03,4.889307e-02,0.000000e+00,5.000000e+00
5.728472e-03,3.464810e-02,0.000000e+00,5.000000e+00
5.733472e-03,2.283614e-02,0.000000e+00,5.000000e+00
5.738472e-03,1.346884e-02,0.000000e+00,5.000000e+00
5.743472e-03,6.555452e-03,0.000000e+00,5.000000e+00
5.748472e-03,2.102787e-03,0.000000e+00,5.000000e+00
5.753472e-03,1.152458e-04,0.000000e+00,5.000000e+00
5.758472e-03,5.947887e-04,0.000000e+00,5.000000e+00
5.763472e-03,3.540943e-03,0.000000e+00,5.000000e+00
5.768472e-03,8.950801e-03,0.000000e+00,5.000000e+00
5.773472e-03,1.681902e-02,0.000000e+00,5.000000e+00
5.778472e-03,2.713785e-02,1.694066e-16,5.000000e+00
5.783472e-03,3.989708e-02,-1.694066e-16,5.000000e+00
5.788472e-03,5.508415e-02,-1.694066e-16,5.000000e+00
5.793472e-03,7.268405e-02,3.388132e-16,5.000000e+00
5.798472e-03,9.267942e-02,3.388132e-16,5.000000e+00
5.803472e-03,1.150505e-01,5.082198e-16,5.000000e+00
5.808472e-03,1.397753e-01,8.470329e-16,5.000000e+00
5.813472e-03,1.668293e-01,1.185846e-15,5.000000e+00
5.818472e-03,1.961859e-01,2.710505e-15,5.000000e+00
5.823472e-03,2.278160e-01,4.573978e-15,5.000000e+00
5.828472e-03,2.616886e-01,9.825582e-15,5.000000e+00
5.833472e-03,2.977700e-01,2.049820e-14,5.000000e+00
5.838472e-03,3.360248e-01,4.455393e-14,5.000000e+00
5.843472e-03,3.764152e-01,1.019828e-13,5.000000e+00
5.848472e-03,4.189014e-01,2.407268e-13,5.000000e+00
5.853472e-03,4.634413e-01,5.930925e-13,5.000000e+00
5.858472e-03,5.099910e-01,1.522457e-12,5.000000e+00
5.863472e-03,5.585047e-01,4.064233e-12,5.000000e+00
5.868472e-03,6.089343e-01,1.128095e-11,5.000000e+00
5.873472e-03,6.612302e-01,3.251624e-11,5.000000e+00
5.878472e-03,7.153408e-01,9.723142e-11,5.000000e+00
5.883472e-03,7.712126e-01,3.012991e-10,5.000000e+00
5.888472e-03,8.287905e-01,9.664682e-10,5.000000e+00
5.893472e-03,8.880177e-01,3.205358e-09,5.000000e+00
5.898472e-03,9.488357e-01,1.097870e-08,5.000000e+00
5.903472e-03,1.011184e+00,3.878668e-08,5.000000e+00
5.908472e-03,1.075002e+00,1.411654e-07,4.999999e+00
5.913472e-03,1.140225e+00,5.285990e-07,4.999997e+00
5.918472e-03,1.206784e+00,2.033660e-06,4.999989e+00
5.923472e-03,1.274601e+00,8.025570e-06,4.999956e+00
5.928472e-03,1.343545e+00,3.240333e-05,4.999822e+00
5.933472e-03,1.413293e+00,1.329769e-04,4.999269e+00
5.938472e-03,1.482748e+00,5.424860e-04,4.997020e+00
5.943472e-03,1.548363e+00,2.047297e-03,4.988752e+00
5.948472e-03,1.603172e+00,6.207518e-03,4.965889e+00
5.953472e-03,1.643088e+00,1.393119e-02,4.923426e+00
5.958472e-03,1.671027e+00,2.454217e-02,4.865070e+00
5.963472e-03,1.691365e+00,3.703368e-02,4.796362e+00
5.968472e-03,1.706961e+00,5.074197e-02,4.720961e+00
5.973472e-03,1.719379e+00,6.529641e-02,4.640906e+00
5.978472e-03,1.729742e+00,8.042555e-02,4.557691e+00
5.983472e-03,1.738473e+00,9.601662e-02,4.471937e+00
5.988472e-03,1.746045e+00,1.119451e-01,4.384327e+00
5.993472e-03,1.752647e+00,1.281509e-01,4.295194e+00
5.998472e-03,1.758610e+00,1.445417e-01,4.205042e+00
6.003472e-03,1.763977e+00,1.610901e-01,4.114024e+00
6.008472e-03,1.768849e+00,1.777560e-01,4.022361e+00
6.013472e-03,1.773303e+00,1.945043e-01,3.930244e+00
6.018472e-03,1.777400e+00,2.113037e-01,3.837847e+00
6.023472e-03,1.781187e+00,2.281259e-01,3.745324e+00
6.028472e-03,1.784703e+00,2.449447e-01,3.652820e+00
6.033472e-03,1.787981e+00,2.617357e-01,3.560469e+00
6.038472e-03,1.791044e+00,2.784756e-01,3.468399e+00
6.043472e-03,1.793917e+00,2.951422e-01,3.376732e+00
6.048472e-03,1.796617e+00,3.117144e-01,3.285584e+00
6.053472e-03,1.799159e+00,3.281716e-01,3.195069e+00
6.058472e-03,1.801557e+00,3.444939e-01,3.105296e+00
6.063472e-03,1.803824e+00,3.606621e-01,3.016370e+00
6.068472e-03,1.805968e+00,3.766575e-01,2.928395e+00
6.073472e-03,1.807998e+00,3.924617e-01,2.841472e+00
6.078472e-03,1.809924e+00,4.080570e-01,2.755697e+00
6.083472e-03,1.811750e+00,4.234260e-01,2.671167e+00
6.088472e-03,1.813484e+00,4.385518e-01,2.587975e+00
6.093472e-03,1.815131e+00,4.534177e-01,2.506212e+00
6.098472e-03,1.816696e+00,4.680077e-01,2.425966e+00
6.103472e-03,1.818183e+00,4.823060e-01,2.347325e+00
6.108472e-03,1.819595e+00,4.962973e-01,2.270372e+00
6.113472e-03,1.820938e+00,5.099667e-01,2.195190e+00
6.118472e-03,1.822213e+00,5.232997e-01,2.121858e+00
6.123472e-03,1.823423e+00,5.362821e-01,2.050454e+00
6.128472e-03,1.824572e+00,5.489003e-01,1.981054e+00
6.133472e-03,1.825662e+00,5.611410e-01,1.913729e+00
6.138472e-03,1.826694e+00,5.729915e-01,1.848551e+00
6.143472e-03,1.827672e+00,5.844393e-01,1.785587e+00
6.148472e-03,1.828596e+00,5.954725e-01,1.724904e+00
6.153472e-03,1.829468e+00,6.060796e-01,1.666564e+00
6.158472e-03,1.830290e+00,6.162497e-01,1.610628e+00
6.163472e-03,1.831063e+00,6.259722e-01,1.557154e+00
6.168472e-03,1.831789e+00,6.352370e-01,1.506197e+00
6.173472e-03,1.832469e+00,6.440346e-01,1.457810e+00
6.178472e-03,1.833103e+00,6.523559e-01,1.412042e+00
6.183472e-03,1.833693e+00,6.601923e-01,1.368941e+00
6.188472e-03,1.834239e+00,6.675358e-01,1.328551e+00
6.193472e-03,1.834743e+00,6.743788e-01,1.290914e+00
6.198472e-03,1.835205e+00,6.807143e-01,1.256068e+00
6.203472e-03,1.835626e+00,6.865358e-01,1.224049e+00
6.208472e-03,1.836006e+00,6.918373e-01,1.194891e+00
6.213472e-03,1.836345e+00,6.966134e-01,1.168622e+00
6.218472e-03,1.836646e+00,7.008591e-01,1.145269e+00
6.223472e-03,1.836906e+00,7.045702e-01,1.124858e+00
6.228472e-03,1.837128e+00,7.077429e-01,1.107408e+00
6.233472e-03,1.837312e+00,7.103738e-01,1.092937e+00
6.238472e-03,1.837457e+00,7.124603e-01,1.081461e+00
6.243472e-03,1.837563e+00,7.140003e-01,1.072990e+00
6.248472e-03,1.837632e+00,7.149922e-01,1.067534e+00
6.253472e-03,1.837662e+00,7.154349e-01,1.065099e+00
6.258472e-03,1.837655e+00,7.153281e-01,1.065686e+00
6.263472e-03,1.837610e+00,7.146718e-01,1.069295e+00
6.268472e-03,1.837526e+00,7.134667e-01,1.075922e+00
6.273472e-03,1.837405e+00,7.117141e-01,1.085562e+00
6.278472e-03,1.837245e+00,7.094156e-01,1.098202e+00
6.283472e-03,1.837047e+00,7.065738e-01,1.113832e+00
6.288472e-03,1.836810e+00,7.031914e-01,1.132435e+00
6.293472e-03,1.836534e+00,6.992720e-01,1.153991e+00
6.298472e-03,1.836218e+00,6.948196e-01,1.178479e+00
6.303472e-03,1.835863e+00,6.898386e-01,1.205874e+00
6.308472e-03,1.835467e+00,6.843343e-01,1.236147e+00
6.313472e-03,1.835030e+00,6.783123e-01,1.269268e+00
6.318472e-03,1.834552e+00,6.717787e-01,1.305202e+00
6.323472e-03,1.834032e+00,6.647403e-01,1.343913e+00
6.328472e-03,1.833469e+00,6.572043e-01,1.385361e+00
6.333472e-03,1.832862e+00,6.491784e-01,1.429503e+00
6.338472e-03,1.832210e+00,6.406709e-01,1.476294e+00
6.343472e-03,1.831513e+00,6.316905e-01,1.525686e+00
6.348472e-03,1.830769e+00,6.222466e-01,1.577627e+00
6.353472e-03,1.829976e+00,6.123489e-01,1.632064e+00
6.358472e-03,1.829135e+00,6.020077e-01,1.688941e+00
6.363472e-03,1.828243e+00,5.912336e-01,1.748198e+00
6.368472e-03,1.827299e+00,5.800378e-01,1.809775e+00
6.373472e-03,1.826300e+00,5.684320e-01,1.873606e+00
6.378472e-03,1.825246e+00,5.564284e-01,1.939626e+00
6.383472e-03,1.824134e+00,5.440393e-01,2.007766e+00
6.388472e-03,1.822961e+00,5.312779e-01,2.077953e+00
6.393472e-03,1.821726e+00,5.181576e-01,2.150115e+00
6.398472e-03,1.820425e+00,5.046921e-01,2.224175e+00
6.403472e-03,1.819056e+00,4.908958e-01,2.300055e+00
6.408472e-03,1.817615e+00,4.767833e-01,2.377673e+00
6.413472e-03,1.816099e+00,4.623697e-01,2.456948e+00
6.418472e-03,1.814503e+00,4.476705e-01,2.537794e+00
6.423472e-03,1.812823e+00,4.327016e-01,2.620123e+00
6.428472e-03,1.811054e+00,4.174792e-01,2.703846e+00
6.433472e-03,1.809190e+00,4.020201e-01,2.788871e+00
6.438472e-03,1.807225e+00,3.863414e-01,2.875104e+00
6.443472e-03,1.805152e+00,3.704606e-01,2.962449e+00
6.448472e-03,1.802962e+00,3.543957e-01,3.050806e+00
6.453472e-03,1.800647e+00,3.381651e-01,3.140074e+00
6.458472e-03,1.798195e+00,3.217878e-01,3.230149e+00
6.463472e-03,1.795594e+00,3.052833e-01,3.320925e+00
6.468472e-03,1.792831e+00,2.886716e-01,3.412289e+00
6.473472e-03,1.789888e+00,2.719735e-01,3.504129e+00
6.478472e-03,1.786747e+00,2.552105e-01,3.596326e+00
6.483472e-03,1.783383e+00,2.384052e-01,3.688755e+00
6.488472e-03,1.779769e+00,2.215811e-01,3.781288e+00
6.493472e-03,1.775872e+00,2.047634e-01,3.873786e+00
6.498472e-03,1.771650e+00,1.879788e-01,3.966102e+00
6.503472e-03,1.767051e+00,1.712564e-01,4.058075e+00
6.508472e-03,1.762011e+00,1.546286e-01,4.149529e+00
6.513472e-03,1.756445e+00,1.381319e-01,4.240262e+00
6.518472e-03,1.750244e+00,1.218087e-01,4.330040e+00
6.523472e-03,1.743257e+00,1.057102e-01,4.418583e+00
6.528472e-03,1.735217e+00,8.991494e-02,4.505458e+00
6.533472e-03,1.725924e+00,7.448498e-02,4.590324e+00
6.538472e-03,1.714885e+00,5.954953e-02,4.672471e+00
6.543472e-03,1.701348e+00,4.529554e-02,4.750871e+00
6.548472e-03,1.684194e+00,3.199355e-02,4.824036e+00
6.553472e-03,1.661316e+00,2.013721e-02,4.889253e+00
6.558472e-03,1.629262e+00,1.052434e-02,4.942135e+00
6.563472e-03,1.583589e+00,4.176629e-03,4.977063e+00
6.568472e-03,1.523713e+00,1.242874e-03,4.993208e+00
6.573472e-03,1.455928e+00,3.151987e-04,4.998305e+00
6.578472e-03,1.386125e+00,7.672387e-05,4.999604e+00
6.583472e-03,1.316624e+00,1.878955e-05,4.999914e+00
6.588472e-03,1.248096e+00,4.693151e-06,4.999986e+00
6.593472e-03,1.180757e+00,1.200776e-06,5.000001e+00
6.598472e-03,1.114709e+00,3.153580e-07,5.000003e+00
6.603472e-03,1.050024e+00,8.514107e-08,5.000003e+00
6.608472e-03,9.867702e-01,2.366180e-08,5.000002e+00
6.613472e-03,9.250092e-01,6.777719e-09,5.000001e+00
6.618472e-03,8.648026e-01,2.003473e-09,5.000001e+00
6.623472e-03,8.062097e-01,6.118859e-10,5.000001e+00
6.628472e-03,7.492883e-01,1.933090e-10,5.000000e+00
6.633472e-03,6.940947e-01,6.324490e-11,5.000000e+00
6.638472e-03,6.406832e-01,2.145162e-11,5.000000e+00
6.643472e-03,5.891067e-01,7.551299e-12,5.000000e+00
6.648472e-03,5.394161e-01,2.761836e-12,5.000000e+00
6.653472e-03,4.916602e-01,1.050151e-12,5.000000e+00
6.658472e-03,4.458864e-01,4.158932e-13,5.000000e+00
6.663472e-03,4.021397e-01,1.714395e-13,5.000000e+00
6.668472e-03,3.604634e-01,7.369187e-14,5.000000e+00
6.673472e-03,3.208985e-01,3.303428e-14,5.000000e+00
6.678472e-03,2.834842e-01,1.524659e-14,5.000000e+00
6.683472e-03,2.482573e-01,7.453890e-15,5.000000e+00
6.688472e-03,2.152525e-01,3.726945e-15,5.000000e+00
6.693472e-03,1.845026e-01,1.694066e-15,5.000000e+00
6.698472e-03,1.560377e-01,1.185846e-15,5.000000e+00
6.703472e-03,1.298861e-01,5.082198e-16,5.000000e+00
6.708472e-03,1.060735e-01,3.388132e-16,5.000000e+00
6.713472e-03,8.462340e-02,1.694066e-16,5.000000e+00
6.718472e-03,6.555699e-02,0.000000e+00,5.000000e+00
6.723472e-03,4.889307e-02,0.000000e+00,5.000000e+00
6.728472e-03,3.464811e-02,3.388132e-16,5.000000e+00
6.733472e-03,2.283615e-02,0.000000e+00,5.000000e+00
6.738472e-03,1.346885e-02,0.000000e+00,5.000000e+00
6.743472e-03,6.555453e-03,0.000000e+00,5.000000e+00
6.748472e-03,2.102788e-03,0.000000e+00,5.000000e+00
6.753472e-03,1.152459e-04,1.694066e-16,5.000000e+00
6.758472e-03,5.947883e-04,0.000000e+00,5.000000e+00
6.763472e-03,3.540942e-03,1.694066e-16,5.000000e+00
6.768472e-03,8.950799e-03,-1.694066e-16,5.000000e+00
6.773472e-03,1.681902e-02,1.694066e-16,5.000000e+00
6.778472e-03,2.713784e-02,1.694066e-16,5.000000e+00
6.783472e-03,3.989708e-02,0.000000e+00,5.000000e+00
6.788472e-03,5.508414e-02,1.694066e-16,5.000000e+00
6.793472e-03,7.268404e-02,1.694066e-16,5.000000e+00
6.798472e-03,9.267941e-02,1.694066e-16,5.000000e+00
6.803472e-03,1.150505e-01,1.694066e-16,5.000000e+00
6.808472e-03,1.397753e-01,8.470329e-16,5.000000e+00
6.813472e-03,1.668293e-01,1.355253e-15,5.000000e+00
6.818472e-03,1.961859e-01,2.710505e-15,5.000000e+00
6.823472e-03,2.278160e-01,4.743385e-15,5.000000e+00
6.828472e-03,2.616886e-01,9.825582e-15,5.000000e+00
6.833472e-03,2.977700e-01,2.066760e-14,5.000000e+00
6.838472e-03,3.360248e-01,4.455393e-14,5.000000e+00
6.843472e-03,3.764152e-01,1.018134e-13,5.000000e+00
6.848472e-03,4.189013e-01,2.408962e-13,5.000000e+00
6.853472e-03,4.634413e-01,5.930925e-13,5.000000e+00
6.858472e-03,5.099910e-01,1.522457e-12,5.000000e+00
6.863472e-03,5.585046e-01,4.064233e-12,5.000000e+00
6.868472e-03,6.089343e-01,1.128095e-11,5.000000e+00
6.873472e-03,6.612302e-01,3.251573e-11,5.000000e+00
6.878472e-03,7.153408e-01,9.723142e-11,5.000000e+00
6.883472e-03,7.712126e-01,3.012991e-10,5.000000e+00
6.888472e-03,8.287905e-01,9.664676e-10,5.000000e+00
6.893472e-03,8.880177e-01,3.205357e-09,5.000000e+00
6.898472e-03,9.488357e-01,1.097870e-08,5.000000e+00
6.903472e-03,1.011184e+00,3.878667e-08,5.000000e+00
6.908472e-03,1.075002e+00,1.411654e-07,4.999999e+00
6.913472e-03,1.140225e+00,5.285989e-07,4.999997e+00
6.918472e-03,1.206784e+00,2.033659e-06,4.999989e+00
6.923472e-03,1.274601e+00,8.025567e-06,4.999956e+00
6.928472e-03,1.343545e+00,3.240332e-05,4.999822e+00
6.933472e-03,1.413293e+00,1.329769e-04,4.999269e+00
6.938472e-03,1.482748e+00,5.424858e-04,4.997020e+00
6.943472e-03,1.548363e+00,2.047297e-03,4.988752e+00
6.948472e-03,1.603172e+00,6.207516e-03,4.965889e+00
6.953472e-03,1.643088e+00,1.393118e-02,4.923426e+00
6.958472e-03,1.671027e+00,2.454217e-02,4.865070e+00
6.963472e-03,1.691365e+00,3.703368e-02,4.796362e+00
6.968472e-03,1.706961e+00,5.074197e-02,4.720961e+00
6.973472e-03,1.719379e+00,6.529640e-02,4.640906e+00
6.978472e-03,1.729742e+00,8.042554e-02,4.557691e+00
6.983472e-03,1.738473e+00,9.601661e-02,4.471937e+00
6.988472e-03,1.746045e+00,1.119451e-01,4.384327e+00
6.993472e-03,1.752647e+00,1.281508e-01,4.295194e+00
6.998472e-03,1.758610e+00,1.445417e-01,4.205042e+00
7.003472e-03,1.763977e+00,1.610901e-01,4.114024e+00
7.008472e-03,1.768849e+00,1.777560e-01,4.022361e+00
7.013472e-03,1.773303e+00,1.945043e-01,3.930244e+00
7.018472e-03,1.777400e+00,2.113037e-01,3.837847e+00
7.023472e-03,1.781187e+00,2.281259e-01,3.745324e+00
7.028472e-03,1.784703e+00,2.449447e-01,3.652820e+00
7.033472e-03,1.787981e+00,2.617357e-01,3.560469e+00
7.038472e-03,1.791044e+00,2.784756e-01,3.468399e+00
7.043472e-03,1.793917e+00,2.951422e-01,3.376732e+00
7.048472e-03,1.796617e+00,3.117144e-01,3.285584e+00
7.053472e-03,1.799159e+00,3.281716e-01,3.195069e+00
7.058472e-03,1.801557e+00,3.444939e-01,3.105296e+00
7.063472e-03,1.803824e+00,3.606621e-01,3.016370e+00
7.068472e-03,1.805968e+00,3.766575e-01,2.928395e+00
7.073472e-03,1.807998e+00,3.924617e-01,2.841472e+00
7.078472e-03,1.809924e+00,4.080570e-01,2.755697e+00
7.083472e-03,1.811750e+00,4.234260e-01,2.671167e+00
7.088472e-03,1.813484e+00,4.385518e-01,2.587975e+00
7.093472e-03,1.815131e+00,4.534177e-01,2.506212e+00
7.098472e-03,1.816696e+00,4.680077e-01,2.425966e+00
7.103472e-03,1.818183e+00,4.823060e-01,2.347325e+00
7.108472e-03,1.819595e+00,4.962973e-01,2.270372e+00
7.113472e-03,1.820938e+00,5.099667e-01,2.195190e+00
7.118472e-03,1.822213e+00,5.232997e-01,2.121858e+00
7.123472e-03,1.823423e+00,5.362821e-01,2.050454e+00
7.128472e-03,1.824572e+00,5.489003e-01,1.981054e+00
7.133472e-03,1.825662e+00,5.611410e-01,1.913729e+00
7.138472e-03,1.826694e+00,5.729915e-01,1.848551e+00
7.143472e-03,1.827672e+00,5.844393e-01,1.785587e+00
7.148472e-03,1.828596e+00,5.954725e-01,1.724904e+00
7.153472e-03,1.829468e+00,6.060796e-01,1.666564e+00
7.158472e-03,1.830290e+00,6.162497e-01,1.610628e+00
7.163472e-03,1.831063e+00,6.259722e-01,1.557154e+00
7.168472e-03,1.831789e+00,6.352370e-01,1.506197e+00
7.173472e-03,1.832469e+00,6.440346e-01,1.457810e+00
7.178472e-03,1.833103e+00,6.523559e-01,1.412042e+00
7.183472e-03,1.833693e+00,6.601923e-01,1.368941e+00
7.188472e-03,1.834239e+00,6.675358e-01,1.328551e+00
7.193472e-03,1.834743e+00,6.743788e-01,1.290914e+00
7.198472e-03,1.835205e+00,6.807143e-01,1.256068e+00
7.203472e-03,1.835626e+00,6.865358e-01,1.224049e+00
7.208472e-03,1.836006e+00,6.918373e-01,1.194891e+00
7.213472e-03,1.836345e+00,6.966134e-01,1.168622e+00
7.218472e-03,1.836646e+00,7.008591e-01,1.145269e+00
7.223472e-03,1.836906e+00,7.045702e-01,1.124858e+00
7.228472e-03,1.837128e+00,7.077429e-01,1.107408e+00
7.233472e-03,1.837312e+00,7.103738e-01,1.092937e+00
7.238472e-03,1.837457e+00,7.124603e-01,1.081461e+00
7.243472e-03,1.837563e+00,7.140003e-01,1.072990e+00
7.248472e-03,1.837632e+00,7.149922e-01,1.067534e+00
7.253472e-03,1.837662e+00,7.154349e-01,1.065099e+00
7.258472e-03,1.837655e+00,7.153281e-01,1.065686e+00
7.263472e-03,1.837610e+00,7.146718e-01,1.069295e+00
7.268472e-03,1.837526e+00,7.134667e-01,1.075922e+00
7.273472e-03,1.837405e+00,7.117141e-01,1.085562e+00
7.278472e-03,1.837245e+00,7.094156e-01,1.098202e+00
7.283472e-03,1.837047e+00,7.065738e-01,1.113832e+00
7.288472e-03,1.836810e+00,7.031914e-01,1.132435e+00
7.293472e-03,1.836534e+00,6.992720e-01,1.153991e+00
7.298472e-03,1.836218e+00,6.948196e-01,1.178479e+00
7.303472e-03,1.835863e+00,6.898387e-01,1.205874e+00
7.308472e-03,1.835467e+00,6.843343e-01,1.236147e+00
7.313472e-03,1.835030e+00,6.783123e-01,1.269268e+00
7.318472e-03,1.834552e+00,6.717787e-01,1.305202e+00
7.323472e-03,1.834032e+00,6.647403e-01,1.343913e+00
7.328472e-03,1.833469e+00,6.572043e-01,1.385361e+00
7.333472e-03,1.832862e+00,6.491784e-01,1.429503e+00
7.338472e-03,1.832210e+00,6.406709e-01,1.476294e+00
7.343472e-03,1.831513e+00,6.316905e-01,1.525686e+00
7.348472e-03,1.830769e+00,6.222466e-01,1.577627e+00
7.353472e-03,1.829976e+00,6.123489e-01,1.632064e+00
7.358472e-03,1.829135e+00,6.020077e-01,1.688941e+00
7.363472e-03,1.828243e+00,5.912336e-01,1.748198e+00
7.368472e-03,1.827299e+00,5.800378e-01,1.809775e+00
7.373472e-03,1.826300e+00,5.684320e-01,1.873606e+00
7.378472e-03,1.825246e+00,5.564284e-01,1.939626e+00
7.383472e-03,1.824134e+00,5.440393e-01,2.007766e+00
7.388472e-03,1.822961e+00,5.312779e-01,2.077953e+00
7.393472e-03,1.821726e+00,5.181576e-01,2.150115e+00
7.398472e-03,1.820425e+00,5.046921e-01,2.224175e+00
7.403472e-03,1.819056e+00,4.908958e-01,2.300055e+00
7.408472e-03,1.817615e+00,4.767833e-01,2.377673e+00
7.413472e-03,1.816099e+00,4.623697e-01,2.456948e+00
7.418472e-03,1.814503e+00,4.476705e-01,2.537794e+00
7.423472e-03,1.812823e+00,4.327016e-01,2.620123e+00
7.428472e-03,1.811054e+00,4.174792e-01,2.703846e+00
7.433472e-03,1.809190e+00,4.020201e-01,2.788871e+00
7.438472e-03,1.807225e+00,3.863414e-01,2.875104e+00
7.443472e-03,1.805152e+00,3.704606e-01,2.962449e+00
7.448472e-03,1.802962e+00,3.543957e-01,3.050806e+00
7.453472e-03,1.800647e+00,3.381651e-01,3.140074e+00
7.458472e-03,1.798195e+00,3.217879e-01,3.230149e+00
7.463472e-03,1.795594e+00,3.052833e-01,3.320925e+00
7.468472e-03,1.792831e+00,2.886716e-01,3.412289e+00
7.473472e-03,1.789888e+00,2.719735e-01,3.504129e+00
7.478472e-03,1.786747e+00,2.552105e-01,3.596326e+00
7.483472e-03,1.783383e+00,2.384052e-01,3.688755e+00
7.488472e-03,1.779769e+00,2.215812e-01,3.781288e+00
7.493472e-03,1.775872e+00,2.047634e-01,3.873786e+00
7.498472e-03,1.771650e+00,1.879788e-01,3.966102e+00
7.503472e-03,1.767051e+00,1.712564e-01,4.058075e+00
7.508472e-03,1.762011e+00,1.546286e-01,4.149529e+00
7.513472e-03,1.756445e+00,1.381319e-01,4.240262e+00
7.518472e-03,1.750244e+00,1.218087e-01,4.330040e+00
7.523472e-03,1.743257e+00,1.057102e-01,4.418583e+00
7.528472e-03,1.735217e+00,8.991495e-02,4.505458e+00
7.533472e-03,1.725924e+00,7.448498e-02,4.590324e+00
7.538472e-03,1.714885e+00,5.954953e-02,4.672471e+00
7.543472e-03,1.701348e+00,4.529555e-02,4.750871e+00
7.548472e-03,1.684194e+00,3.199355e-02,4.824036e+00
7.553472e-03,1.661316e+00,2.013721e-02,4.889253e+00
7.558472e-03,1.629262e+00,1.052434e-02,4.942135e+00
7.563472e-03,1.583589e+00,4.176630e-03,4.977063e+00
7.568472e-03,1.523713e+00,1.242874e-03,4.993208e+00
7.573472e-03,1.455928e+00,3.151988e-04,4.998305e+00
7.578472e-03,1.386125e+00,7.672389e-05,4.999604e+00
7.583472e-03,1.316624e+00,1.878956e-05,4.999914e+00
7.588472e-03,1.248096e+00,4.693153e-06,4.999986e+00
7.593472e-03,1.180757e+00,1.200776e-06,5.000001e+00
7.598472e-03,1.114709e+00,3.153581e-07,5.000003e+00
7.603472e-03,1.050024e+00,8.514109e-08,5.000003e+00
7.608472e-03,9.867702e-01,2.366181e-08,5.000002e+00
7.613472e-03,9.250093e-01,6.777721e-09,5.000001e+00
7.618472e-03,8.648026e-01,2.003474e-09,5.000001e+00
7.623472e-03,8.062097e-01,6.118861e-10,5.000001e+00
7.628472e-03,7.492883e-01,1.933095e-10,5.000000e+00
7.633472e-03,6.940947e-01,6.324456e-11,5.000000e+00
7.638472e-03,6.406832e-01,2.145179e-11,5.000000e+00
7.643472e-03,5.891068e-01,7.551299e-12,5.000000e+00
7.648472e-03,5.394161e-01,2.761666e-12,5.000000e+00
7.653472e-03,4.916603e-01,1.050151e-12,5.000000e+00
7.658472e-03,4.458864e-01,4.160626e-13,5.000000e+00
7.663472e-03,4.021398e-01,1.714395e-13,5.000000e+00
7.668472e-03,3.604634e-01,7.369187e-14,5.000000e+00
7.673472e-03,3.208986e-01,3.303428e-14,5.000000e+00
7.678472e-03,2.834842e-01,1.541600e-14,5.000000e+00
7.683472e-03,2.482573e-01,7.623297e-15,5.000000e+00
7.688472e-03,2.152525e-01,3.726945e-15,5.000000e+00
7.693472e-03,1.845026e-01,2.032879e-15,5.000000e+00
7.698472e-03,1.560378e-01,1.016440e-15,5.000000e+00
7.703472e-03,1.298861e-01,6.776264e-16,5.000000e+00
7.708472e-03,1.060735e-01,3.388132e-16,5.000000e+00
7.713472e-03,8.462341e-02,1.694066e-16,5.000000e+00
7.718472e-03,6.555699e-02,3.388132e-16,5.000000e+00
7.723472e-03,4.889308e-02,-1.694066e-16,5.000000e+00
7.728472e-03,3.464811e-02,-3.388132e-16,5.000000e+00
7.733472e-03,2.283615e-02,0.000000e+00,5.000000e+00
7.738472e-03,1.346885e-02,0.000000e+00,5.000000e+00
7.743472e-03,6.555454e-03,1.694066e-16,5.000000e+00
7.748472e-03,2.102789e-03,1.694066e-16,5.000000e+00
7.753472e-03,1.152461e-04,-1.694066e-16,5.000000e+00
7.758472e-03,5.947880e-04,-1.694066e-16,5.000000e+00
7.763472e-03,3.540941e-03,3.388132e-16,5.000000e+00
7.768472e-03,8.950798e-03,-3.388132e-16,5.000000e+00
7.773472e-03,1.681902e-02,-3.388132e-16,5.000000e+00
7.778472e-03,2.713784e-02,-3.388132e-16,5.000000e+00
7.783472e-03,3.989708e-02,-1.694066e-16,5.000000e+00
7.788472e-03,5.508414e-02,1.694066e-16,5.000000e+00
7.793472e-03,7.268404e-02,0.000000e+00,5.000000e+00
7.798472e-03,9.267941e-02,3.388132e-16,5.000000e+00
7.803472e-03,1.150505e-01,1.694066e-16,5.000000e+00
7.808472e-03,1.397753e-01,8.470329e-16,5.000000e+00
7.813472e-03,1.668293e-01,1.355253e-15,5.000000e+00
7.818472e-03,1.961859e-01,2.710505e-15,5.000000e+00
7.823472e-03,2.278160e-01,4.743385e-15,5.000000e+00
7.828472e-03,2.616885e-01,9.825582e-15,5.000000e+00
7.833472e-03,2.977700e-01,2.066760e-14,5.000000e+00
7.838472e-03,3.360248e-01,4.455393e-14,5.000000e+00
7.843472e-03,3.764152e-01,1.018134e-13,5.000000e+00
7.848472e-03,4.189013e-01,2.408962e-13,5.000000e+00
7.853472e-03,4.634412e-01,5.930925e-13,5.000000e+00
7.858472e-03,5.099910e-01,1.522457e-12,5.000000e+00
7.863472e-03,5.585046e-01,4.064233e-12,5.000000e+00
7.868472e-03,6.089343e-01,1.128095e-11,5.000000e+00
7.873472e-03,6.612302e-01,3.251573e-11,5.000000e+00
7.878472e-03,7.153408e-01,9.723142e-11,5.000000e+00
7.883472e-03,7.712126e-01,3.012991e-10,5.000000e+00
7.888472e-03,8.287905e-01,9.664676e-10,5.000000e+00
7.893472e-03,8.880177e-01,3.205356e-09,5.000000e+00
7.898472e-03,9.488357e-01,1.097870e-08,5.000000e+00
7.903472e-03,1.011184e+00,3.878666e-08,5.000000e+00
7.908472e-03,1.075002e+00,1.411653e-07,4.999999e+00
7.913472e-03,1.140225e+00,5.285987e-07,4.999997e+00
7.918472e-03,1.206784e+00,2.033659e-06,4.999989e+00
7.923472e-03,1.274601e+00,8.025565e-06,4.999956e+00
7.928472e-03,1.343545e+00,3.240331e-05,4.999822e+00
7.933472e-03,1.413293e+00,1.329768e-04,4.999269e+00
7.938472e-03,1.482748e+00,5.424856e-04,4.997020e+00
7.943472e-03,1.548363e+00,2.047296e-03,4.988752e+00
7.948472e-03,1.603172e+00,6.207515e-03,4.965889e+00
7.953472e-03,1.643088e+00,1.393118e-02,4.923426e+00
7.958472e-03,1.671027e+00,2.454217e-02,4.865070e+00
7.963472e-03,1.691365e+00,3.703367e-02,4.796362e+00
7.968472e-03,1.706961e+00,5.074197e-02,4.720961e+00
7.973472e-03,1.719379e+00,6.529640e-02,4.640906e+00
7.978472e-03,1.729742e+00,8.042554e-02,4.557691e+00
7.983472e-03,1.738473e+00,9.601661e-02,4.471937e+00
7.988472e-03,1.746045e+00,1.119451e-01,4.384327e+00
7.993472e-03,1.752647e+00,1.281508e-01,4.295194e+00
7.998472e-03,1.758610e+00,1.445417e-01,4.205042e+00
8.003472e-03,1.763977e+00,1.610901e-01,4.114024e+00
8.008472e-03,1.768849e+00,1.777560e-01,4.022361e+00
8.013472e-03,1.773303e+00,1.945042e-01,3.930245e+00
8.018472e-03,1.777400e+00,2.113037e-01,3.837847e+00
8.023472e-03,1.781187e+00,2.281259e-01,3.745324e+00
8.028472e-03,1.784703e+00,2.449447e-01,3.652820e+00
8.033472e-03,1.787981e+00,2.617357e-01,3.560469e+00
8.038472e-03,1.791044e+00,2.784756e-01,3.468399e+00
8.043472e-03,1.793917e+00,2.951422e-01,3.376732e+00
8.048472e-03,1.796617e+00,3.117144e-01,3.285584e+00
8.053472e-03,1.799159e+00,3.281716e-01,3.195069e+00
8.058472e-03,1.801557e+00,3.444939e-01,3.105296e+00
8.063472e-03,1.803823e+00,3.606621e-01,3.016370e+00
8.068472e-03,1.805968e+00,3.766575e-01,2.928395e+00
8.073472e-03,1.807998e+00,3.924617e-01,2.841472e+00
8.078472e-03,1.809924e+00,4.080570e-01,2.755697e+00
8.083472e-03,1.811750e+00,4.234260e-01,2.671167e+00
8.088472e-03,1.813484e+00,4.385518e-01,2.587975e+00
8.093472e-03,1.815131e+00,4.534177e-01,2.506212e+00
8.098472e-03,1.816696e+00,4.680077e-01,2.425966e+00
8.103472e-03,1.818183e+00,4.823060e-01,2.347325e+00
8.108472e-03,1.819595e+00,4.962973e-01,2.270372e+00
8.113472e-03,1.820938e+00,5.099667e-01,2.195190e+00
8.118472e-03,1.822213e+00,5.232997e-01,2.121858e+00
8.123472e-03,1.823423e+00,5.362821e-01,2.050454e+00
8.128472e-03,1.824572e+00,5.489003e-01,1.981054e+00
8.133472e-03,1.825662e+00,5.611410e-01,1.913729e+00
8.138472e-03,1.826694e+00,5.729915e-01,1.848551e+00
8.143472e-03,1.827672e+00,5.844393e-01,1.785587e+00
8.148472e-03,1.828596e+00,5.954725e-01,1.724904e+00
8.153472e-03,1.829468e+00,6.060796e-01,1.666564e+00
8.158472e-03,1.830290e+00,6.162497e-01,1.610628e+00
8.163472e-03,1.831063e+00,6.259722e-01,1.557154e+00
8.168472e-03,1.831789e+00,6.352370e-01,1.506197e+00
8.173472e-03,1.832469e+00,6.440346e-01,1.457810e+00
8.178472e-03,1.833103e+00,6.523559e-01,1.412042e+00
8.183472e-03,1.833693e+00,6.601923e-01,1.368941e+00
8.188472e-03,1.834239e+00,6.675358e-01,1.328551e+00
8.193472e-03,1.834743e+00,6.743788e-01,1.290914e+00
8.198472e-03,1.835205e+00,6.807143e-01,1.256068e+00
8.203472e-03,1.835626e+00,6.865358e-01,1.224049e+00
8.208472e-03,1.836006e+00,6.918373e-01,1.194891e+00
8.213472e-03,1.836345e+00,6.966134e-01,1.168622e+00
8.218472e-03,1.836646e+00,7.008591e-01,1.145269e+00
8.223472e-03,1.836906e+00,7.045702e-01,1.124858e+00
8.228472e-03,1.837128e+00,7.077429e-01,1.107408e+00
8.233472e-03,1.837312e+00,7.103738e-01,1.092937e+00
8.238472e-03,1.837457e+00,7.124603e-01,1.081461e+00
8.243472e-03,1.837563e+00,7.140003e-01,1.072990e+00
8.248472e-03,1.837632e+00,7.149922e-01,1.067534e+00
8.253472e-03,1.837662e+00,7.154349e-01,1.065099e+00
8.258472e-03,1.837655e+00,7.153281e-01,1.065686e+00
8.263472e-03,1.837610e+00,7.146718e-01,1.069295e+00
8.268472e-03,1.837526e+00,7.134667e-01,1.075922e+00
8.273472e-03,1.837405e+00,7.117141e-01,1.085562e+00
8.278472e-03,1.837245e+00,7.094156e-01,1.098202e+00
8.283472e-03,1.837047e+00,7.065738e-01,1.113832e+00
8.288472e-03,1.836810e+00,7.031914e-01,1.132435e+00
8.293472e-03,1.836534e+00,6.992720e-01,1.153991e+00
8.298472e-03,1.836218e+00,6.948196e-01,1.178479e+00
8.303472e-03,1.835863e+00,6.898387e-01,1.205874e+00
8.308472e-03,1.835467e+00,6.843344e-01,1.236147e+00
8.313472e-03,1.835030e+00,6.783123e-01,1.269268e+00
8.318472e-03,1.834552e+00,6.717787e-01,1.305202e+00
8.323472e-03,1.834032e+00,6.647403e-01,1.343913e+00
8.328472e-03,1.833469e+00,6.572043e-01,1.385361e+00
8.333472e-03,1.832862e+00,6.491784e-01,1.429503e+00
8.338472e-03,1.832210e+00,6.406709e-01,1.476294e+00
8.343472e-03,1.831513e+00,6.316905e-01,1.525686e+00
8.348472e-03,1.830769e+00,6.222466e-01,1.577627e+00
8.353472e-03,1.829976e+00,6.123489e-01,1.632064e+00
8.358472e-03,1.829135e+00,6.020077e-01,1.688941e+00
8.363472e-03,1.828243e+00,5.912336e-01,1.748198e+00
8.368472e-03,1.827299e+00,5.800378e-01,1.809775e+00
8.373472e-03,1.826300e+00,5.684320e-01,1.873606e+00
8.378472e-03,1.825246e+00,5.564284e-01,1.939626e+00
8.383472e-03,1.824134e+00,5.440393e-01,2.007766e+00
8.388472e-03,1.822961e+00,5.312779e-01,2.077953e+00
8.393472e-03,1.821726e+00,5.181576e-01,2.150115e+00
8.398472e-03,1.820425e+00,5.046921e-01,2.224175e+00
8.403472e-03,1.819056e+00,4.908958e-01,2.300055e+00
8.408472e-03,1.817615e+00,4.767833e-01,2.377673e+00
8.413472e-03,1.816099e+00,4.623697e-01,2.456948e+00
8.418472e-03,1.814503e+00,4.476705e-01,2.537794e+00
8.423472e-03,1.812823e+00,4.327016e-01,2.620123e+00
8.428472e-03,1.811054e+00,4.174792e-01,2.703846e+00
8.433472e-03,1.809190e+00,4.020201e-01,2.788871e+00
8.438472e-03,1.807225e+00,3.863414e-01,2.875104e+00
8.443472e-03,1.805152e+00,3.704606e-01,2.962449e+00
8.448472e-03,1.802962e+00,3.543957e-01,3.050806e+00
8.453472e-03,1.800647e+00,3.381652e-01,3.140074e+00
8.458472e-03,1.798195e+00,3.217879e-01,3.230149e+00
8.463472e-03,1.795594e+00,3.052833e-01,3.320925e+00
8.468472e-03,1.792831e+00,2.886716e-01,3.412289e+00
8.473472e-03,1.789888e+00,2.719735e-01,3.504129e+00
8.478472e-03,1.786747e+00,2.552105e-01,3.596326e+00
8.483472e-03,1.783383e+00,2.384052e-01,3.688755e+00
8.488472e-03,1.779769e+00,2.215812e-01,3.781288e+00
8.493472e-03,1.775872e+00,2.047634e-01,3.873786e+00
8.498472e-03,1.771650e+00,1.879788e-01,3.966102e+00
8.503472e-03,1.767051e+00,1.712564e-01,4.058075e+00
8.508472e-03,1.762011e+00,1.546286e-01,4.149529e+00
8.513472e-03,1.756445e+00,1.381319e-01,4.240261e+00
8.518472e-03,1.750244e+00,1.218087e-01,4.330040e+00
8.523472e-03,1.743257e+00,1.057102e-01,4.418583e+00
8.528472e-03,1.735217e+00,8.991495e-02,4.505458e+00
8.533472e-03,1.725924e+00,7.448499e-02,4.590324e+00
8.538472e-03,1.714885e+00,5.954954e-02,4.672471e+00
8.543472e-03,1.701348e+00,4.529555e-02,4.750871e+00
8.548472e-03,1.684194e+00,3.199355e-02,4.824036e+00
8.553472e-03,1.661316e+00,2.013722e-02,4.889253e+00
8.558472e-03,1.629262e+00,1.052434e-02,4.942135e+00
8.563472e-03,1.583589e+00,4.176631e-03,4.977063e+00
8.568472e-03,1.523713e+00,1.242874e-03,4.993208e+00
8.573472e-03,1.455928e+00,3.151989e-04,4.998305e+00
8.578472e-03,1.386125e+00,7.672392e-05,4.999604e+00
8.583472e-03,1.316624e+00,1.878956e-05,4.999914e+00
8.588472e-03,1.248096e+00,4.693154e-06,4.999986e+00
8.593472e-03,1.180757e+00,1.200777e-06,5.000001e+00
8.598472e-03,1.114709e+00,3.153582e-07,5.000003e+00
8.603472e-03,1.050024e+00,8.514112e-08,5.000003e+00
8.608472e-03,9.867702e-01,2.366181e-08,5.000002e+00
8.613472e-03,9.250093e-01,6.777724e-09,5.000001e+00
8.618472e-03,8.648026e-01,2.003475e-09,5.000001e+00
8.623472e-03,8.062097e-01,6.118863e-10,5.000001e+00
8.628472e-03,7.492883e-01,1.933094e-10,5.000000e+00
8.633472e-03,6.940947e-01,6.324473e-11,5.000000e+00
8.638472e-03,6.406833e-01,2.145179e-11,5.000000e+00
8.643472e-03,5.891068e-01,7.551638e-12,5.000000e+00
8.648472e-03,5.394161e-01,2.761836e-12,5.000000e+00
8.653472e-03,4.916603e-01,1.050151e-12,5.000000e+00
8.658472e-03,4.458864e-01,4.158932e-13,5.000000e+00
8.663472e-03,4.021398e-01,1.714395e-13,5.000000e+00
8.668472e-03,3.604634e-01,7.369187e-14,5.000000e+00
8.673472e-03,3.208986e-01,3.269547e-14,5.000000e+00
8.678472e-03,2.834842e-01,1.541600e-14,5.000000e+00
8.683472e-03,2.482573e-01,7.284483e-15,5.000000e+00
8.688472e-03,2.152526e-01,3.726945e-15,5.000000e+00
8.693472e-03,1.845026e-01,1.694066e-15,5.000000e+00
8.698472e-03,1.560378e-01,1.185846e-15,5.000000e+00
8.703472e-03,1.298861e-01,6.776264e-16,5.000000e+00
8.708472e-03,1.060735e-01,3.388132e-16,5.000000e+00
8.713472e-03,8.462341e-02,1.694066e-16,5.000000e+00
8.718472e-03,6.555699e-02,0.000000e+00,5.000000e+00
8.723472e-03,4.889308e-02,0.000000e+00,5.000000e+00
8.728472e-03,3.464811e-02,0.000000e+00,5.000000e+00
8.733472e-03,2.283615e-02,1.694066e-16,5.000000e+00
8.738472e-03,1.346885e-02,0.000000e+00,5.000000e+00
8.743472e-03,6.555456e-03,-1.694066e-16,5.000000e+00
8.748472e-03,2.102789e-03,-3.388132e-16,5.000000e+00
8.753472e-03,1.152463e-04,-1.694066e-16,5.000000e+00
8.758472e-03,5.947876e-04,1.694066e-16,5.000000e+00
8.763472e-03,3.540940e-03,1.694066e-16,5.000000e+00
8.768472e-03,8.950796e-03,-3.388132e-16,5.000000e+00
8.773472e-03,1.681902e-02,-3.388132e-16,5.000000e+00
8.778472e-03,2.713784e-02,-3.388132e-16,5.000000e+00
8.783472e-03,3.989708e-02,-1.694066e-16,5.000000e+00
8.788472e-03,5.508414e-02,1.694066e-16,5.000000e+00
8.793472e-03,7.268404e-02,0.000000e+00,5.000000e+00
8.798472e-03,9.267940e-02,3.388132e-16,5.000000e+00
8.803472e-03,1.150505e-01,1.694066e-16,5.000000e+00
8.808472e-03,1.397753e-01,8.470329e-16,5.000000e+00
8.813472e-03,1.668293e-01,1.355253e-15,5.000000e+00
8.818472e-03,1.961858e-01,2.710505e-15,5.000000e+00
8.823472e-03,2.278160e-01,4.743385e-15,5.000000e+00
8.828472e-03,2.616885e-01,9.825582e-15,5.000000e+00
8.833472e-03,2.977700e-01,2.066760e-14,5.000000e+00
8.838472e-03,3.360248e-01,4.455393e-14,5.000000e+00
8.843472e-03,3.764152e-01,1.018134e-13,5.000000e+00
8.848472e-03,4.189013e-01,2.408962e-13,5.000000e+00
8.853472e-03,4.634412e-01,5.930925e-13,5.000000e+00
8.858472e-03,5.099910e-01,1.522457e-12,5.000000e+00
8.863472e-03,5.585046e-01,4.064233e-12,5.000000e+00
8.868472e-03,6.089343e-01,1.128095e-11,5.000000e+00
8.873472e-03,6.612302e-01,3.251573e-11,5.000000e+00
8.878472e-03,7.153408e-01,9.723125e-11,5.000000e+00
8.883472e-03,7.712126e-01,3.012988e-10,5.000000e+00
8.888472e-03,8.287905e-01,9.664675e-10,5.000000e+00
8.893472e-03,8.880177e-01,3.205355e-09,5.000000e+00
8.898472e-03,9.488356e-01,1.097869e-08,5.000000e+00
8.903472e-03,1.011184e+00,3.878665e-08,5.000000e+00
8.908472e-03,1.075002e+00,1.411653e-07,4.999999e+00
8.913472e-03,1.140225e+00,5.285985e-07,4.999997e+00
8.918472e-03,1.206784e+00,2.033658e-06,4.999989e+00
8.923472e-03,1.274601e+00,8.025562e-06,4.999956e+00
8.928472e-03,1.343545e+00,3.240330e-05,4.999822e+00
8.933472e-03,1.413293e+00,1.329768e-04,4.999269e+00
8.938472e-03,1.482748e+00,5.424854e-04,4.997020e+00
8.943472e-03,1.548363e+00,2.047296e-03,4.988752e+00
8.948472e-03,1.603172e+00,6.207513e-03,4.965889e+00
8.953472e-03,1.643088e+00,1.393118e-02,4.923426e+00
8.958472e-03,1.671027e+00,2.454217e-02,4.865070e+00
8.963472e-03,1.691365e+00,3.703367e-02,4.796362e+00
8.968472e-03,1.706961e+00,5.074196e-02,4.720961e+00
8.973472e-03,1.719379e+00,6.529640e-02,4.640906e+00
8.978472e-03,1.729742e+00,8.042554e-02,4.557691e+00
8.983472e-03,1.738473e+00,9.601660e-02,4.471937e+00
8.988472e-03,1.746045e+00,1.119451e-01,4.384328e+00
8.993472e-03,1.752647e+00,1.281508e-01,4.295194e+00
8.998472e-03,1.758610e+00,1.445417e-01,4.205042e+00
9.003472e-03,1.763977e+00,1.610901e-01,4.114024e+00
9.008472e-03,1.768849e+00,1.777560e-01,4.022361e+00
9.013472e-03,1.773303e+00,1.945042e-01,3.930245e+00
9.018472e-03,1.777400e+00,2.113037e-01,3.837847e+00
9.023472e-03,1.781187e+00,2.281259e-01,3.745324e+00
9.028472e-03,1.784703e+00,2.449447e-01,3.652820e+00
9.033472e-03,1.787981e+00,2.617357e-01,3.560469e+00
9.038472e-03,1.791044e+00,2.784756e-01,3.468399e+00
9.043472e-03,1.793917e+00,2.951422e-01,3.376732e+00
9.048472e-03,1.796617e+00,3.117144e-01,3.285584e+00
9.053472e-03,1.799159e+00,3.281716e-01,3.195070e+00
9.058472e-03,1.801557e+00,3.444939e-01,3.105296e+00
9.063472e-03,1.803823e+00,3.606621e-01,3.016370e+00
9.068472e-03,1.805968e+00,3.766575e-01,2.928395e+00
9.073472e-03,1.807998e+00,3.924617e-01,2.841472e+00
9.078472e-03,1.809924e+00,4.080570e-01,2.755697e+00
9.083472e-03,1.811750e+00,4.234260e-01,2.671167e+00
9.088472e-03,1.813484e+00,4.385518e-01,2.587975e+00
9.093472e-03,1.815131e+00,4.534177e-01,2.506212e+00
9.098472e-03,1.816696e+00,4.680077e-01,2.425966e+00
9.103472e-03,1.818183e+00,4.823060e-01,2.347325e+00
9.108472e-03,1.819595e+00,4.962973e-01,2.270372e+00
9.113472e-03,1.820938e+00,5.099667e-01,2.195190e+00
9.118472e-03,1.822213e+00,5.232997e-01,2.121858e+00
9.123472e-03,1.823423e+00,5.362821e-01,2.050454e+00
9.128472e-03,1.824572e+00,5.489003e-01,1.981054e+00
9.133472e-03,1.825662e+00,5.611410e-01,1.913729e+00
9.138472e-03,1.826694e+00,5.729915e-01,1.848551e+00
9.143472e-03,1.827672e+00,5.844393e-01,1.785587e+00
9.148472e-03,1.828596e+00,5.954725e-01,1.724904e+00
9.153472e-03,1.829468e+00,6.060796e-01,1.666564e+00
9.158472e-03,1.830290e+00,6.162497e-01,1.610628e+00
9.163472e-03,1.831063e+00,6.259722e-01,1.557154e+00
9.168472e-03,1.831789e+00,6.352370e-01,1.506197e+00
9.173472e-03,1.832469e+00,6.440346e-01,1.457810e+00
9.178472e-03,1.833103e+00,6.523559e-01,1.412042e+00
9.183472e-03,1.833693e+00,6.601923e-01,1.368941e+00
9.188472e-03,1.834239e+00,6.675358e-01,1.328551e+00
9.193472e-03,1.834743e+00,6.743788e-01,1.290914e+00
9.198472e-03,1.835205e+00,6.807143e-01,1.256068e+00
9.203472e-03,1.835626e+00,6.865358e-01,1.224049e+00
9.208472e-03,1.836006e+00,6.918373e-01,1.194891e+00
9.213472e-03,1.836345e+00,6.966134e-01,1.168622e+00
9.218472e-03,1.836646e+00,7.008591e-01,1.145269e+00
9.223472e-03,1.836906e+00,7.045702e-01,1.124858e+00
9.228472e-03,1.837128e+00,7.077429e-01,1.107408e+00
9.233472e-03,1.837312e+00,7.103738e-01,1.092937e+00
9.238472e-03,1.837457e+00,7.124603e-01,1.081461e+00
9.243472e-03,1.837563e+00,7.140003e-01,1.072990e+00
9.248472e-03,1.837632e+00,7.149922e-01,1.067534e+00
9.253472e-03,1.837662e+00,7.154349e-01,1.065099e+00
9.258472e-03,1.837655e+00,7.153281e-01,1.065686e+00
9.263472e-03,1.837610e+00,7.146718e-01,1.069295e+00
9.268472e-03,1.837526e+00,7.134667e-01,1.075922e+00
9.273472e-03,1.837405e+00,7.117141e-01,1.085562e+00
9.278472e-03,1.837245e+00,7.094156e-01,1.098202e+00
9.283472e-03,1.837047e+00,7.065738e-01,1.113832e+00
9.288472e-03,1.836810e+00,7.031914e-01,1.132435e+00
9.293472e-03,1.836534e+00,6.992720e-01,1.153991e+00
9.298472e-03,1.836218e+00,6.948196e-01,1.178479e+00
9.303472e-03,1.835863e+00,6.898387e-01,1.205874e+00
9.308472e-03,1.835467e+00,6.843344e-01,1.236147e+00
9.313472e-03,1.835030e+00,6.783123e-01,1.269268e+00
9.318472e-03,1.834552e+00,6.717787e-01,1.305202e+00
9.323472e-03,1.834032e+00,6.647403e-01,1.343913e+00
9.328472e-03,1.833469e+00,6.572043e-01,1.385361e+00
9.333472e-03,1.832862e+00,6.491784e-01,1.429503e+00
9.338472e-03,1.832210e+00,6.406709e-01,1.476294e+00
9.343472e-03,1.831513e+00,6.316905e-01,1.525686e+00
9.348472e-03,1.830769e+00,6.222466e-01,1.577627e+00
9.353472e-03,1.829976e+00,6.123489e-01,1.632064e+00
9.358472e-03,1.829135e+00,6.020077e-01,1.688941e+00
9.363472e-03,1.828243e+00,5.912336e-01,1.748198e+00
9.368472e-03,1.827299e+00,5.800378e-01,1.809775e+00
9.373472e-03,1.826300e+00,5.684320e-01,1.873606e+00
9.378472e-03,1.825246e+00,5.564284e-01,1.939626e+00
9.383472e-03,1.824134e+00,5.440393e-01,2.007766e+00
9.388472e-03,1.822961e+00,5.312779e-01,2.077953e+00
9.393472e-03,1.821726e+00,5.181576e-01,2.150115e+00
9.398472e-03,1.820425e+00,5.046921e-01,2.224175e+00
9.403472e-03,1.819056e+00,4.908958e-01,2.300055e+00
9.408472e-03,1.817615e+00,4.767833e-01,2.377673e+00
9.413472e-03,1.816099e+00,4.623697e-01,2.456948e+00
9.418472e-03,1.814503e+00,4.476705e-01,2.537794e+00
9.423472e-03,1.812823e+00,4.327016e-01,2.620123e+00
9.428472e-03,1.811054e+00,4.174792e-01,2.703846e+00
9.433472e-03,1.809190e+00,4.020201e-01,2.788871e+00
9.438472e-03,1.807225e+00,3.863414e-01,2.875104e+00
9.443472e-03,1.805152e+00,3.704606e-01,2.962449e+00
9.448472e-03,1.802962e+00,3.543957e-01,3.050806e+00
9.453472e-03,1.800647e+00,3.381652e-01,3.140074e+00
9.458472e-03,1.798195e+00,3.217879e-01,3.230149e+00
9.463472e-03,1.795594e+00,3.052833e-01,3.320925e+00
9.468472e-03,1.792831e+00,2.886716e-01,3.412289e+00
9.473472e-03,1.789888e+00,2.719735e-01,3.504129e+00
9.478472e-03,1.786747e+00,2.552105e-01,3.596326e+00
9.483472e-03,1.783383e+00,2.384052e-01,3.688755e+00
9.488472e-03,1.779769e+00,2.215812e-01,3.781288e+00
9.493472e-03,1.775872e+00,2.047634e-01,3.873786e+00
9.498472e-03,1.771650e+00,1.879788e-01,3.966102e+00
9.503472e-03,1.767051e+00,1.712564e-01,4.058075e+00
9.508472e-03,1.762011e+00,1.546286e-01,4.149529e+00
9.513472e-03,1.756445e+00,1.381319e-01,4.240261e+00
9.518472e-03,1.750244e+00,1.218087e-01,4.330040e+00
9.523472e-03,1.743257e+00,1.057102e-01,4.418583e+00
9.528472e-03,1.735217e+00,8.991495e-02,4.505458e+00
9.533472e-03,1.725924e+00,7.448499e-02,4.590324e+00
9.538472e-03,1.714885e+00,5.954954e-02,4.672471e+00
9.543472e-03,1.701348e+00,4.529555e-02,4.750871e+00
9.548472e-03,1.684194e+00,3.199356e-02,4.824036e+00
9.553472e-03,1.661316e+00,2.013722e-02,4.889253e+00
9.558472e-03,1.629262e+00,1.052435e-02,4.942135e+00
9.563472e-03,1.583589e+00,4.176632e-03,4.977063e+00
9.568472e-03,1.523713e+00,1.242875e-03,4.993208e+00
9.573472e-03,1.455928e+00,3.151990e-04,4.998305e+00
9.578472e-03,1.386125e+00,7.672394e-05,4.999604e+00
9.583472e-03,1.316624e+00,1.878957e-05,4.999914e+00
9.588472e-03,1.248096e+00,4.693156e-06,4.999986e+00
9.593472e-03,1.180757e+00,1.200777e-06,5.000001e+00
9.598472e-03,1.114709e+00,3.153583e-07,5.000003e+00
9.603472e-03,1.050024e+00,8.514114e-08,5.000003e+00
9.608472e-03,9.867702e-01,2.366182e-08,5.000002e+00
9.613472e-03,9.250093e-01,6.777725e-09,5.000001e+00
9.618472e-03,8.648026e-01,2.003475e-09,5.000001e+00
9.623472e-03,8.062097e-01,6.118861e-10,5.000001e+00
9.628472e-03,7.492883e-01,1.933094e-10,5.000000e+00
9.633472e-03,6.940947e-01,6.324473e-11,5.000000e+00
9.638472e-03,6.406833e-01,2.145196e-11,5.000000e+00
9.643472e-03,5.891068e-01,7.551299e-12,5.000000e+00
9.648472e-03,5.394161e-01,2.762005e-12,5.000000e+00
9.653472e-03,4.916603e-01,1.050321e-12,5.000000e+00
9.658472e-03,4.458864e-01,4.157238e-13,5.000000e+00
9.663472e-03,4.021398e-01,1.714395e-13,5.000000e+00
9.668472e-03,3.604634e-01,7.369187e-14,5.000000e+00
9.673472e-03,3.208986e-01,3.286488e-14,5.000000e+00
9.678472e-03,2.834842e-01,1.541600e-14,5.000000e+00
9.683472e-03,2.482573e-01,7.284483e-15,5.000000e+00
9.688472e-03,2.152526e-01,3.557538e-15,5.000000e+00
9.693472e-03,1.845026e-01,2.032879e-15,5.000000e+00
9.698472e-03,1.560378e-01,1.016440e-15,5.000000e+00
9.703472e-03,1.298861e-01,6.776264e-16,5.000000e+00
9.708472e-03,1.060735e-01,1.694066e-16,5.000000e+00
9.713472e-03,8.462341e-02,3.388132e-16,5.000000e+00
9.718472e-03,6.555700e-02,1.694066e-16,5.000000e+00
9.723472e-03,4.889308e-02,1.694066e-16,5.000000e+00
9.728472e-03,3.464812e-02,0.000000e+00,5.000000e+00
9.733472e-03,2.283615e-02,-3.388132e-16,5.000000e+00
9.738472e-03,1.346885e-02,-3.388132e-16,5.000000e+00
9.743472e-03,6.555457e-03,0.000000e+00,5.000000e+00
9.748472e-03,2.102790e-03,1.694066e-16,5.000000e+00
9.753472e-03,1.152464e-04,-1.694066e-16,5.000000e+00
9.758472e-03,5.947872e-04,-5.082198e-16,5.000000e+00
9.763472e-03,3.540939e-03,-1.694066e-16,5.000000e+00
9.768472e-03,8.950795e-03,-3.388132e-16,5.000000e+00
9.773472e-03,1.681902e-02,0.000000e+00,5.000000e+00
9.778472e-03,2.713784e-02,-1.694066e-16,5.000000e+00
9.783472e-03,3.989707e-02,-1.694066e-16,5.000000e+00
9.788472e-03,5.508413e-02,1.694066e-16,5.000000e+00
9.793472e-03,7.268403e-02,1.694066e-16,5.000000e+00
9.798472e-03,9.267940e-02,1.694066e-16,5.000000e+00
9.803472e-03,1.150505e-01,5.082198e-16,5.000000e+00
9.808472e-03,1.397753e-01,8.470329e-16,5.000000e+00
9.813472e-03,1.668293e-01,1.185846e-15,5.000000e+00
9.818472e-03,1.961858e-01,2.710505e-15,5.000000e+00
9.823472e-03,2.278160e-01,4.573978e-15,5.000000e+00
9.828472e-03,2.616885e-01,9.825582e-15,5.000000e+00
9.833472e-03,2.977700e-01,2.049820e-14,5.000000e+00
9.838472e-03,3.360248e-01,4.455393e-14,5.000000e+00
9.843472e-03,3.764152e-01,1.019828e-13,5.000000e+00
9.848472e-03,4.189013e-01,2.407268e-13,5.000000e+00
9.853472e-03,4.634412e-01,5.930925e-13,5.000000e+00
9.858472e-03,5.099910e-01,1.522457e-12,5.000000e+00
9.863472e-03,5.585046e-01,4.064233e-12,5.000000e+00
9.868472e-03,6.089343e-01,1.128095e-11,5.000000e+00
9.873472e-03,6.612302e-01,3.251624e-11,5.000000e+00
9.878472e-03,7.153407e-01,9.723142e-11,5.000000e+00
9.883472e-03,7.712126e-01,3.012986e-10,5.000000e+00
9.888472e-03,8.287905e-01,9.664668e-10,5.000000e+00
9.893472e-03,8.880176e-01,3.205354e-09,5.000000e+00
9.898472e-03,9.488356e-01,1.097869e-08,5.000000e+00
9.903472e-03,1.011184e+00,3.878664e-08,5.000000e+00
9.908472e-03,1.075002e+00,1.411653e-07,4.999999e+00
9.913472e-03,1.140225e+00,5.285984e-07,4.999997e+00
9.918472e-03,1.206784e+00,2.033657e-06,4.999989e+00
9.923472e-03,1.274601e+00,8.025560e-06,4.999956e+00
9.928472e-03,1.343545e+00,3.240329e-05,4.999822e+00
9.933472e-03,1.413293e+00,1.329767e-04,4.999269e+00
9.938472e-03,1.482748e+00,5.424853e-04,4.997020e+00
9.943472e-03,1.548363e+00,2.047295e-03,4.988752e+00
9.948472e-03,1.603172e+00,6.207512e-03,4.965889e+00
9.953472e-03,1.643088e+00,1.393118e-02,4.923426e+00
9.958472e-03,1.671027e+00,2.454216e-02,4.865070e+00
9.963472e-03,1.691365e+00,3.703367e-02,4.796362e+00
9.968472e-03,1.706961e+00,5.074196e-02,4.720961e+00
9.973472e-03,1.719379e+00,6.529639e-02,4.640906e+00
9.978472e-03,1.729742e+00,8.042553e-02,4.557691e+00
9.983472e-03,1.738473e+00,9.601660e-02,4.471937e+00
9.988472e-03,1.746045e+00,1.119451e-01,4.384328e+00
9.993472e-03,1.752647e+00,1.281508e-01,4.295194e+00
9.998472e-03,1.758610e+00,1.445417e-01,4.205042e+00
1.000347e-02,1.763977e+00,1.610901e-01,4.114024e+00
1.000847e-02,1.768849e+00,1.777560e-01,4.022361e+00
1.001347e-02,1.773303e+00,1.945042e-01,3.930245e+00
1.001847e-02,1.777400e+00,2.113036e-01,3.837847e+00
1.002347e-02,1.781187e+00,2.281259e-01,3.745324e+00
1.002847e-02,1.784703e+00,2.449447e-01,3.652820e+00
1.003347e-02,1.787981e+00,2.617357e-01,3.560469e+00
1.003847e-02,1.791044e+00,2.784756e-01,3.468399e+00
1.004347e-02,1.793917e+00,2.951422e-01,3.376732e+00
1.004847e-02,1.796617e+00,3.117144e-01,3.285585e+00
1.005347e-02,1.799159e+00,3.281716e-01,3.195070e+00
1.005847e-02,1.801557e+00,3.444939e-01,3.105296e+00
1.006347e-02,1.803823e+00,3.606621e-01,3.016370e+00
1.006847e-02,1.805968e+00,3.766575e-01,2.928395e+00
1.007347e-02,1.807998e+00,3.924617e-01,2.841472e+00
1.007847e-02,1.809924e+00,4.080570e-01,2.755697e+00
1.008347e-02,1.811750e+00,4.234260e-01,2.671167e+00
1.008847e-02,1.813484e+00,4.385518e-01,2.587975e+00
1.009347e-02,1.815131e+00,4.534177e-01,2.506212e+00
1.009847e-02,1.816696e+00,4.680077e-01,2.425966e+00
1.010347e-02,1.818183e+00,4.823060e-01,2.347325e+00
1.010847e-02,1.819595e+00,4.962973e-01,2.270372e+00
1.011347e-02,1.820938e+00,5.099667e-01,2.195190e+00
1.011847e-02,1.822213e+00,5.232997e-01,2.121858e+00
1.012347e-02,1.823423e+00,5.362821e-01,2.050454e+00
1.012847e-02,1.824572e+00,5.489003e-01,1.981054e+00
1.013347e-02,1.825662e+00,5.611410e-01,1.913729e+00
1.013847e-02,1.826694e+00,5.729915e-01,1.848551e+00
1.014347e-02,1.827672e+00,5.844393e-01,1.785587e+00
1.014847e-02,1.828596e+00,5.954725e-01,1.724904e+00
1.015347e-02,1.829468e+00,6.060796e-01,1.666564e+00
1.015847e-02,1.830290e+00,6.162497e-01,1.610628e+00
1.016347e-02,1.831063e+00,6.259722e-01,1.557154e+00
1.016847e-02,1.831789e+00,6.352370e-01,1.506197e+00
1.017347e-02,1.832469e+00,6.440346e-01,1.457810e+00
1.017847e-02,1.833103e+00,6.523559e-01,1.412042e+00
1.018347e-02,1.833693e+00,6.601923e-01,1.368941e+00
1.018847e-02,1.834239e+00,6.675358e-01,1.328551e+00
1.019347e-02,1.834743e+00,6.743788e-01,1.290914e+00
1.019847e-02,1.835205e+00,6.807143e-01,1.256068e+00
1.020347e-02,1.835626e+00,6.865358e-01,1.224049e+00
1.020847e-02,1.836006e+00,6.918373e-01,1.194891e+00
1.021347e-02,1.836345e+00,6.966134e-01,1.168622e+00
1.021847e-02,1.836646e+00,7.008591e-01,1.145269e+00
1.022347e-02,1.836906e+00,7.045702e-01,1.124858e+00
1.022847e-02,1.837128e+00,7.077429e-01,1.107408e+00
1.023347e-02,1.837312e+00,7.103738e-01,1.092937e+00
1.023847e-02,1.837457e+00,7.124603e-01,1.081461e+00
1.024347e-02,1.837563e+00,7.140003e-01,1.072990e+00
1.024847e-02,1.837632e+00,7.149922e-01,1.067534e+00
1.025347e-02,1.837662e+00,7.154349e-01,1.065099e+00
1.025847e-02,1.837655e+00,7.153281e-01,1.065686e+00
1.026347e-02,1.837610e+00,7.146718e-01,1.069295e+00
1.026847e-02,1.837526e+00,7.134667e-01,1.075922e+00
1.027347e-02,1.837405e+00,7.117141e-01,1.085562e+00
1.027847e-02,1.837245e+00,7.094156e-01,1.098202e+00
1.028347e-02,1.837047e+00,7.065738e-01,1.113832e+00
1.028847e-02,1.836810e+00,7.031914e-01,1.132435e+00
1.029347e-02,1.836534e+00,6.992720e-01,1.153991e+00
1.029847e-02,1.836218e+00,6.948196e-01,1.178479e+00
1.030347e-02,1.835863e+00,6.898387e-01,1.205874e+00
1.030847e-02,1.835467e+00,6.843344e-01,1.236147e+00
1.031347e-02,1.835030e+00,6.783123e-01,1.269268e+00
1.031847e-02,1.834552e+00,6.717787e-01,1.305202e+00
1.032347e-02,1.834032e+00,6.647403e-01,1.343913e+00
1.032847e-02,1.833469e+00,6.572043e-01,1.385361e+00
1.033347e-02,1.832862e+00,6.491784e-01,1.429503e+00
1.033847e-02,1.832210e+00,6.406709e-01,1.476294e+00
1.034347e-02,1.831513e+00,6.316905e-01,1.525686e+00
1.034847e-02,1.830769e+00,6.222466e-01,1.577627e+00
1.035347e-02,1.829976e+00,6.123489e-01,1.632064e+00
1.035847e-02,1.829135e+00,6.020077e-01,1.688941e+00
1.036347e-02,1.828243e+00,5.912336e-01,1.748198e+00
1.036847e-02,1.827299e+00,5.800378e-01,1.809775e+00
1.037347e-02,1.826300e+00,5.684320e-01,1.873606e+00
1.037847e-02,1.825246e+00,5.564284e-01,1.939626e+00
1.038347e-02,1.824134e+00,5.440393e-01,2.007766e+00
1.038847e-02,1.822961e+00,5.312779e-01,2.077953e+00
1.039347e-02,1.821726e+00,5.181576e-01,2.150115e+00
1.039847e-02,1.820425e+00,5.046921e-01,2.224175e+00
1.040347e-02,1.819056e+00,4.908958e-01,2.300055e+00
1.040847e-02,1.817615e+00,4.767833e-01,2.377673e+00
1.041347e-02,1.816099e+00,4.623697e-01,2.456948e+00
1.041847e-02,1.814503e+00,4.476705e-01,2.537794e+00
1.042347e-02,1.812823e+00,4.327016e-01,2.620123e+00
1.042847e-02,1.811054e+00,4.174792e-01,2.703846e+00
1.043347e-02,1.809190e+00,4.020202e-01,2.788871e+00
1.043847e-02,1.807225e+00,3.863414e-01,2.875104e+00
1.044347e-02,1.805152e+00,3.704606e-01,2.962449e+00
1.044847e-02,1.802962e+00,3.543957e-01,3.050806e+00
1.045347e-02,1.800647e+00,3.381652e-01,3.140074e+00
1.045847e-02,1.798195e+00,3.217879e-01,3.230149e+00
1.046347e-02,1.795594e+00,3.052833e-01,3.320924e+00
1.046847e-02,1.792831e+00,2.886716e-01,3.412289e+00
1.047347e-02,1.789888e+00,2.719735e-01,3.504129e+00
1.047847e-02,1.786747e+00,2.552105e-01,3.596326e+00
1.048347e-02,1.783383e+00,2.384052e-01,3.688755e+00
1.048847e-02,1.779769e+00,2.215812e-01,3.781288e+00
1.049347e-02,1.775872e+00,2.047634e-01,3.873786e+00
1.049847e-02,1.771650e+00,1.879788e-01,3.966102e+00
1.050347e-02,1.767051e+00,1.712564e-01,4.058075e+00
1.050847e-02,1.762011e+00,1.546286e-01,4.149529e+00
1.051347e-02,1.756445e+00,1.381319e-01,4.240261e+00
1.051847e-02,1.750244e+00,1.218087e-01,4.330040e+00
1.052347e-02,1.743257e+00,1.057102e-01,4.418582e+00
1.052847e-02,1.735217e+00,8.991496e-02,4.505458e+00
1.053347e-02,1.725924e+00,7.448499e-02,4.590324e+00
1.053847e-02,1.714885e+00,5.954954e-02,4.672471e+00
1.054347e-02,1.701348e+00,4.529556e-02,4.750871e+00
1.054847e-02,1.684194e+00,3.199356e-02,4.824036e+00
1.055347e-02,1.661316e+00,2.013722e-02,4.889253e+00
1.055847e-02,1.629262e+00,1.052435e-02,4.942135e+00
1.056347e-02,1.583589e+00,4.176633e-03,4.977063e+00
1.056847e-02,1.523713e+00,1.242875e-03,4.993208e+00
1.057347e-02,1.455928e+00,3.151991e-04,4.998305e+00
1.057847e-02,1.386125e+00,7.672397e-05,4.999604e+00
1.058347e-02,1.316624e+00,1.878957e-05,4.999914e+00
1.058847e-02,1.248096e+00,4.693157e-06,4.999986e+00
1.059347e-02,1.180757e+00,1.200778e-06,5.000001e+00
1.059847e-02,1.114709e+00,3.153584e-07,5.000003e+00
1.060347e-02,1.050024e+00,8.514117e-08,5.000003e+00
1.060847e-02,9.867702e-01,2.366183e-08,5.000002e+00
1.061347e-02,9.250093e-01,6.777727e-09,5.000001e+00
1.061847e-02,8.648026e-01,2.003476e-09,5.000001e+00
1.062347e-02,8.062097e-01,6.118864e-10,5.000001e+00
1.062847e-02,7.492883e-01,1.933097e-10,5.000000e+00
1.063347e-02,6.940947e-01,6.324490e-11,5.000000e+00
1.063847e-02,6.406833e-01,2.145179e-11,5.000000e+00
1.064347e-02,5.891068e-01,7.551299e-12,5.000000e+00
1.064847e-02,5.394161e-01,2.761836e-12,5.000000e+00
1.065347e-02,4.916603e-01,1.050321e-12,5.000000e+00
1.065847e-02,4.458865e-01,4.158932e-13,5.000000e+00
1.066347e-02,4.021398e-01,1.712701e-13,5.000000e+00
1.066847e-02,3.604635e-01,7.369187e-14,5.000000e+00
1.067347e-02,3.208986e-01,3.286488e-14,5.000000e+00
1.067847e-02,2.834842e-01,1.541600e-14,5.000000e+00
1.068347e-02,2.482573e-01,7.453890e-15,5.000000e+00
1.068847e-02,2.152526e-01,3.726945e-15,5.000000e+00
1.069347e-02,1.845026e-01,2.032879e-15,5.000000e+00
1.069847e-02,1.560378e-01,1.185846e-15,5.000000e+00
1.070347e-02,1.298861e-01,3.388132e-16,5.000000e+00
1.070847e-02,1.060735e-01,5.082198e-16,5.000000e+00
1.071347e-02,8.462342e-02,1.694066e-16,5.000000e+00
1.071847e-02,6.555700e-02,1.694066e-16,5.000000e+00
1.072347e-02,4.889309e-02,0.000000e+00,5.000000e+00
1.072847e-02,3.464812e-02,0.000000e+00,5.000000e+00
1.073347e-02,2.283616e-02,-1.694066e-16,5.000000e+00
1.073847e-02,1.346885e-02,-1.694066e-16,5.000000e+00
1.074347e-02,6.555458e-03,0.000000e+00,5.000000e+00
1.074847e-02,2.102791e-03,-3.388132e-16,5.000000e+00
1.075347e-02,1.152466e-04,-3.388132e-16,5.000000e+00
1.075847e-02,5.947868e-04,0.000000e+00,5.000000e+00
1.076347e-02,3.540938e-03,-3.388132e-16,5.000000e+00
1.076847e-02,8.950793e-03,0.000000e+00,5.000000e+00
1.077347e-02,1.681901e-02,-1.694066e-16,5.000000e+00
1.077847e-02,2.713783e-02,-3.388132e-16,5.000000e+00
1.078347e-02,3.989707e-02,0.000000e+00,5.000000e+00
1.078847e-02,5.508413e-02,1.694066e-16,5.000000e+00
1.079347e-02,7.268403e-02,1.694066e-16,5.000000e+00
1.079847e-02,9.267939e-02,1.694066e-16,5.000000e+00
1.080347e-02,1.150505e-01,1.694066e-16,5.000000e+00
1.080847e-02,1.397752e-01,8.470329e-16,5.000000e+00
1.081347e-02,1.668293e-01,1.355253e-15,5.000000e+00
1.081847e-02,1.961858e-01,2.710505e-15,5.000000e+00
1.082347e-02,2.278160e-01,4.743385e-15,5.000000e+00
1.082847e-02,2.616885e-01,9.825582e-15,5.000000e+00
1.083347e-02,2.977700e-01,2.066760e-14,5.000000e+00
1.083847e-02,3.360248e-01,4.455393e-14,5.000000e+00
1.084347e-02,3.764152e-01,1.018134e-13,5.000000e+00
1.084847e-02,4.189013e-01,2.408962e-13,5.000000e+00
1.085347e-02,4.634412e-01,5.930925e-13,5.000000e+00
1.085847e-02,5.099910e-01,1.522457e-12,5.000000e+00
1.086347e-02,5.585046e-01,4.064233e-12,5.000000e+00
1.086847e-02,6.089343e-01,1.128095e-11,5.000000e+00
1.087347e-02,6.612302e-01,3.251573e-11,5.000000e+00
1.087847e-02,7.153407e-01,9.723125e-11,5.000000e+00
1.088347e-02,7.712125e-01,3.012988e-10,5.000000e+00
1.088847e-02,8.287904e-01,9.664666e-10,5.000000e+00
1.089347e-02,8.880176e-01,3.205354e-09,5.000000e+00
1.089847e-02,9.488356e-01,1.097869e-08,5.000000e+00
1.090347e-02,1.011184e+00,3.878662e-08,5.000000e+00
1.090847e-02,1.075002e+00,1.411652e-07,4.999999e+00
1.091347e-02,1.140225e+00,5.285982e-07,4.999997e+00
1.091847e-02,1.206784e+00,2.033657e-06,4.999989e+00
1.092347e-02,1.274600e+00,8.025557e-06,4.999956e+00
1.092847e-02,1.343545e+00,3.240328e-05,4.999822e+00
1.093347e-02,1.413293e+00,1.329767e-04,4.999269e+00
1.093847e-02,1.482748e+00,5.424851e-04,4.997020e+00
1.094347e-02,1.548363e+00,2.047294e-03,4.988752e+00
1.094847e-02,1.603172e+00,6.207511e-03,4.965889e+00
1.095347e-02,1.643088e+00,1.393118e-02,4.923426e+00
1.095847e-02,1.671027e+00,2.454216e-02,4.865070e+00
1.096347e-02,1.691365e+00,3.703367e-02,4.796362e+00
1.096847e-02,1.706961e+00,5.074196e-02,4.720961e+00
1.097347e-02,1.719379e+00,6.529639e-02,4.640906e+00
1.097847e-02,1.729742e+00,8.042553e-02,4.557691e+00
1.098347e-02,1.738473e+00,9.601660e-02,4.471937e+00
1.098847e-02,1.746045e+00,1.119451e-01,4.384328e+00
1.099347e-02,1.752647e+00,1.281508e-01,4.295194e+00
1.099847e-02,1.758610e+00,1.445417e-01,4.205042e+00
1.100347e-02,1.763977e+00,1.610901e-01,4.114024e+00
1.100847e-02,1.768849e+00,1.777560e-01,4.022361e+00
1.101347e-02,1.773303e+00,1.945042e-01,3.930245e+00
1.101847e-02,1.777400e+00,2.113036e-01,3.837847e+00
1.102347e-02,1.781187e+00,2.281259e-01,3.745324e+00
1.102847e-02,1.784703e+00,2.449447e-01,3.652820e+00
1.103347e-02,1.787981e+00,2.617357e-01,3.560469e+00
1.103847e-02,1.791044e+00,2.784756e-01,3.468399e+00
1.104347e-02,1.793917e+00,2.951422e-01,3.376732e+00
1.104847e-02,1.796617e+00,3.117144e-01,3.285585e+00
1.105347e-02,1.799159e+00,3.281716e-01,3.195070e+00
1.105847e-02,1.801557e+00,3.444939e-01,3.105296e+00
1.106347e-02,1.803823e+00,3.606621e-01,3.016370e+00
1.106847e-02,1.805968e+00,3.766575e-01,2.928395e+00
1.107347e-02,1.807998e+00,3.924617e-01,2.841472e+00
1.107847e-02,1.809924e+00,4.080570e-01,2.755697e+00
1.108347e-02,1.811750e+00,4.234260e-01,2.671167e+00
1.108847e-02,1.813484e+00,4.385518e-01,2.587975e+00
1.109347e-02,1.815131e+00,4.534177e-01,2.506212e+00
1.109847e-02,1.816696e+00,4.680077e-01,2.425966e+00
1.110347e-02,1.818183e+00,4.823060e-01,2.347325e+00
1.110847e-02,1.819595e+00,4.962973e-01,2.270372e+00
1.111347e-02,1.820938e+00,5.099667e-01,2.195190e+00
1.111847e-02,1.822213e+00,5.232997e-01,2.121858e+00
1.112347e-02,1.823423e+00,5.362821e-01,2.050454e+00
1.112847e-02,1.824572e+00,5.489003e-01,1.981054e+00
1.113347e-02,1.825662e+00,5.611410e-01,1.913729e+00
1.113847e-02,1.826694e+00,5.729915e-01,1.848551e+00
1.114347e-02,1.827672e+00,5.844393e-01,1.785587e+00
1.114847e-02,1.828596e+00,5.954725e-01,1.724904e+00
1.115347e-02,1.829468e+00,6.060796e-01,1.666564e+00
1.115847e-02,1.830290e+00,6.162497e-01,1.610628e+00
1.116347e-02,1.831063e+00,6.259722e-01,1.557154e+00
1.116847e-02,1.831789e+00,6.352370e-01,1.506197e+00
1.117347e-02,1.832469e+00,6.440346e-01,1.457810e+00
1.117847e-02,1.833103e+00,6.523559e-01,1.412042e+00
1.118347e-02,1.833693e+00,6.601923e-01,1.368941e+00
1.118847e-02,1.834239e+00,6.675358e-01,1.328551e+00
1.119347e-02,1.834743e+00,6.743788e-01,1.290914e+00
1.119847e-02,1.835205e+00,6.807143e-01,1.256068e+00
1.120347e-02,1.835626e+00,6.865358e-01,1.224049e+00
1.120847e-02,1.836006e+00,6.918373e-01,1.194891e+00
1.121347e-02,1.836345e+00,6.966134e-01,1.168622e+00
1.121847e-02,1.836646e+00,7.008591e-01,1.145269e+00
1.122347e-02,1.836906e+00,7.045702e-01,1.124858e+00
1.122847e-02,1.837128e+00,7.077429e-01,1.107408e+00
1.123347e-02,1.837312e+00,7.103738e-01,1.092937e+00
1.123847e-02,1.837457e+00,7.124603e-01,1.081461e+00
1.124347e-02,1.837563e+00,7.140003e-01,1.072990e+00
1.124847e-02,1.837632e+00,7.149922e-01,1.067534e+00
1.125347e-02,1.837662e+00,7.154349e-01,1.065099e+00
1.125847e-02,1.837655e+00,7.153281e-01,1.065686e+00
1.126347e-02,1.837610e+00,7.146718e-01,1.069295e+00
1.126847e-02,1.837526e+00,7.134667e-01,1.075922e+00
1.127347e-02,1.837405e+00,7.117141e-01,1.085562e+00
1.127847e-02,1.837245e+00,7.094156e-01,1.098202e+00
1.128347e-02,1.837047e+00,7.065738e-01,1.113832e+00
1.128847e-02,1.836810e+00,7.031914e-01,1.132435e+00
1.129347e-02,1.836534e+00,6.992720e-01,1.153991e+00
1.129847e-02,1.836218e+00,6.948196e-01,1.178479e+00
1.130347e-02,1.835863e+00,6.898387e-01,1.205874e+00
1.130847e-02,1.835467e+00,6.843344e-01,1.236147e+00
1.131347e-02,1.835030e+00,6.783123e-01,1.269268e+00
1.131847e-02,1.834552e+00,6.717787e-01,1.305202e+00
1.132347e-02,1.834032e+00,6.647403e-01,1.343913e+00
1.132847e-02,1.833469e+00,6.572043e-01,1.385361e+00
1.133347e-02,1.832862e+00,6.491784e-01,1.429503e+00
1.133847e-02,1.832210e+00,6.406709e-01,1.476294e+00
1.134347e-02,1.831513e+00,6.316905e-01,1.525686e+00
1.134847e-02,1.830769e+00,6.222466e-01,1.577627e+00
1.135347e-02,1.829976e+00,6.123489e-01,1.632064e+00
1.135847e-02,1.829135e+00,6.020077e-01,1.688941e+00
1.136347e-02,1.828243e+00,5.912336e-01,1.748198e+00
1.136847e-02,1.827299e+00,5.800378e-01,1.809775e+00
1.137347e-02,1.826300e+00,5.684320e-01,1.873606e+00
1.137847e-02,1.825246e+00,5.564284e-01,1.939626e+00
1.138347e-02,1.824134e+00,5.440393e-01,2.007766e+00
1.138847e-02,1.822961e+00,5.312779e-01,2.077953e+00
1.139347e-02,1.821726e+00,5.181576e-01,2.150115e+00
1.139847e-02,1.820425e+00,5.046921e-01,2.224175e+00
1.140347e-02,1.819056e+00,4.908958e-01,2.300055e+00
1.140847e-02,1.817615e+00,4.767833e-01,2.377673e+00
1.141347e-02,1.816099e+00,4.623697e-01,2.456948e+00
1.141847e-02,1.814503e+00,4.476705e-01,2.537794e+00
1.142347e-02,1.812823e+00,4.327016e-01,2.620123e+00
1.142847e-02,1.811054e+00,4.174792e-01,2.703846e+00
1.143347e-02,1.809190e+00,4.020202e-01,2.788871e+00
1.143847e-02,1.807225e+00,3.863414e-01,2.875104e+00
1.144347e-02,1.805152e+00,3.704606e-01,2.962449e+00
1.144847e-02,1.802962e+00,3.543957e-01,3.050806e+00
1.145347e-02,1.800647e+00,3.381652e-01,3.140074e+00
1.145847e-02,1.798195e+00,3.217879e-01,3.230149e+00
1.146347e-02,1.795594e+00,3.052833e-01,3.320924e+00
1.146847e-02,1.792831e+00,2.886716e-01,3.412289e+00
1.147347e-02,1.789888e+00,2.719735e-01,3.504129e+00
1.147847e-02,1.786747e+00,2.552105e-01,3.596326e+00
1.148347e-02,1.783383e+00,2.384052e-01,3.688755e+00
1.148847e-02,1.779769e+00,2.215812e-01,3.781288e+00
1.149347e-02,1.775872e+00,2.047634e-01,3.873786e+00
1.149847e-02,1.771650e+00,1.879788e-01,3.966102e+00
1.150347e-02,1.767051e+00,1.712564e-01,4.058075e+00
1.150847e-02,1.762011e+00,1.546286e-01,4.149529e+00
1.151347e-02,1.756445e+00,1.381319e-01,4.240261e+00
1.151847e-02,1.750244e+00,1.218087e-01,4.330040e+00
1.152347e-02,1.743257e+00,1.057102e-01,4.418582e+00
1.152847e-02,1.735217e+00,8.991496e-02,4.505458e+00
1.153347e-02,1.725924e+00,7.448500e-02,4.590324e+00
1.153847e-02,1.714885e+00,5.954955e-02,4.672471e+00
1.154347e-02,1.701348e+00,4.529556e-02,4.750871e+00
1.154847e-02,1.684194e+00,3.199356e-02,4.824036e+00
1.155347e-02,1.661316e+00,2.013722e-02,4.889253e+00
1.155847e-02,1.629262e+00,1.052435e-02,4.942135e+00
1.156347e-02,1.583589e+00,4.176634e-03,4.977063e+00
1.156847e-02,1.523713e+00,1.242875e-03,4.993208e+00
1.157347e-02,1.455928e+00,3.151992e-04,4.998305e+00
1.157847e-02,1.386125e+00,7.672399e-05,4.999604e+00
1.158347e-02,1.316624e+00,1.878958e-05,4.999914e+00
1.158847e-02,1.248096e+00,4.693159e-06,4.999986e+00
1.159347e-02,1.180757e+00,1.200778e-06,5.000001e+00
1.159847e-02,1.114709e+00,3.153585e-07,5.000003e+00
1.160347e-02,1.050024e+00,8.514119e-08,5.000003e+00
1.160847e-02,9.867702e-01,2.366183e-08,5.000002e+00
1.161347e-02,9.250093e-01,6.777729e-09,5.000001e+00
1.161847e-02,8.648027e-01,2.003476e-09,5.000001e+00
1.162347e-02,8.062097e-01,6.118868e-10,5.000001e+00
1.162847e-02,7.492883e-01,1.933094e-10,5.000000e+00
1.163347e-02,6.940947e-01,6.324456e-11,5.000000e+00
1.163847e-02,6.406833e-01,2.145162e-11,5.000000e+00
1.164347e-02,5.891068e-01,7.551299e-12,5.000000e+00
1.164847e-02,5.394161e-01,2.761666e-12,5.000000e+00
1.165347e-02,4.916603e-01,1.050151e-12,5.000000e+00
1.165847e-02,4.458865e-01,4.157238e-13,5.000000e+00
1.166347e-02,4.021398e-01,1.716089e-13,5.000000e+00
1.166847e-02,3.604635e-01,7.335305e-14,5.000000e+00
1.167347e-02,3.208986e-01,3.303428e-14,5.000000e+00
1.167847e-02,2.834842e-01,1.558541e-14,5.000000e+00
1.168347e-02,2.482573e-01,7.792703e-15,5.000000e+00
1.168847e-02,2.152526e-01,3.896352e-15,5.000000e+00
1.169347e-02,1.845026e-01,1.863472e-15,5.000000e+00
1.169847e-02,1.560378e-01,8.470329e-16,5.000000e+00
1.170347e-02,1.298861e-01,5.082198e-16,5.000000e+00
1.170847e-02,1.060735e-01,5.082198e-16,5.000000e+00
1.171347e-02,8.462342e-02,3.388132e-16,5.000000e+00
1.171847e-02,6.555701e-02,1.694066e-16,5.000000e+00
1.172347e-02,4.889309e-02,-1.694066e-16,5.000000e+00
1.172847e-02,3.464812e-02,1.694066e-16,5.000000e+00
1.173347e-02,2.283616e-02,0.000000e+00,5.000000e+00
1.173847e-02,1.346886e-02,1.694066e-16,5.000000e+00
1.174347e-02,6.555459e-03,-1.694066e-16,5.000000e+00
1.174847e-02,2.102792e-03,-1.694066e-16,5.000000e+00
1.175347e-02,1.152468e-04,1.694066e-16,5.000000e+00
1.175847e-02,5.947864e-04,0.000000e+00,5.000000e+00
1.176347e-02,3.540937e-03,-1.694066e-16,5.000000e+00
1.176847e-02,8.950792e-03,-1.694066e-16,5.000000e+00
1.177347e-02,1.681901e-02,-1.694066e-16,5.000000e+00
1.177847e-02,2.713783e-02,0.000000e+00,5.000000e+00
1.178347e-02,3.989707e-02,0.000000e+00,5.000000e+00
1.178847e-02,5.508413e-02,1.694066e-16,5.000000e+00
1.179347e-02,7.268402e-02,1.694066e-16,5.000000e+00
1.179847e-02,9.267939e-02,1.694066e-16,5.000000e+00
1.180347e-02,1.150505e-01,1.694066e-16,5.000000e+00
1.180847e-02,1.397752e-01,8.470329e-16,5.000000e+00
1.181347e-02,1.668293e-01,1.355253e-15,5.000000e+00
1.181847e-02,1.961858e-01,2.710505e-15,5.000000e+00
1.182347e-02,2.278160e-01,4.743385e-15,5.000000e+00
1.182847e-02,2.616885e-01,9.825582e-15,5.000000e+00
1.183347e-02,2.977700e-01,2.066760e-14,5.000000e+00
1.183847e-02,3.360248e-01,4.455393e-14,5.000000e+00
1.184347e-02,3.764152e-01,1.018134e-13,5.000000e+00
1.184847e-02,4.189013e-01,2.408962e-13,5.000000e+00
1.185347e-02,4.634412e-01,5.930925e-13,5.000000e+00
1.185847e-02,5.099909e-01,1.522457e-12,5.000000e+00
1.186347e-02,5.585046e-01,4.064233e-12,5.000000e+00
1.186847e-02,6.089342e-01,1.128095e-11,5.000000e+00
1.187347e-02,6.612302e-01,3.251573e-11,5.000000e+00
1.187847e-02,7.153407e-01,9.723125e-11,5.000000e+00
1.188347e-02,7.712125e-01,3.012984e-10,5.000000e+00
1.188847e-02,8.287904e-01,9.664665e-10,5.000000e+00
1.189347e-02,8.880176e-01,3.205353e-09,5.000000e+00
1.189847e-02,9.488356e-01,1.097868e-08,5.000000e+00
1.190347e-02,1.011184e+00,3.878661e-08,5.000000e+00
1.190847e-02,1.075002e+00,1.411652e-07,4.999999e+00
1.191347e-02,1.140225e+00,5.285980e-07,4.999997e+00
1.191847e-02,1.206784e+00,2.033656e-06,4.999989e+00
1.192347e-02,1.274600e+00,8.025554e-06,4.999956e+00
1.192847e-02,1.343545e+00,3.240327e-05,4.999822e+00
1.193347e-02,1.413293e+00,1.329767e-04,4.999269e+00
1.193847e-02,1.482748e+00,5.424849e-04,4.997020e+00
1.194347e-02,1.548363e+00,2.047294e-03,4.988752e+00
1.194847e-02,1.603172e+00,6.207509e-03,4.965889e+00
1.195347e-02,1.643088e+00,1.393117e-02,4.923426e+00
1.195847e-02,1.671027e+00,2.454216e-02,4.865070e+00
1.196347e-02,1.691365e+00,3.703366e-02,4.796362e+00
1.196847e-02,1.706961e+00,5.074195e-02,4.720961e+00
1.197347e-02,1.719379e+00,6.529639e-02,4.640906e+00
1.197847e-02,1.729742e+00,8.042553e-02,4.557691e+00
1.198347e-02,1.738473e+00,9.601659e-02,4.471937e+00
1.198847e-02,1.746045e+00,1.119451e-01,4.384328e+00
1.199347e-02,1.752647e+00,1.281508e-01,4.295194e+00
1.199847e-02,1.758610e+00,1.445417e-01,4.205042e+00
1.200347e-02,1.763977e+00,1.610901e-01,4.114024e+00
1.200847e-02,1.768849e+00,1.777560e-01,4.022361e+00
1.201347e-02,1.773303e+00,1.945042e-01,3.930245e+00
1.201847e-02,1.777400e+00,2.113036e-01,3.837847e+00
1.202347e-02,1.781187e+00,2.281259e-01,3.745324e+00
1.202847e-02,1.784703e+00,2.449447e-01,3.652820e+00
1.203347e-02,1.787981e+00,2.617357e-01,3.560469e+00
1.203847e-02,1.791044e+00,2.784756e-01,3.468399e+00
1.204347e-02,1.793917e+00,2.951422e-01,3.376732e+00
1.204847e-02,1.796617e+00,3.117144e-01,3.285585e+00
1.205347e-02,1.799159e+00,3.281716e-01,3.195070e+00
1.205847e-02,1.801557e+00,3.444939e-01,3.105296e+00
1.206347e-02,1.803823e+00,3.606621e-01,3.016370e+00
1.206847e-02,1.805968e+00,3.766575e-01,2.928395e+00
1.207347e-02,1.807998e+00,3.924617e-01,2.841472e+00
1.207847e-02,1.809924e+00,4.080570e-01,2.755697e+00
1.208347e-02,1.811750e+00,4.234260e-01,2.671167e+00
1.208847e-02,1.813484e+00,4.385518e-01,2.587975e+00
1.209347e-02,1.815131e+00,4.534177e-01,2.506212e+00
1.209847e-02,1.816696e+00,4.680077e-01,2.425966e+00
1.210347e-02,1.818183e+00,4.823060e-01,2.347325e+00
1.210847e-02,1.819595e+00,4.962973e-01,2.270372e+00
1.211347e-02,1.820938e+00,5.099667e-01,2.195190e+00
1.211847e-02,1.822213e+00,5.232997e-01,2.121858e+00
1.212347e-02,1.823423e+00,5.362821e-01,2.050454e+00
1.212847e-02,1.824572e+00,5.489003e-01,1.981054e+00
1.213347e-02,1.825662e+00,5.611410e-01,1.913729e+00
1.213847e-02,1.826694e+00,5.729915e-01,1.848551e+00
1.214347e-02,1.827672e+00,5.844393e-01,1.785588e+00
1.214847e-02,1.828596e+00,5.954725e-01,1.724904e+00
1.215347e-02,1.829468e+00,6.060796e-01,1.666564e+00
1.215847e-02,1.830290e+00,6.162497e-01,1.610628e+00
1.216347e-02,1.831063e+00,6.259722e-01,1.557154e+00
1.216847e-02,1.831789e+00,6.352370e-01,1.506197e+00
1.217347e-02,1.832469e+00,6.440346e-01,1.457810e+00
1.217847e-02,1.833103e+00,6.523559e-01,1.412042e+00
1.218347e-02,1.833693e+00,6.601923e-01,1.368941e+00
1.218847e-02,1.834239e+00,6.675358e-01,1.328551e+00
1.219347e-02,1.834743e+00,6.743788e-01,1.290914e+00
1.219847e-02,1.835205e+00,6.807143e-01,1.256068e+00
1.220347e-02,1.835626e+00,6.865358e-01,1.224049e+00
1.220847e-02,1.836006e+00,6.918373e-01,1.194891e+00
1.221347e-02,1.836345e+00,6.966134e-01,1.168622e+00
1.221847e-02,1.836646e+00,7.008591e-01,1.145269e+00
1.222347e-02,1.836906e+00,7.045702e-01,1.124858e+00
1.222847e-02,1.837128e+00,7.077429e-01,1.107408e+00
1.223347e-02,1.837312e+00,7.103738e-01,1.092937e+00
1.223847e-02,1.837457e+00,7.124603e-01,1.081461e+00
1.224347e-02,1.837563e+00,7.140003e-01,1.072990e+00
1.224847e-02,1.837632e+00,7.149922e-01,1.067534e+00
1.225347e-02,1.837662e+00,7.154349e-01,1.065099e+00
1.225847e-02,1.837655e+00,7.153281e-01,1.065686e+00
1.226347e-02,1.837610e+00,7.146718e-01,1.069295e+00
1.226847e-02,1.837526e+00,7.134667e-01,1.075922e+00
1.227347e-02,1.837405e+00,7.117141e-01,1.085562e+00
1.227847e-02,1.837245e+00,7.094156e-01,1.098202e+00
1.228347e-02,1.837047e+00,7.065738e-01,1.113832e+00
1.228847e-02,1.836810e+00,7.031914e-01,1.132435e+00
1.229347e-02,1.836534e+00,6.992720e-01,1.153991e+00
1.229847e-02,1.836218e+00,6.948196e-01,1.178479e+00
1.230347e-02,1.835863e+00,6.898387e-01,1.205874e+00
1.230847e-02,1.835467e+00,6.843344e-01,1.236147e+00
1.231347e-02,1.835030e+00,6.783123e-01,1.269268e+00
1.231847e-02,1.834552e+00,6.717787e-01,1.305202e+00
1.232347e-02,1.834032e+00,6.647403e-01,1.343913e+00
1.232847e-02,1.833469e+00,6.572043e-01,1.385361e+00
1.233347e-02,1.832862e+00,6.491784e-01,1.429503e+00
1.233847e-02,1.832210e+00,6.406709e-01,1.476294e+00
1.234347e-02,1.831513e+00,6.316905e-01,1.525686e+00
1.234847e-02,1.830769e+00,6.222466e-01,1.577627e+00
1.235347e-02,1.829976e+00,6.123489e-01,1.632064e+00
1.235847e-02,1.829135e+00,6.020077e-01,1.688941e+00
1.236347e-02,1.828243e+00,5.912336e-01,1.748198e+00
1.236847e-02,1.827299e+00,5.800378e-01,1.809775e+00
1.237347e-02,1.826300e+00,5.684320e-01,1.873606e+00
1.237847e-02,1.825246e+00,5.564284e-01,1.939626e+00
1.238347e-02,1.824134e+00,5.440393e-01,2.007766e+00
1.238847e-02,1.822961e+00,5.312779e-01,2.077953e+00
1.239347e-02,1.821726e+00,5.181576e-01,2.150115e+00
1.239847e-02,1.820425e+00,5.046921e-01,2.224175e+00
1.240347e-02,1.819056e+00,4.908958e-01,2.300055e+00
1.240847e-02,1.817615e+00,4.767833e-01,2.377673e+00
1.241347e-02,1.816099e+00,4.623697e-01,2.456948e+00
1.241847e-02,1.814503e+00,4.476705e-01,2.537794e+00
1.242347e-02,1.812823e+00,4.327016e-01,2.620123e+00
1.242847e-02,1.811054e+00,4.174793e-01,2.703846e+00
1.243347e-02,1.809190e+00,4.020202e-01,2.788871e+00
1.243847e-02,1.807225e+00,3.863414e-01,2.875104e+00
1.244347e-02,1.805152e+00,3.704606e-01,2.962449e+00
1.244847e-02,1.802962e+00,3.543957e-01,3.050806e+00
1.245347e-02,1.800647e+00,3.381652e-01,3.140074e+00
1.245847e-02,1.798195e+00,3.217879e-01,3.230149e+00
1.246347e-02,1.795594e+00,3.052833e-01,3.320924e+00
1.246847e-02,1.792831e+00,2.886716e-01,3.412289e+00
1.247347e-02,1.789888e+00,2.719735e-01,3.504129e+00
1.247847e-02,1.786747e+00,2.552106e-01,3.596326e+00
1.248347e-02,1.783383e+00,2.384052e-01,3.688755e+00
1.248847e-02,1.779769e+00,2.215812e-01,3.781288e+00
1.249347e-02,1.775872e+00,2.047634e-01,3.873786e+00
1.249847e-02,1.771650e+00,1.879788e-01,3.966102e+00
1.250347e-02,1.767051e+00,1.712564e-01,4.058075e+00
1.250847e-02,1.762011e+00,1.546286e-01,4.149529e+00
1.251347e-02,1.756445e+00,1.381319e-01,4.240261e+00
1.251847e-02,1.750244e+00,1.218087e-01,4.330040e+00
1.252347e-02,1.743257e+00,1.057102e-01,4.418582e+00
1.252847e-02,1.735217e+00,8.991497e-02,4.505458e+00
1.253347e-02,1.725924e+00,7.448500e-02,4.590324e+00
1.253847e-02,1.714885e+00,5.954955e-02,4.672471e+00
1.254347e-02,1.701348e+00,4.529556e-02,4.750871e+00
1.254847e-02,1.684194e+00,3.199356e-02,4.824036e+00
1.255347e-02,1.661316e+00,2.013723e-02,4.889253e+00
1.255847e-02,1.629262e+00,1.052435e-02,4.942135e+00
1.256347e-02,1.583589e+00,4.176635e-03,4.977063e+00
1.256847e-02,1.523713e+00,1.242876e-03,4.993208e+00
1.257347e-02,1.455928e+00,3.151993e-04,4.998305e+00
1.257847e-02,1.386125e+00,7.672402e-05,4.999604e+00
1.258347e-02,1.316624e+00,1.878959e-05,4.999914e+00
1.258847e-02,1.248096e+00,4.693160e-06,4.999986e+00
1.259347e-02,1.180757e+00,1.200778e-06,5.000001e+00
1.259847e-02,1.114709e+00,3.153586e-07,5.000003e+00
1.260347e-02,1.050024e+00,8.514122e-08,5.000003e+00
1.260847e-02,9.867703e-01,2.366184e-08,5.000002e+00
1.261347e-02,9.250093e-01,6.777731e-09,5.000001e+00
1.261847e-02,8.648027e-01,2.003477e-09,5.000001e+00
1.262347e-02,8.062097e-01,6.118868e-10,5.000001e+00
1.262847e-02,7.492884e-01,1.933095e-10,5.000000e+00
1.263347e-02,6.940947e-01,6.324439e-11,5.000000e+00
1.263847e-02,6.406833e-01,2.145179e-11,5.000000e+00
1.264347e-02,5.891068e-01,7.551638e-12,5.000000e+00
1.264847e-02,5.394161e-01,2.761836e-12,5.000000e+00
1.265347e-02,4.916603e-01,1.050151e-12,5.000000e+00
1.265847e-02,4.458865e-01,4.158932e-13,5.000000e+00
1.266347e-02,4.021398e-01,1.711007e-13,5.000000e+00
1.266847e-02,3.604635e-01,7.369187e-14,5.000000e+00
1.267347e-02,3.208986e-01,3.320369e-14,5.000000e+00
1.267847e-02,2.834842e-01,1.541600e-14,5.000000e+00
1.268347e-02,2.482573e-01,7.453890e-15,5.000000e+00
1.268847e-02,2.152526e-01,3.557538e-15,5.000000e+00
1.269347e-02,1.845026e-01,1.863472e-15,5.000000e+00
1.269847e-02,1.560378e-01,1.355253e-15,5.000000e+00
1.270347e-02,1.298861e-01,5.082198e-16,5.000000e+00
1.270847e-02,1.060735e-01,3.388132e-16,5.000000e+00
1.271347e-02,8.462343e-02,3.388132e-16,5.000000e+00
1.271847e-02,6.555701e-02,1.694066e-16,5.000000e+00
1.272347e-02,4.889310e-02,-1.694066e-16,5.000000e+00
1.272847e-02,3.464813e-02,0.000000e+00,5.000000e+00
1.273347e-02,2.283616e-02,0.000000e+00,5.000000e+00
1.273847e-02,1.346886e-02,-3.388132e-16,5.000000e+00
1.274347e-02,6.555461e-03,-3.388132e-16,5.000000e+00
1.274847e-02,2.102792e-03,-3.388132e-16,5.000000e+00
1.275347e-02,1.152470e-04,-3.388132e-16,5.000000e+00
1.275847e-02,5.947860e-04,0.000000e+00,5.000000e+00
1.276347e-02,3.540936e-03,0.000000e+00,5.000000e+00
1.276847e-02,8.950790e-03,0.000000e+00,5.000000e+00
1.277347e-02,1.681901e-02,-1.694066e-16,5.000000e+00
1.277847e-02,2.713783e-02,-3.388132e-16,5.000000e+00
1.278347e-02,3.989706e-02,0.000000e+00,5.000000e+00
1.278847e-02,5.508412e-02,0.000000e+00,5.000000e+00
1.279347e-02,7.268402e-02,1.694066e-16,5.000000e+00
1.279847e-02,9.267938e-02,1.694066e-16,5.000000e+00
1.280347e-02,1.150505e-01,5.082198e-16,5.000000e+00
1.280847e-02,1.397752e-01,8.470329e-16,5.000000e+00
1.281347e-02,1.668293e-01,1.185846e-15,5.000000e+00
1.281847e-02,1.961858e-01,2.710505e-15,5.000000e+00
1.282347e-02,2.278160e-01,4.573978e-15,5.000000e+00
1.282847e-02,2.616885e-01,9.825582e-15,5.000000e+00
1.283347e-02,2.977700e-01,2.049820e-14,5.000000e+00
1.283847e-02,3.360248e-01,4.455393e-14,5.000000e+00
1.284347e-02,3.764152e-01,1.019828e-13,5.000000e+00
1.284847e-02,4.189013e-01,2.407268e-13,5.000000e+00
1.285347e-02,4.634412e-01,5.930925e-13,5.000000e+00
1.285847e-02,5.099909e-01,1.522457e-12,5.000000e+00
1.286347e-02,5.585046e-01,4.064233e-12,5.000000e+00
1.286847e-02,6.089342e-01,1.128095e-11,5.000000e+00
1.287347e-02,6.612302e-01,3.251624e-11,5.000000e+00
1.287847e-02,7.153407e-01,9.723142e-11,5.000000e+00
1.288347e-02,7.712125e-01,3.012984e-10,5.000000e+00
1.288847e-02,8.287904e-01,9.664665e-10,5.000000e+00
1.289347e-02,8.880176e-01,3.205352e-09,5.000000e+00
1.289847e-02,9.488356e-01,1.097868e-08,5.000000e+00
1.290347e-02,1.011184e+00,3.878660e-08,5.000000e+00
1.290847e-02,1.075002e+00,1.411651e-07,4.999999e+00
1.291347e-02,1.140225e+00,5.285979e-07,4.999997e+00
1.291847e-02,1.206784e+00,2.033656e-06,4.999989e+00
1.292347e-02,1.274600e+00,8.025552e-06,4.999956e+00
1.292847e-02,1.343545e+00,3.240326e-05,4.999822e+00
1.293347e-02,1.413293e+00,1.329766e-04,4.999269e+00
1.293847e-02,1.482748e+00,5.424848e-04,4.997020e+00
1.294347e-02,1.548363e+00,2.047293e-03,4.988752e+00
1.294847e-02,1.603172e+00,6.207508e-03,4.965889e+00
1.295347e-02,1.643088e+00,1.393117e-02,4.923426e+00
1.295847e-02,1.671027e+00,2.454216e-02,4.865070e+00
1.296347e-02,1.691365e+00,3.703366e-02,4.796362e+00
1.296847e-02,1.706961e+00,5.074195e-02,4.720961e+00
1.297347e-02,1.719379e+00,6.529638e-02,4.640906e+00
1.297847e-02,1.729742e+00,8.042552e-02,4.557691e+00
1.298347e-02,1.738473e+00,9.601659e-02,4.471937e+00
1.298847e-02,1.746045e+00,1.119451e-01,4.384328e+00
1.299347e-02,1.752647e+00,1.281508e-01,4.295194e+00
1.299847e-02,1.758610e+00,1.445417e-01,4.205042e+00
1.300347e-02,1.763977e+00,1.610901e-01,4.114024e+00
1.300847e-02,1.768849e+00,1.777560e-01,4.022361e+00
1.301347e-02,1.773303e+00,1.945042e-01,3.930245e+00
1.301847e-02,1.777400e+00,2.113036e-01,3.837847e+00
1.302347e-02,1.781187e+00,2.281259e-01,3.745324e+00
1.302847e-02,1.784703e+00,2.449447e-01,3.652820e+00
1.303347e-02,1.787981e+00,2.617357e-01,3.560469e+00
1.303847e-02,1.791044e+00,2.784756e-01,3.468399e+00
1.304347e-02,1.793917e+00,2.951422e-01,3.376732e+00
1.304847e-02,1.796617e+00,3.117144e-01,3.285585e+00
1.305347e-02,1.799159e+00,3.281715e-01,3.195070e+00
1.305847e-02,1.801557e+00,3.444939e-01,3.105296e+00
1.306347e-02,1.803823e+00,3.606621e-01,3.016371e+00
1.306847e-02,1.805968e+00,3.766575e-01,2.928396e+00
1.307347e-02,1.807998e+00,3.924617e-01,2.841472e+00
1.307847e-02,1.809924e+00,4.080570e-01,2.755697e+00
1.308347e-02,1.811750e+00,4.234260e-01,2.671167e+00
1.308847e-02,1.813484e+00,4.385518e-01,2.587975e+00
1.309347e-02,1.815131e+00,4.534177e-01,2.506212e+00
1.309847e-02,1.816696e+00,4.680077e-01,2.425966e+00
1.310347e-02,1.818183e+00,4.823060e-01,2.347325e+00
1.310847e-02,1.819595e+00,4.962973e-01,2.270372e+00
1.311347e-02,1.820938e+00,5.099667e-01,2.195190e+00
1.311847e-02,1.822213e+00,5.232997e-01,2.121858e+00
1.312347e-02,1.823423e+00,5.362821e-01,2.050454e+00
1.312847e-02,1.824572e+00,5.489003e-01,1.981054e+00
1.313347e-02,1.825662e+00,5.611410e-01,1.913729e+00
1.313847e-02,1.826694e+00,5.729915e-01,1.848551e+00
1.314347e-02,1.827672e+00,5.844393e-01,1.785588e+00
1.314847e-02,1.828596e+00,5.954725e-01,1.724904e+00
1.315347e-02,1.829468e+00,6.060796e-01,1.666564e+00
1.315847e-02,1.830290e+00,6.162497e-01,1.610628e+00
1.316347e-02,1.831063e+00,6.259722e-01,1.557154e+00
1.316847e-02,1.831789e+00,6.352370e-01,1.506197e+00
1.317347e-02,1.832469e+00,6.440346e-01,1.457810e+00
1.317847e-02,1.833103e+00,6.523559e-01,1.412042e+00
1.318347e-02,1.833693e+00,6.601923e-01,1.368941e+00
1.318847e-02,1.834239e+00,6.675358e-01,1.328551e+00
1.319347e-02,1.834743e+00,6.743788e-01,1.290914e+00
1.319847e-02,1.835205e+00,6.807143e-01,1.256068e+00
1.320347e-02,1.835626e+00,6.865358e-01,1.224049e+00
1.320847e-02,1.836006e+00,6.918373e-01,1.194891e+00
1.321347e-02,1.836345e+00,6.966134e-01,1.168622e+00
1.321847e-02,1.836646e+00,7.008591e-01,1.145269e+00
1.322347e-02,1.836906e+00,7.045702e-01,1.124858e+00
1.322847e-02,1.837128e+00,7.077429e-01,1.107408e+00
1.323347e-02,1.837312e+00,7.103738e-01,1.092937e+00
1.323847e-02,1.837457e+00,7.124603e-01,1.081461e+00
1.324347e-02,1.837563e+00,7.140003e-01,1.072990e+00
1.324847e-02,1.837632e+00,7.149922e-01,1.067534e+00
1.325347e-02,1.837662e+00,7.154349e-01,1.065099e+00
1.325847e-02,1.837655e+00,7.153281e-01,1.065686e+00
1.326347e-02,1.837610e+00,7.146718e-01,1.069295e+00
1.326847e-02,1.837526e+00,7.134667e-01,1.075922e+00
1.327347e-02,1.837405e+00,7.117141e-01,1.085562e+00
1.327847e-02,1.837245e+00,7.094156e-01,1.098202e+00
1.328347e-02,1.837047e+00,7.065738e-01,1.113832e+00
1.328847e-02,1.836810e+00,7.031914e-01,1.132435e+00
1.329347e-02,1.836534e+00,6.992720e-01,1.153991e+00
1.329847e-02,1.836218e+00,6.948196e-01,1.178479e+00
1.330347e-02,1.835863e+00,6.898387e-01,1.205874e+00
1.330847e-02,1.835467e+00,6.843344e-01,1.236147e+00
1.331347e-02,1.835030e+00,6.783123e-01,1.269268e+00
1.331847e-02,1.834552e+00,6.717787e-01,1.305202e+00
1.332347e-02,1.834032e+00,6.647403e-01,1.343913e+00
1.332847e-02,1.833469e+00,6.572043e-01,1.385361e+00
1.333347e-02,1.832862e+00,6.491784e-01,1.429503e+00
1.333847e-02,1.832210e+00,6.406709e-01,1.476294e+00
1.334347e-02,1.831513e+00,6.316905e-01,1.525686e+00
1.334847e-02,1.830769e+00,6.222466e-01,1.577627e+00
1.335347e-02,1.829976e+00,6.123489e-01,1.632064e+00
1.335847e-02,1.829135e+00,6.020077e-01,1.688941e+00
1.336347e-02,1.828243e+00,5.912336e-01,1.748198e+00
1.336847e-02,1.827299e+00,5.800378e-01,1.809775e+00
1.337347e-02,1.826300e+00,5.684321e-01,1.873606e+00
1.337847e-02,1.825246e+00,5.564284e-01,1.939626e+00
1.338347e-02,1.824134e+00,5.440394e-01,2.007766e+00
1.338847e-02,1.822961e+00,5.312780e-01,2.077953e+00
1.339347e-02,1.821726e+00,5.181576e-01,2.150115e+00
1.339847e-02,1.820425e+00,5.046921e-01,2.224175e+00
1.340347e-02,1.819056e+00,4.908958e-01,2.300055e+00
1.340847e-02,1.817615e+00,4.767833e-01,2.377673e+00
1.341347e-02,1.816099e+00,4.623697e-01,2.456948e+00
1.341847e-02,1.814503e+00,4.476705e-01,2.537794e+00
1.342347e-02,1.812823e+00,4.327016e-01,2.620123e+00
1.342847e-02,1.811054e+00,4.174793e-01,2.703846e+00
1.343347e-02,1.809190e+00,4.020202e-01,2.788871e+00
1.343847e-02,1.807225e+00,3.863414e-01,2.875104e+00
1.344347e-02,1.805152e+00,3.704606e-01,2.962449e+00
1.344847e-02,1.802962e+00,3.543957e-01,3.050806e+00
1.345347e-02,1.800647e+00,3.381652e-01,3.140074e+00
1.345847e-02,1.798195e+00,3.217879e-01,3.230149e+00
1.346347e-02,1.795594e+00,3.052833e-01,3.320924e+00
1.346847e-02,1.792831e+00,2.886716e-01,3.412289e+00
1.347347e-02,1.789888e+00,2.719735e-01,3.504129e+00
1.347847e-02,1.786747e+00,2.552106e-01,3.596326e+00
1.348347e-02,1.783383e+00,2.384052e-01,3.688755e+00
1.348847e-02,1.779769e+00,2.215812e-01,3.781288e+00
1.349347e-02,1.775872e+00,2.047634e-01,3.873786e+00
1.349847e-02,1.771650e+00,1.879788e-01,3.966102e+00
1.350347e-02,1.767051e+00,1.712564e-01,4.058075e+00
1.350847e-02,1.762011e+00,1.546286e-01,4.149529e+00
1.351347e-02,1.756445e+00,1.381319e-01,4.240261e+00
1.351847e-02,1.750244e+00,1.218087e-01,4.330040e+00
1.352347e-02,1.743257e+00,1.057102e-01,4.418582e+00
1.352847e-02,1.735217e+00,8.991497e-02,4.505458e+00
1.353347e-02,1.725924e+00,7.448500e-02,4.590324e+00
1.353847e-02,1.714885e+00,5.954955e-02,4.672471e+00
1.354347e-02,1.701348e+00,4.529557e-02,4.750871e+00
1.354847e-02,1.684194e+00,3.199357e-02,4.824036e+00
1.355347e-02,1.661316e+00,2.013723e-02,4.889253e+00
1.355847e-02,1.629262e+00,1.052435e-02,4.942135e+00
1.356347e-02,1.583589e+00,4.176636e-03,4.977063e+00
1.356847e-02,1.523713e+00,1.242876e-03,4.993208e+00
1.357347e-02,1.455928e+00,3.151995e-04,4.998305e+00
1.357847e-02,1.386125e+00,7.672404e-05,4.999604e+00
1.358347e-02,1.316624e+00,1.878959e-05,4.999914e+00
1.358847e-02,1.248096e+00,4.693162e-06,4.999986e+00
1.359347e-02,1.180757e+00,1.200779e-06,5.000001e+00
1.359847e-02,1.114709e+00,3.153587e-07,5.000003e+00
1.360347e-02,1.050024e+00,8.514124e-08,5.000003e+00
1.360847e-02,9.867703e-01,2.366185e-08,5.000002e+00
1.361347e-02,9.250093e-01,6.777733e-09,5.000001e+00
1.361847e-02,8.648027e-01,2.003477e-09,5.000001e+00
1.362347e-02,8.062097e-01,6.118871e-10,5.000001e+00
1.362847e-02,7.492884e-01,1.933094e-10,5.000000e+00
1.363347e-02,6.940947e-01,6.324456e-11,5.000000e+00
1.363847e-02,6.406833e-01,2.145179e-11,5.000000e+00
1.364347e-02,5.891068e-01,7.551129e-12,5.000000e+00
1.364847e-02,5.394161e-01,2.761666e-12,5.000000e+00
1.365347e-02,4.916603e-01,1.049982e-12,5.000000e+00
1.365847e-02,4.458865e-01,4.158932e-13,5.000000e+00
1.366347e-02,4.021398e-01,1.714395e-13,5.000000e+00
1.366847e-02,3.604635e-01,7.369187e-14,5.000000e+00
1.367347e-02,3.208986e-01,3.303428e-14,5.000000e+00
1.367847e-02,2.834843e-01,1.558541e-14,5.000000e+00
1.368347e-02,2.482573e-01,7.623297e-15,5.000000e+00
1.368847e-02,2.152526e-01,3.557538e-15,5.000000e+00
1.369347e-02,1.845026e-01,1.863472e-15,5.000000e+00
1.369847e-02,1.560378e-01,1.185846e-15,5.000000e+00
1.370347e-02,1.298862e-01,3.388132e-16,5.000000e+00
1.370847e-02,1.060735e-01,3.388132e-16,5.000000e+00
1.371347e-02,8.462343e-02,0.000000e+00,5.000000e+00
1.371847e-02,6.555702e-02,1.694066e-16,5.000000e+00
1.372347e-02,4.889310e-02,0.000000e+00,5.000000e+00
1.372847e-02,3.464813e-02,1.694066e-16,5.000000e+00
1.373347e-02,2.283616e-02,-1.694066e-16,5.000000e+00
1.373847e-02,1.346886e-02,-1.694066e-16,5.000000e+00
1.374347e-02,6.555462e-03,3.388132e-16,5.000000e+00
1.374847e-02,2.102793e-03,0.000000e+00,5.000000e+00
1.375347e-02,1.152471e-04,0.000000e+00,5.000000e+00
1.375847e-02,5.947856e-04,-3.388132e-16,5.000000e+00
1.376347e-02,3.540935e-03,-3.388132e-16,5.000000e+00
1.376847e-02,8.950789e-03,-3.388132e-16,5.000000e+00
1.377347e-02,1.681901e-02,-1.694066e-16,5.000000e+00
1.377847e-02,2.713782e-02,1.694066e-16,5.000000e+00
1.378347e-02,3.989706e-02,0.000000e+00,5.000000e+00
1.378847e-02,5.508412e-02,1.694066e-16,5.000000e+00
1.379347e-02,7.268401e-02,1.694066e-16,5.000000e+00
1.379847e-02,9.267938e-02,1.694066e-16,5.000000e+00
1.380347e-02,1.150505e-01,5.082198e-16,5.000000e+00
1.380847e-02,1.397752e-01,8.470329e-16,5.000000e+00
1.381347e-02,1.668292e-01,1.185846e-15,5.000000e+00
1.381847e-02,1.961858e-01,2.710505e-15,5.000000e+00
1.382347e-02,2.278160e-01,4.573978e-15,5.000000e+00
1.382847e-02,2.616885e-01,9.825582e-15,5.000000e+00
1.383347e-02,2.977700e-01,2.049820e-14,5.000000e+00
1.383847e-02,3.360248e-01,4.455393e-14,5.000000e+00
1.384347e-02,3.764152e-01,1.019828e-13,5.000000e+00
1.384847e-02,4.189013e-01,2.407268e-13,5.000000e+00
1.385347e-02,4.634412e-01,5.930925e-13,5.000000e+00
1.385847e-02,5.099909e-01,1.522457e-12,5.000000e+00
1.386347e-02,5.585046e-01,4.064233e-12,5.000000e+00
1.386847e-02,6.089342e-01,1.128095e-11,5.000000e+00
1.387347e-02,6.612301e-01,3.251624e-11,5.000000e+00
1.387847e-02,7.153407e-01,9.723142e-11,5.000000e+00
1.388347e-02,7.712125e-01,3.012984e-10,5.000000e+00
1.388847e-02,8.287904e-01,9.664663e-10,5.000000e+00
1.389347e-02,8.880176e-01,3.205351e-09,5.000000e+00
1.389847e-02,9.488356e-01,1.097868e-08,5.000000e+00
1.390347e-02,1.011184e+00,3.878659e-08,5.000000e+00
1.390847e-02,1.075002e+00,1.411651e-07,4.999999e+00
1.391347e-02,1.140225e+00,5.285977e-07,4.999997e+00
1.391847e-02,1.206784e+00,2.033655e-06,4.999989e+00
1.392347e-02,1.274600e+00,8.025549e-06,4.999956e+00
1.392847e-02,1.343545e+00,3.240325e-05,4.999822e+00
1.393347e-02,1.413293e+00,1.329766e-04,4.999269e+00
1.393847e-02,1.482748e+00,5.424846e-04,4.997020e+00
1.394347e-02,1.548363e+00,2.047293e-03,4.988752e+00
1.394847e-02,1.603172e+00,6.207507e-03,4.965889e+00
1.395347e-02,1.643088e+00,1.393117e-02,4.923426e+00
1.395847e-02,1.671027e+00,2.454215e-02,4.865070e+00
1.396347e-02,1.691365e+00,3.703366e-02,4.796362e+00
1.396847e-02,1.706961e+00,5.074195e-02,4.720961e+00
1.397347e-02,1.719379e+00,6.529638e-02,4.640906e+00
1.397847e-02,1.729742e+00,8.042552e-02,4.557691e+00
1.398347e-02,1.738473e+00,9.601659e-02,4.471937e+00
1.398847e-02,1.746045e+00,1.119451e-01,4.384328e+00
1.399347e-02,1.752647e+00,1.281508e-01,4.295194e+00
1.399847e-02,1.758610e+00,1.445417e-01,4.205042e+00
1.400347e-02,1.763977e+00,1.610901e-01,4.114024e+00
1.400847e-02,1.768849e+00,1.777560e-01,4.022361e+00
1.401347e-02,1.773303e+00,1.945042e-01,3.930245e+00
1.401847e-02,1.777400e+00,2.113036e-01,3.837847e+00
1.402347e-02,1.781187e+00,2.281259e-01,3.745324e+00
1.402847e-02,1.784703e+00,2.449447e-01,3.652820e+00
1.403347e-02,1.787981e+00,2.617357e-01,3.560469e+00
1.403847e-02,1.791044e+00,2.784756e-01,3.468399e+00
1.404347e-02,1.793917e+00,2.951422e-01,3.376732e+00
1.404847e-02,1.796617e+00,3.117144e-01,3.285585e+00
1.405347e-02,1.799159e+00,3.281715e-01,3.195070e+00
1.405847e-02,1.801557e+00,3.444939e-01,3.105296e+00
1.406347e-02,1.803823e+00,3.606621e-01,3.016371e+00
1.406847e-02,1.805968e+00,3.766575e-01,2.928396e+00
1.407347e-02,1.807998e+00,3.924617e-01,2.841472e+00
1.407847e-02,1.809924e+00,4.080570e-01,2.755697e+00
1.408347e-02,1.811750e+00,4.234260e-01,2.671167e+00
1.408847e-02,1.813484e+00,4.385517e-01,2.587975e+00
1.409347e-02,1.815131e+00,4.534177e-01,2.506212e+00
1.409847e-02,1.816696e+00,4.680077e-01,2.425966e+00
1.410347e-02,1.818183e+00,4.823060e-01,2.347325e+00
1.410847e-02,1.819595e+00,4.962973e-01,2.270372e+00
1.411347e-02,1.820938e+00,5.099667e-01,2.195190e+00
1.411847e-02,1.822213e+00,5.232997e-01,2.121858e+00
1.412347e-02,1.823423e+00,5.362821e-01,2.050454e+00
1.412847e-02,1.824572e+00,5.489003e-01,1.981054e+00
1.413347e-02,1.825662e+00,5.611410e-01,1.913729e+00
1.413847e-02,1.826694e+00,5.729915e-01,1.848551e+00
1.414347e-02,1.827672e+00,5.844393e-01,1.785588e+00
1.414847e-02,1.828596e+00,5.954725e-01,1.724904e+00
1.415347e-02,1.829468e+00,6.060796e-01,1.666564e+00
1.415847e-02,1.830290e+00,6.162497e-01,1.610628e+00
1.416347e-02,1.831063e+00,6.259722e-01,1.557154e+00
1.416847e-02,1.831789e+00,6.352370e-01,1.506197e+00
1.417347e-02,1.832469e+00,6.440346e-01,1.457810e+00
1.417847e-02,1.833103e+00,6.523559e-01,1.412042e+00
1.418347e-02,1.833693e+00,6.601923e-01,1.368941e+00
1.418847e-02,1.834239e+00,6.675358e-01,1.328551e+00
1.419347e-02,1.834743e+00,6.743788e-01,1.290914e+00
1.419847e-02,1.835205e+00,6.807143e-01,1.256068e+00
1.420347e-02,1.835626e+00,6.865358e-01,1.224049e+00
1.420847e-02,1.836006e+00,6.918373e-01,1.194891e+00
1.421347e-02,1.836345e+00,6.966134e-01,1.168622e+00
1.421847e-02,1.836646e+00,7.008591e-01,1.145269e+00
1.422347e-02,1.836906e+00,7.045702e-01,1.124858e+00
1.422847e-02,1.837128e+00,7.077429e-01,1.107408e+00
1.423347e-02,1.837312e+00,7.103738e-01,1.092937e+00
1.423847e-02,1.837457e+00,7.124603e-01,1.081461e+00
1.424347e-02,1.837563e+00,7.140003e-01,1.072990e+00
1.424847e-02,1.837632e+00,7.149922e-01,1.067534e+00
1.425347e-02,1.837662e+00,7.154349e-01,1.065099e+00
1.425847e-02,1.837655e+00,7.153281e-01,1.065686e+00
1.426347e-02,1.837610e+00,7.146718e-01,1.069295e+00
1.426847e-02,1.837526e+00,7.134667e-01,1.075922e+00
1.427347e-02,1.837405e+00,7.117141e-01,1.085562e+00
1.427847e-02,1.837245e+00,7.094156e-01,1.098202e+00
1.428347e-02,1.837047e+00,7.065738e-01,1.113832e+00
1.428847e-02,1.836810e+00,7.031914e-01,1.132435e+00
1.429347e-02,1.836534e+00,6.992720e-01,1.153991e+00
1.429847e-02,1.836218e+00,6.948196e-01,1.178479e+00
1.430347e-02,1.835863e+00,6.898387e-01,1.205874e+00
1.430847e-02,1.835467e+00,6.843344e-01,1.236147e+00
1.431347e-02,1.835030e+00,6.783123e-01,1.269268e+00
1.431847e-02,1.834552e+00,6.717787e-01,1.305202e+00
1.432347e-02,1.834032e+00,6.647403e-01,1.343913e+00
1.432847e-02,1.833469e+00,6.572043e-01,1.385361e+00
1.433347e-02,1.832862e+00,6.491784e-01,1.429503e+00
1.433847e-02,1.832210e+00,6.406709e-01,1.476294e+00
1.434347e-02,1.831513e+00,6.316905e-01,1.525686e+00
1.434847e-02,1.830769e+00,6.222466e-01,1.577627e+00
1.435347e-02,1.829976e+00,6.123490e-01,1.632064e+00
1.435847e-02,1.829135e+00,6.020077e-01,1.688941e+00
1.436347e-02,1.828243e+00,5.912336e-01,1.748198e+00
1.436847e-02,1.827299e+00,5.800378e-01,1.809774e+00
1.437347e-02,1.826300e+00,5.684321e-01,1.873606e+00
1.437847e-02,1.825246e+00,5.564284e-01,1.939626e+00
1.438347e-02,1.824134e+00,5.440394e-01,2.007766e+00
1.438847e-02,1.822961e+00,5.312780e-01,2.077953e+00
1.439347e-02,1.821726e+00,5.181576e-01,2.150115e+00
1.439847e-02,1.820425e+00,5.046921e-01,2.224175e+00
1.440347e-02,1.819056e+00,4.908958e-01,2.300055e+00
1.440847e-02,1.817615e+00,4.767833e-01,2.377673e+00
1.441347e-02,1.816099e+00,4.623698e-01,2.456948e+00
1.441847e-02,1.814503e+00,4.476705e-01,2.537794e+00
1.442347e-02,1.812823e+00,4.327016e-01,2.620123e+00
1.442847e-02,1.811054e+00,4.174793e-01,2.703846e+00
1.443347e-02,1.809190e+00,4.020202e-01,2.788871e+00
1.443847e-02,1.807225e+00,3.863414e-01,2.875104e+00
1.444347e-02,1.805152e+00,3.704606e-01,2.962448e+00
1.444847e-02,1.802962e+00,3.543957e-01,3.050806e+00
1.445347e-02,1.800647e+00,3.381652e-01,3.140074e+00
1.445847e-02,1.798195e+00,3.217879e-01,3.230149e+00
1.446347e-02,1.795594e+00,3.052833e-01,3.320924e+00
1.446847e-02,1.792831e+00,2.886716e-01,3.412289e+00
1.447347e-02,1.789888e+00,2.719735e-01,3.504129e+00
1.447847e-02,1.786747e+00,2.552106e-01,3.596325e+00
1.448347e-02,1.783383e+00,2.384052e-01,3.688755e+00
1.448847e-02,1.779769e+00,2.215812e-01,3.781288e+00
1.449347e-02,1.775872e+00,2.047634e-01,3.873786e+00
1.449847e-02,1.771650e+00,1.879788e-01,3.966102e+00
1.450347e-02,1.767051e+00,1.712564e-01,4.058075e+00
1.450847e-02,1.762011e+00,1.546287e-01,4.149529e+00
1.451347e-02,1.756445e+00,1.381319e-01,4.240261e+00
1.451847e-02,1.750244e+00,1.218087e-01,4.330040e+00
1.452347e-02,1.743257e+00,1.057102e-01,4.418582e+00
1.452847e-02,1.735217e+00,8.991497e-02,4.505458e+00
1.453347e-02,1.725924e+00,7.448501e-02,4.590324e+00
1.453847e-02,1.714885e+00,5.954956e-02,4.672471e+00
1.454347e-02,1.701348e+00,4.529557e-02,4.750871e+00
1.454847e-02,1.684194e+00,3.199357e-02,4.824036e+00
1.455347e-02,1.661316e+00,2.013723e-02,4.889253e+00
1.455847e-02,1.629262e+00,1.052436e-02,4.942135e+00
1.456347e-02,1.583589e+00,4.176637e-03,4.977063e+00
1.456847e-02,1.523713e+00,1.242877e-03,4.993208e+00
1.457347e-02,1.455928e+00,3.151996e-04,4.998305e+00
1.457847e-02,1.386125e+00,7.672407e-05,4.999604e+00
1.458347e-02,1.316624e+00,1.878960e-05,4.999914e+00
1.458847e-02,1.248096e+00,4.693163e-06,4.999986e+00
1.459347e-02,1.180757e+00,1.200779e-06,5.000001e+00
1.459847e-02,1.114709e+00,3.153588e-07,5.000003e+00
1.460347e-02,1.050024e+00,8.514127e-08,5.000003e+00
1.460847e-02,9.867703e-01,2.366186e-08,5.000002e+00
1.461347e-02,9.250094e-01,6.777735e-09,5.000001e+00
1.461847e-02,8.648027e-01,2.003478e-09,5.000001e+00
1.462347e-02,8.062098e-01,6.118869e-10,5.000001e+00
1.462847e-02,7.492884e-01,1.933095e-10,5.000000e+00
1.463347e-02,6.940948e-01,6.324490e-11,5.000000e+00
1.463847e-02,6.406833e-01,2.145179e-11,5.000000e+00
1.464347e-02,5.891068e-01,7.551638e-12,5.000000e+00
1.464847e-02,5.394162e-01,2.761836e-12,5.000000e+00
1.465347e-02,4.916603e-01,1.050321e-12,5.000000e+00
1.465847e-02,4.458865e-01,4.157238e-13,5.000000e+00
1.466347e-02,4.021398e-01,1.716089e-13,5.000000e+00
1.466847e-02,3.604635e-01,7.386127e-14,5.000000e+00
1.467347e-02,3.208986e-01,3.303428e-14,5.000000e+00
1.467847e-02,2.834843e-01,1.558541e-14,5.000000e+00
1.468347e-02,2.482573e-01,7.623297e-15,5.000000e+00
1.468847e-02,2.152526e-01,3.557538e-15,5.000000e+00
1.469347e-02,1.845026e-01,1.863472e-15,5.000000e+00
1.469847e-02,1.560378e-01,1.355253e-15,5.000000e+00
1.470347e-02,1.298862e-01,8.470329e-16,5.000000e+00
1.470847e-02,1.060735e-01,5.082198e-16,5.000000e+00
1.471347e-02,8.462344e-02,1.694066e-16,5.000000e+00
1.471847e-02,6.555702e-02,0.000000e+00,5.000000e+00
1.472347e-02,4.889310e-02,0.000000e+00,5.000000e+00
1.472847e-02,3.464813e-02,0.000000e+00,5.000000e+00
1.473347e-02,2.283617e-02,1.694066e-16,5.000000e+00
1.473847e-02,1.346886e-02,-1.694066e-16,5.000000e+00
1.474347e-02,6.555463e-03,-1.694066e-16,5.000000e+00
1.474847e-02,2.102794e-03,0.000000e+00,5.000000e+00
1.475347e-02,1.152473e-04,0.000000e+00,5.000000e+00
1.475847e-02,5.947852e-04,-1.694066e-16,5.000000e+00
1.476347e-02,3.540934e-03,-1.694066e-16,5.000000e+00
1.476847e-02,8.950787e-03,5.082198e-16,5.000000e+00
1.477347e-02,1.681900e-02,1.694066e-16,5.000000e+00
1.477847e-02,2.713782e-02,1.694066e-16,5.000000e+00
1.478347e-02,3.989706e-02,0.000000e+00,5.000000e+00
1.478847e-02,5.508411e-02,0.000000e+00,5.000000e+00
1.479347e-02,7.268401e-02,1.694066e-16,5.000000e+00
1.479847e-02,9.267937e-02,1.694066e-16,5.000000e+00
1.480347e-02,1.150505e-01,5.082198e-16,5.000000e+00
1.480847e-02,1.397752e-01,8.470329e-16,5.000000e+00
1.481347e-02,1.668292e-01,1.185846e-15,5.000000e+00
1.481847e-02,1.961858e-01,2.710505e-15,5.000000e+00
1.482347e-02,2.278160e-01,4.573978e-15,5.000000e+00
1.482847e-02,2.616885e-01,9.825582e-15,5.000000e+00
1.483347e-02,2.977700e-01,2.049820e-14,5.000000e+00
1.483847e-02,3.360248e-01,4.455393e-14,5.000000e+00
1.484347e-02,3.764152e-01,1.019828e-13,5.000000e+00
1.484847e-02,4.189013e-01,2.407268e-13,5.000000e+00
1.485347e-02,4.634412e-01,5.930925e-13,5.000000e+00
1.485847e-02,5.099909e-01,1.522457e-12,5.000000e+00
1.486347e-02,5.585046e-01,4.064233e-12,5.000000e+00
1.486847e-02,6.089342e-01,1.128095e-11,5.000000e+00
1.487347e-02,6.612301e-01,3.251624e-11,5.000000e+00
1.487847e-02,7.153407e-01,9.723142e-11,5.000000e+00
1.488347e-02,7.712125e-01,3.012983e-10,5.000000e+00
1.488847e-02,8.287904e-01,9.664659e-10,5.000000e+00
1.489347e-02,8.880176e-01,3.205350e-09,5.000000e+00
1.489847e-02,9.488356e-01,1.097867e-08,5.000000e+00
1.490347e-02,1.011184e+00,3.878658e-08,5.000000e+00
1.490847e-02,1.075002e+00,1.411651e-07,4.999999e+00
1.491347e-02,1.140225e+00,5.285976e-07,4.999997e+00
1.491847e-02,1.206784e+00,2.033654e-06,4.999989e+00
1.492347e-02,1.274600e+00,8.025547e-06,4.999956e+00
1.492847e-02,1.343545e+00,3.240324e-05,4.999822e+00
1.493347e-02,1.413293e+00,1.329765e-04,4.999269e+00
1.493847e-02,1.482748e+00,5.424844e-04,4.997020e+00
1.494347e-02,1.548363e+00,2.047292e-03,4.988752e+00
1.494847e-02,1.603172e+00,6.207505e-03,4.965889e+00
1.495347e-02,1.643088e+00,1.393117e-02,4.923426e+00
1.495847e-02,1.671027e+00,2.454215e-02,4.865070e+00
1.496347e-02,1.691365e+00,3.703365e-02,4.796362e+00
1.496847e-02,1.706961e+00,5.074195e-02,4.720961e+00
1.497347e-02,1.719379e+00,6.529638e-02,4.640906e+00
1.497847e-02,1.729742e+00,8.042552e-02,4.557691e+00
1.498347e-02,1.738473e+00,9.601658e-02,4.471937e+00
1.498847e-02,1.746045e+00,1.119450e-01,4.384328e+00
1.499347e-02,1.752647e+00,1.281508e-01,4.295194e+00
1.499847e-02,1.758610e+00,1.445417e-01,4.205042e+00
1.500347e-02,1.763977e+00,1.610901e-01,4.114024e+00
1.500847e-02,1.768849e+00,1.777560e-01,4.022361e+00
1.501347e-02,1.773303e+00,1.945042e-01,3.930245e+00
1.501847e-02,1.777400e+00,2.113036e-01,3.837847e+00
1.502347e-02,1.781187e+00,2.281259e-01,3.745324e+00
1.502847e-02,1.784703e+00,2.449447e-01,3.652820e+00
1.503347e-02,1.787981e+00,2.617357e-01,3.560469e+00
1.503847e-02,1.791044e+00,2.784756e-01,3.468399e+00
1.504347e-02,1.793917e+00,2.951422e-01,3.376732e+00
1.504847e-02,1.796617e+00,3.117144e-01,3.285585e+00
1.505347e-02,1.799159e+00,3.281715e-01,3.195070e+00
1.505847e-02,1.801557e+00,3.444939e-01,3.105296e+00
1.506347e-02,1.803823e+00,3.606621e-01,3.016371e+00
1.506847e-02,1.805968e+00,3.766575e-01,2.928396e+00
1.507347e-02,1.807998e+00,3.924617e-01,2.841472e+00
1.507847e-02,1.809924e+00,4.080570e-01,2.755697e+00
1.508347e-02,1.811750e+00,4.234260e-01,2.671167e+00
1.508847e-02,1.813484e+00,4.385517e-01,2.587975e+00
1.509347e-02,1.815131e+00,4.534177e-01,2.506212e+00
1.509847e-02,1.816696e+00,4.680077e-01,2.425966e+00
1.510347e-02,1.818183e+00,4.823060e-01,2.347325e+00
1.510847e-02,1.819595e+00,4.962973e-01,2.270372e+00
1.511347e-02,1.820938e+00,5.099667e-01,2.195190e+00
1.511847e-02,1.822213e+00,5.232997e-01,2.121858e+00
1.512347e-02,1.823423e+00,5.362821e-01,2.050454e+00
1.512847e-02,1.824572e+00,5.489003e-01,1.981054e+00
1.513347e-02,1.825662e+00,5.611410e-01,1.913729e+00
1.513847e-02,1.826694e+00,5.729915e-01,1.848551e+00
1.514347e-02,1.827672e+00,5.844392e-01,1.785588e+00
1.514847e-02,1.828596e+00,5.954725e-01,1.724904e+00
1.515347e-02,1.829468e+00,6.060796e-01,1.666564e+00
1.515847e-02,1.830290e+00,6.162497e-01,1.610628e+00
1.516347e-02,1.831063e+00,6.259722e-01,1.557154e+00
1.516847e-02,1.831789e+00,6.352370e-01,1.506197e+00
1.517347e-02,1.832469e+00,6.440346e-01,1.457810e+00
1.517847e-02,1.833103e+00,6.523559e-01,1.412042e+00
1.518347e-02,1.833693e+00,6.601923e-01,1.368941e+00
1.518847e-02,1.834239e+00,6.675358e-01,1.328551e+00
1.519347e-02,1.834743e+00,6.743788e-01,1.290914e+00
1.519847e-02,1.835205e+00,6.807143e-01,1.256068e+00
1.520347e-02,1.835626e+00,6.865358e-01,1.224049e+00
1.520847e-02,1.836006e+00,6.918373e-01,1.194891e+00
1.521347e-02,1.836345e+00,6.966134e-01,1.168622e+00
1.521847e-02,1.836646e+00,7.008591e-01,1.145269e+00
1.522347e-02,1.836906e+00,7.045702e-01,1.124858e+00
1.522847e-02,1.837128e+00,7.077429e-01,1.107408e+00
1.523347e-02,1.837312e+00,7.103738e-01,1.092937e+00
1.523847e-02,1.837457e+00,7.124603e-01,1.081461e+00
1.524347e-02,1.837563e+00,7.140003e-01,1.072990e+00
1.524847e-02,1.837632e+00,7.149922e-01,1.067534e+00
1.525347e-02,1.837662e+00,7.154349e-01,1.065099e+00
1.525847e-02,1.837655e+00,7.153281e-01,1.065686e+00
1.526347e-02,1.837610e+00,7.146718e-01,1.069295e+00
1.526847e-02,1.837526e+00,7.134667e-01,1.075922e+00
1.527347e-02,1.837405e+00,7.117141e-01,1.085562e+00
1.527847e-02,1.837245e+00,7.094156e-01,1.098202e+00
1.528347e-02,1.837047e+00,7.065738e-01,1.113832e+00
1.528847e-02,1.836810e+00,7.031914e-01,1.132435e+00
1.529347e-02,1.836534e+00,6.992720e-01,1.153991e+00
1.529847e-02,1.836218e+00,6.948196e-01,1.178479e+00
1.530347e-02,1.835863e+00,6.898387e-01,1.205874e+00
1.530847e-02,1.835467e+00,6.843344e-01,1.236147e+00
1.531347e-02,1.835030e+00,6.783123e-01,1.269268e+00
1.531847e-02,1.834552e+00,6.717787e-01,1.305202e+00
1.532347e-02,1.834032e+00,6.647403e-01,1.343913e+00
1.532847e-02,1.833469e+00,6.572043e-01,1.385361e+00
1.533347e-02,1.832862e+00,6.491784e-01,1.429503e+00
1.533847e-02,1.832210e+00,6.406709e-01,1.476294e+00
1.534347e-02,1.831513e+00,6.316905e-01,1.525686e+00
1.534847e-02,1.830769e+00,6.222467e-01,1.577627e+00
1.535347e-02,1.829976e+00,6.123490e-01,1.632064e+00
1.535847e-02,1.829135e+00,6.020077e-01,1.688941e+00
1.536347e-02,1.828243e+00,5.912336e-01,1.748198e+00
1.536847e-02,1.827299e+00,5.800378e-01,1.809774e+00
1.537347e-02,1.826300e+00,5.684321e-01,1.873606e+00
1.537847e-02,1.825246e+00,5.564284e-01,1.939626e+00
1.538347e-02,1.824134e+00,5.440394e-01,2.007766e+00
1.538847e-02,1.822961e+00,5.312780e-01,2.077953e+00
1.539347e-02,1.821726e+00,5.181576e-01,2.150115e+00
1.539847e-02,1.820425e+00,5.046921e-01,2.224175e+00
1.540347e-02,1.819056e+00,4.908958e-01,2.300055e+00
1.540847e-02,1.817615e+00,4.767833e-01,2.377673e+00
1.541347e-02,1.816099e+00,4.623698e-01,2.456948e+00
1.541847e-02,1.814503e+00,4.476706e-01,2.537794e+00
1.542347e-02,1.812823e+00,4.327016e-01,2.620123e+00
1.542847e-02,1.811054e+00,4.174793e-01,2.703846e+00
1.543347e-02,1.809190e+00,4.020202e-01,2.788871e+00
1.543847e-02,1.807225e+00,3.863415e-01,2.875104e+00
1.544347e-02,1.805152e+00,3.704607e-01,2.962448e+00
1.544847e-02,1.802962e+00,3.543957e-01,3.050806e+00
1.545347e-02,1.800647e+00,3.381652e-01,3.140074e+00
1.545847e-02,1.798195e+00,3.217879e-01,3.230149e+00
1.546347e-02,1.795594e+00,3.052833e-01,3.320924e+00
1.546847e-02,1.792831e+00,2.886716e-01,3.412289e+00
1.547347e-02,1.789888e+00,2.719735e-01,3.504129e+00
1.547847e-02,1.786747e+00,2.552106e-01,3.596325e+00
1.548347e-02,1.783383e+00,2.384052e-01,3.688755e+00
1.548847e-02,1.779769e+00,2.215812e-01,3.781288e+00
1.549347e-02,1.775872e+00,2.047634e-01,3.873786e+00
1.549847e-02,1.771650e+00,1.879788e-01,3.966102e+00
1.550347e-02,1.767051e+00,1.712564e-01,4.058075e+00
1.550847e-02,1.762011e+00,1.546287e-01,4.149529e+00
1.551347e-02,1.756445e+00,1.381319e-01,4.240261e+00
1.551847e-02,1.750244e+00,1.218087e-01,4.330040e+00
1.552347e-02,1.743258e+00,1.057102e-01,4.418582e+00
1.552847e-02,1.735217e+00,8.991498e-02,4.505458e+00
1.553347e-02,1.725924e+00,7.448501e-02,4.590324e+00
1.553847e-02,1.714885e+00,5.954956e-02,4.672471e+00
1.554347e-02,1.701348e+00,4.529557e-02,4.750871e+00
1.554847e-02,1.684194e+00,3.199357e-02,4.824036e+00
1.555347e-02,1.661316e+00,2.013723e-02,4.889253e+00
1.555847e-02,1.629262e+00,1.052436e-02,4.942135e+00
1.556347e-02,1.583589e+00,4.176638e-03,4.977063e+00
1.556847e-02,1.523713e+00,1.242877e-03,4.993208e+00
1.557347e-02,1.455928e+00,3.151997e-04,4.998305e+00
1.557847e-02,1.386125e+00,7.672409e-05,4.999604e+00
1.558347e-02,1.316624e+00,1.878960e-05,4.999914e+00
1.558847e-02,1.248096e+00,4.693165e-06,4.999986e+00
1.559347e-02,1.180757e+00,1.200779e-06,5.000001e+00
1.559847e-02,1.114709e+00,3.153589e-07,5.000003e+00
1.560347e-02,1.050024e+00,8.514129e-08,5.000003e+00
1.560847e-02,9.867703e-01,2.366186e-08,5.000002e+00
1.561347e-02,9.250094e-01,6.777737e-09,5.000001e+00
1.561847e-02,8.648027e-01,2.003478e-09,5.000001e+00
1.562347e-02,8.062098e-01,6.118875e-10,5.000001e+00
1.562847e-02,7.492884e-01,1.933095e-10,5.000000e+00
1.563347e-02,6.940948e-01,6.324473e-11,5.000000e+00
1.563847e-02,6.406833e-01,2.145145e-11,5.000000e+00
1.564347e-02,5.891068e-01,7.551468e-12,5.000000e+00
1.564847e-02,5.394162e-01,2.761836e-12,5.000000e+00
1.565347e-02,4.916603e-01,1.050151e-12,5.000000e+00
1.565847e-02,4.458865e-01,4.158932e-13,5.000000e+00
1.566347e-02,4.021398e-01,1.712701e-13,5.000000e+00
1.566847e-02,3.604635e-01,7.335305e-14,5.000000e+00
1.567347e-02,3.208986e-01,3.320369e-14,5.000000e+00
1.567847e-02,2.834843e-01,1.558541e-14,5.000000e+00
1.568347e-02,2.482573e-01,7.623297e-15,5.000000e+00
1.568847e-02,2.152526e-01,3.726945e-15,5.000000e+00
1.569347e-02,1.845026e-01,2.032879e-15,5.000000e+00
1.569847e-02,1.560378e-01,1.185846e-15,5.000000e+00
1.570347e-02,1.298862e-01,6.776264e-16,5.000000e+00
1.570847e-02,1.060735e-01,3.388132e-16,5.000000e+00
1.571347e-02,8.462344e-02,0.000000e+00,5.000000e+00
1.571847e-02,6.555702e-02,3.388132e-16,5.000000e+00
1.572347e-02,4.889311e-02,0.000000e+00,5.000000e+00
1.572847e-02,3.464813e-02,0.000000e+00,5.000000e+00
1.573347e-02,2.283617e-02,0.000000e+00,5.000000e+00
1.573847e-02,1.346886e-02,0.000000e+00,5.000000e+00
1.574347e-02,6.555465e-03,0.000000e+00,5.000000e+00
1.574847e-02,2.102795e-03,-1.694066e-16,5.000000e+00
1.575347e-02,1.152475e-04,-1.694066e-16,5.000000e+00
1.575847e-02,5.947848e-04,1.694066e-16,5.000000e+00
1.576347e-02,3.540933e-03,0.000000e+00,5.000000e+00
1.576847e-02,8.950786e-03,0.000000e+00,5.000000e+00
1.577347e-02,1.681900e-02,1.694066e-16,5.000000e+00
1.577847e-02,2.713782e-02,-1.694066e-16,5.000000e+00
1.578347e-02,3.989705e-02,-1.694066e-16,5.000000e+00
1.578847e-02,5.508411e-02,0.000000e+00,5.000000e+00
1.579347e-02,7.268401e-02,1.694066e-16,5.000000e+00
1.579847e-02,9.267937e-02,3.388132e-16,5.000000e+00
1.580347e-02,1.150505e-01,5.082198e-16,5.000000e+00
1.580847e-02,1.397752e-01,8.470329e-16,5.000000e+00
1.581347e-02,1.668292e-01,1.185846e-15,5.000000e+00
1.581847e-02,1.961858e-01,2.710505e-15,5.000000e+00
1.582347e-02,2.278160e-01,4.573978e-15,5.000000e+00
1.582847e-02,2.616885e-01,9.825582e-15,5.000000e+00
1.583347e-02,2.977700e-01,2.049820e-14,5.000000e+00
1.583847e-02,3.360248e-01,4.455393e-14,5.000000e+00
1.584347e-02,3.764151e-01,1.019828e-13,5.000000e+00
1.584847e-02,4.189013e-01,2.407268e-13,5.000000e+00
1.585347e-02,4.634412e-01,5.930925e-13,5.000000e+00
1.585847e-02,5.099909e-01,1.522457e-12,5.000000e+00
1.586347e-02,5.585045e-01,4.064233e-12,5.000000e+00
1.586847e-02,6.089342e-01,1.128095e-11,5.000000e+00
1.587347e-02,6.612301e-01,3.251624e-11,5.000000e+00
1.587847e-02,7.153407e-01,9.723142e-11,5.000000e+00
1.588347e-02,7.712125e-01,3.012983e-10,5.000000e+00
1.588847e-02,8.287904e-01,9.664654e-10,5.000000e+00
1.589347e-02,8.880176e-01,3.205349e-09,5.000000e+00
1.589847e-02,9.488355e-01,1.097867e-08,5.000000e+00
1.590347e-02,1.011184e+00,3.878657e-08,5.000000e+00
1.590847e-02,1.075002e+00,1.411650e-07,4.999999e+00
1.591347e-02,1.140225e+00,5.285974e-07,4.999997e+00
1.591847e-02,1.206784e+00,2.033654e-06,4.999989e+00
1.592347e-02,1.274600e+00,8.025544e-06,4.999956e+00
1.592847e-02,1.343545e+00,3.240323e-05,4.999822e+00
1.593347e-02,1.413293e+00,1.329765e-04,4.999269e+00
1.593847e-02,1.482748e+00,5.424842e-04,4.997020e+00
1.594347e-02,1.548363e+00,2.047292e-03,4.988752e+00
1.594847e-02,1.603172e+00,6.207504e-03,4.965889e+00
1.595347e-02,1.643088e+00,1.393116e-02,4.923426e+00
1.595847e-02,1.671027e+00,2.454215e-02,4.865070e+00
1.596347e-02,1.691365e+00,3.703365e-02,4.796362e+00
1.596847e-02,1.706961e+00,5.074194e-02,4.720961e+00
1.597347e-02,1.719379e+00,6.529637e-02,4.640906e+00
1.597847e-02,1.729742e+00,8.042551e-02,4.557691e+00
1.598347e-02,1.738473e+00,9.601658e-02,4.471937e+00
1.598847e-02,1.746045e+00,1.119450e-01,4.384328e+00
1.599347e-02,1.752647e+00,1.281508e-01,4.295194e+00
1.599847e-02,1.758610e+00,1.445417e-01,4.205042e+00
1.600347e-02,1.763977e+00,1.610901e-01,4.114024e+00
1.600847e-02,1.768849e+00,1.777560e-01,4.022361e+00
1.601347e-02,1.773303e+00,1.945042e-01,3.930245e+00
1.601847e-02,1.777400e+00,2.113036e-01,3.837847e+00
1.602347e-02,1.781187e+00,2.281258e-01,3.745324e+00
1.602847e-02,1.784703e+00,2.449447e-01,3.652820e+00
1.603347e-02,1.787981e+00,2.617357e-01,3.560469e+00
1.603847e-02,1.791044e+00,2.784755e-01,3.468399e+00
1.604347e-02,1.793917e+00,2.951422e-01,3.376732e+00
1.604847e-02,1.796617e+00,3.117144e-01,3.285585e+00
1.605347e-02,1.799159e+00,3.281715e-01,3.195070e+00
1.605847e-02,1.801557e+00,3.444939e-01,3.105296e+00
1.606347e-02,1.803823e+00,3.606621e-01,3.016371e+00
1.606847e-02,1.805968e+00,3.766575e-01,2.928396e+00
1.607347e-02,1.807998e+00,3.924617e-01,2.841472e+00
1.607847e-02,1.809924e+00,4.080570e-01,2.755697e+00
1.608347e-02,1.811750e+00,4.234260e-01,2.671167e+00
1.608847e-02,1.813484e+00,4.385517e-01,2.587975e+00
1.609347e-02,1.815131e+00,4.534177e-01,2.506212e+00
1.609847e-02,1.816696e+00,4.680077e-01,2.425966e+00
1.610347e-02,1.818183e+00,4.823060e-01,2.347325e+00
1.610847e-02,1.819595e+00,4.962973e-01,2.270372e+00
1.611347e-02,1.820938e+00,5.099667e-01,2.195190e+00
1.611847e-02,1.822213e+00,5.232997e-01,2.121858e+00
1.612347e-02,1.823423e+00,5.362821e-01,2.050454e+00
1.612847e-02,1.824572e+00,5.489003e-01,1.981054e+00
1.613347e-02,1.825662e+00,5.611410e-01,1.913729e+00
1.613847e-02,1.826694e+00,5.729915e-01,1.848551e+00
1.614347e-02,1.827672e+00,5.844392e-01,1.785588e+00
1.614847e-02,1.828596e+00,5.954724e-01,1.724904e+00
1.615347e-02,1.829468e+00,6.060796e-01,1.666564e+00
1.615847e-02,1.830290e+00,6.162497e-01,1.610628e+00
1.616347e-02,1.831063e+00,6.259722e-01,1.557154e+00
1.616847e-02,1.831789e+00,6.352370e-01,1.506197e+00
1.617347e-02,1.832469e+00,6.440346e-01,1.457810e+00
1.617847e-02,1.833103e+00,6.523559e-01,1.412042e+00
1.618347e-02,1.833693e+00,6.601923e-01,1.368941e+00
1.618847e-02,1.834239e+00,6.675358e-01,1.328551e+00
1.619347e-02,1.834743e+00,6.743788e-01,1.290914e+00
1.619847e-02,1.835205e+00,6.807143e-01,1.256068e+00
1.620347e-02,1.835626e+00,6.865358e-01,1.224049e+00
1.620847e-02,1.836006e+00,6.918373e-01,1.194891e+00
1.621347e-02,1.836345e+00,6.966134e-01,1.168622e+00
1.621847e-02,1.836646e+00,7.008591e-01,1.145269e+00
1.622347e-02,1.836906e+00,7.045702e-01,1.124858e+00
1.622847e-02,1.837128e+00,7.077429e-01,1.107408e+00
1.623347e-02,1.837312e+00,7.103738e-01,1.092937e+00
1.623847e-02,1.837457e+00,7.124603e-01,1.081461e+00
1.624347e-02,1.837563e+00,7.140003e-01,1.072990e+00
1.624847e-02,1.837632e+00,7.149922e-01,1.067534e+00
1.625347e-02,1.837662e+00,7.154349e-01,1.065099e+00
1.625847e-02,1.837655e+00,7.153281e-01,1.065686e+00
1.626347e-02,1.837610e+00,7.146718e-01,1.069295e+00
1.626847e-02,1.837526e+00,7.134667e-01,1.075922e+00
1.627347e-02,1.837405e+00,7.117141e-01,1.085562e+00
1.627847e-02,1.837245e+00,7.094156e-01,1.098202e+00
1.628347e-02,1.837047e+00,7.065738e-01,1.113832e+00
1.628847e-02,1.836810e+00,7.031914e-01,1.132435e+00
1.629347e-02,1.836534e+00,6.992720e-01,1.153991e+00
1.629847e-02,1.836218e+00,6.948196e-01,1.178479e+00
1.630347e-02,1.835863e+00,6.898387e-01,1.205874e+00
1.630847e-02,1.835467e+00,6.843344e-01,1.236147e+00
1.631347e-02,1.835030e+00,6.783123e-01,1.269268e+00
1.631847e-02,1.834552e+00,6.717787e-01,1.305202e+00
1.632347e-02,1.834032e+00,6.647403e-01,1.343913e+00
1.632847e-02,1.833469e+00,6.572043e-01,1.385361e+00
1.633347e-02,1.832862e+00,6.491784e-01,1.429503e+00
1.633847e-02,1.832210e+00,6.406709e-01,1.476294e+00
1.634347e-02,1.831513e+00,6.316905e-01,1.525686e+00
1.634847e-02,1.830769e+00,6.222467e-01,1.577627e+00
1.635347e-02,1.829976e+00,6.123490e-01,1.632064e+00
1.635847e-02,1.829135e+00,6.020077e-01,1.688941e+00
1.636347e-02,1.828243e+00,5.912336e-01,1.748198e+00
1.636847e-02,1.827299e+00,5.800378e-01,1.809774e+00
1.637347e-02,1.826300e+00,5.684321e-01,1.873606e+00
1.637847e-02,1.825246e+00,5.564284e-01,1.939626e+00
1.638347e-02,1.824134e+00,5.440394e-01,2.007766e+00
1.638847e-02,1.822961e+00,5.312780e-01,2.077953e+00
1.639347e-02,1.821726e+00,5.181576e-01,2.150115e+00
1.639847e-02,1.820425e+00,5.046921e-01,2.224175e+00
1.640347e-02,1.819056e+00,4.908958e-01,2.300055e+00
1.640847e-02,1.817615e+00,4.767833e-01,2.377673e+00
1.641347e-02,1.816099e+00,4.623698e-01,2.456948e+00
1.641847e-02,1.814503e+00,4.476706e-01,2.537794e+00
1.642347e-02,1.812823e+00,4.327016e-01,2.620123e+00
1.642847e-02,1.811054e+00,4.174793e-01,2.703846e+00
1.643347e-02,1.809190e+00,4.020202e-01,2.788871e+00
1.643847e-02,1.807225e+00,3.863415e-01,2.875104e+00
1.644347e-02,1.805152e+00,3.704607e-01,2.962448e+00
1.644847e-02,1.802962e+00,3.543958e-01,3.050806e+00
1.645347e-02,1.800647e+00,3.381652e-01,3.140074e+00
1.645847e-02,1.798195e+00,3.217879e-01,3.230149e+00
1.646347e-02,1.795594e+00,3.052833e-01,3.320924e+00
1.646847e-02,1.792831e+00,2.886716e-01,3.412289e+00
1.647347e-02,1.789888e+00,2.719735e-01,3.504129e+00
1.647847e-02,1.786747e+00,2.552106e-01,3.596325e+00
1.648347e-02,1.783383e+00,2.384052e-01,3.688755e+00
1.648847e-02,1.779769e+00,2.215812e-01,3.781288e+00
1.649347e-02,1.775872e+00,2.047634e-01,3.873786e+00
1.649847e-02,1.771650e+00,1.879788e-01,3.966102e+00
1.650347e-02,1.767051e+00,1.712565e-01,4.058075e+00
1.650847e-02,1.762011e+00,1.546287e-01,4.149529e+00
1.651347e-02,1.756445e+00,1.381319e-01,4.240261e+00
1.651847e-02,1.750244e+00,1.218087e-01,4.330040e+00
1.652347e-02,1.743258e+00,1.057102e-01,4.418582e+00
1.652847e-02,1.735217e+00,8.991498e-02,4.505458e+00
1.653347e-02,1.725924e+00,7.448502e-02,4.590324e+00
1.653847e-02,1.714885e+00,5.954956e-02,4.672471e+00
1.654347e-02,1.701348e+00,4.529558e-02,4.750871e+00
1.654847e-02,1.684194e+00,3.199358e-02,4.824036e+00
1.655347e-02,1.661316e+00,2.013724e-02,4.889253e+00
1.655847e-02,1.629262e+00,1.052436e-02,4.942135e+00
1.656347e-02,1.583589e+00,4.176639e-03,4.977063e+00
1.656847e-02,1.523713e+00,1.242877e-03,4.993208e+00
1.657347e-02,1.455928e+00,3.151998e-04,4.998305e+00
1.657847e-02,1.386125e+00,7.672412e-05,4.999604e+00
1.658347e-02,1.316624e+00,1.878961e-05,4.999914e+00
1.658847e-02,1.248096e+00,4.693166e-06,4.999986e+00
1.659347e-02,1.180757e+00,1.200780e-06,5.000001e+00
1.659847e-02,1.114709e+00,3.153590e-07,5.000003e+00
1.660347e-02,1.050024e+00,8.514132e-08,5.000003e+00
1.660847e-02,9.867703e-01,2.366187e-08,5.000002e+00
1.661347e-02,9.250094e-01,6.777739e-09,5.000001e+00
1.661847e-02,8.648027e-01,2.003479e-09,5.000001e+00
1.662347e-02,8.062098e-01,6.118875e-10,5.000001e+00
1.662847e-02,7.492884e-01,1.933099e-10,5.000000e+00
1.663347e-02,6.940948e-01,6.324439e-11,5.000000e+00
1.663847e-02,6.406834e-01,2.145162e-11,5.000000e+00
1.664347e-02,5.891069e-01,7.551468e-12,5.000000e+00
1.664847e-02,5.394162e-01,2.761836e-12,5.000000e+00
1.665347e-02,4.916604e-01,1.050151e-12,5.000000e+00
1.665847e-02,4.458865e-01,4.158932e-13,5.000000e+00
1.666347e-02,4.021398e-01,1.714395e-13,5.000000e+00
1.666847e-02,3.604635e-01,7.335305e-14,5.000000e+00
1.667347e-02,3.208986e-01,3.303428e-14,5.000000e+00
1.667847e-02,2.834843e-01,1.541600e-14,5.000000e+00
1.668347e-02,2.482573e-01,7.453890e-15,5.000000e+00
1.668847e-02,2.152526e-01,3.726945e-15,5.000000e+00
1.669347e-02,1.845027e-01,2.202286e-15,5.000000e+00
1.669847e-02,1.560378e-01,6.776264e-16,5.000000e+00
1.670347e-02,1.298862e-01,6.776264e-16,5.000000e+00
1.670847e-02,1.060736e-01,5.082198e-16,5.000000e+00
1.671347e-02,8.462345e-02,0.000000e+00,5.000000e+00
1.671847e-02,6.555703e-02,1.694066e-16,5.000000e+00
1.672347e-02,4.889311e-02,-1.694066e-16,5.000000e+00
1.672847e-02,3.464814e-02,0.000000e+00,5.000000e+00
1.673347e-02,2.283617e-02,0.000000e+00,5.000000e+00
1.673847e-02,1.346887e-02,0.000000e+00,5.000000e+00
1.674347e-02,6.555466e-03,0.000000e+00,5.000000e+00
1.674847e-02,2.102795e-03,0.000000e+00,5.000000e+00
1.675347e-02,1.152477e-04,-1.694066e-16,5.000000e+00
1.675847e-02,5.947844e-04,-3.388132e-16,5.000000e+00
1.676347e-02,3.540932e-03,-3.388132e-16,5.000000e+00
1.676847e-02,8.950784e-03,-1.694066e-16,5.000000e+00
1.677347e-02,1.681900e-02,5.082198e-16,5.000000e+00
1.677847e-02,2.713782e-02,-1.694066e-16,5.000000e+00
1.678347e-02,3.989705e-02,-1.694066e-16,5.000000e+00
1.678847e-02,5.508411e-02,0.000000e+00,5.000000e+00
1.679347e-02,7.268400e-02,0.000000e+00,5.000000e+00
1.679847e-02,9.267936e-02,1.694066e-16,5.000000e+00
1.680347e-02,1.150505e-01,1.694066e-16,5.000000e+00
1.680847e-02,1.397752e-01,8.470329e-16,5.000000e+00
1.681347e-02,1.668292e-01,1.355253e-15,5.000000e+00
1.681847e-02,1.961858e-01,2.710505e-15,5.000000e+00
1.682347e-02,2.278159e-01,4.743385e-15,5.000000e+00
1.682847e-02,2.616885e-01,9.825582e-15,5.000000e+00
1.683347e-02,2.977699e-01,2.066760e-14,5.000000e+00
1.683847e-02,3.360248e-01,4.455393e-14,5.000000e+00
1.684347e-02,3.764151e-01,1.018134e-13,5.000000e+00
1.684847e-02,4.189012e-01,2.408962e-13,5.000000e+00
1.685347e-02,4.634411e-01,5.930925e-13,5.000000e+00
1.685847e-02,5.099909e-01,1.522457e-12,5.000000e+00
1.686347e-02,5.585045e-01,4.064233e-12,5.000000e+00
1.686847e-02,6.089342e-01,1.128095e-11,5.000000e+00
1.687347e-02,6.612301e-01,3.251573e-11,5.000000e+00
1.687847e-02,7.153407e-01,9.723125e-11,5.000000e+00
1.688347e-02,7.712125e-01,3.012983e-10,5.000000e+00
1.688847e-02,8.287904e-01,9.664651e-10,5.000000e+00
1.689347e-02,8.880175e-01,3.205348e-09,5.000000e+00
1.689847e-02,9.488355e-01,1.097867e-08,5.000000e+00
1.690347e-02,1.011184e+00,3.878656e-08,5.000000e+00
1.690847e-02,1.075002e+00,1.411650e-07,4.999999e+00
1.691347e-02,1.140225e+00,5.285972e-07,4.999997e+00
1.691847e-02,1.206784e+00,2.033653e-06,4.999989e+00
1.692347e-02,1.274600e+00,8.025542e-06,4.999956e+00
1.692847e-02,1.343545e+00,3.240322e-05,4.999822e+00
1.693347e-02,1.413293e+00,1.329764e-04,4.999269e+00
1.693847e-02,1.482748e+00,5.424841e-04,4.997020e+00
1.694347e-02,1.548363e+00,2.047291e-03,4.988752e+00
1.694847e-02,1.603172e+00,6.207503e-03,4.965889e+00
1.695347e-02,1.643088e+00,1.393116e-02,4.923426e+00
1.695847e-02,1.671027e+00,2.454214e-02,4.865070e+00
1.696347e-02,1.691365e+00,3.703365e-02,4.796362e+00
1.696847e-02,1.706961e+00,5.074194e-02,4.720961e+00
1.697347e-02,1.719379e+00,6.529637e-02,4.640907e+00
1.697847e-02,1.729742e+00,8.042551e-02,4.557691e+00
1.698347e-02,1.738473e+00,9.601658e-02,4.471937e+00
1.698847e-02,1.746045e+00,1.119450e-01,4.384328e+00
1.699347e-02,1.752647e+00,1.281508e-01,4.295194e+00
1.699847e-02,1.758610e+00,1.445417e-01,4.205042e+00
1.700347e-02,1.763977e+00,1.610901e-01,4.114025e+00
1.700847e-02,1.768849e+00,1.777560e-01,4.022361e+00
1.701347e-02,1.773303e+00,1.945042e-01,3.930245e+00
1.701847e-02,1.777400e+00,2.113036e-01,3.837847e+00
1.702347e-02,1.781187e+00,2.281258e-01,3.745324e+00
1.702847e-02,1.784703e+00,2.449447e-01,3.652820e+00
1.703347e-02,1.787981e+00,2.617357e-01,3.560469e+00
1.703847e-02,1.791044e+00,2.784755e-01,3.468399e+00
1.704347e-02,1.793917e+00,2.951422e-01,3.376732e+00
1.704847e-02,1.796617e+00,3.117144e-01,3.285585e+00
1.705347e-02,1.799159e+00,3.281715e-01,3.195070e+00
1.705847e-02,1.801557e+00,3.444939e-01,3.105296e+00
1.706347e-02,1.803823e+00,3.606621e-01,3.016371e+00
1.706847e-02,1.805968e+00,3.766575e-01,2.928396e+00
1.707347e-02,1.807998e+00,3.924617e-01,2.841472e+00
1.707847e-02,1.809924e+00,4.080570e-01,2.755697e+00
1.708347e-02,1.811750e+00,4.234260e-01,2.671167e+00
1.708847e-02,1.813484e+00,4.385517e-01,2.587975e+00
1.709347e-02,1.815131e+00,4.534177e-01,2.506212e+00
1.709847e-02,1.816696e+00,4.680077e-01,2.425966e+00
1.710347e-02,1.818183e+00,4.823060e-01,2.347325e+00
1.710847e-02,1.819595e+00,4.962973e-01,2.270372e+00
1.711347e-02,1.820938e+00,5.099667e-01,2.195190e+00
1.711847e-02,1.822213e+00,5.232996e-01,2.121858e+00
1.712347e-02,1.823423e+00,5.362821e-01,2.050454e+00
1.712847e-02,1.824572e+00,5.489003e-01,1.981054e+00
1.713347e-02,1.825662e+00,5.611410e-01,1.913729e+00
1.713847e-02,1.826694e+00,5.729915e-01,1.848551e+00
1.714347e-02,1.827672e+00,5.844392e-01,1.785588e+00
1.714847e-02,1.828596e+00,5.954724e-01,1.724904e+00
1.715347e-02,1.829468e+00,6.060796e-01,1.666564e+00
1.715847e-02,1.830290e+00,6.162497e-01,1.610628e+00
1.716347e-02,1.831063e+00,6.259721e-01,1.557154e+00
1.716847e-02,1.831789e+00,6.352370e-01,1.506197e+00
1.717347e-02,1.832469e+00,6.440346e-01,1.457810e+00
1.717847e-02,1.833103e+00,6.523559e-01,1.412042e+00
1.718347e-02,1.833693e+00,6.601923e-01,1.368941e+00
1.718847e-02,1.834239e+00,6.675358e-01,1.328551e+00
1.719347e-02,1.834743e+00,6.743788e-01,1.290914e+00
1.719847e-02,1.835205e+00,6.807143e-01,1.256068e+00
1.720347e-02,1.835626e+00,6.865358e-01,1.224049e+00
1.720847e-02,1.836006e+00,6.918373e-01,1.194891e+00
1.721347e-02,1.836345e+00,6.966134e-01,1.168622e+00
1.721847e-02,1.836646e+00,7.008591e-01,1.145269e+00
1.722347e-02,1.836906e+00,7.045702e-01,1.124858e+00
1.722847e-02,1.837128e+00,7.077429e-01,1.107408e+00
1.723347e-02,1.837312e+00,7.103738e-01,1.092937e+00
1.723847e-02,1.837457e+00,7.124603e-01,1.081461e+00
1.724347e-02,1.837563e+00,7.140003e-01,1.072990e+00
1.724847e-02,1.837632e+00,7.149922e-01,1.067534e+00
1.725347e-02,1.837662e+00,7.154349e-01,1.065099e+00
1.725847e-02,1.837655e+00,7.153281e-01,1.065686e+00
1.726347e-02,1.837610e+00,7.146718e-01,1.069295e+00
1.726847e-02,1.837526e+00,7.134667e-01,1.075922e+00
1.727347e-02,1.837405e+00,7.117141e-01,1.085562e+00
1.727847e-02,1.837245e+00,7.094156e-01,1.098202e+00
1.728347e-02,1.837047e+00,7.065738e-01,1.113832e+00
1.728847e-02,1.836810e+00,7.031914e-01,1.132435e+00
1.729347e-02,1.836534e+00,6.992720e-01,1.153991e+00
1.729847e-02,1.836218e+00,6.948196e-01,1.178479e+00
1.730347e-02,1.835863e+00,6.898387e-01,1.205874e+00
1.730847e-02,1.835467e+00,6.843344e-01,1.236147e+00
1.731347e-02,1.835030e+00,6.783123e-01,1.269268e+00
1.731847e-02,1.834552e+00,6.717787e-01,1.305202e+00
1.732347e-02,1.834032e+00,6.647403e-01,1.343913e+00
1.732847e-02,1.833469e+00,6.572043e-01,1.385361e+00
1.733347e-02,1.832862e+00,6.491784e-01,1.429503e+00
1.733847e-02,1.832210e+00,6.406709e-01,1.476294e+00
1.734347e-02,1.831513e+00,6.316905e-01,1.525686e+00
1.734847e-02,1.830769e+00,6.222467e-01,1.577627e+00
1.735347e-02,1.829976e+00,6.123490e-01,1.632064e+00
1.735847e-02,1.829135e+00,6.020077e-01,1.688941e+00
1.736347e-02,1.828243e+00,5.912336e-01,1.748198e+00
1.736847e-02,1.827299e+00,5.800378e-01,1.809774e+00
1.737347e-02,1.826300e+00,5.684321e-01,1.873606e+00
1.737847e-02,1.825246e+00,5.564284e-01,1.939626e+00
1.738347e-02,1.824134e+00,5.440394e-01,2.007766e+00
1.738847e-02,1.822961e+00,5.312780e-01,2.077953e+00
1.739347e-02,1.821726e+00,5.181576e-01,2.150115e+00
1.739847e-02,1.820425e+00,5.046922e-01,2.224175e+00
1.740347e-02,1.819056e+00,4.908958e-01,2.300055e+00
1.740847e-02,1.817615e+00,4.767833e-01,2.377673e+00
1.741347e-02,1.816099e+00,4.623698e-01,2.456948e+00
1.741847e-02,1.814503e+00,4.476706e-01,2.537794e+00
1.742347e-02,1.812823e+00,4.327016e-01,2.620123e+00
1.742847e-02,1.811054e+00,4.174793e-01,2.703846e+00
1.743347e-02,1.809190e+00,4.020202e-01,2.788871e+00
1.743847e-02,1.807225e+00,3.863415e-01,2.875104e+00
1.744347e-02,1.805152e+00,3.704607e-01,2.962448e+00
1.744847e-02,1.802962e+00,3.543958e-01,3.050806e+00
1.745347e-02,1.800647e+00,3.381652e-01,3.140074e+00
1.745847e-02,1.798195e+00,3.217879e-01,3.230149e+00
1.746347e-02,1.795594e+00,3.052833e-01,3.320924e+00
1.746847e-02,1.792831e+00,2.886716e-01,3.412289e+00
1.747347e-02,1.789888e+00,2.719735e-01,3.504129e+00
1.747847e-02,1.786747e+00,2.552106e-01,3.596325e+00
1.748347e-02,1.783383e+00,2.384052e-01,3.688755e+00
1.748847e-02,1.779769e+00,2.215812e-01,3.781288e+00
1.749347e-02,1.775872e+00,2.047634e-01,3.873786e+00
1.749847e-02,1.771650e+00,1.879788e-01,3.966102e+00
1.750347e-02,1.767051e+00,1.712565e-01,4.058075e+00
1.750847e-02,1.762011e+00,1.546287e-01,4.149529e+00
1.751347e-02,1.756445e+00,1.381319e-01,4.240261e+00
1.751847e-02,1.750244e+00,1.218088e-01,4.330040e+00
1.752347e-02,1.743258e+00,1.057102e-01,4.418582e+00
1.752847e-02,1.735217e+00,8.991498e-02,4.505458e+00
1.753347e-02,1.725924e+00,7.448502e-02,4.590324e+00
1.753847e-02,1.714885e+00,5.954957e-02,4.672471e+00
1.754347e-02,1.701348e+00,4.529558e-02,4.750871e+00
1.754847e-02,1.684194e+00,3.199358e-02,4.824036e+00
1.755347e-02,1.661316e+00,2.013724e-02,4.889253e+00
1.755847e-02,1.629262e+00,1.052436e-02,4.942135e+00
1.756347e-02,1.583589e+00,4.176640e-03,4.977063e+00
1.756847e-02,1.523713e+00,1.242878e-03,4.993208e+00
1.757347e-02,1.455928e+00,3.151999e-04,4.998305e+00
1.757847e-02,1.386125e+00,7.672414e-05,4.999604e+00
1.758347e-02,1.316624e+00,1.878962e-05,4.999914e+00
1.758847e-02,1.248096e+00,4.693168e-06,4.999986e+00
1.759347e-02,1.180757e+00,1.200780e-06,5.000001e+00
1.759847e-02,1.114709e+00,3.153591e-07,5.000003e+00
1.760347e-02,1.050024e+00,8.514134e-08,5.000003e+00
1.760847e-02,9.867703e-01,2.366188e-08,5.000002e+00
1.761347e-02,9.250094e-01,6.777740e-09,5.000001e+00
1.761847e-02,8.648027e-01,2.003479e-09,5.000001e+00
1.762347e-02,8.062098e-01,6.118875e-10,5.000001e+00
1.762847e-02,7.492884e-01,1.933099e-10,5.000000e+00
1.763347e-02,6.940948e-01,6.324473e-11,5.000000e+00
1.763847e-02,6.406834e-01,2.145179e-11,5.000000e+00
1.764347e-02,5.891069e-01,7.551468e-12,5.000000e+00
1.764847e-02,5.394162e-01,2.761666e-12,5.000000e+00
1.765347e-02,4.916604e-01,1.050321e-12,5.000000e+00
1.765847e-02,4.458865e-01,4.158932e-13,5.000000e+00
1.766347e-02,4.021399e-01,1.714395e-13,5.000000e+00
1.766847e-02,3.604635e-01,7.335305e-14,5.000000e+00
1.767347e-02,3.208986e-01,3.303428e-14,5.000000e+00
1.767847e-02,2.834843e-01,1.541600e-14,5.000000e+00
1.768347e-02,2.482574e-01,7.284483e-15,5.000000e+00
1.768847e-02,2.152526e-01,3.896352e-15,5.000000e+00
1.769347e-02,1.845027e-01,1.863472e-15,5.000000e+00
1.769847e-02,1.560378e-01,1.185846e-15,5.000000e+00
1.770347e-02,1.298862e-01,6.776264e-16,5.000000e+00
1.770847e-02,1.060736e-01,3.388132e-16,5.000000e+00
1.771347e-02,8.462345e-02,0.000000e+00,5.000000e+00
1.771847e-02,6.555703e-02,3.388132e-16,5.000000e+00
1.772347e-02,4.889311e-02,0.000000e+00,5.000000e+00
1.772847e-02,3.464814e-02,0.000000e+00,5.000000e+00
1.773347e-02,2.283617e-02,-3.388132e-16,5.000000e+00
1.773847e-02,1.346887e-02,-1.694066e-16,5.000000e+00
1.774347e-02,6.555467e-03,1.694066e-16,5.000000e+00
1.774847e-02,2.102796e-03,1.694066e-16,5.000000e+00
1.775347e-02,1.152478e-04,3.388132e-16,5.000000e+00
1.775847e-02,5.947840e-04,-1.694066e-16,5.000000e+00
1.776347e-02,3.540931e-03,0.000000e+00,5.000000e+00
1.776847e-02,8.950783e-03,0.000000e+00,5.000000e+00
1.777347e-02,1.681900e-02,-1.694066e-16,5.000000e+00
1.777847e-02,2.713781e-02,0.000000e+00,5.000000e+00
1.778347e-02,3.989705e-02,0.000000e+00,5.000000e+00
1.778847e-02,5.508410e-02,0.000000e+00,5.000000e+00
1.779347e-02,7.268400e-02,0.000000e+00,5.000000e+00
1.779847e-02,9.267936e-02,1.694066e-16,5.000000e+00
1.780347e-02,1.150505e-01,5.082198e-16,5.000000e+00
1.780847e-02,1.397752e-01,8.470329e-16,5.000000e+00
1.781347e-02,1.668292e-01,1.185846e-15,5.000000e+00
1.781847e-02,1.961858e-01,2.710505e-15,5.000000e+00
1.782347e-02,2.278159e-01,4.573978e-15,5.000000e+00
1.782847e-02,2.616885e-01,9.825582e-15,5.000000e+00
1.783347e-02,2.977699e-01,2.049820e-14,5.000000e+00
1.783847e-02,3.360247e-01,4.455393e-14,5.000000e+00
1.784347e-02,3.764151e-01,1.019828e-13,5.000000e+00
1.784847e-02,4.189012e-01,2.407268e-13,5.000000e+00
1.785347e-02,4.634411e-01,5.930925e-13,5.000000e+00
1.785847e-02,5.099909e-01,1.522457e-12,5.000000e+00
1.786347e-02,5.585045e-01,4.064233e-12,5.000000e+00
1.786847e-02,6.089342e-01,1.128095e-11,5.000000e+00
1.787347e-02,6.612301e-01,3.251624e-11,5.000000e+00
1.787847e-02,7.153406e-01,9.723108e-11,5.000000e+00
1.788347e-02,7.712124e-01,3.012983e-10,5.000000e+00
1.788847e-02,8.287904e-01,9.664651e-10,5.000000e+00
1.789347e-02,8.880175e-01,3.205347e-09,5.000000e+00
1.789847e-02,9.488355e-01,1.097866e-08,5.000000e+00
1.790347e-02,1.011184e+00,3.878655e-08,5.000000e+00
1.790847e-02,1.075002e+00,1.411649e-07,4.999999e+00
1.791347e-02,1.140225e+00,5.285971e-07,4.999997e+00
1.791847e-02,1.206784e+00,2.033652e-06,4.999989e+00
1.792347e-02,1.274600e+00,8.025539e-06,4.999956e+00
1.792847e-02,1.343544e+00,3.240321e-05,4.999822e+00
1.793347e-02,1.413293e+00,1.329764e-04,4.999269e+00
1.793847e-02,1.482748e+00,5.424839e-04,4.997020e+00
1.794347e-02,1.548363e+00,2.047290e-03,4.988752e+00
1.794847e-02,1.603172e+00,6.207501e-03,4.965889e+00
1.795347e-02,1.643088e+00,1.393116e-02,4.923426e+00
1.795847e-02,1.671027e+00,2.454214e-02,4.865070e+00
1.796347e-02,1.691365e+00,3.703364e-02,4.796362e+00
1.796847e-02,1.706961e+00,5.074194e-02,4.720961e+00
1.797347e-02,1.719379e+00,6.529637e-02,4.640907e+00
1.797847e-02,1.729742e+00,8.042551e-02,4.557691e+00
1.798347e-02,1.738473e+00,9.601657e-02,4.471937e+00
1.798847e-02,1.746045e+00,1.119450e-01,4.384328e+00
1.799347e-02,1.752647e+00,1.281508e-01,4.295194e+00
1.799847e-02,1.758610e+00,1.445417e-01,4.205042e+00
1.800347e-02,1.763977e+00,1.610901e-01,4.114025e+00
1.800847e-02,1.768849e+00,1.777560e-01,4.022361e+00
1.801347e-02,1.773303e+00,1.945042e-01,3.930245e+00
1.801847e-02,1.777400e+00,2.113036e-01,3.837847e+00
1.802347e-02,1.781187e+00,2.281258e-01,3.745324e+00
1.802847e-02,1.784703e+00,2.449447e-01,3.652820e+00
1.803347e-02,1.787981e+00,2.617357e-01,3.560469e+00
1.803847e-02,1.791044e+00,2.784755e-01,3.468399e+00
1.804347e-02,1.793917e+00,2.951422e-01,3.376732e+00
1.804847e-02,1.796617e+00,3.117144e-01,3.285585e+00
1.805347e-02,1.799159e+00,3.281715e-01,3.195070e+00
1.805847e-02,1.801557e+00,3.444939e-01,3.105296e+00
1.806347e-02,1.803823e+00,3.606621e-01,3.016371e+00
1.806847e-02,1.805968e+00,3.766575e-01,2.928396e+00
1.807347e-02,1.807998e+00,3.924617e-01,2.841472e+00
1.807847e-02,1.809924e+00,4.080570e-01,2.755697e+00
1.808347e-02,1.811750e+00,4.234260e-01,2.671167e+00
1.808847e-02,1.813484e+00,4.385517e-01,2.587975e+00
1.809347e-02,1.815131e+00,4.534177e-01,2.506212e+00
1.809847e-02,1.816696e+00,4.680077e-01,2.425966e+00
1.810347e-02,1.818183e+00,4.823060e-01,2.347325e+00
1.810847e-02,1.819595e+00,4.962973e-01,2.270372e+00
1.811347e-02,1.820938e+00,5.099667e-01,2.195190e+00
1.811847e-02,1.822213e+00,5.232996e-01,2.121858e+00
1.812347e-02,1.823423e+00,5.362821e-01,2.050454e+00
1.812847e-02,1.824572e+00,5.489003e-01,1.981054e+00
1.813347e-02,1.825662e+00,5.611410e-01,1.913729e+00
1.813847e-02,1.826694e+00,5.729914e-01,1.848551e+00
1.814347e-02,1.827672e+00,5.844392e-01,1.785588e+00
1.814847e-02,1.828596e+00,5.954724e-01,1.724904e+00
1.815347e-02,1.829468e+00,6.060796e-01,1.666564e+00
1.815847e-02,1.830290e+00,6.162497e-01,1.610628e+00
1.816347e-02,1.831063e+00,6.259721e-01,1.557154e+00
1.816847e-02,1.831789e+00,6.352370e-01,1.506197e+00
1.817347e-02,1.832469e+00,6.440346e-01,1.457810e+00
1.817847e-02,1.833103e+00,6.523559e-01,1.412042e+00
1.818347e-02,1.833693e+00,6.601923e-01,1.368941e+00
1.818847e-02,1.834239e+00,6.675358e-01,1.328551e+00
1.819347e-02,1.834743e+00,6.743788e-01,1.290914e+00
1.819847e-02,1.835205e+00,6.807143e-01,1.256068e+00
1.820347e-02,1.835626e+00,6.865358e-01,1.224049e+00
1.820847e-02,1.836006e+00,6.918373e-01,1.194891e+00
1.821347e-02,1.836345e+00,6.966134e-01,1.168622e+00
1.821847e-02,1.836646e+00,7.008591e-01,1.145269e+00
1.822347e-02,1.836906e+00,7.045702e-01,1.124858e+00
1.822847e-02,1.837128e+00,7.077429e-01,1.107408e+00
1.823347e-02,1.837312e+00,7.103738e-01,1.092937e+00
1.823847e-02,1.837457e+00,7.124603e-01,1.081461e+00
1.824347e-02,1.837563e+00,7.140003e-01,1.072990e+00
1.824847e-02,1.837632e+00,7.149922e-01,1.067534e+00
1.825347e-02,1.837662e+00,7.154349e-01,1.065099e+00
1.825847e-02,1.837655e+00,7.153281e-01,1.065686e+00
1.826347e-02,1.837610e+00,7.146718e-01,1.069295e+00
1.826847e-02,1.837526e+00,7.134667e-01,1.075922e+00
1.827347e-02,1.837405e+00,7.117141e-01,1.085562e+00
1.827847e-02,1.837245e+00,7.094156e-01,1.098202e+00
1.828347e-02,1.837047e+00,7.065738e-01,1.113832e+00
1.828847e-02,1.836810e+00,7.031914e-01,1.132435e+00
1.829347e-02,1.836534e+00,6.992720e-01,1.153991e+00
1.829847e-02,1.836218e+00,6.948196e-01,1.178479e+00
1.830347e-02,1.835863e+00,6.898387e-01,1.205874e+00
1.830847e-02,1.835467e+00,6.843344e-01,1.236147e+00
1.831347e-02,1.835030e+00,6.783123e-01,1.269268e+00
1.831847e-02,1.834552e+00,6.717787e-01,1.305202e+00
1.832347e-02,1.834032e+00,6.647403e-01,1.343913e+00
1.832847e-02,1.833469e+00,6.572043e-01,1.385361e+00
1.833347e-02,1.832862e+00,6.491784e-01,1.429503e+00
1.833847e-02,1.832210e+00,6.406709e-01,1.476294e+00
1.834347e-02,1.831513e+00,6.316906e-01,1.525686e+00
1.834847e-02,1.830769e+00,6.222467e-01,1.577627e+00
1.835347e-02,1.829976e+00,6.123490e-01,1.632064e+00
1.835847e-02,1.829135e+00,6.020077e-01,1.688941e+00
1.836347e-02,1.828243e+00,5.912336e-01,1.748198e+00
1.836847e-02,1.827299e+00,5.800378e-01,1.809774e+00
1.837347e-02,1.826300e+00,5.684321e-01,1.873606e+00
1.837847e-02,1.825246e+00,5.564284e-01,1.939626e+00
1.838347e-02,1.824134e+00,5.440394e-01,2.007766e+00
1.838847e-02,1.822961e+00,5.312780e-01,2.077953e+00
1.839347e-02,1.821726e+00,5.181576e-01,2.150115e+00
1.839847e-02,1.820425e+00,5.046922e-01,2.224175e+00
1.840347e-02,1.819056e+00,4.908958e-01,2.300055e+00
1.840847e-02,1.817615e+00,4.767834e-01,2.377673e+00
1.841347e-02,1.816099e+00,4.623698e-01,2.456948e+00
1.841847e-02,1.814503e+00,4.476706e-01,2.537794e+00
1.842347e-02,1.812823e+00,4.327016e-01,2.620123e+00
1.842847e-02,1.811054e+00,4.174793e-01,2.703846e+00
1.843347e-02,1.809190e+00,4.020202e-01,2.788871e+00
1.843847e-02,1.807225e+00,3.863415e-01,2.875104e+00
1.844347e-02,1.805152e+00,3.704607e-01,2.962448e+00
1.844847e-02,1.802962e+00,3.543958e-01,3.050806e+00
1.845347e-02,1.800647e+00,3.381652e-01,3.140074e+00
1.845847e-02,1.798195e+00,3.217879e-01,3.230149e+00
1.846347e-02,1.795594e+00,3.052834e-01,3.320924e+00
1.846847e-02,1.792831e+00,2.886716e-01,3.412289e+00
1.847347e-02,1.789888e+00,2.719735e-01,3.504129e+00
1.847847e-02,1.786747e+00,2.552106e-01,3.596325e+00
1.848347e-02,1.783383e+00,2.384053e-01,3.688755e+00
1.848847e-02,1.779769e+00,2.215812e-01,3.781288e+00
1.849347e-02,1.775872e+00,2.047634e-01,3.873786e+00
1.849847e-02,1.771650e+00,1.879788e-01,3.966102e+00
1.850347e-02,1.767051e+00,1.712565e-01,4.058075e+00
1.850847e-02,1.762011e+00,1.546287e-01,4.149529e+00
1.851347e-02,1.756445e+00,1.381319e-01,4.240261e+00
1.851847e-02,1.750244e+00,1.218088e-01,4.330040e+00
1.852347e-02,1.743258e+00,1.057102e-01,4.418582e+00
1.852847e-02,1.735217e+00,8.991499e-02,4.505458e+00
1.853347e-02,1.725924e+00,7.448502e-02,4.590324e+00
1.853847e-02,1.714885e+00,5.954957e-02,4.672471e+00
1.854347e-02,1.701348e+00,4.529558e-02,4.750871e+00
1.854847e-02,1.684194e+00,3.199358e-02,4.824036e+00
1.855347e-02,1.661316e+00,2.013724e-02,4.889253e+00
1.855847e-02,1.629262e+00,1.052436e-02,4.942135e+00
1.856347e-02,1.583589e+00,4.176641e-03,4.977063e+00
1.856847e-02,1.523713e+00,1.242878e-03,4.993208e+00
1.857347e-02,1.455928e+00,3.152000e-04,4.998305e+00
1.857847e-02,1.386125e+00,7.672417e-05,4.999604e+00
1.858347e-02,1.316624e+00,1.878962e-05,4.999914e+00
1.858847e-02,1.248096e+00,4.693169e-06,4.999986e+00
1.859347e-02,1.180757e+00,1.200781e-06,5.000001e+00
1.859847e-02,1.114709e+00,3.153592e-07,5.000003e+00
1.860347e-02,1.050024e+00,8.514137e-08,5.000003e+00
1.860847e-02,9.867703e-01,2.366188e-08,5.000002e+00
1.861347e-02,9.250094e-01,6.777742e-09,5.000001e+00
1.861847e-02,8.648027e-01,2.003480e-09,5.000001e+00
1.862347e-02,8.062098e-01,6.118878e-10,5.000001e+00
1.862847e-02,7.492884e-01,1.933095e-10,5.000000e+00
1.863347e-02,6.940948e-01,6.324490e-11,5.000000e+00
1.863847e-02,6.406834e-01,2.145162e-11,5.000000e+00
1.864347e-02,5.891069e-01,7.551299e-12,5.000000e+00
1.864847e-02,5.394162e-01,2.761836e-12,5.000000e+00
1.865347e-02,4.916604e-01,1.050490e-12,5.000000e+00
1.865847e-02,4.458865e-01,4.157238e-13,5.000000e+00
1.866347e-02,4.021399e-01,1.712701e-13,5.000000e+00
1.866847e-02,3.604635e-01,7.386127e-14,5.000000e+00
1.867347e-02,3.208987e-01,3.303428e-14,5.000000e+00
1.867847e-02,2.834843e-01,1.541600e-14,5.000000e+00
1.868347e-02,2.482574e-01,7.792703e-15,5.000000e+00
1.868847e-02,2.152526e-01,3.726945e-15,5.000000e+00
1.869347e-02,1.845027e-01,1.863472e-15,5.000000e+00
1.869847e-02,1.560378e-01,1.016440e-15,5.000000e+00
1.870347e-02,1.298862e-01,6.776264e-16,5.000000e+00
1.870847e-02,1.060736e-01,1.694066e-16,5.000000e+00
1.871347e-02,8.462346e-02,3.388132e-16,5.000000e+00
1.871847e-02,6.555704e-02,0.000000e+00,5.000000e+00
1.872347e-02,4.889312e-02,1.694066e-16,5.000000e+00
1.872847e-02,3.464814e-02,0.000000e+00,5.000000e+00
1.873347e-02,2.283618e-02,0.000000e+00,5.000000e+00
1.873847e-02,1.346887e-02,1.694066e-16,5.000000e+00
1.874347e-02,6.555469e-03,0.000000e+00,5.000000e+00
1.874847e-02,2.102797e-03,0.000000e+00,5.000000e+00
1.875347e-02,1.152480e-04,0.000000e+00,5.000000e+00
1.875847e-02,5.947837e-04,-3.388132e-16,5.000000e+00
1.876347e-02,3.540930e-03,-3.388132e-16,5.000000e+00
1.876847e-02,8.950781e-03,0.000000e+00,5.000000e+00
1.877347e-02,1.681900e-02,0.000000e+00,5.000000e+00
1.877847e-02,2.713781e-02,0.000000e+00,5.000000e+00
1.878347e-02,3.989704e-02,0.000000e+00,5.000000e+00
1.878847e-02,5.508410e-02,0.000000e+00,5.000000e+00
1.879347e-02,7.268399e-02,1.694066e-16,5.000000e+00
1.879847e-02,9.267935e-02,1.694066e-16,5.000000e+00
1.880347e-02,1.150504e-01,5.082198e-16,5.000000e+00
1.880847e-02,1.397752e-01,8.470329e-16,5.000000e+00
1.881347e-02,1.668292e-01,1.185846e-15,5.000000e+00
1.881847e-02,1.961858e-01,2.710505e-15,5.000000e+00
1.882347e-02,2.278159e-01,4.573978e-15,5.000000e+00
1.882847e-02,2.616885e-01,9.825582e-15,5.000000e+00
1.883347e-02,2.977699e-01,2.049820e-14,5.000000e+00
1.883847e-02,3.360247e-01,4.455393e-14,5.000000e+00
1.884347e-02,3.764151e-01,1.019828e-13,5.000000e+00
1.884847e-02,4.189012e-01,2.407268e-13,5.000000e+00
1.885347e-02,4.634411e-01,5.930925e-13,5.000000e+00
1.885847e-02,5.099909e-01,1.522457e-12,5.000000e+00
1.886347e-02,5.585045e-01,4.064233e-12,5.000000e+00
1.886847e-02,6.089342e-01,1.128095e-11,5.000000e+00
1.887347e-02,6.612301e-01,3.251590e-11,5.000000e+00
1.887847e-02,7.153406e-01,9.723108e-11,5.000000e+00
1.888347e-02,7.712124e-01,3.012983e-10,5.000000e+00
1.888847e-02,8.287903e-01,9.664648e-10,5.000000e+00
1.889347e-02,8.880175e-01,3.205346e-09,5.000000e+00
1.889847e-02,9.488355e-01,1.097866e-08,5.000000e+00
1.890347e-02,1.011184e+00,3.878653e-08,5.000000e+00
1.890847e-02,1.075002e+00,1.411649e-07,4.999999e+00
1.891347e-02,1.140225e+00,5.285969e-07,4.999997e+00
1.891847e-02,1.206784e+00,2.033652e-06,4.999989e+00
1.892347e-02,1.274600e+00,8.025537e-06,4.999956e+00
1.892847e-02,1.343544e+00,3.240319e-05,4.999822e+00
1.893347e-02,1.413293e+00,1.329764e-04,4.999269e+00
1.893847e-02,1.482748e+00,5.424837e-04,4.997020e+00
1.894347e-02,1.548363e+00,2.047290e-03,4.988752e+00
1.894847e-02,1.603172e+00,6.207500e-03,4.965889e+00
1.895347e-02,1.643088e+00,1.393116e-02,4.923426e+00
1.895847e-02,1.671027e+00,2.454214e-02,4.865070e+00
1.896347e-02,1.691365e+00,3.703364e-02,4.796362e+00
1.896847e-02,1.706961e+00,5.074193e-02,4.720961e+00
1.897347e-02,1.719379e+00,6.529636e-02,4.640907e+00
1.897847e-02,1.729742e+00,8.042550e-02,4.557692e+00
1.898347e-02,1.738473e+00,9.601657e-02,4.471937e+00
1.898847e-02,1.746045e+00,1.119450e-01,4.384328e+00
1.899347e-02,1.752647e+00,1.281508e-01,4.295194e+00
1.899847e-02,1.758610e+00,1.445417e-01,4.205042e+00
1.900347e-02,1.763977e+00,1.610901e-01,4.114025e+00
1.900847e-02,1.768849e+00,1.777560e-01,4.022361e+00
1.901347e-02,1.773303e+00,1.945042e-01,3.930245e+00
1.901847e-02,1.777400e+00,2.113036e-01,3.837847e+00
1.902347e-02,1.781187e+00,2.281258e-01,3.745324e+00
1.902847e-02,1.784703e+00,2.449447e-01,3.652820e+00
1.903347e-02,1.787981e+00,2.617357e-01,3.560469e+00
1.903847e-02,1.791044e+00,2.784755e-01,3.468399e+00
1.904347e-02,1.793917e+00,2.951422e-01,3.376732e+00
1.904847e-02,1.796617e+00,3.117143e-01,3.285585e+00
1.905347e-02,1.799159e+00,3.281715e-01,3.195070e+00
1.905847e-02,1.801557e+00,3.444939e-01,3.105296e+00
1.906347e-02,1.803823e+00,3.606621e-01,3.016371e+00
1.906847e-02,1.805968e+00,3.766575e-01,2.928396e+00
1.907347e-02,1.807998e+00,3.924617e-01,2.841472e+00
1.907847e-02,1.809924e+00,4.080570e-01,2.755697e+00
1.908347e-02,1.811750e+00,4.234260e-01,2.671167e+00
1.908847e-02,1.813484e+00,4.385517e-01,2.587975e+00
1.909347e-02,1.815131e+00,4.534177e-01,2.506212e+00
1.909847e-02,1.816696e+00,4.680077e-01,2.425966e+00
1.910347e-02,1.818183e+00,4.823060e-01,2.347325e+00
1.910847e-02,1.819595e+00,4.962973e-01,2.270372e+00
1.911347e-02,1.820938e+00,5.099667e-01,2.195190e+00
1.911847e-02,1.822213e+00,5.232996e-01,2.121858e+00
1.912347e-02,1.823423e+00,5.362821e-01,2.050454e+00
1.912847e-02,1.824572e+00,5.489003e-01,1.981054e+00
1.913347e-02,1.825662e+00,5.611410e-01,1.913729e+00
1.913847e-02,1.826694e+00,5.729914e-01,1.848551e+00
1.914347e-02,1.827672e+00,5.844392e-01,1.785588e+00
1.914847e-02,1.828596e+00,5.954724e-01,1.724904e+00
1.915347e-02,1.829468e+00,6.060796e-01,1.666565e+00
1.915847e-02,1.830290e+00,6.162497e-01,1.610628e+00
1.916347e-02,1.831063e+00,6.259721e-01,1.557154e+00
1.916847e-02,1.831789e+00,6.352370e-01,1.506197e+00
1.917347e-02,1.832469e+00,6.440346e-01,1.457810e+00
1.917847e-02,1.833103e+00,6.523559e-01,1.412042e+00
1.918347e-02,1.833693e+00,6.601923e-01,1.368941e+00
1.918847e-02,1.834239e+00,6.675358e-01,1.328551e+00
1.919347e-02,1.834743e+00,6.743788e-01,1.290914e+00
1.919847e-02,1.835205e+00,6.807143e-01,1.256068e+00
1.920347e-02,1.835626e+00,6.865358e-01,1.224049e+00
1.920847e-02,1.836006e+00,6.918373e-01,1.194891e+00
1.921347e-02,1.836345e+00,6.966134e-01,1.168622e+00
1.921847e-02,1.836646e+00,7.008591e-01,1.145269e+00
1.922347e-02,1.836906e+00,7.045702e-01,1.124858e+00
1.922847e-02,1.837128e+00,7.077429e-01,1.107408e+00
1.923347e-02,1.837312e+00,7.103738e-01,1.092937e+00
1.923847e-02,1.837457e+00,7.124603e-01,1.081461e+00
1.924347e-02,1.837563e+00,7.140003e-01,1.072990e+00
1.924847e-02,1.837632e+00,7.149922e-01,1.067534e+00
1.925347e-02,1.837662e+00,7.154349e-01,1.065099e+00
1.925847e-02,1.837655e+00,7.153281e-01,1.065686e+00
1.926347e-02,1.837610e+00,7.146718e-01,1.069295e+00
1.926847e-02,1.837526e+00,7.134667e-01,1.075922e+00
1.927347e-02,1.837405e+00,7.117141e-01,1.085562e+00
1.927847e-02,1.837245e+00,7.094156e-01,1.098202e+00
1.928347e-02,1.837047e+00,7.065738e-01,1.113832e+00
1.928847e-02,1.836810e+00,7.031914e-01,1.132435e+00
1.929347e-02,1.836534e+00,6.992720e-01,1.153991e+00
1.929847e-02,1.836218e+00,6.948196e-01,1.178479e+00
1.930347e-02,1.835863e+00,6.898387e-01,1.205874e+00
1.930847e-02,1.835467e+00,6.843344e-01,1.236147e+00
1.931347e-02,1.835030e+00,6.783123e-01,1.269268e+00
1.931847e-02,1.834552e+00,6.717788e-01,1.305202e+00
1.932347e-02,1.834032e+00,6.647403e-01,1.343913e+00
1.932847e-02,1.833469e+00,6.572043e-01,1.385361e+00
1.933347e-02,1.832862e+00,6.491784e-01,1.429503e+00
1.933847e-02,1.832210e+00,6.406709e-01,1.476294e+00
1.934347e-02,1.831513e+00,6.316906e-01,1.525686e+00
1.934847e-02,1.830769e+00,6.222467e-01,1.577627e+00
1.935347e-02,1.829976e+00,6.123490e-01,1.632064e+00
1.935847e-02,1.829135e+00,6.020077e-01,1.688941e+00
1.936347e-02,1.828243e+00,5.912336e-01,1.748198e+00
1.936847e-02,1.827299e+00,5.800378e-01,1.809774e+00
1.937347e-02,1.826300e+00,5.684321e-01,1.873606e+00
1.937847e-02,1.825246e+00,5.564284e-01,1.939626e+00
1.938347e-02,1.824134e+00,5.440394e-01,2.007766e+00
1.938847e-02,1.822961e+00,5.312780e-01,2.077953e+00
1.939347e-02,1.821726e+00,5.181576e-01,2.150115e+00
1.939847e-02,1.820425e+00,5.046922e-01,2.224175e+00
1.940347e-02,1.819056e+00,4.908958e-01,2.300055e+00
1.940847e-02,1.817615e+00,4.767834e-01,2.377673e+00
1.941347e-02,1.816099e+00,4.623698e-01,2.456948e+00
1.941847e-02,1.814503e+00,4.476706e-01,2.537794e+00
1.942347e-02,1.812823e+00,4.327016e-01,2.620123e+00
1.942847e-02,1.811054e+00,4.174793e-01,2.703846e+00
1.943347e-02,1.809190e+00,4.020202e-01,2.788871e+00
1.943847e-02,1.807225e+00,3.863415e-01,2.875104e+00
1.944347e-02,1.805152e+00,3.704607e-01,2.962448e+00
1.944847e-02,1.802962e+00,3.543958e-01,3.050806e+00
1.945347e-02,1.800647e+00,3.381652e-01,3.140074e+00
1.945847e-02,1.798195e+00,3.217879e-01,3.230149e+00
1.946347e-02,1.795594e+00,3.052834e-01,3.320924e+00
1.946847e-02,1.792831e+00,2.886716e-01,3.412289e+00
1.947347e-02,1.789888e+00,2.719735e-01,3.504129e+00
1.947847e-02,1.786747e+00,2.552106e-01,3.596325e+00
1.948347e-02,1.783383e+00,2.384053e-01,3.688755e+00
1.948847e-02,1.779769e+00,2.215812e-01,3.781288e+00
1.949347e-02,1.775872e+00,2.047634e-01,3.873786e+00
1.949847e-02,1.771650e+00,1.879788e-01,3.966102e+00
1.950347e-02,1.767051e+00,1.712565e-01,4.058075e+00
1.950847e-02,1.762011e+00,1.546287e-01,4.149529e+00
1.951347e-02,1.756445e+00,1.381319e-01,4.240261e+00
1.951847e-02,1.750244e+00,1.218088e-01,4.330040e+00
1.952347e-02,1.743258e+00,1.057102e-01,4.418582e+00
1.952847e-02,1.735217e+00,8.991499e-02,4.505458e+00
1.953347e-02,1.725924e+00,7.448503e-02,4.590324e+00
1.953847e-02,1.714885e+00,5.954957e-02,4.672471e+00
1.954347e-02,1.701348e+00,4.529559e-02,4.750871e+00
1.954847e-02,1.684194e+00,3.199358e-02,4.824036e+00
1.955347e-02,1.661316e+00,2.013724e-02,4.889253e+00
1.955847e-02,1.629262e+00,1.052436e-02,4.942135e+00
1.956347e-02,1.583589e+00,4.176642e-03,4.977063e+00
1.956847e-02,1.523713e+00,1.242878e-03,4.993208e+00
1.957347e-02,1.455928e+00,3.152001e-04,4.998305e+00
1.957847e-02,1.386125e+00,7.672419e-05,4.999604e+00
1.958347e-02,1.316624e+00,1.878963e-05,4.999914e+00
1.958847e-02,1.248096e+00,4.693170e-06,4.999986e+00
1.959347e-02,1.180757e+00,1.200781e-06,5.000001e+00
1.959847e-02,1.114709e+00,3.153593e-07,5.000003e+00
1.960347e-02,1.050024e+00,8.514139e-08,5.000003e+00
1.960847e-02,9.867704e-01,2.366189e-08,5.000002e+00
1.961347e-02,9.250094e-01,6.777744e-09,5.000001e+00
1.961847e-02,8.648028e-01,2.003481e-09,5.000001e+00
1.962347e-02,8.062098e-01,6.118881e-10,5.000001e+00
1.962847e-02,7.492885e-01,1.933097e-10,5.000000e+00
1.963347e-02,6.940948e-01,6.324507e-11,5.000000e+00
1.963847e-02,6.406834e-01,2.145162e-11,5.000000e+00
1.964347e-02,5.891069e-01,7.551468e-12,5.000000e+00
1.964847e-02,5.394162e-01,2.761836e-12,5.000000e+00
1.965347e-02,4.916604e-01,1.050151e-12,5.000000e+00
1.965847e-02,4.458865e-01,4.160626e-13,5.000000e+00
1.966347e-02,4.021399e-01,1.712701e-13,5.000000e+00
1.966847e-02,3.604635e-01,7.369187e-14,5.000000e+00
1.967347e-02,3.208987e-01,3.303428e-14,5.000000e+00
1.967847e-02,2.834843e-01,1.541600e-14,5.000000e+00
1.968347e-02,2.482574e-01,7.453890e-15,5.000000e+00
1.968847e-02,2.152526e-01,3.726945e-15,5.000000e+00
1.969347e-02,1.845027e-01,1.863472e-15,5.000000e+00
1.969847e-02,1.560378e-01,1.185846e-15,5.000000e+00
1.970347e-02,1.298862e-01,3.388132e-16,5.000000e+00
1.970847e-02,1.060736e-01,5.082198e-16,5.000000e+00
1.971347e-02,8.462346e-02,1.694066e-16,5.000000e+00
1.971847e-02,6.555704e-02,1.694066e-16,5.000000e+00
1.972347e-02,4.889312e-02,0.000000e+00,5.000000e+00
1.972847e-02,3.464815e-02,-1.694066e-16,5.000000e+00
1.973347e-02,2.283618e-02,-1.694066e-16,5.000000e+00
1.973847e-02,1.346887e-02,1.694066e-16,5.000000e+00
1.974347e-02,6.555470e-03,0.000000e+00,5.000000e+00
1.974847e-02,2.102798e-03,0.000000e+00,5.000000e+00
1.975347e-02,1.152482e-04,1.694066e-16,5.000000e+00
1.975847e-02,5.947833e-04,1.694066e-16,5.000000e+00
1.976347e-02,3.540930e-03,1.694066e-16,5.000000e+00
1.976847e-02,8.950780e-03,0.000000e+00,5.000000e+00
1.977347e-02,1.681899e-02,-1.694066e-16,5.000000e+00
1.977847e-02,2.713781e-02,-1.694066e-16,5.000000e+00
1.978347e-02,3.989704e-02,1.694066e-16,5.000000e+00
1.978847e-02,5.508410e-02,0.000000e+00,5.000000e+00
1.979347e-02,7.268399e-02,1.694066e-16,5.000000e+00
1.979847e-02,9.267935e-02,3.388132e-16,5.000000e+00
1.980347e-02,1.150504e-01,5.082198e-16,5.000000e+00
1.980847e-02,1.397752e-01,8.470329e-16,5.000000e+00
1.981347e-02,1.668292e-01,1.185846e-15,5.000000e+00
1.981847e-02,1.961858e-01,2.710505e-15,5.000000e+00
1.982347e-02,2.278159e-01,4.743385e-15,5.000000e+00
1.982847e-02,2.616885e-01,9.825582e-15,5.000000e+00
1.983347e-02,2.977699e-01,2.066760e-14,5.000000e+00
1.983847e-02,3.360247e-01,4.455393e-14,5.000000e+00
1.984347e-02,3.764151e-01,1.018134e-13,5.000000e+00
1.984847e-02,4.189012e-01,2.408962e-13,5.000000e+00
1.985347e-02,4.634411e-01,5.930925e-13,5.000000e+00
1.985847e-02,5.099909e-01,1.522457e-12,5.000000e+00
1.986347e-02,5.585045e-01,4.064233e-12,5.000000e+00
1.986847e-02,6.089342e-01,1.128095e-11,5.000000e+00
1.987347e-02,6.612301e-01,3.251573e-11,5.000000e+00
1.987847e-02,7.153406e-01,9.723125e-11,5.000000e+00
1.988347e-02,7.712124e-01,3.012981e-10,5.000000e+00
1.988847e-02,8.287903e-01,9.664646e-10,5.000000e+00
1.989347e-02,8.880175e-01,3.205346e-09,5.000000e+00
1.989847e-02,9.488355e-01,1.097866e-08,5.000000e+00
1.990347e-02,1.011184e+00,3.878652e-08,5.000000e+00
1.990847e-02,1.075002e+00,1.411648e-07,4.999999e+00
1.991347e-02,1.140225e+00,5.285968e-07,4.999997e+00
1.991847e-02,1.206784e+00,2.033651e-06,4.999989e+00
1.992347e-02,1.274600e+00,8.025534e-06,4.999956e+00
1.992847e-02,1.343544e+00,3.240318e-05,4.999822e+00
1.993347e-02,1.413293e+00,1.329763e-04,4.999269e+00
1.993847e-02,1.482748e+00,5.424836e-04,4.997020e+00
1.994347e-02,1.548363e+00,2.047289e-03,4.988752e+00
1.994847e-02,1.603171e+00,6.207499e-03,4.965889e+00
1.995347e-02,1.643088e+00,1.393116e-02,4.923426e+00
1.995847e-02,1.671027e+00,2.454214e-02,4.865070e+00
1.996347e-02,1.691365e+00,3.703364e-02,4.796362e+00
1.996847e-02,1.706961e+00,5.074193e-02,4.720961e+00
1.997347e-02,1.719379e+00,6.529636e-02,4.640907e+00
1.997847e-02,1.729742e+00,8.042550e-02,4.557692e+00
1.998347e-02,1.738473e+00,9.601657e-02,4.471937e+00
1.998847e-02,1.746045e+00,1.119450e-01,4.384328e+00
1.999347e-02,1.752647e+00,1.281508e-01,4.295194e+00
1.999847e-02,1.758610e+00,1.445417e-01,4.205042e+00
2.000347e-02,1.763977e+00,1.610901e-01,4.114025e+00
2.000847e-02,1.768849e+00,1.777560e-01,4.022361e+00
2.001347e-02,1.773303e+00,1.945042e-01,3.930245e+00
2.001847e-02,1.777400e+00,2.113036e-01,3.837847e+00
2.002347e-02,1.781187e+00,2.281258e-01,3.745324e+00
2.002847e-02,1.784703e+00,2.449447e-01,3.652820e+00
2.003347e-02,1.787981e+00,2.617357e-01,3.560469e+00
2.003847e-02,1.791044e+00,2.784755e-01,3.468399e+00
2.004347e-02,1.793917e+00,2.951422e-01,3.376732e+00
2.004847e-02,1.796617e+00,3.117143e-01,3.285585e+00
2.005347e-02,1.799159e+00,3.281715e-01,3.195070e+00
2.005847e-02,1.801557e+00,3.444939e-01,3.105296e+00
2.006347e-02,1.803823e+00,3.606621e-01,3.016371e+00
2.006847e-02,1.805968e+00,3.766574e-01,2.928396e+00
2.007347e-02,1.807998e+00,3.924617e-01,2.841472e+00
2.007847e-02,1.809924e+00,4.080570e-01,2.755697e+00
2.008347e-02,1.811750e+00,4.234260e-01,2.671167e+00
2.008847e-02,1.813484e+00,4.385517e-01,2.587975e+00
2.009347e-02,1.815131e+00,4.534177e-01,2.506212e+00
2.009847e-02,1.816696e+00,4.680077e-01,2.425966e+00
2.010347e-02,1.818183e+00,4.823060e-01,2.347325e+00
2.010847e-02,1.819595e+00,4.962973e-01,2.270372e+00
2.011347e-02,1.820938e+00,5.099667e-01,2.195190e+00
2.011847e-02,1.822213e+00,5.232996e-01,2.121858e+00
2.012347e-02,1.823423e+00,5.362821e-01,2.050454e+00
2.012847e-02,1.824572e+00,5.489003e-01,1.981054e+00
2.013347e-02,1.825662e+00,5.611410e-01,1.913729e+00
2.013847e-02,1.826694e+00,5.729914e-01,1.848551e+00
2.014347e-02,1.827672e+00,5.844392e-01,1.785588e+00
2.014847e-02,1.828596e+00,5.954724e-01,1.724904e+00
2.015347e-02,1.829468e+00,6.060796e-01,1.666565e+00
2.015847e-02,1.830290e+00,6.162497e-01,1.610628e+00
2.016347e-02,1.831063e+00,6.259721e-01,1.557154e+00
2.016847e-02,1.831789e+00,6.352370e-01,1.506197e+00
2.017347e-02,1.832469e+00,6.440346e-01,1.457810e+00
2.017847e-02,1.833103e+00,6.523559e-01,1.412042e+00
2.018347e-02,1.833693e+00,6.601923e-01,1.368941e+00
2.018847e-02,1.834239e+00,6.675358e-01,1.328551e+00
2.019347e-02,1.834743e+00,6.743788e-01,1.290914e+00
2.019847e-02,1.835205e+00,6.807143e-01,1.256068e+00
2.020347e-02,1.835626e+00,6.865358e-01,1.224049e+00
2.020847e-02,1.836006e+00,6.918373e-01,1.194891e+00
2.021347e-02,1.836345e+00,6.966134e-01,1.168622e+00
2.021847e-02,1.836646e+00,7.008591e-01,1.145269e+00
2.022347e-02,1.836906e+00,7.045702e-01,1.124858e+00
2.022847e-02,1.837128e+00,7.077429e-01,1.107408e+00
2.023347e-02,1.837312e+00,7.103738e-01,1.092937e+00
2.023847e-02,1.837457e+00,7.124603e-01,1.081461e+00
2.024347e-02,1.837563e+00,7.140003e-01,1.072990e+00
2.024847e-02,1.837632e+00,7.149922e-01,1.067534e+00
2.025347e-02,1.837662e+00,7.154349e-01,1.065099e+00
2.025847e-02,1.837655e+00,7.153281e-01,1.065686e+00
2.026347e-02,1.837610e+00,7.146718e-01,1.069295e+00
2.026847e-02,1.837526e+00,7.134667e-01,1.075922e+00
2.027347e-02,1.837405e+00,7.117141e-01,1.085562e+00
2.027847e-02,1.837245e+00,7.094156e-01,1.098202e+00
2.028347e-02,1.837047e+00,7.065738e-01,1.113832e+00
2.028847e-02,1.836810e+00,7.031914e-01,1.132435e+00
2.029347e-02,1.836534e+00,6.992720e-01,1.153991e+00
2.029847e-02,1.836218e+00,6.948196e-01,1.178479e+00
2.030347e-02,1.835863e+00,6.898387e-01,1.205874e+00
2.030847e-02,1.835467e+00,6.843344e-01,1.236147e+00
2.031347e-02,1.835030e+00,6.783123e-01,1.269268e+00
2.031847e-02,1.834552e+00,6.717788e-01,1.305202e+00
2.032347e-02,1.834032e+00,6.647403e-01,1.343913e+00
2.032847e-02,1.833469e+00,6.572043e-01,1.385361e+00
2.033347e-02,1.832862e+00,6.491784e-01,1.429503e+00
2.033847e-02,1.832210e+00,6.406709e-01,1.476294e+00
2.034347e-02,1.831513e+00,6.316906e-01,1.525686e+00
2.034847e-02,1.830769e+00,6.222467e-01,1.577627e+00
2.035347e-02,1.829976e+00,6.123490e-01,1.632064e+00
2.035847e-02,1.829135e+00,6.020077e-01,1.688941e+00
2.036347e-02,1.828243e+00,5.912336e-01,1.748198e+00
2.036847e-02,1.827299e+00,5.800378e-01,1.809774e+00
2.037347e-02,1.826300e+00,5.684321e-01,1.873606e+00
2.037847e-02,1.825246e+00,5.564284e-01,1.939626e+00
2.038347e-02,1.824134e+00,5.440394e-01,2.007766e+00
2.038847e-02,1.822961e+00,5.312780e-01,2.077953e+00
2.039347e-02,1.821726e+00,5.181576e-01,2.150115e+00
2.039847e-02,1.820425e+00,5.046922e-01,2.224175e+00
2.040347e-02,1.819056e+00,4.908958e-01,2.300055e+00
2.040847e-02,1.817615e+00,4.767834e-01,2.377673e+00
2.041347e-02,1.816099e+00,4.623698e-01,2.456948e+00
2.041847e-02,1.814503e+00,4.476706e-01,2.537794e+00
2.042347e-02,1.812823e+00,4.327016e-01,2.620123e+00
2.042847e-02,1.811054e+00,4.174793e-01,2.703846e+00
2.043347e-02,1.809190e+00,4.020202e-01,2.788871e+00
2.043847e-02,1.807225e+00,3.863415e-01,2.875104e+00
2.044347e-02,1.805152e+00,3.704607e-01,2.962448e+00
2.044847e-02,1.802962e+00,3.543958e-01,3.050805e+00
2.045347e-02,1.800647e+00,3.381652e-01,3.140074e+00
2.045847e-02,1.798195e+00,3.217879e-01,3.230149e+00
2.046347e-02,1.795594e+00,3.052834e-01,3.320924e+00
2.046847e-02,1.792831e+00,2.886717e-01,3.412289e+00
2.047347e-02,1.789888e+00,2.719735e-01,3.504129e+00
2.047847e-02,1.786747e+00,2.552106e-01,3.596325e+00
2.048347e-02,1.783383e+00,2.384053e-01,3.688755e+00
2.048847e-02,1.779769e+00,2.215812e-01,3.781288e+00
2.049347e-02,1.775872e+00,2.047634e-01,3.873786e+00
2.049847e-02,1.771650e+00,1.879788e-01,3.966102e+00
2.050347e-02,1.767051e+00,1.712565e-01,4.058075e+00
2.050847e-02,1.762011e+00,1.546287e-01,4.149529e+00
2.051347e-02,1.756445e+00,1.381319e-01,4.240261e+00
2.051847e-02,1.750244e+00,1.218088e-01,4.330040e+00
2.052347e-02,1.743258e+00,1.057103e-01,4.418582e+00
2.052847e-02,1.735217e+00,8.991499e-02,4.505457e+00
2.053347e-02,1.725924e+00,7.448503e-02,4.590324e+00
2.053847e-02,1.714885e+00,5.954958e-02,4.672471e+00
2.054347e-02,1.701348e+00,4.529559e-02,4.750870e+00
2.054847e-02,1.684194e+00,3.199359e-02,4.824036e+00
2.055347e-02,1.661316e+00,2.013725e-02,4.889252e+00
2.055847e-02,1.629262e+00,1.052437e-02,4.942135e+00
2.056347e-02,1.583589e+00,4.176643e-03,4.977063e+00
2.056847e-02,1.523713e+00,1.242879e-03,4.993208e+00
2.057347e-02,1.455928e+00,3.152002e-04,4.998305e+00
2.057847e-02,1.386125e+00,7.672422e-05,4.999604e+00
2.058347e-02,1.316624e+00,1.878963e-05,4.999914e+00
2.058847e-02,1.248096e+00,4.693172e-06,4.999986e+00
2.059347e-02,1.180757e+00,1.200781e-06,5.000001e+00
2.059847e-02,1.114709e+00,3.153594e-07,5.000003e+00
2.060347e-02,1.050024e+00,8.514142e-08,5.000003e+00
2.060847e-02,9.867704e-01,2.366190e-08,5.000002e+00
2.061347e-02,9.250094e-01,6.777747e-09,5.000001e+00
2.061847e-02,8.648028e-01,2.003482e-09,5.000001e+00
2.062347e-02,8.062098e-01,6.118881e-10,5.000001e+00
2.062847e-02,7.492885e-01,1.933099e-10,5.000000e+00
2.063347e-02,6.940948e-01,6.324490e-11,5.000000e+00
2.063847e-02,6.406834e-01,2.145162e-11,5.000000e+00
2.064347e-02,5.891069e-01,7.551468e-12,5.000000e+00
2.064847e-02,5.394162e-01,2.761666e-12,5.000000e+00
2.065347e-02,4.916604e-01,1.050321e-12,5.000000e+00
2.065847e-02,4.458866e-01,4.157238e-13,5.000000e+00
2.066347e-02,4.021399e-01,1.716089e-13,5.000000e+00
2.066847e-02,3.604635e-01,7.386127e-14,5.000000e+00
2.067347e-02,3.208987e-01,3.320369e-14,5.000000e+00
2.067847e-02,2.834843e-01,1.558541e-14,5.000000e+00
2.068347e-02,2.482574e-01,7.284483e-15,5.000000e+00
2.068847e-02,2.152526e-01,3.896352e-15,5.000000e+00
2.069347e-02,1.845027e-01,1.863472e-15,5.000000e+00
2.069847e-02,1.560378e-01,1.016440e-15,5.000000e+00
2.070347e-02,1.298862e-01,5.082198e-16,5.000000e+00
2.070847e-02,1.060736e-01,3.388132e-16,5.000000e+00
2.071347e-02,8.462347e-02,1.694066e-16,5.000000e+00
2.071847e-02,6.555704e-02,3.388132e-16,5.000000e+00
2.072347e-02,4.889312e-02,0.000000e+00,5.000000e+00
2.072847e-02,3.464815e-02,3.388132e-16,5.000000e+00
2.073347e-02,2.283618e-02,0.000000e+00,5.000000e+00
2.073847e-02,1.346887e-02,0.000000e+00,5.000000e+00
2.074347e-02,6.555471e-03,-1.694066e-16,5.000000e+00
2.074847e-02,2.102798e-03,-3.388132e-16,5.000000e+00
2.075347e-02,1.152483e-04,1.694066e-16,5.000000e+00
2.075847e-02,5.947829e-04,0.000000e+00,5.000000e+00
2.076347e-02,3.540929e-03,1.694066e-16,5.000000e+00
2.076847e-02,8.950778e-03,0.000000e+00,5.000000e+00
2.077347e-02,1.681899e-02,-1.694066e-16,5.000000e+00
2.077847e-02,2.713781e-02,0.000000e+00,5.000000e+00
2.078347e-02,3.989704e-02,0.000000e+00,5.000000e+00
2.078847e-02,5.508409e-02,0.000000e+00,5.000000e+00
2.079347e-02,7.268398e-02,0.000000e+00,5.000000e+00
2.079847e-02,9.267934e-02,1.694066e-16,5.000000e+00
2.080347e-02,1.150504e-01,5.082198e-16,5.000000e+00
2.080847e-02,1.397752e-01,8.470329e-16,5.000000e+00
2.081347e-02,1.668292e-01,1.185846e-15,5.000000e+00
2.081847e-02,1.961858e-01,2.710505e-15,5.000000e+00
2.082347e-02,2.278159e-01,4.573978e-15,5.000000e+00
2.082847e-02,2.616884e-01,9.825582e-15,5.000000e+00
2.083347e-02,2.977699e-01,2.049820e-14,5.000000e+00
2.083847e-02,3.360247e-01,4.455393e-14,5.000000e+00
2.084347e-02,3.764151e-01,1.019828e-13,5.000000e+00
2.084847e-02,4.189012e-01,2.407268e-13,5.000000e+00
2.085347e-02,4.634411e-01,5.930925e-13,5.000000e+00
2.085847e-02,5.099908e-01,1.522457e-12,5.000000e+00
2.086347e-02,5.585045e-01,4.064233e-12,5.000000e+00
2.086847e-02,6.089341e-01,1.128095e-11,5.000000e+00
2.087347e-02,6.612301e-01,3.251590e-11,5.000000e+00
2.087847e-02,7.153406e-01,9.723108e-11,5.000000e+00
2.088347e-02,7.712124e-01,3.012979e-10,5.000000e+00
2.088847e-02,8.287903e-01,9.664641e-10,5.000000e+00
2.089347e-02,8.880175e-01,3.205345e-09,5.000000e+00
2.089847e-02,9.488355e-01,1.097866e-08,5.000000e+00
2.090347e-02,1.011184e+00,3.878651e-08,5.000000e+00
2.090847e-02,1.075002e+00,1.411648e-07,4.999999e+00
2.091347e-02,1.140225e+00,5.285966e-07,4.999997e+00
2.091847e-02,1.206784e+00,2.033651e-06,4.999989e+00
2.092347e-02,1.274600e+00,8.025532e-06,4.999956e+00
2.092847e-02,1.343544e+00,3.240317e-05,4.999822e+00
2.093347e-02,1.413293e+00,1.329763e-04,4.999269e+00
2.093847e-02,1.482748e+00,5.424834e-04,4.997020e+00
2.094347e-02,1.548363e+00,2.047289e-03,4.988752e+00
2.094847e-02,1.603171e+00,6.207497e-03,4.965889e+00
2.095347e-02,1.643088e+00,1.393115e-02,4.923426e+00
2.095847e-02,1.671027e+00,2.454213e-02,4.865070e+00
2.096347e-02,1.691365e+00,3.703364e-02,4.796362e+00
2.096847e-02,1.706961e+00,5.074193e-02,4.720961e+00
2.097347e-02,1.719379e+00,6.529636e-02,4.640907e+00
2.097847e-02,1.729742e+00,8.042550e-02,4.557692e+00
2.098347e-02,1.738473e+00,9.601656e-02,4.471937e+00
2.098847e-02,1.746045e+00,1.119450e-01,4.384328e+00
2.099347e-02,1.752647e+00,1.281508e-01,4.295194e+00
2.099847e-02,1.758610e+00,1.445417e-01,4.205042e+00
2.100347e-02,1.763977e+00,1.610901e-01,4.114025e+00
2.100847e-02,1.768849e+00,1.777559e-01,4.022361e+00
2.101347e-02,1.773303e+00,1.945042e-01,3.930245e+00
2.101847e-02,1.777400e+00,2.113036e-01,3.837847e+00
2.102347e-02,1.781187e+00,2.281258e-01,3.745324e+00
2.102847e-02,1.784703e+00,2.449447e-01,3.652820e+00
2.103347e-02,1.787981e+00,2.617357e-01,3.560469e+00
2.103847e-02,1.791044e+00,2.784755e-01,3.468399e+00
2.104347e-02,1.793917e+00,2.951422e-01,3.376732e+00
2.104847e-02,1.796617e+00,3.117143e-01,3.285585e+00
2.105347e-02,1.799159e+00,3.281715e-01,3.195070e+00
2.105847e-02,1.801557e+00,3.444939e-01,3.105296e+00
2.106347e-02,1.803823e+00,3.606621e-01,3.016371e+00
2.106847e-02,1.805968e+00,3.766574e-01,2.928396e+00
2.107347e-02,1.807998e+00,3.924617e-01,2.841472e+00
2.107847e-02,1.809924e+00,4.080570e-01,2.755697e+00
2.108347e-02,1.811750e+00,4.234260e-01,2.671167e+00
2.108847e-02,1.813484e+00,4.385517e-01,2.587975e+00
2.109347e-02,1.815131e+00,4.534177e-01,2.506212e+00
2.109847e-02,1.816696e+00,4.680077e-01,2.425966e+00
2.110347e-02,1.818183e+00,4.823060e-01,2.347325e+00
2.110847e-02,1.819595e+00,4.962973e-01,2.270372e+00
2.111347e-02,1.820938e+00,5.099667e-01,2.195190e+00
2.111847e-02,1.822213e+00,5.232996e-01,2.121858e+00
2.112347e-02,1.823423e+00,5.362821e-01,2.050454e+00
2.112847e-02,1.824572e+00,5.489003e-01,1.981054e+00
2.113347e-02,1.825662e+00,5.611410e-01,1.913729e+00
2.113847e-02,1.826694e+00,5.729914e-01,1.848551e+00
2.114347e-02,1.827672e+00,5.844392e-01,1.785588e+00
2.114847e-02,1.828596e+00,5.954724e-01,1.724904e+00
2.115347e-02,1.829468e+00,6.060796e-01,1.666565e+00
2.115847e-02,1.830290e+00,6.162497e-01,1.610629e+00
2.116347e-02,1.831063e+00,6.259721e-01,1.557154e+00
2.116847e-02,1.831789e+00,6.352370e-01,1.506197e+00
2.117347e-02,1.832469e+00,6.440346e-01,1.457810e+00
2.117847e-02,1.833103e+00,6.523559e-01,1.412042e+00
2.118347e-02,1.833693e+00,6.601923e-01,1.368941e+00
2.118847e-02,1.834239e+00,6.675358e-01,1.328551e+00
2.119347e-02,1.834743e+00,6.743788e-01,1.290914e+00
2.119847e-02,1.835205e+00,6.807143e-01,1.256068e+00
2.120347e-02,1.835626e+00,6.865358e-01,1.224049e+00
2.120847e-02,1.836006e+00,6.918373e-01,1.194891e+00
2.121347e-02,1.836345e+00,6.966134e-01,1.168622e+00
2.121847e-02,1.836646e+00,7.008591e-01,1.145269e+00
2.122347e-02,1.836906e+00,7.045702e-01,1.124858e+00
2.122847e-02,1.837128e+00,7.077429e-01,1.107408e+00
2.123347e-02,1.837312e+00,7.103738e-01,1.092937e+00
2.123847e-02,1.837457e+00,7.124603e-01,1.081461e+00
2.124347e-02,1.837563e+00,7.140003e-01,1.072990e+00
2.124847e-02,1.837632e+00,7.149922e-01,1.067534e+00
2.125347e-02,1.837662e+00,7.154349e-01,1.065099e+00
2.125847e-02,1.837655e+00,7.153281e-01,1.065686e+00
2.126347e-02,1.837610e+00,7.146718e-01,1.069295e+00
2.126847e-02,1.837526e+00,7.134667e-01,1.075922e+00
2.127347e-02,1.837405e+00,7.117141e-01,1.085562e+00
2.127847e-02,1.837245e+00,7.094156e-01,1.098202e+00
2.128347e-02,1.837047e+00,7.065738e-01,1.113832e+00
2.128847e-02,1.836810e+00,7.031914e-01,1.132435e+00
2.129347e-02,1.836534e+00,6.992720e-01,1.153991e+00
2.129847e-02,1.836218e+00,6.948196e-01,1.178479e+00
2.130347e-02,1.835863e+00,6.898387e-01,1.205874e+00
2.130847e-02,1.835467e+00,6.843344e-01,1.236147e+00
2.131347e-02,1.835030e+00,6.783123e-01,1.269268e+00
2.131847e-02,1.834552e+00,6.717788e-01,1.305202e+00
2.132347e-02,1.834032e+00,6.647403e-01,1.343913e+00
2.132847e-02,1.833469e+00,6.572043e-01,1.385361e+00
2.133347e-02,1.832862e+00,6.491784e-01,1.429503e+00
2.133847e-02,1.832210e+00,6.406709e-01,1.476294e+00
2.134347e-02,1.831513e+00,6.316906e-01,1.525686e+00
2.134847e-02,1.830769e+00,6.222467e-01,1.577627e+00
2.135347e-02,1.829976e+00,6.123490e-01,1.632064e+00
2.135847e-02,1.829135e+00,6.020077e-01,1.688941e+00
2.136347e-02,1.828243e+00,5.912336e-01,1.748198e+00
2.136847e-02,1.827299e+00,5.800378e-01,1.809774e+00
2.137347e-02,1.826300e+00,5.684321e-01,1.873606e+00
2.137847e-02,1.825246e+00,5.564284e-01,1.939626e+00
2.138347e-02,1.824134e+00,5.440394e-01,2.007766e+00
2.138847e-02,1.822961e+00,5.312780e-01,2.077953e+00
2.139347e-02,1.821726e+00,5.181576e-01,2.150115e+00
2.139847e-02,1.820425e+00,5.046922e-01,2.224175e+00
2.140347e-02,1.819056e+00,4.908959e-01,2.300055e+00
2.140847e-02,1.817615e+00,4.767834e-01,2.377673e+00
2.141347e-02,1.816099e+00,4.623698e-01,2.456948e+00
2.141847e-02,1.814503e+00,4.476706e-01,2.537794e+00
2.142347e-02,1.812823e+00,4.327016e-01,2.620123e+00
2.142847e-02,1.811054e+00,4.174793e-01,2.703846e+00
2.143347e-02,1.809190e+00,4.020202e-01,2.788871e+00
2.143847e-02,1.807225e+00,3.863415e-01,2.875104e+00
2.144347e-02,1.805152e+00,3.704607e-01,2.962448e+00
2.144847e-02,1.802962e+00,3.543958e-01,3.050805e+00
2.145347e-02,1.800647e+00,3.381652e-01,3.140074e+00
2.145847e-02,1.798195e+00,3.217879e-01,3.230149e+00
2.146347e-02,1.795594e+00,3.052834e-01,3.320924e+00
2.146847e-02,1.792831e+00,2.886717e-01,3.412289e+00
2.147347e-02,1.789888e+00,2.719735e-01,3.504129e+00
2.147847e-02,1.786747e+00,2.552106e-01,3.596325e+00
2.148347e-02,1.783383e+00,2.384053e-01,3.688755e+00
2.148847e-02,1.779769e+00,2.215812e-01,3.781288e+00
2.149347e-02,1.775872e+00,2.047634e-01,3.873786e+00
2.149847e-02,1.771650e+00,1.879788e-01,3.966102e+00
2.150347e-02,1.767051e+00,1.712565e-01,4.058075e+00
2.150847e-02,1.762011e+00,1.546287e-01,4.149529e+00
2.151347e-02,1.756445e+00,1.381319e-01,4.240261e+00
2.151847e-02,1.750244e+00,1.218088e-01,4.330040e+00
2.152347e-02,1.743258e+00,1.057103e-01,4.418582e+00
2.152847e-02,1.735217e+00,8.991500e-02,4.505457e+00
2.153347e-02,1.725924e+00,7.448503e-02,4.590324e+00
2.153847e-02,1.714885e+00,5.954958e-02,4.672471e+00
2.154347e-02,1.701348e+00,4.529559e-02,4.750870e+00
2.154847e-02,1.684194e+00,3.199359e-02,4.824036e+00
2.155347e-02,1.661316e+00,2.013725e-02,4.889252e+00
2.155847e-02,1.629262e+00,1.052437e-02,4.942135e+00
2.156347e-02,1.583589e+00,4.176644e-03,4.977063e+00
2.156847e-02,1.523713e+00,1.242879e-03,4.993208e+00
2.157347e-02,1.455928e+00,3.152003e-04,4.998305e+00
2.157847e-02,1.386125e+00,7.672424e-05,4.999604e+00
2.158347e-02,1.316624e+00,1.878964e-05,4.999914e+00
2.158847e-02,1.248096e+00,4.693173e-06,4.999986e+00
2.159347e-02,1.180757e+00,1.200782e-06,5.000001e+00
2.159847e-02,1.114709e+00,3.153594e-07,5.000003e+00
2.160347e-02,1.050025e+00,8.514145e-08,5.000003e+00
2.160847e-02,9.867704e-01,2.366190e-08,5.000002e+00
2.161347e-02,9.250095e-01,6.777748e-09,5.000001e+00
2.161847e-02,8.648028e-01,2.003482e-09,5.000001e+00
2.162347e-02,8.062099e-01,6.118881e-10,5.000001e+00
2.162847e-02,7.492885e-01,1.933099e-10,5.000000e+00
2.163347e-02,6.940948e-01,6.324490e-11,5.000000e+00
2.163847e-02,6.406834e-01,2.145179e-11,5.000000e+00
2.164347e-02,5.891069e-01,7.551299e-12,5.000000e+00
2.164847e-02,5.394162e-01,2.761836e-12,5.000000e+00
2.165347e-02,4.916604e-01,1.050321e-12,5.000000e+00
2.165847e-02,4.458866e-01,4.158932e-13,5.000000e+00
2.166347e-02,4.021399e-01,1.712701e-13,5.000000e+00
2.166847e-02,3.604636e-01,7.369187e-14,5.000000e+00
2.167347e-02,3.208987e-01,3.320369e-14,5.000000e+00
2.167847e-02,2.834843e-01,1.575481e-14,5.000000e+00
2.168347e-02,2.482574e-01,7.623297e-15,5.000000e+00
2.168847e-02,2.152527e-01,3.557538e-15,5.000000e+00
2.169347e-02,1.845027e-01,1.863472e-15,5.000000e+00
2.169847e-02,1.560378e-01,1.016440e-15,5.000000e+00
2.170347e-02,1.298862e-01,6.776264e-16,5.000000e+00
2.170847e-02,1.060736e-01,6.776264e-16,5.000000e+00
2.171347e-02,8.462347e-02,1.694066e-16,5.000000e+00
2.171847e-02,6.555705e-02,0.000000e+00,5.000000e+00
2.172347e-02,4.889313e-02,-1.694066e-16,5.000000e+00
2.172847e-02,3.464815e-02,0.000000e+00,5.000000e+00
2.173347e-02,2.283618e-02,0.000000e+00,5.000000e+00
2.173847e-02,1.346887e-02,0.000000e+00,5.000000e+00
2.174347e-02,6.555472e-03,-1.694066e-16,5.000000e+00
2.174847e-02,2.102799e-03,1.694066e-16,5.000000e+00
2.175347e-02,1.152485e-04,1.694066e-16,5.000000e+00
2.175847e-02,5.947825e-04,0.000000e+00,5.000000e+00
2.176347e-02,3.540928e-03,0.000000e+00,5.000000e+00
2.176847e-02,8.950776e-03,-1.694066e-16,5.000000e+00
2.177347e-02,1.681899e-02,1.694066e-16,5.000000e+00
2.177847e-02,2.713780e-02,-3.388132e-16,5.000000e+00
2.178347e-02,3.989703e-02,-3.388132e-16,5.000000e+00
2.178847e-02,5.508409e-02,-1.694066e-16,5.000000e+00
2.179347e-02,7.268398e-02,1.694066e-16,5.000000e+00
2.179847e-02,9.267934e-02,1.694066e-16,5.000000e+00
2.180347e-02,1.150504e-01,5.082198e-16,5.000000e+00
2.180847e-02,1.397752e-01,5.082198e-16,5.000000e+00
2.181347e-02,1.668292e-01,1.185846e-15,5.000000e+00
2.181847e-02,1.961858e-01,2.710505e-15,5.000000e+00
2.182347e-02,2.278159e-01,4.743385e-15,5.000000e+00
2.182847e-02,2.616884e-01,9.825582e-15,5.000000e+00
2.183347e-02,2.977699e-01,2.066760e-14,5.000000e+00
2.183847e-02,3.360247e-01,4.455393e-14,5.000000e+00
2.184347e-02,3.764151e-01,1.018134e-13,5.000000e+00
2.184847e-02,4.189012e-01,2.408962e-13,5.000000e+00
2.185347e-02,4.634411e-01,5.930925e-13,5.000000e+00
2.185847e-02,5.099908e-01,1.522457e-12,5.000000e+00
2.186347e-02,5.585045e-01,4.064233e-12,5.000000e+00
2.186847e-02,6.089341e-01,1.128095e-11,5.000000e+00
2.187347e-02,6.612300e-01,3.251573e-11,5.000000e+00
2.187847e-02,7.153406e-01,9.723125e-11,5.000000e+00
2.188347e-02,7.712124e-01,3.012978e-10,5.000000e+00
2.188847e-02,8.287903e-01,9.664637e-10,5.000000e+00
2.189347e-02,8.880175e-01,3.205344e-09,5.000000e+00
2.189847e-02,9.488355e-01,1.097865e-08,5.000000e+00
2.190347e-02,1.011184e+00,3.878650e-08,5.000000e+00
2.190847e-02,1.075002e+00,1.411648e-07,4.999999e+00
2.191347e-02,1.140225e+00,5.285964e-07,4.999997e+00
2.191847e-02,1.206784e+00,2.033650e-06,4.999989e+00
2.192347e-02,1.274600e+00,8.025529e-06,4.999956e+00
2.192847e-02,1.343544e+00,3.240316e-05,4.999822e+00
2.193347e-02,1.413293e+00,1.329762e-04,4.999269e+00
2.193847e-02,1.482748e+00,5.424832e-04,4.997020e+00
2.194347e-02,1.548363e+00,2.047288e-03,4.988752e+00
2.194847e-02,1.603171e+00,6.207496e-03,4.965889e+00
2.195347e-02,1.643088e+00,1.393115e-02,4.923426e+00
2.195847e-02,1.671027e+00,2.454213e-02,4.865070e+00
2.196347e-02,1.691365e+00,3.703363e-02,4.796362e+00
2.196847e-02,1.706961e+00,5.074192e-02,4.720961e+00
2.197347e-02,1.719379e+00,6.529635e-02,4.640907e+00
2.197847e-02,1.729742e+00,8.042549e-02,4.557692e+00
2.198347e-02,1.738473e+00,9.601656e-02,4.471937e+00
2.198847e-02,1.746045e+00,1.119450e-01,4.384328e+00
2.199347e-02,1.752647e+00,1.281508e-01,4.295194e+00
2.199847e-02,1.758610e+00,1.445417e-01,4.205042e+00
2.200347e-02,1.763977e+00,1.610901e-01,4.114025e+00
2.200847e-02,1.768849e+00,1.777559e-01,4.022361e+00
2.201347e-02,1.773303e+00,1.945042e-01,3.930245e+00
2.201847e-02,1.777400e+00,2.113036e-01,3.837847e+00
2.202347e-02,1.781187e+00,2.281258e-01,3.745324e+00
2.202847e-02,1.784703e+00,2.449447e-01,3.652820e+00
2.203347e-02,1.787981e+00,2.617356e-01,3.560469e+00
2.203847e-02,1.791044e+00,2.784755e-01,3.468399e+00
2.204347e-02,1.793917e+00,2.951422e-01,3.376732e+00
2.204847e-02,1.796617e+00,3.117143e-01,3.285585e+00
2.205347e-02,1.799159e+00,3.281715e-01,3.195070e+00
2.205847e-02,1.801557e+00,3.444939e-01,3.105296e+00
2.206347e-02,1.803823e+00,3.606621e-01,3.016371e+00
2.206847e-02,1.805968e+00,3.766574e-01,2.928396e+00
2.207347e-02,1.807998e+00,3.924617e-01,2.841472e+00
2.207847e-02,1.809924e+00,4.080570e-01,2.755697e+00
2.208347e-02,1.811750e+00,4.234260e-01,2.671167e+00
2.208847e-02,1.813484e+00,4.385517e-01,2.587975e+00
2.209347e-02,1.815131e+00,4.534177e-01,2.506212e+00
2.209847e-02,1.816696e+00,4.680076e-01,2.425966e+00
2.210347e-02,1.818183e+00,4.823060e-01,2.347325e+00
2.210847e-02,1.819595e+00,4.962973e-01,2.270372e+00
2.211347e-02,1.820938e+00,5.099667e-01,2.195190e+00
2.211847e-02,1.822213e+00,5.232996e-01,2.121858e+00
2.212347e-02,1.823423e+00,5.362820e-01,2.050454e+00
2.212847e-02,1.824572e+00,5.489003e-01,1.981054e+00
2.213347e-02,1.825662e+00,5.611410e-01,1.913729e+00
2.213847e-02,1.826694e+00,5.729914e-01,1.848551e+00
2.214347e-02,1.827672e+00,5.844392e-01,1.785588e+00
2.214847e-02,1.828596e+00,5.954724e-01,1.724904e+00
2.215347e-02,1.829468e+00,6.060796e-01,1.666565e+00
2.215847e-02,1.830290e+00,6.162497e-01,1.610629e+00
2.216347e-02,1.831063e+00,6.259721e-01,1.557154e+00
2.216847e-02,1.831789e+00,6.352370e-01,1.506197e+00
2.217347e-02,1.832469e+00,6.440346e-01,1.457810e+00
2.217847e-02,1.833103e+00,6.523559e-01,1.412042e+00
2.218347e-02,1.833693e+00,6.601923e-01,1.368941e+00
2.218847e-02,1.834239e+00,6.675358e-01,1.328551e+00
2.219347e-02,1.834743e+00,6.743788e-01,1.290914e+00
2.219847e-02,1.835205e+00,6.807143e-01,1.256068e+00
2.220347e-02,1.835626e+00,6.865358e-01,1.224049e+00
2.220847e-02,1.836006e+00,6.918373e-01,1.194891e+00
2.221347e-02,1.836345e+00,6.966134e-01,1.168622e+00
2.221847e-02,1.836646e+00,7.008591e-01,1.145269e+00
2.222347e-02,1.836906e+00,7.045702e-01,1.124858e+00
2.222847e-02,1.837128e+00,7.077429e-01,1.107408e+00
2.223347e-02,1.837312e+00,7.103738e-01,1.092937e+00
2.223847e-02,1.837457e+00,7.124603e-01,1.081461e+00
2.224347e-02,1.837563e+00,7.140003e-01,1.072990e+00
2.224847e-02,1.837632e+00,7.149922e-01,1.067535e+00
2.225347e-02,1.837662e+00,7.154349e-01,1.065099e+00
2.225847e-02,1.837655e+00,7.153281e-01,1.065686e+00
2.226347e-02,1.837610e+00,7.146718e-01,1.069295e+00
2.226847e-02,1.837526e+00,7.134667e-01,1.075922e+00
2.227347e-02,1.837405e+00,7.117141e-01,1.085562e+00
2.227847e-02,1.837245e+00,7.094156e-01,1.098202e+00
2.228347e-02,1.837047e+00,7.065738e-01,1.113832e+00
2.228847e-02,1.836810e+00,7.031914e-01,1.132435e+00
2.229347e-02,1.836534e+00,6.992720e-01,1.153991e+00
2.229847e-02,1.836218e+00,6.948196e-01,1.178479e+00
2.230347e-02,1.835863e+00,6.898387e-01,1.205874e+00
2.230847e-02,1.835467e+00,6.843344e-01,1.236147e+00
2.231347e-02,1.835030e+00,6.783123e-01,1.269268e+00
2.231847e-02,1.834552e+00,6.717788e-01,1.305202e+00
2.232347e-02,1.834032e+00,6.647403e-01,1.343913e+00
2.232847e-02,1.833469e+00,6.572043e-01,1.385361e+00
2.233347e-02,1.832862e+00,6.491784e-01,1.429503e+00
2.233847e-02,1.832210e+00,6.406709e-01,1.476294e+00
2.234347e-02,1.831513e+00,6.316906e-01,1.525686e+00
2.234847e-02,1.830769e+00,6.222467e-01,1.577627e+00
2.235347e-02,1.829976e+00,6.123490e-01,1.632064e+00
2.235847e-02,1.829135e+00,6.020077e-01,1.688941e+00
2.236347e-02,1.828243e+00,5.912336e-01,1.748198e+00
2.236847e-02,1.827299e+00,5.800378e-01,1.809774e+00
2.237347e-02,1.826300e+00,5.684321e-01,1.873606e+00
2.237847e-02,1.825246e+00,5.564284e-01,1.939626e+00
2.238347e-02,1.824134e+00,5.440394e-01,2.007765e+00
2.238847e-02,1.822961e+00,5.312780e-01,2.077953e+00
2.239347e-02,1.821726e+00,5.181576e-01,2.150115e+00
2.239847e-02,1.820425e+00,5.046922e-01,2.224175e+00
2.240347e-02,1.819056e+00,4.908959e-01,2.300055e+00
2.240847e-02,1.817615e+00,4.767834e-01,2.377673e+00
2.241347e-02,1.816099e+00,4.623698e-01,2.456948e+00
2.241847e-02,1.814503e+00,4.476706e-01,2.537794e+00
2.242347e-02,1.812823e+00,4.327016e-01,2.620123e+00
2.242847e-02,1.811054e+00,4.174793e-01,2.703846e+00
2.243347e-02,1.809190e+00,4.020202e-01,2.788871e+00
2.243847e-02,1.807225e+00,3.863415e-01,2.875104e+00
2.244347e-02,1.805152e+00,3.704607e-01,2.962448e+00
2.244847e-02,1.802962e+00,3.543958e-01,3.050805e+00
2.245347e-02,1.800647e+00,3.381652e-01,3.140074e+00
2.245847e-02,1.798195e+00,3.217879e-01,3.230149e+00
2.246347e-02,1.795594e+00,3.052834e-01,3.320924e+00
2.246847e-02,1.792831e+00,2.886717e-01,3.412289e+00
2.247347e-02,1.789888e+00,2.719736e-01,3.504129e+00
2.247847e-02,1.786747e+00,2.552106e-01,3.596325e+00
2.248347e-02,1.783383e+00,2.384053e-01,3.688755e+00
2.248847e-02,1.779769e+00,2.215812e-01,3.781288e+00
2.249347e-02,1.775872e+00,2.047635e-01,3.873786e+00
2.249847e-02,1.771650e+00,1.879788e-01,3.966102e+00
2.250347e-02,1.767051e+00,1.712565e-01,4.058075e+00
2.250847e-02,1.762011e+00,1.546287e-01,4.149529e+00
2.251347e-02,1.756445e+00,1.381320e-01,4.240261e+00
2.251847e-02,1.750244e+00,1.218088e-01,4.330040e+00
2.252347e-02,1.743258e+00,1.057103e-01,4.418582e+00
2.252847e-02,1.735217e+00,8.991500e-02,4.505457e+00
2.253347e-02,1.725924e+00,7.448504e-02,4.590324e+00
2.253847e-02,1.714885e+00,5.954958e-02,4.672471e+00
2.254347e-02,1.701348e+00,4.529560e-02,4.750870e+00
2.254847e-02,1.684194e+00,3.199359e-02,4.824036e+00
2.255347e-02,1.661316e+00,2.013725e-02,4.889252e+00
2.255847e-02,1.629262e+00,1.052437e-02,4.942135e+00
2.256347e-02,1.583589e+00,4.176645e-03,4.977063e+00
2.256847e-02,1.523713e+00,1.242880e-03,4.993208e+00
2.257347e-02,1.455928e+00,3.152004e-04,4.998305e+00
2.257847e-02,1.386125e+00,7.672427e-05,4.999604e+00
2.258347e-02,1.316624e+00,1.878965e-05,4.999914e+00
2.258847e-02,1.248096e+00,4.693175e-06,4.999986e+00
2.259347e-02,1.180757e+00,1.200782e-06,5.000001e+00
2.259847e-02,1.114709e+00,3.153595e-07,5.000003e+00
2.260347e-02,1.050025e+00,8.514147e-08,5.000003e+00
2.260847e-02,9.867704e-01,2.366191e-08,5.000002e+00
2.261347e-02,9.250095e-01,6.777750e-09,5.000001e+00
2.261847e-02,8.648028e-01,2.003482e-09,5.000001e+00
2.262347e-02,8.062099e-01,6.118883e-10,5.000001e+00
2.262847e-02,7.492885e-01,1.933100e-10,5.000000e+00
2.263347e-02,6.940949e-01,6.324490e-11,5.000000e+00
2.263847e-02,6.406834e-01,2.145162e-11,5.000000e+00
2.264347e-02,5.891069e-01,7.551468e-12,5.000000e+00
2.264847e-02,5.394162e-01,2.761836e-12,5.000000e+00
2.265347e-02,4.916604e-01,1.050321e-12,5.000000e+00
2.265847e-02,4.458866e-01,4.155544e-13,5.000000e+00
2.266347e-02,4.021399e-01,1.712701e-13,5.000000e+00
2.266847e-02,3.604636e-01,7.352246e-14,5.000000e+00
2.267347e-02,3.208987e-01,3.286488e-14,5.000000e+00
2.267847e-02,2.834843e-01,1.558541e-14,5.000000e+00
2.268347e-02,2.482574e-01,7.453890e-15,5.000000e+00
2.268847e-02,2.152527e-01,3.896352e-15,5.000000e+00
2.269347e-02,1.845027e-01,2.032879e-15,5.000000e+00
2.269847e-02,1.560378e-01,1.016440e-15,5.000000e+00
2.270347e-02,1.298862e-01,6.776264e-16,5.000000e+00
2.270847e-02,1.060736e-01,3.388132e-16,5.000000e+00
2.271347e-02,8.462347e-02,1.694066e-16,5.000000e+00
2.271847e-02,6.555705e-02,1.694066e-16,5.000000e+00
2.272347e-02,4.889313e-02,1.694066e-16,5.000000e+00
2.272847e-02,3.464816e-02,0.000000e+00,5.000000e+00
2.273347e-02,2.283619e-02,0.000000e+00,5.000000e+00
2.273847e-02,1.346888e-02,0.000000e+00,5.000000e+00
2.274347e-02,6.555474e-03,-1.694066e-16,5.000000e+00
2.274847e-02,2.102800e-03,0.000000e+00,5.000000e+00
2.275347e-02,1.152487e-04,0.000000e+00,5.000000e+00
2.275847e-02,5.947821e-04,0.000000e+00,5.000000e+00
2.276347e-02,3.540927e-03,0.000000e+00,5.000000e+00
2.276847e-02,8.950775e-03,-1.694066e-16,5.000000e+00
2.277347e-02,1.681899e-02,0.000000e+00,5.000000e+00
2.277847e-02,2.713780e-02,-1.694066e-16,5.000000e+00
2.278347e-02,3.989703e-02,1.694066e-16,5.000000e+00
2.278847e-02,5.508408e-02,0.000000e+00,5.000000e+00
2.279347e-02,7.268398e-02,0.000000e+00,5.000000e+00
2.279847e-02,9.267933e-02,1.694066e-16,5.000000e+00
2.280347e-02,1.150504e-01,1.694066e-16,5.000000e+00
2.280847e-02,1.397752e-01,8.470329e-16,5.000000e+00
2.281347e-02,1.668292e-01,1.355253e-15,5.000000e+00
2.281847e-02,1.961858e-01,2.710505e-15,5.000000e+00
2.282347e-02,2.278159e-01,4.743385e-15,5.000000e+00
2.282847e-02,2.616884e-01,9.825582e-15,5.000000e+00
2.283347e-02,2.977699e-01,2.066760e-14,5.000000e+00
2.283847e-02,3.360247e-01,4.455393e-14,5.000000e+00
2.284347e-02,3.764151e-01,1.018134e-13,5.000000e+00
2.284847e-02,4.189012e-01,2.408962e-13,5.000000e+00
2.285347e-02,4.634411e-01,5.930925e-13,5.000000e+00
2.285847e-02,5.099908e-01,1.522457e-12,5.000000e+00
2.286347e-02,5.585045e-01,4.064233e-12,5.000000e+00
2.286847e-02,6.089341e-01,1.128095e-11,5.000000e+00
2.287347e-02,6.612300e-01,3.251573e-11,5.000000e+00
2.287847e-02,7.153406e-01,9.723125e-11,5.000000e+00
2.288347e-02,7.712124e-01,3.012974e-10,5.000000e+00
2.288847e-02,8.287903e-01,9.664634e-10,5.000000e+00
2.289347e-02,8.880175e-01,3.205343e-09,5.000000e+00
2.289847e-02,9.488354e-01,1.097865e-08,5.000000e+00
2.290347e-02,1.011184e+00,3.878649e-08,5.000000e+00
2.290847e-02,1.075002e+00,1.411647e-07,4.999999e+00
2.291347e-02,1.140225e+00,5.285963e-07,4.999997e+00
2.291847e-02,1.206784e+00,2.033649e-06,4.999989e+00
2.292347e-02,1.274600e+00,8.025527e-06,4.999956e+00
2.292847e-02,1.343544e+00,3.240315e-05,4.999822e+00
2.293347e-02,1.413293e+00,1.329762e-04,4.999269e+00
2.293847e-02,1.482748e+00,5.424830e-04,4.997020e+00
2.294347e-02,1.548363e+00,2.047287e-03,4.988752e+00
2.294847e-02,1.603171e+00,6.207494e-03,4.965889e+00
2.295347e-02,1.643088e+00,1.393115e-02,4.923426e+00
2.295847e-02,1.671027e+00,2.454213e-02,4.865070e+00
2.296347e-02,1.691365e+00,3.703363e-02,4.796362e+00
2.296847e-02,1.706961e+00,5.074192e-02,4.720961e+00
2.297347e-02,1.719379e+00,6.529635e-02,4.640907e+00
2.297847e-02,1.729742e+00,8.042549e-02,4.557692e+00
2.298347e-02,1.738473e+00,9.601655e-02,4.471937e+00
2.298847e-02,1.746045e+00,1.119450e-01,4.384328e+00
2.299347e-02,1.752647e+00,1.281508e-01,4.295194e+00
2.299847e-02,1.758610e+00,1.445416e-01,4.205042e+00
2.300347e-02,1.763977e+00,1.610901e-01,4.114025e+00
2.300847e-02,1.768849e+00,1.777559e-01,4.022361e+00
2.301347e-02,1.773303e+00,1.945042e-01,3.930245e+00
2.301847e-02,1.777400e+00,2.113036e-01,3.837847e+00
2.302347e-02,1.781187e+00,2.281258e-01,3.745324e+00
2.302847e-02,1.784703e+00,2.449447e-01,3.652820e+00
2.303347e-02,1.787981e+00,2.617356e-01,3.560469e+00
2.303847e-02,1.791044e+00,2.784755e-01,3.468399e+00
2.304347e-02,1.793917e+00,2.951422e-01,3.376732e+00
2.304847e-02,1.796617e+00,3.117143e-01,3.285585e+00
2.305347e-02,1.799159e+00,3.281715e-01,3.195070e+00
2.305847e-02,1.801557e+00,3.444938e-01,3.105296e+00
2.306347e-02,1.803823e+00,3.606621e-01,3.016371e+00
2.306847e-02,1.805968e+00,3.766574e-01,2.928396e+00
2.307347e-02,1.807998e+00,3.924617e-01,2.841472e+00
2.307847e-02,1.809924e+00,4.080570e-01,2.755697e+00
2.308347e-02,1.811750e+00,4.234260e-01,2.671167e+00
2.308847e-02,1.813484e+00,4.385517e-01,2.587975e+00
2.309347e-02,1.815131e+00,4.534177e-01,2.506212e+00
2.309847e-02,1.816696e+00,4.680076e-01,2.425966e+00
2.310347e-02,1.818183e+00,4.823060e-01,2.347325e+00
2.310847e-02,1.819595e+00,4.962973e-01,2.270372e+00
2.311347e-02,1.820938e+00,5.099667e-01,2.195190e+00
2.311847e-02,1.822213e+00,5.232996e-01,2.121858e+00
2.312347e-02,1.823423e+00,5.362820e-01,2.050454e+00
2.312847e-02,1.824572e+00,5.489002e-01,1.981054e+00
2.313347e-02,1.825662e+00,5.611410e-01,1.913729e+00
2.313847e-02,1.826694e+00,5.729914e-01,1.848551e+00
2.314347e-02,1.827672e+00,5.844392e-01,1.785588e+00
2.314847e-02,1.828596e+00,5.954724e-01,1.724904e+00
2.315347e-02,1.829468e+00,6.060796e-01,1.666565e+00
2.315847e-02,1.830290e+00,6.162497e-01,1.610629e+00
2.316347e-02,1.831063e+00,6.259721e-01,1.557154e+00
2.316847e-02,1.831789e+00,6.352370e-01,1.506197e+00
2.317347e-02,1.832469e+00,6.440346e-01,1.457810e+00
2.317847e-02,1.833103e+00,6.523559e-01,1.412042e+00
2.318347e-02,1.833693e+00,6.601923e-01,1.368941e+00
2.318847e-02,1.834239e+00,6.675358e-01,1.328551e+00
2.319347e-02,1.834743e+00,6.743788e-01,1.290914e+00
2.319847e-02,1.835205e+00,6.807143e-01,1.256068e+00
2.320347e-02,1.835626e+00,6.865358e-01,1.224049e+00
2.320847e-02,1.836006e+00,6.918373e-01,1.194891e+00
2.321347e-02,1.836345e+00,6.966134e-01,1.168622e+00
2.321847e-02,1.836646e+00,7.008591e-01,1.145269e+00
2.322347e-02,1.836906e+00,7.045702e-01,1.124858e+00
2.322847e-02,1.837128e+00,7.077429e-01,1.107408e+00
2.323347e-02,1.837312e+00,7.103738e-01,1.092937e+00
2.323847e-02,1.837457e+00,7.124603e-01,1.081461e+00
2.324347e-02,1.837563e+00,7.140003e-01,1.072990e+00
2.324847e-02,1.837632e+00,7.149922e-01,1.067535e+00
2.325347e-02,1.837662e+00,7.154349e-01,1.065099e+00
2.325847e-02,1.837655e+00,7.153281e-01,1.065686e+00
2.326347e-02,1.837610e+00,7.146718e-01,1.069295e+00
2.326847e-02,1.837526e+00,7.134667e-01,1.075922e+00
2.327347e-02,1.837405e+00,7.117141e-01,1.085562e+00
2.327847e-02,1.837245e+00,7.094156e-01,1.098202e+00
2.328347e-02,1.837047e+00,7.065738e-01,1.113832e+00
2.328847e-02,1.836810e+00,7.031914e-01,1.132435e+00
2.329347e-02,1.836534e+00,6.992720e-01,1.153991e+00
2.329847e-02,1.836218e+00,6.948196e-01,1.178479e+00
2.330347e-02,1.835863e+00,6.898387e-01,1.205874e+00
2.330847e-02,1.835467e+00,6.843344e-01,1.236147e+00
2.331347e-02,1.835030e+00,6.783123e-01,1.269268e+00
2.331847e-02,1.834552e+00,6.717788e-01,1.305202e+00
2.332347e-02,1.834032e+00,6.647403e-01,1.343913e+00
2.332847e-02,1.833469e+00,6.572043e-01,1.385361e+00
2.333347e-02,1.832862e+00,6.491784e-01,1.429503e+00
2.333847e-02,1.832210e+00,6.406709e-01,1.476294e+00
2.334347e-02,1.831513e+00,6.316906e-01,1.525686e+00
2.334847e-02,1.830769e+00,6.222467e-01,1.577627e+00
2.335347e-02,1.829976e+00,6.123490e-01,1.632064e+00
2.335847e-02,1.829135e+00,6.020077e-01,1.688941e+00
2.336347e-02,1.828243e+00,5.912336e-01,1.748198e+00
2.336847e-02,1.827299e+00,5.800378e-01,1.809774e+00
2.337347e-02,1.826300e+00,5.684321e-01,1.873606e+00
2.337847e-02,1.825246e+00,5.564284e-01,1.939626e+00
2.338347e-02,1.824134e+00,5.440394e-01,2.007765e+00
2.338847e-02,1.822961e+00,5.312780e-01,2.077953e+00
2.339347e-02,1.821726e+00,5.181576e-01,2.150115e+00
2.339847e-02,1.820425e+00,5.046922e-01,2.224175e+00
2.340347e-02,1.819056e+00,4.908959e-01,2.300055e+00
2.340847e-02,1.817615e+00,4.767834e-01,2.377673e+00
2.341347e-02,1.816099e+00,4.623698e-01,2.456948e+00
2.341847e-02,1.814503e+00,4.476706e-01,2.537794e+00
2.342347e-02,1.812823e+00,4.327017e-01,2.620123e+00
2.342847e-02,1.811054e+00,4.174793e-01,2.703846e+00
2.343347e-02,1.809190e+00,4.020202e-01,2.788871e+00
2.343847e-02,1.807225e+00,3.863415e-01,2.875104e+00
2.344347e-02,1.805152e+00,3.704607e-01,2.962448e+00
2.344847e-02,1.802962e+00,3.543958e-01,3.050805e+00
2.345347e-02,1.800647e+00,3.381652e-01,3.140074e+00
2.345847e-02,1.798195e+00,3.217879e-01,3.230149e+00
2.346347e-02,1.795594e+00,3.052834e-01,3.320924e+00
2.346847e-02,1.792831e+00,2.886717e-01,3.412289e+00
2.347347e-02,1.789888e+00,2.719736e-01,3.504129e+00
2.347847e-02,1.786747e+00,2.552106e-01,3.596325e+00
2.348347e-02,1.783383e+00,2.384053e-01,3.688755e+00
2.348847e-02,1.779769e+00,2.215812e-01,3.781288e+00
2.349347e-02,1.775872e+00,2.047635e-01,3.873786e+00
2.349847e-02,1.771650e+00,1.879788e-01,3.966102e+00
2.350347e-02,1.767051e+00,1.712565e-01,4.058075e+00
2.350847e-02,1.762011e+00,1.546287e-01,4.149528e+00
2.351347e-02,1.756445e+00,1.381320e-01,4.240261e+00
2.351847e-02,1.750244e+00,1.218088e-01,4.330039e+00
2.352347e-02,1.743258e+00,1.057103e-01,4.418582e+00
2.352847e-02,1.735217e+00,8.991500e-02,4.505457e+00
2.353347e-02,1.725924e+00,7.448504e-02,4.590324e+00
2.353847e-02,1.714885e+00,5.954959e-02,4.672471e+00
2.354347e-02,1.701348e+00,4.529560e-02,4.750870e+00
2.354847e-02,1.684194e+00,3.199360e-02,4.824036e+00
2.355347e-02,1.661316e+00,2.013725e-02,4.889252e+00
2.355847e-02,1.629262e+00,1.052437e-02,4.942135e+00
2.356347e-02,1.583589e+00,4.176646e-03,4.977063e+00
2.356847e-02,1.523713e+00,1.242880e-03,4.993208e+00
2.357347e-02,1.455928e+00,3.152005e-04,4.998305e+00
2.357847e-02,1.386125e+00,7.672429e-05,4.999604e+00
2.358347e-02,1.316624e+00,1.878965e-05,4.999914e+00
2.358847e-02,1.248096e+00,4.693176e-06,4.999986e+00
2.359347e-02,1.180757e+00,1.200782e-06,5.000001e+00
2.359847e-02,1.114709e+00,3.153596e-07,5.000003e+00
2.360347e-02,1.050025e+00,8.514150e-08,5.000003e+00
2.360847e-02,9.867704e-01,2.366192e-08,5.000002e+00
2.361347e-02,9.250095e-01,6.777752e-09,5.000001e+00
2.361847e-02,8.648028e-01,2.003483e-09,5.000001e+00
2.362347e-02,8.062099e-01,6.118886e-10,5.000001e+00
2.362847e-02,7.492885e-01,1.933100e-10,5.000000e+00
2.363347e-02,6.940949e-01,6.324507e-11,5.000000e+00
2.363847e-02,6.406834e-01,2.145179e-11,5.000000e+00
2.364347e-02,5.891069e-01,7.551638e-12,5.000000e+00
2.364847e-02,5.394163e-01,2.761666e-12,5.000000e+00
2.365347e-02,4.916604e-01,1.050321e-12,5.000000e+00
2.365847e-02,4.458866e-01,4.157238e-13,5.000000e+00
2.366347e-02,4.021399e-01,1.716089e-13,5.000000e+00
2.366847e-02,3.604636e-01,7.386127e-14,5.000000e+00
2.367347e-02,3.208987e-01,3.286488e-14,5.000000e+00
2.367847e-02,2.834843e-01,1.541600e-14,5.000000e+00
2.368347e-02,2.482574e-01,7.623297e-15,5.000000e+00
2.368847e-02,2.152527e-01,3.896352e-15,5.000000e+00
2.369347e-02,1.845027e-01,2.032879e-15,5.000000e+00
2.369847e-02,1.560379e-01,1.185846e-15,5.000000e+00
2.370347e-02,1.298862e-01,6.776264e-16,5.000000e+00
2.370847e-02,1.060736e-01,3.388132e-16,5.000000e+00
2.371347e-02,8.462348e-02,1.694066e-16,5.000000e+00
2.371847e-02,6.555706e-02,1.694066e-16,5.000000e+00
2.372347e-02,4.889313e-02,0.000000e+00,5.000000e+00
2.372847e-02,3.464816e-02,0.000000e+00,5.000000e+00
2.373347e-02,2.283619e-02,1.694066e-16,5.000000e+00
2.373847e-02,1.346888e-02,1.694066e-16,5.000000e+00
2.374347e-02,6.555475e-03,1.694066e-16,5.000000e+00
2.374847e-02,2.102800e-03,-3.388132e-16,5.000000e+00
2.375347e-02,1.152489e-04,-1.694066e-16,5.000000e+00
2.375847e-02,5.947817e-04,3.388132e-16,5.000000e+00
2.376347e-02,3.540926e-03,3.388132e-16,5.000000e+00
2.376847e-02,8.950773e-03,0.000000e+00,5.000000e+00
2.377347e-02,1.681899e-02,0.000000e+00,5.000000e+00
2.377847e-02,2.713780e-02,0.000000e+00,5.000000e+00
2.378347e-02,3.989703e-02,0.000000e+00,5.000000e+00
2.378847e-02,5.508408e-02,0.000000e+00,5.000000e+00
2.379347e-02,7.268397e-02,1.694066e-16,5.000000e+00
2.379847e-02,9.267933e-02,0.000000e+00,5.000000e+00
2.380347e-02,1.150504e-01,5.082198e-16,5.000000e+00
2.380847e-02,1.397752e-01,8.470329e-16,5.000000e+00
2.381347e-02,1.668292e-01,1.185846e-15,5.000000e+00
2.381847e-02,1.961857e-01,2.710505e-15,5.000000e+00
2.382347e-02,2.278159e-01,4.573978e-15,5.000000e+00
2.382847e-02,2.616884e-01,9.825582e-15,5.000000e+00
2.383347e-02,2.977699e-01,2.049820e-14,5.000000e+00
2.383847e-02,3.360247e-01,4.455393e-14,5.000000e+00
2.384347e-02,3.764151e-01,1.019828e-13,5.000000e+00
2.384847e-02,4.189012e-01,2.407268e-13,5.000000e+00
2.385347e-02,4.634411e-01,5.930925e-13,5.000000e+00
2.385847e-02,5.099908e-01,1.522457e-12,5.000000e+00
2.386347e-02,5.585044e-01,4.064233e-12,5.000000e+00
2.386847e-02,6.089341e-01,1.128095e-11,5.000000e+00
2.387347e-02,6.612300e-01,3.251590e-11,5.000000e+00
2.387847e-02,7.153406e-01,9.723108e-11,5.000000e+00
2.388347e-02,7.712124e-01,3.012979e-10,5.000000e+00
2.388847e-02,8.287903e-01,9.664634e-10,5.000000e+00
2.389347e-02,8.880174e-01,3.205342e-09,5.000000e+00
2.389847e-02,9.488354e-01,1.097865e-08,5.000000e+00
2.390347e-02,1.011184e+00,3.878648e-08,5.000000e+00
2.390847e-02,1.075002e+00,1.411647e-07,4.999999e+00
2.391347e-02,1.140224e+00,5.285961e-07,4.999997e+00
2.391847e-02,1.206784e+00,2.033649e-06,4.999989e+00
2.392347e-02,1.274600e+00,8.025524e-06,4.999956e+00
2.392847e-02,1.343544e+00,3.240314e-05,4.999822e+00
2.393347e-02,1.413293e+00,1.329761e-04,4.999269e+00
2.393847e-02,1.482748e+00,5.424829e-04,4.997020e+00
2.394347e-02,1.548363e+00,2.047287e-03,4.988752e+00
2.394847e-02,1.603171e+00,6.207493e-03,4.965889e+00
2.395347e-02,1.643088e+00,1.393115e-02,4.923426e+00
2.395847e-02,1.671027e+00,2.454213e-02,4.865070e+00
2.396347e-02,1.691365e+00,3.703363e-02,4.796362e+00
2.396847e-02,1.706961e+00,5.074192e-02,4.720961e+00
2.397347e-02,1.719379e+00,6.529635e-02,4.640907e+00
2.397847e-02,1.729742e+00,8.042548e-02,4.557692e+00
2.398347e-02,1.738473e+00,9.601655e-02,4.471937e+00
2.398847e-02,1.746045e+00,1.119450e-01,4.384328e+00
2.399347e-02,1.752647e+00,1.281508e-01,4.295194e+00
2.399847e-02,1.758610e+00,1.445416e-01,4.205042e+00
2.400347e-02,1.763977e+00,1.610901e-01,4.114025e+00
2.400847e-02,1.768849e+00,1.777559e-01,4.022361e+00
2.401347e-02,1.773303e+00,1.945042e-01,3.930245e+00
2.401847e-02,1.777400e+00,2.113036e-01,3.837847e+00
2.402347e-02,1.781187e+00,2.281258e-01,3.745324e+00
2.402847e-02,1.784703e+00,2.449447e-01,3.652820e+00
2.403347e-02,1.787981e+00,2.617356e-01,3.560469e+00
2.403847e-02,1.791044e+00,2.784755e-01,3.468399e+00
2.404347e-02,1.793917e+00,2.951422e-01,3.376732e+00
2.404847e-02,1.796617e+00,3.117143e-01,3.285585e+00
2.405347e-02,1.799159e+00,3.281715e-01,3.195070e+00
2.405847e-02,1.801557e+00,3.444938e-01,3.105296e+00
2.406347e-02,1.803823e+00,3.606621e-01,3.016371e+00
2.406847e-02,1.805968e+00,3.766574e-01,2.928396e+00
2.407347e-02,1.807998e+00,3.924617e-01,2.841472e+00
2.407847e-02,1.809924e+00,4.080570e-01,2.755697e+00
2.408347e-02,1.811750e+00,4.234260e-01,2.671167e+00
2.408847e-02,1.813484e+00,4.385517e-01,2.587975e+00
2.409347e-02,1.815131e+00,4.534176e-01,2.506212e+00
2.409847e-02,1.816696e+00,4.680076e-01,2.425966e+00
2.410347e-02,1.818183e+00,4.823060e-01,2.347325e+00
2.410847e-02,1.819595e+00,4.962973e-01,2.270372e+00
2.411347e-02,1.820938e+00,5.099667e-01,2.195190e+00
2.411847e-02,1.822213e+00,5.232996e-01,2.121858e+00
2.412347e-02,1.823423e+00,5.362820e-01,2.050454e+00
2.412847e-02,1.824572e+00,5.489002e-01,1.981054e+00
2.413347e-02,1.825662e+00,5.611410e-01,1.913729e+00
2.413847e-02,1.826694e+00,5.729914e-01,1.848551e+00
2.414347e-02,1.827672e+00,5.844392e-01,1.785588e+00
2.414847e-02,1.828596e+00,5.954724e-01,1.724904e+00
2.415347e-02,1.829468e+00,6.060796e-01,1.666565e+00
2.415847e-02,1.830290e+00,6.162497e-01,1.610629e+00
2.416347e-02,1.831063e+00,6.259721e-01,1.557154e+00
2.416847e-02,1.831789e+00,6.352370e-01,1.506197e+00
2.417347e-02,1.832469e+00,6.440346e-01,1.457810e+00
2.417847e-02,1.833103e+00,6.523559e-01,1.412042e+00
2.418347e-02,1.833693e+00,6.601923e-01,1.368941e+00
2.418847e-02,1.834239e+00,6.675358e-01,1.328551e+00
2.419347e-02,1.834743e+00,6.743788e-01,1.290914e+00
2.419847e-02,1.835205e+00,6.807143e-01,1.256068e+00
2.420347e-02,1.835626e+00,6.865358e-01,1.224049e+00
2.420847e-02,1.836006e+00,6.918373e-01,1.194891e+00
2.421347e-02,1.836345e+00,6.966134e-01,1.168622e+00
2.421847e-02,1.836646e+00,7.008591e-01,1.145269e+00
2.422347e-02,1.836906e+00,7.045702e-01,1.124858e+00
2.422847e-02,1.837128e+00,7.077429e-01,1.107408e+00
2.423347e-02,1.837312e+00,7.103738e-01,1.092937e+00
2.423847e-02,1.837457e+00,7.124603e-01,1.081461e+00
2.424347e-02,1.837563e+00,7.140003e-01,1.072990e+00
2.424847e-02,1.837632e+00,7.149922e-01,1.067535e+00
2.425347e-02,1.837662e+00,7.154349e-01,1.065099e+00
2.425847e-02,1.837655e+00,7.153281e-01,1.065686e+00
2.426347e-02,1.837610e+00,7.146718e-01,1.069295e+00
2.426847e-02,1.837526e+00,7.134667e-01,1.075922e+00
2.427347e-02,1.837405e+00,7.117141e-01,1.085562e+00
2.427847e-02,1.837245e+00,7.094156e-01,1.098202e+00
2.428347e-02,1.837047e+00,7.065738e-01,1.113832e+00
2.428847e-02,1.836810e+00,7.031914e-01,1.132435e+00
2.429347e-02,1.836534e+00,6.992720e-01,1.153991e+00
2.429847e-02,1.836218e+00,6.948196e-01,1.178479e+00
2.430347e-02,1.835863e+00,6.898387e-01,1.205874e+00
2.430847e-02,1.835467e+00,6.843344e-01,1.236147e+00
2.431347e-02,1.835030e+00,6.783123e-01,1.269268e+00
2.431847e-02,1.834552e+00,6.717788e-01,1.305202e+00
2.432347e-02,1.834032e+00,6.647403e-01,1.343913e+00
2.432847e-02,1.833469e+00,6.572043e-01,1.385361e+00
2.433347e-02,1.832862e+00,6.491784e-01,1.429503e+00
2.433847e-02,1.832210e+00,6.406709e-01,1.476294e+00
2.434347e-02,1.831513e+00,6.316906e-01,1.525686e+00
2.434847e-02,1.830769e+00,6.222467e-01,1.577627e+00
2.435347e-02,1.829976e+00,6.123490e-01,1.632064e+00
2.435847e-02,1.829135e+00,6.020077e-01,1.688940e+00
2.436347e-02,1.828243e+00,5.912336e-01,1.748198e+00
2.436847e-02,1.827299e+00,5.800378e-01,1.809774e+00
2.437347e-02,1.826300e+00,5.684321e-01,1.873606e+00
2.437847e-02,1.825246e+00,5.564284e-01,1.939626e+00
2.438347e-02,1.824134e+00,5.440394e-01,2.007765e+00
2.438847e-02,1.822961e+00,5.312780e-01,2.077953e+00
2.439347e-02,1.821726e+00,5.181576e-01,2.150115e+00
2.439847e-02,1.820425e+00,5.046922e-01,2.224175e+00
2.440347e-02,1.819056e+00,4.908959e-01,2.300054e+00
2.440847e-02,1.817615e+00,4.767834e-01,2.377673e+00
2.441347e-02,1.816099e+00,4.623698e-01,2.456948e+00
2.441847e-02,1.814503e+00,4.476706e-01,2.537793e+00
2.442347e-02,1.812823e+00,4.327017e-01,2.620123e+00
2.442847e-02,1.811054e+00,4.174793e-01,2.703846e+00
2.443347e-02,1.809190e+00,4.020202e-01,2.788871e+00
2.443847e-02,1.807225e+00,3.863415e-01,2.875104e+00
2.444347e-02,1.805152e+00,3.704607e-01,2.962448e+00
2.444847e-02,1.802962e+00,3.543958e-01,3.050805e+00
2.445347e-02,1.800647e+00,3.381652e-01,3.140074e+00
2.445847e-02,1.798195e+00,3.217879e-01,3.230149e+00
2.446347e-02,1.795594e+00,3.052834e-01,3.320924e+00
2.446847e-02,1.792831e+00,2.886717e-01,3.412289e+00
2.447347e-02,1.789888e+00,2.719736e-01,3.504129e+00
2.447847e-02,1.786747e+00,2.552106e-01,3.596325e+00
2.448347e-02,1.783383e+00,2.384053e-01,3.688755e+00
2.448847e-02,1.779769e+00,2.215812e-01,3.781288e+00
2.449347e-02,1.775872e+00,2.047635e-01,3.873786e+00
2.449847e-02,1.771650e+00,1.879788e-01,3.966102e+00
2.450347e-02,1.767051e+00,1.712565e-01,4.058075e+00
2.450847e-02,1.762011e+00,1.546287e-01,4.149528e+00
2.451347e-02,1.756445e+00,1.381320e-01,4.240261e+00
2.451847e-02,1.750244e+00,1.218088e-01,4.330039e+00
2.452347e-02,1.743258e+00,1.057103e-01,4.418582e+00
2.452847e-02,1.735217e+00,8.991501e-02,4.505457e+00
2.453347e-02,1.725924e+00,7.448504e-02,4.590324e+00
2.453847e-02,1.714885e+00,5.954959e-02,4.672471e+00
2.454347e-02,1.701348e+00,4.529560e-02,4.750870e+00
2.454847e-02,1.684194e+00,3.199360e-02,4.824036e+00
2.455347e-02,1.661316e+00,2.013726e-02,4.889252e+00
2.455847e-02,1.629262e+00,1.052437e-02,4.942135e+00
2.456347e-02,1.583589e+00,4.176647e-03,4.977063e+00
2.456847e-02,1.523713e+00,1.242880e-03,4.993208e+00
2.457347e-02,1.455928e+00,3.152006e-04,4.998305e+00
2.457847e-02,1.386125e+00,7.672432e-05,4.999604e+00
2.458347e-02,1.316624e+00,1.878966e-05,4.999914e+00
2.458847e-02,1.248096e+00,4.693178e-06,4.999986e+00
2.459347e-02,1.180757e+00,1.200783e-06,5.000001e+00
2.459847e-02,1.114709e+00,3.153597e-07,5.000003e+00
2.460347e-02,1.050025e+00,8.514152e-08,5.000003e+00
2.460847e-02,9.867704e-01,2.366192e-08,5.000002e+00
2.461347e-02,9.250095e-01,6.777754e-09,5.000001e+00
2.461847e-02,8.648028e-01,2.003483e-09,5.000001e+00
2.462347e-02,8.062099e-01,6.118886e-10,5.000001e+00
2.462847e-02,7.492885e-01,1.933102e-10,5.000000e+00
2.463347e-02,6.940949e-01,6.324490e-11,5.000000e+00
2.463847e-02,6.406835e-01,2.145196e-11,5.000000e+00
2.464347e-02,5.891069e-01,7.551638e-12,5.000000e+00
2.464847e-02,5.394163e-01,2.761836e-12,5.000000e+00
2.465347e-02,4.916604e-01,1.050151e-12,5.000000e+00
2.465847e-02,4.458866e-01,4.157238e-13,5.000000e+00
2.466347e-02,4.021399e-01,1.714395e-13,5.000000e+00
2.466847e-02,3.604636e-01,7.335305e-14,5.000000e+00
2.467347e-02,3.208987e-01,3.286488e-14,5.000000e+00
2.467847e-02,2.834843e-01,1.558541e-14,5.000000e+00
2.468347e-02,2.482574e-01,7.792703e-15,5.000000e+00
2.468847e-02,2.152527e-01,3.896352e-15,5.000000e+00
2.469347e-02,1.845027e-01,2.032879e-15,5.000000e+00
2.469847e-02,1.560379e-01,1.185846e-15,5.000000e+00
2.470347e-02,1.298862e-01,6.776264e-16,5.000000e+00
2.470847e-02,1.060736e-01,3.388132e-16,5.000000e+00
2.471347e-02,8.462348e-02,3.388132e-16,5.000000e+00
2.471847e-02,6.555706e-02,1.694066e-16,5.000000e+00
2.472347e-02,4.889314e-02,0.000000e+00,5.000000e+00
2.472847e-02,3.464816e-02,0.000000e+00,5.000000e+00
2.473347e-02,2.283619e-02,-1.694066e-16,5.000000e+00
2.473847e-02,1.346888e-02,-1.694066e-16,5.000000e+00
2.474347e-02,6.555476e-03,0.000000e+00,5.000000e+00
2.474847e-02,2.102801e-03,1.694066e-16,5.000000e+00
2.475347e-02,1.152490e-04,1.694066e-16,5.000000e+00
2.475847e-02,5.947813e-04,-1.694066e-16,5.000000e+00
2.476347e-02,3.540925e-03,0.000000e+00,5.000000e+00
2.476847e-02,8.950772e-03,1.694066e-16,5.000000e+00
2.477347e-02,1.681898e-02,0.000000e+00,5.000000e+00
2.477847e-02,2.713780e-02,-1.694066e-16,5.000000e+00
2.478347e-02,3.989702e-02,0.000000e+00,5.000000e+00
2.478847e-02,5.508408e-02,0.000000e+00,5.000000e+00
2.479347e-02,7.268397e-02,3.388132e-16,5.000000e+00
2.479847e-02,9.267932e-02,0.000000e+00,5.000000e+00
2.480347e-02,1.150504e-01,3.388132e-16,5.000000e+00
2.480847e-02,1.397752e-01,8.470329e-16,5.000000e+00
2.481347e-02,1.668292e-01,1.355253e-15,5.000000e+00
2.481847e-02,1.961857e-01,2.710505e-15,5.000000e+00
2.482347e-02,2.278159e-01,4.573978e-15,5.000000e+00
2.482847e-02,2.616884e-01,9.825582e-15,5.000000e+00
2.483347e-02,2.977699e-01,2.049820e-14,5.000000e+00
2.483847e-02,3.360247e-01,4.455393e-14,5.000000e+00
2.484347e-02,3.764151e-01,1.019828e-13,5.000000e+00
2.484847e-02,4.189012e-01,2.407268e-13,5.000000e+00
2.485347e-02,4.634411e-01,5.930925e-13,5.000000e+00
2.485847e-02,5.099908e-01,1.522457e-12,5.000000e+00
2.486347e-02,5.585044e-01,4.064233e-12,5.000000e+00
2.486847e-02,6.089341e-01,1.128095e-11,5.000000e+00
2.487347e-02,6.612300e-01,3.251590e-11,5.000000e+00
2.487847e-02,7.153406e-01,9.723108e-11,5.000000e+00
2.488347e-02,7.712124e-01,3.012979e-10,5.000000e+00
2.488847e-02,8.287903e-01,9.664632e-10,5.000000e+00
2.489347e-02,8.880174e-01,3.205341e-09,5.000000e+00
2.489847e-02,9.488354e-01,1.097864e-08,5.000000e+00
2.490347e-02,1.011184e+00,3.878647e-08,5.000000e+00
2.490847e-02,1.075002e+00,1.411646e-07,4.999999e+00
2.491347e-02,1.140224e+00,5.285960e-07,4.999997e+00
2.491847e-02,1.206784e+00,2.033648e-06,4.999989e+00
2.492347e-02,1.274600e+00,8.025521e-06,4.999956e+00
2.492847e-02,1.343544e+00,3.240313e-05,4.999822e+00
2.493347e-02,1.413293e+00,1.329761e-04,4.999269e+00
2.493847e-02,1.482748e+00,5.424827e-04,4.997020e+00
2.494347e-02,1.548363e+00,2.047286e-03,4.988752e+00
2.494847e-02,1.603171e+00,6.207492e-03,4.965889e+00
2.495347e-02,1.643088e+00,1.393115e-02,4.923426e+00
2.495847e-02,1.671027e+00,2.454212e-02,4.865070e+00
2.496347e-02,1.691365e+00,3.703362e-02,4.796362e+00
2.496847e-02,1.706961e+00,5.074191e-02,4.720961e+00
2.497347e-02,1.719379e+00,6.529634e-02,4.640907e+00
2.497847e-02,1.729742e+00,8.042548e-02,4.557692e+00
2.498347e-02,1.738473e+00,9.601655e-02,4.471937e+00
2.498847e-02,1.746045e+00,1.119450e-01,4.384328e+00
2.499347e-02,1.752647e+00,1.281508e-01,4.295194e+00
2.499847e-02,1.758610e+00,1.445416e-01,4.205042e+00
2.500347e-02,1.763977e+00,1.610900e-01,4.114025e+00
2.500847e-02,1.768849e+00,1.777559e-01,4.022361e+00
2.501347e-02,1.773303e+00,1.945042e-01,3.930245e+00
2.501847e-02,1.777400e+00,2.113036e-01,3.837847e+00
2.502347e-02,1.781187e+00,2.281258e-01,3.745324e+00
2.502847e-02,1.784703e+00,2.449447e-01,3.652820e+00
2.503347e-02,1.787981e+00,2.617356e-01,3.560469e+00
2.503847e-02,1.791044e+00,2.784755e-01,3.468399e+00
2.504347e-02,1.793917e+00,2.951422e-01,3.376732e+00
2.504847e-02,1.796617e+00,3.117143e-01,3.285585e+00
2.505347e-02,1.799159e+00,3.281715e-01,3.195070e+00
2.505847e-02,1.801557e+00,3.444938e-01,3.105296e+00
2.506347e-02,1.803823e+00,3.606621e-01,3.016371e+00
2.506847e-02,1.805968e+00,3.766574e-01,2.928396e+00
2.507347e-02,1.807998e+00,3.924617e-01,2.841472e+00
2.507847e-02,1.809924e+00,4.080570e-01,2.755697e+00
2.508347e-02,1.811750e+00,4.234260e-01,2.671167e+00
2.508847e-02,1.813484e+00,4.385517e-01,2.587975e+00
2.509347e-02,1.815131e+00,4.534176e-01,2.506212e+00
2.509847e-02,1.816696e+00,4.680076e-01,2.425966e+00
2.510347e-02,1.818183e+00,4.823060e-01,2.347325e+00
2.510847e-02,1.819595e+00,4.962973e-01,2.270372e+00
2.511347e-02,1.820938e+00,5.099667e-01,2.195190e+00
2.511847e-02,1.822213e+00,5.232996e-01,2.121858e+00
2.512347e-02,1.823423e+00,5.362820e-01,2.050454e+00
2.512847e-02,1.824572e+00,5.489002e-01,1.981054e+00
2.513347e-02,1.825662e+00,5.611410e-01,1.913729e+00
2.513847e-02,1.826694e+00,5.729914e-01,1.848551e+00
2.514347e-02,1.827672e+00,5.844392e-01,1.785588e+00
2.514847e-02,1.828596e+00,5.954724e-01,1.724904e+00
2.515347e-02,1.829468e+00,6.060796e-01,1.666565e+00
2.515847e-02,1.830290e+00,6.162497e-01,1.610629e+00
2.516347e-02,1.831063e+00,6.259721e-01,1.557154e+00
2.516847e-02,1.831789e+00,6.352370e-01,1.506197e+00
2.517347e-02,1.832469e+00,6.440346e-01,1.457810e+00
2.517847e-02,1.833103e+00,6.523559e-01,1.412042e+00
2.518347e-02,1.833693e+00,6.601923e-01,1.368941e+00
2.518847e-02,1.834239e+00,6.675358e-01,1.328551e+00
2.519347e-02,1.834743e+00,6.743788e-01,1.290914e+00
2.519847e-02,1.835205e+00,6.807143e-01,1.256068e+00
2.520347e-02,1.835626e+00,6.865358e-01,1.224049e+00
2.520847e-02,1.836006e+00,6.918373e-01,1.194891e+00
2.521347e-02,1.836345e+00,6.966134e-01,1.168622e+00
2.521847e-02,1.836646e+00,7.008591e-01,1.145269e+00
2.522347e-02,1.836906e+00,7.045702e-01,1.124858e+00
2.522847e-02,1.837128e+00,7.077429e-01,1.107408e+00
2.523347e-02,1.837312e+00,7.103738e-01,1.092937e+00
2.523847e-02,1.837457e+00,7.124603e-01,1.081461e+00
2.524347e-02,1.837563e+00,7.140003e-01,1.072990e+00
2.524847e-02,1.837632e+00,7.149922e-01,1.067535e+00
2.525347e-02,1.837662e+00,7.154349e-01,1.065099e+00
2.525847e-02,1.837655e+00,7.153281e-01,1.065686e+00
2.526347e-02,1.837610e+00,7.146718e-01,1.069295e+00
2.526847e-02,1.837526e+00,7.134667e-01,1.075922e+00
2.527347e-02,1.837405e+00,7.117141e-01,1.085562e+00
2.527847e-02,1.837245e+00,7.094156e-01,1.098202e+00
2.528347e-02,1.837047e+00,7.065738e-01,1.113832e+00
2.528847e-02,1.836810e+00,7.031914e-01,1.132435e+00
2.529347e-02,1.836534e+00,6.992720e-01,1.153991e+00
2.529847e-02,1.836218e+00,6.948196e-01,1.178479e+00
2.530347e-02,1.835863e+00,6.898387e-01,1.205874e+00
2.530847e-02,1.835467e+00,6.843344e-01,1.236147e+00
2.531347e-02,1.835030e+00,6.783123e-01,1.269268e+00
2.531847e-02,1.834552e+00,6.717788e-01,1.305202e+00
2.532347e-02,1.834032e+00,6.647403e-01,1.343913e+00
2.532847e-02,1.833469e+00,6.572043e-01,1.385361e+00
2.533347e-02,1.832862e+00,6.491784e-01,1.429503e+00
2.533847e-02,1.832210e+00,6.406709e-01,1.476294e+00
2.534347e-02,1.831513e+00,6.316906e-01,1.525686e+00
2.534847e-02,1.830769e+00,6.222467e-01,1.577627e+00
2.535347e-02,1.829976e+00,6.123490e-01,1.632064e+00
2.535847e-02,1.829135e+00,6.020077e-01,1.688940e+00
2.536347e-02,1.828243e+00,5.912336e-01,1.748198e+00
2.536847e-02,1.827299e+00,5.800379e-01,1.809774e+00
2.537347e-02,1.826300e+00,5.684321e-01,1.873606e+00
2.537847e-02,1.825246e+00,5.564284e-01,1.939626e+00
2.538347e-02,1.824134e+00,5.440394e-01,2.007765e+00
2.538847e-02,1.822961e+00,5.312780e-01,2.077953e+00
2.539347e-02,1.821726e+00,5.181576e-01,2.150115e+00
2.539847e-02,1.820425e+00,5.046922e-01,2.224175e+00
2.540347e-02,1.819056e+00,4.908959e-01,2.300054e+00
2.540847e-02,1.817615e+00,4.767834e-01,2.377673e+00
2.541347e-02,1.816099e+00,4.623698e-01,2.456948e+00
2.541847e-02,1.814503e+00,4.476706e-01,2.537793e+00
2.542347e-02,1.812823e+00,4.327017e-01,2.620123e+00
2.542847e-02,1.811054e+00,4.174793e-01,2.703846e+00
2.543347e-02,1.809190e+00,4.020202e-01,2.788871e+00
2.543847e-02,1.807225e+00,3.863415e-01,2.875104e+00
2.544347e-02,1.805152e+00,3.704607e-01,2.962448e+00
2.544847e-02,1.802962e+00,3.543958e-01,3.050805e+00
2.545347e-02,1.800647e+00,3.381652e-01,3.140074e+00
2.545847e-02,1.798195e+00,3.217879e-01,3.230149e+00
2.546347e-02,1.795594e+00,3.052834e-01,3.320924e+00
2.546847e-02,1.792831e+00,2.886717e-01,3.412289e+00
2.547347e-02,1.789888e+00,2.719736e-01,3.504129e+00
2.547847e-02,1.786747e+00,2.552106e-01,3.596325e+00
2.548347e-02,1.783383e+00,2.384053e-01,3.688755e+00
2.548847e-02,1.779769e+00,2.215812e-01,3.781288e+00
2.549347e-02,1.775872e+00,2.047635e-01,3.873786e+00
2.549847e-02,1.771650e+00,1.879788e-01,3.966102e+00
2.550347e-02,1.767051e+00,1.712565e-01,4.058075e+00
2.550847e-02,1.762011e+00,1.546287e-01,4.149528e+00
2.551347e-02,1.756445e+00,1.381320e-01,4.240261e+00
2.551847e-02,1.750244e+00,1.218088e-01,4.330039e+00
2.552347e-02,1.743258e+00,1.057103e-01,4.418582e+00
2.552847e-02,1.735217e+00,8.991501e-02,4.505457e+00
2.553347e-02,1.725924e+00,7.448505e-02,4.590324e+00
2.553847e-02,1.714885e+00,5.954959e-02,4.672471e+00
2.554347e-02,1.701348e+00,4.529560e-02,4.750870e+00
2.554847e-02,1.684194e+00,3.199360e-02,4.824036e+00
2.555347e-02,1.661316e+00,2.013726e-02,4.889252e+00
2.555847e-02,1.629262e+00,1.052438e-02,4.942134e+00
2.556347e-02,1.583589e+00,4.176648e-03,4.977063e+00
2.556847e-02,1.523713e+00,1.242881e-03,4.993208e+00
2.557347e-02,1.455928e+00,3.152007e-04,4.998305e+00
2.557847e-02,1.386125e+00,7.672434e-05,4.999604e+00
2.558347e-02,1.316624e+00,1.878966e-05,4.999914e+00
2.558847e-02,1.248096e+00,4.693179e-06,4.999986e+00
2.559347e-02,1.180757e+00,1.200783e-06,5.000001e+00
2.559847e-02,1.114709e+00,3.153598e-07,5.000003e+00
2.560347e-02,1.050025e+00,8.514155e-08,5.000003e+00
2.560847e-02,9.867704e-01,2.366193e-08,5.000002e+00
2.561347e-02,9.250095e-01,6.777756e-09,5.000001e+00
2.561847e-02,8.648028e-01,2.003484e-09,5.000001e+00
2.562347e-02,8.062099e-01,6.118890e-10,5.000001e+00
2.562847e-02,7.492885e-01,1.933104e-10,5.000000e+00
2.563347e-02,6.940949e-01,6.324507e-11,5.000000e+00
2.563847e-02,6.406835e-01,2.145196e-11,5.000000e+00
2.564347e-02,5.891070e-01,7.551299e-12,5.000000e+00
2.564847e-02,5.394163e-01,2.761666e-12,5.000000e+00
2.565347e-02,4.916604e-01,1.050321e-12,5.000000e+00
2.565847e-02,4.458866e-01,4.158932e-13,5.000000e+00
2.566347e-02,4.021399e-01,1.716089e-13,5.000000e+00
2.566847e-02,3.604636e-01,7.352246e-14,5.000000e+00
2.567347e-02,3.208987e-01,3.286488e-14,5.000000e+00
2.567847e-02,2.834843e-01,1.558541e-14,5.000000e+00
2.568347e-02,2.482574e-01,7.453890e-15,5.000000e+00
2.568847e-02,2.152527e-01,3.388132e-15,5.000000e+00
2.569347e-02,1.845027e-01,2.032879e-15,5.000000e+00
2.569847e-02,1.560379e-01,8.470329e-16,5.000000e+00
2.570347e-02,1.298862e-01,5.082198e-16,5.000000e+00
2.570847e-02,1.060736e-01,3.388132e-16,5.000000e+00
2.571347e-02,8.462349e-02,1.694066e-16,5.000000e+00
2.571847e-02,6.555706e-02,1.694066e-16,5.000000e+00
2.572347e-02,4.889314e-02,0.000000e+00,5.000000e+00
2.572847e-02,3.464816e-02,1.694066e-16,5.000000e+00
2.573347e-02,2.283619e-02,-1.694066e-16,5.000000e+00
2.573847e-02,1.346888e-02,-3.388132e-16,5.000000e+00
2.574347e-02,6.555478e-03,1.694066e-16,5.000000e+00
2.574847e-02,2.102802e-03,1.694066e-16,5.000000e+00
2.575347e-02,1.152492e-04,-1.694066e-16,5.000000e+00
2.575847e-02,5.947809e-04,-1.694066e-16,5.000000e+00
2.576347e-02,3.540924e-03,-1.694066e-16,5.000000e+00
2.576847e-02,8.950770e-03,0.000000e+00,5.000000e+00
2.577347e-02,1.681898e-02,0.000000e+00,5.000000e+00
2.577847e-02,2.713779e-02,0.000000e+00,5.000000e+00
2.578347e-02,3.989702e-02,0.000000e+00,5.000000e+00
2.578847e-02,5.508407e-02,1.694066e-16,5.000000e+00
2.579347e-02,7.268396e-02,3.388132e-16,5.000000e+00
2.579847e-02,9.267932e-02,1.694066e-16,5.000000e+00
2.580347e-02,1.150504e-01,5.082198e-16,5.000000e+00
2.580847e-02,1.397752e-01,8.470329e-16,5.000000e+00
2.581347e-02,1.668292e-01,1.355253e-15,5.000000e+00
2.581847e-02,1.961857e-01,2.710505e-15,5.000000e+00
2.582347e-02,2.278159e-01,4.573978e-15,5.000000e+00
2.582847e-02,2.616884e-01,9.825582e-15,5.000000e+00
2.583347e-02,2.977699e-01,2.049820e-14,5.000000e+00
2.583847e-02,3.360247e-01,4.455393e-14,5.000000e+00
2.584347e-02,3.764151e-01,1.019828e-13,5.000000e+00
2.584847e-02,4.189012e-01,2.407268e-13,5.000000e+00
2.585347e-02,4.634411e-01,5.930925e-13,5.000000e+00
2.585847e-02,5.099908e-01,1.522457e-12,5.000000e+00
2.586347e-02,5.585044e-01,4.064233e-12,5.000000e+00
2.586847e-02,6.089341e-01,1.128095e-11,5.000000e+00
2.587347e-02,6.612300e-01,3.251590e-11,5.000000e+00
2.587847e-02,7.153405e-01,9.723108e-11,5.000000e+00
2.588347e-02,7.712123e-01,3.012972e-10,5.000000e+00
2.588847e-02,8.287902e-01,9.664627e-10,5.000000e+00
2.589347e-02,8.880174e-01,3.205340e-09,5.000000e+00
2.589847e-02,9.488354e-01,1.097864e-08,5.000000e+00
2.590347e-02,1.011184e+00,3.878645e-08,5.000000e+00
2.590847e-02,1.075002e+00,1.411646e-07,4.999999e+00
2.591347e-02,1.140224e+00,5.285958e-07,4.999997e+00
2.591847e-02,1.206784e+00,2.033647e-06,4.999989e+00
2.592347e-02,1.274600e+00,8.025519e-06,4.999956e+00
2.592847e-02,1.343544e+00,3.240312e-05,4.999822e+00
2.593347e-02,1.413293e+00,1.329761e-04,4.999269e+00
2.593847e-02,1.482748e+00,5.424825e-04,4.997020e+00
2.594347e-02,1.548363e+00,2.047286e-03,4.988752e+00
2.594847e-02,1.603171e+00,6.207490e-03,4.965889e+00
2.595347e-02,1.643088e+00,1.393114e-02,4.923426e+00
2.595847e-02,1.671027e+00,2.454212e-02,4.865070e+00
2.596347e-02,1.691365e+00,3.703362e-02,4.796362e+00
2.596847e-02,1.706961e+00,5.074191e-02,4.720961e+00
2.597347e-02,1.719379e+00,6.529634e-02,4.640907e+00
2.597847e-02,1.729742e+00,8.042548e-02,4.557692e+00
2.598347e-02,1.738473e+00,9.601654e-02,4.471937e+00
2.598847e-02,1.746045e+00,1.119450e-01,4.384328e+00
2.599347e-02,1.752647e+00,1.281508e-01,4.295194e+00
2.599847e-02,1.758610e+00,1.445416e-01,4.205042e+00
2.600347e-02,1.763977e+00,1.610900e-01,4.114025e+00
2.600847e-02,1.768849e+00,1.777559e-01,4.022361e+00
2.601347e-02,1.773303e+00,1.945042e-01,3.930245e+00
2.601847e-02,1.777400e+00,2.113036e-01,3.837847e+00
2.602347e-02,1.781187e+00,2.281258e-01,3.745324e+00
2.602847e-02,1.784703e+00,2.449447e-01,3.652820e+00
2.603347e-02,1.787981e+00,2.617356e-01,3.560469e+00
2.603847e-02,1.791044e+00,2.784755e-01,3.468399e+00
2.604347e-02,1.793917e+00,2.951422e-01,3.376732e+00
2.604847e-02,1.796617e+00,3.117143e-01,3.285585e+00
2.605347e-02,1.799159e+00,3.281715e-01,3.195070e+00
2.605847e-02,1.801557e+00,3.444938e-01,3.105297e+00
2.606347e-02,1.803823e+00,3.606621e-01,3.016371e+00
2.606847e-02,1.805968e+00,3.766574e-01,2.928396e+00
2.607347e-02,1.807998e+00,3.924617e-01,2.841472e+00
2.607847e-02,1.809924e+00,4.080570e-01,2.755697e+00
2.608347e-02,1.811750e+00,4.234260e-01,2.671167e+00
2.608847e-02,1.813484e+00,4.385517e-01,2.587975e+00
2.609347e-02,1.815131e+00,4.534176e-01,2.506212e+00
2.609847e-02,1.816696e+00,4.680076e-01,2.425966e+00
2.610347e-02,1.818183e+00,4.823060e-01,2.347325e+00
2.610847e-02,1.819595e+00,4.962973e-01,2.270372e+00
2.611347e-02,1.820938e+00,5.099667e-01,2.195190e+00
2.611847e-02,1.822213e+00,5.232996e-01,2.121858e+00
2.612347e-02,1.823423e+00,5.362820e-01,2.050455e+00
2.612847e-02,1.824572e+00,5.489002e-01,1.981054e+00
2.613347e-02,1.825662e+00,5.611410e-01,1.913729e+00
2.613847e-02,1.826694e+00,5.729914e-01,1.848551e+00
2.614347e-02,1.827672e+00,5.844392e-01,1.785588e+00
2.614847e-02,1.828596e+00,5.954724e-01,1.724904e+00
2.615347e-02,1.829468e+00,6.060796e-01,1.666565e+00
2.615847e-02,1.830290e+00,6.162496e-01,1.610629e+00
2.616347e-02,1.831063e+00,6.259721e-01,1.557154e+00
2.616847e-02,1.831789e+00,6.352370e-01,1.506197e+00
2.617347e-02,1.832469e+00,6.440346e-01,1.457810e+00
2.617847e-02,1.833103e+00,6.523559e-01,1.412042e+00
2.618347e-02,1.833693e+00,6.601923e-01,1.368941e+00
2.618847e-02,1.834239e+00,6.675358e-01,1.328551e+00
2.619347e-02,1.834743e+00,6.743788e-01,1.290914e+00
2.619847e-02,1.835205e+00,6.807143e-01,1.256068e+00
2.620347e-02,1.835626e+00,6.865358e-01,1.224049e+00
2.620847e-02,1.836006e+00,6.918373e-01,1.194891e+00
2.621347e-02,1.836345e+00,6.966134e-01,1.168622e+00
2.621847e-02,1.836646e+00,7.008591e-01,1.145269e+00
2.622347e-02,1.836906e+00,7.045702e-01,1.124858e+00
2.622847e-02,1.837128e+00,7.077429e-01,1.107408e+00
2.623347e-02,1.837312e+00,7.103738e-01,1.092937e+00
2.623847e-02,1.837457e+00,7.124603e-01,1.081461e+00
2.624347e-02,1.837563e+00,7.140003e-01,1.072990e+00
2.624847e-02,1.837632e+00,7.149922e-01,1.067535e+00
2.625347e-02,1.837662e+00,7.154349e-01,1.065099e+00
2.625847e-02,1.837655e+00,7.153281e-01,1.065686e+00
2.626347e-02,1.837610e+00,7.146718e-01,1.069295e+00
2.626847e-02,1.837526e+00,7.134667e-01,1.075922e+00
2.627347e-02,1.837405e+00,7.117141e-01,1.085562e+00
2.627847e-02,1.837245e+00,7.094156e-01,1.098202e+00
2.628347e-02,1.837047e+00,7.065738e-01,1.113832e+00
2.628847e-02,1.836810e+00,7.031915e-01,1.132435e+00
2.629347e-02,1.836534e+00,6.992720e-01,1.153991e+00
2.629847e-02,1.836218e+00,6.948196e-01,1.178479e+00
2.630347e-02,1.835863e+00,6.898387e-01,1.205874e+00
2.630847e-02,1.835467e+00,6.843344e-01,1.236147e+00
2.631347e-02,1.835030e+00,6.783123e-01,1.269268e+00
2.631847e-02,1.834552e+00,6.717788e-01,1.305202e+00
2.632347e-02,1.834032e+00,6.647403e-01,1.343913e+00
2.632847e-02,1.833469e+00,6.572043e-01,1.385361e+00
2.633347e-02,1.832862e+00,6.491784e-01,1.429503e+00
2.633847e-02,1.832210e+00,6.406709e-01,1.476294e+00
2.634347e-02,1.831513e+00,6.316906e-01,1.525686e+00
2.634847e-02,1.830769e+00,6.222467e-01,1.577627e+00
2.635347e-02,1.829976e+00,6.123490e-01,1.632064e+00
2.635847e-02,1.829135e+00,6.020077e-01,1.688940e+00
2.636347e-02,1.828243e+00,5.912336e-01,1.748198e+00
2.636847e-02,1.827299e+00,5.800379e-01,1.809774e+00
2.637347e-02,1.826300e+00,5.684321e-01,1.873606e+00
2.637847e-02,1.825246e+00,5.564284e-01,1.939626e+00
2.638347e-02,1.824134e+00,5.440394e-01,2.007765e+00
2.638847e-02,1.822961e+00,5.312780e-01,2.077953e+00
2.639347e-02,1.821726e+00,5.181576e-01,2.150115e+00
2.639847e-02,1.820425e+00,5.046922e-01,2.224175e+00
2.640347e-02,1.819056e+00,4.908959e-01,2.300054e+00
2.640847e-02,1.817615e+00,4.767834e-01,2.377673e+00
2.641347e-02,1.816099e+00,4.623698e-01,2.456948e+00
2.641847e-02,1.814503e+00,4.476706e-01,2.537793e+00
2.642347e-02,1.812823e+00,4.327017e-01,2.620123e+00
2.642847e-02,1.811054e+00,4.174793e-01,2.703846e+00
2.643347e-02,1.809190e+00,4.020202e-01,2.788871e+00
2.643847e-02,1.807225e+00,3.863415e-01,2.875104e+00
2.644347e-02,1.805152e+00,3.704607e-01,2.962448e+00
2.644847e-02,1.802962e+00,3.543958e-01,3.050805e+00
2.645347e-02,1.800647e+00,3.381652e-01,3.140074e+00
2.645847e-02,1.798195e+00,3.217879e-01,3.230149e+00
2.646347e-02,1.795594e+00,3.052834e-01,3.320924e+00
2.646847e-02,1.792831e+00,2.886717e-01,3.412289e+00
2.647347e-02,1.789888e+00,2.719736e-01,3.504129e+00
2.647847e-02,1.786747e+00,2.552106e-01,3.596325e+00
2.648347e-02,1.783383e+00,2.384053e-01,3.688755e+00
2.648847e-02,1.779769e+00,2.215812e-01,3.781288e+00
2.649347e-02,1.775872e+00,2.047635e-01,3.873786e+00
2.649847e-02,1.771650e+00,1.879788e-01,3.966102e+00
2.650347e-02,1.767051e+00,1.712565e-01,4.058075e+00
2.650847e-02,1.762011e+00,1.546287e-01,4.149528e+00
2.651347e-02,1.756445e+00,1.381320e-01,4.240261e+00
2.651847e-02,1.750244e+00,1.218088e-01,4.330039e+00
2.652347e-02,1.743258e+00,1.057103e-01,4.418582e+00
2.652847e-02,1.735217e+00,8.991502e-02,4.505457e+00
2.653347e-02,1.725924e+00,7.448505e-02,4.590324e+00
2.653847e-02,1.714885e+00,5.954960e-02,4.672471e+00
2.654347e-02,1.701348e+00,4.529561e-02,4.750870e+00
2.654847e-02,1.684194e+00,3.199360e-02,4.824036e+00
2.655347e-02,1.661316e+00,2.013726e-02,4.889252e+00
2.655847e-02,1.629262e+00,1.052438e-02,4.942134e+00
2.656347e-02,1.583589e+00,4.176649e-03,4.977063e+00
2.656847e-02,1.523713e+00,1.242881e-03,4.993208e+00
2.657347e-02,1.455928e+00,3.152008e-04,4.998305e+00
2.657847e-02,1.386125e+00,7.672437e-05,4.999604e+00
2.658347e-02,1.316624e+00,1.878967e-05,4.999914e+00
2.658847e-02,1.248096e+00,4.693181e-06,4.999986e+00
2.659347e-02,1.180757e+00,1.200784e-06,5.000001e+00
2.659847e-02,1.114709e+00,3.153599e-07,5.000003e+00
2.660347e-02,1.050025e+00,8.514157e-08,5.000003e+00
2.660847e-02,9.867705e-01,2.366194e-08,5.000002e+00
2.661347e-02,9.250095e-01,6.777758e-09,5.000001e+00
2.661847e-02,8.648029e-01,2.003484e-09,5.000001e+00
2.662347e-02,8.062099e-01,6.118891e-10,5.000001e+00
2.662847e-02,7.492885e-01,1.933102e-10,5.000000e+00
2.663347e-02,6.940949e-01,6.324473e-11,5.000000e+00
2.663847e-02,6.406835e-01,2.145196e-11,5.000000e+00
2.664347e-02,5.891070e-01,7.551468e-12,5.000000e+00
2.664847e-02,5.394163e-01,2.761666e-12,5.000000e+00
2.665347e-02,4.916605e-01,1.050151e-12,5.000000e+00
2.665847e-02,4.458866e-01,4.160626e-13,5.000000e+00
2.666347e-02,4.021399e-01,1.712701e-13,5.000000e+00
2.666847e-02,3.604636e-01,7.352246e-14,5.000000e+00
2.667347e-02,3.208987e-01,3.303428e-14,5.000000e+00
2.667847e-02,2.834844e-01,1.558541e-14,5.000000e+00
2.668347e-02,2.482574e-01,7.453890e-15,5.000000e+00
2.668847e-02,2.152527e-01,3.557538e-15,5.000000e+00
2.669347e-02,1.845027e-01,1.694066e-15,5.000000e+00
2.669847e-02,1.560379e-01,1.185846e-15,5.000000e+00
2.670347e-02,1.298862e-01,5.082198e-16,5.000000e+00
2.670847e-02,1.060736e-01,5.082198e-16,5.000000e+00
2.671347e-02,8.462349e-02,1.694066e-16,5.000000e+00
2.671847e-02,6.555707e-02,3.388132e-16,5.000000e+00
2.672347e-02,4.889314e-02,0.000000e+00,5.000000e+00
2.672847e-02,3.464817e-02,0.000000e+00,5.000000e+00
2.673347e-02,2.283619e-02,0.000000e+00,5.000000e+00
2.673847e-02,1.346888e-02,1.694066e-16,5.000000e+00
2.674347e-02,6.555479e-03,1.694066e-16,5.000000e+00
2.674847e-02,2.102803e-03,-1.694066e-16,5.000000e+00
2.675347e-02,1.152494e-04,0.000000e+00,5.000000e+00
2.675847e-02,5.947805e-04,-1.694066e-16,5.000000e+00
2.676347e-02,3.540923e-03,0.000000e+00,5.000000e+00
2.676847e-02,8.950769e-03,1.694066e-16,5.000000e+00
2.677347e-02,1.681898e-02,1.694066e-16,5.000000e+00
2.677847e-02,2.713779e-02,0.000000e+00,5.000000e+00
2.678347e-02,3.989702e-02,0.000000e+00,5.000000e+00
2.678847e-02,5.508407e-02,0.000000e+00,5.000000e+00
2.679347e-02,7.268396e-02,1.694066e-16,5.000000e+00
2.679847e-02,9.267931e-02,0.000000e+00,5.000000e+00
2.680347e-02,1.150504e-01,5.082198e-16,5.000000e+00
2.680847e-02,1.397752e-01,8.470329e-16,5.000000e+00
2.681347e-02,1.668292e-01,1.185846e-15,5.000000e+00
2.681847e-02,1.961857e-01,2.710505e-15,5.000000e+00
2.682347e-02,2.278159e-01,4.573978e-15,5.000000e+00
2.682847e-02,2.616884e-01,9.825582e-15,5.000000e+00
2.683347e-02,2.977699e-01,2.049820e-14,5.000000e+00
2.683847e-02,3.360247e-01,4.455393e-14,5.000000e+00
2.684347e-02,3.764150e-01,1.019828e-13,5.000000e+00
2.684847e-02,4.189011e-01,2.407268e-13,5.000000e+00
2.685347e-02,4.634410e-01,5.930925e-13,5.000000e+00
2.685847e-02,5.099908e-01,1.522457e-12,5.000000e+00
2.686347e-02,5.585044e-01,4.064233e-12,5.000000e+00
2.686847e-02,6.089341e-01,1.128095e-11,5.000000e+00
2.687347e-02,6.612300e-01,3.251590e-11,5.000000e+00
2.687847e-02,7.153405e-01,9.723108e-11,5.000000e+00
2.688347e-02,7.712123e-01,3.012974e-10,5.000000e+00
2.688847e-02,8.287902e-01,9.664624e-10,5.000000e+00
2.689347e-02,8.880174e-01,3.205339e-09,5.000000e+00
2.689847e-02,9.488354e-01,1.097864e-08,5.000000e+00
2.690347e-02,1.011184e+00,3.878644e-08,5.000000e+00
2.690847e-02,1.075002e+00,1.411645e-07,4.999999e+00
2.691347e-02,1.140224e+00,5.285956e-07,4.999997e+00
2.691847e-02,1.206784e+00,2.033647e-06,4.999989e+00
2.692347e-02,1.274600e+00,8.025516e-06,4.999956e+00
2.692847e-02,1.343544e+00,3.240311e-05,4.999822e+00
2.693347e-02,1.413293e+00,1.329760e-04,4.999269e+00
2.693847e-02,1.482748e+00,5.424824e-04,4.997020e+00
2.694347e-02,1.548363e+00,2.047285e-03,4.988752e+00
2.694847e-02,1.603171e+00,6.207489e-03,4.965889e+00
2.695347e-02,1.643087e+00,1.393114e-02,4.923426e+00
2.695847e-02,1.671026e+00,2.454212e-02,4.865070e+00
2.696347e-02,1.691365e+00,3.703362e-02,4.796363e+00
2.696847e-02,1.706961e+00,5.074191e-02,4.720961e+00
2.697347e-02,1.719379e+00,6.529634e-02,4.640907e+00
2.697847e-02,1.729742e+00,8.042547e-02,4.557692e+00
2.698347e-02,1.738473e+00,9.601654e-02,4.471937e+00
2.698847e-02,1.746045e+00,1.119450e-01,4.384328e+00
2.699347e-02,1.752647e+00,1.281508e-01,4.295194e+00
2.699847e-02,1.758610e+00,1.445416e-01,4.205042e+00
2.700347e-02,1.763977e+00,1.610900e-01,4.114025e+00
2.700847e-02,1.768849e+00,1.777559e-01,4.022361e+00
2.701347e-02,1.773303e+00,1.945042e-01,3.930245e+00
2.701847e-02,1.777400e+00,2.113036e-01,3.837847e+00
2.702347e-02,1.781187e+00,2.281258e-01,3.745324e+00
2.702847e-02,1.784703e+00,2.449447e-01,3.652820e+00
2.703347e-02,1.787981e+00,2.617356e-01,3.560469e+00
2.703847e-02,1.791044e+00,2.784755e-01,3.468399e+00
2.704347e-02,1.793917e+00,2.951422e-01,3.376732e+00
2.704847e-02,1.796617e+00,3.117143e-01,3.285585e+00
2.705347e-02,1.799159e+00,3.281715e-01,3.195070e+00
2.705847e-02,1.801557e+00,3.444938e-01,3.105297e+00
2.706347e-02,1.803823e+00,3.606621e-01,3.016371e+00
2.706847e-02,1.805968e+00,3.766574e-01,2.928396e+00
2.707347e-02,1.807998e+00,3.924617e-01,2.841472e+00
2.707847e-02,1.809924e+00,4.080570e-01,2.755697e+00
2.708347e-02,1.811750e+00,4.234260e-01,2.671167e+00
2.708847e-02,1.813484e+00,4.385517e-01,2.587975e+00
2.709347e-02,1.815131e+00,4.534176e-01,2.506212e+00
2.709847e-02,1.816696e+00,4.680076e-01,2.425967e+00
2.710347e-02,1.818183e+00,4.823060e-01,2.347325e+00
2.710847e-02,1.819595e+00,4.962973e-01,2.270372e+00
2.711347e-02,1.820938e+00,5.099667e-01,2.195190e+00
2.711847e-02,1.822213e+00,5.232996e-01,2.121858e+00
2.712347e-02,1.823423e+00,5.362820e-01,2.050455e+00
2.712847e-02,1.824572e+00,5.489002e-01,1.981054e+00
2.713347e-02,1.825662e+00,5.611410e-01,1.913729e+00
2.713847e-02,1.826694e+00,5.729914e-01,1.848551e+00
2.714347e-02,1.827672e+00,5.844392e-01,1.785588e+00
2.714847e-02,1.828596e+00,5.954724e-01,1.724905e+00
2.715347e-02,1.829468e+00,6.060796e-01,1.666565e+00
2.715847e-02,1.830290e+00,6.162496e-01,1.610629e+00
2.716347e-02,1.831063e+00,6.259721e-01,1.557154e+00
2.716847e-02,1.831789e+00,6.352370e-01,1.506197e+00
2.717347e-02,1.832469e+00,6.440346e-01,1.457810e+00
2.717847e-02,1.833103e+00,6.523559e-01,1.412042e+00
2.718347e-02,1.833693e+00,6.601923e-01,1.368941e+00
2.718847e-02,1.834239e+00,6.675358e-01,1.328551e+00
2.719347e-02,1.834743e+00,6.743788e-01,1.290914e+00
2.719847e-02,1.835205e+00,6.807143e-01,1.256068e+00
2.720347e-02,1.835626e+00,6.865358e-01,1.224049e+00
2.720847e-02,1.836006e+00,6.918373e-01,1.194891e+00
2.721347e-02,1.836345e+00,6.966134e-01,1.168622e+00
2.721847e-02,1.836646e+00,7.008591e-01,1.145269e+00
2.722347e-02,1.836906e+00,7.045702e-01,1.124858e+00
2.722847e-02,1.837128e+00,7.077429e-01,1.107408e+00
2.723347e-02,1.837312e+00,7.103738e-01,1.092937e+00
2.723847e-02,1.837457e+00,7.124603e-01,1.081461e+00
2.724347e-02,1.837563e+00,7.140003e-01,1.072990e+00
2.724847e-02,1.837632e+00,7.149922e-01,1.067535e+00
2.725347e-02,1.837662e+00,7.154349e-01,1.065099e+00
2.725847e-02,1.837655e+00,7.153281e-01,1.065686e+00
2.726347e-02,1.837610e+00,7.146718e-01,1.069295e+00
2.726847e-02,1.837526e+00,7.134667e-01,1.075922e+00
2.727347e-02,1.837405e+00,7.117141e-01,1.085562e+00
2.727847e-02,1.837245e+00,7.094156e-01,1.098202e+00
2.728347e-02,1.837047e+00,7.065738e-01,1.113832e+00
2.728847e-02,1.836810e+00,7.031915e-01,1.132435e+00
2.729347e-02,1.836534e+00,6.992720e-01,1.153991e+00
2.729847e-02,1.836218e+00,6.948196e-01,1.178479e+00
2.730347e-02,1.835863e+00,6.898387e-01,1.205874e+00
2.730847e-02,1.835467e+00,6.843344e-01,1.236147e+00
2.731347e-02,1.835030e+00,6.783123e-01,1.269268e+00
2.731847e-02,1.834552e+00,6.717788e-01,1.305202e+00
2.732347e-02,1.834032e+00,6.647403e-01,1.343913e+00
2.732847e-02,1.833469e+00,6.572043e-01,1.385361e+00
2.733347e-02,1.832862e+00,6.491784e-01,1.429503e+00
2.733847e-02,1.832210e+00,6.406709e-01,1.476294e+00
2.734347e-02,1.831513e+00,6.316906e-01,1.525686e+00
2.734847e-02,1.830769e+00,6.222467e-01,1.577627e+00
2.735347e-02,1.829976e+00,6.123490e-01,1.632064e+00
2.735847e-02,1.829135e+00,6.020077e-01,1.688940e+00
2.736347e-02,1.828243e+00,5.912336e-01,1.748198e+00
2.736847e-02,1.827299e+00,5.800379e-01,1.809774e+00
2.737347e-02,1.826300e+00,5.684321e-01,1.873606e+00
2.737847e-02,1.825246e+00,5.564284e-01,1.939626e+00
2.738347e-02,1.824134e+00,5.440394e-01,2.007765e+00
2.738847e-02,1.822961e+00,5.312780e-01,2.077953e+00
2.739347e-02,1.821726e+00,5.181576e-01,2.150115e+00
2.739847e-02,1.820425e+00,5.046922e-01,2.224175e+00
2.740347e-02,1.819056e+00,4.908959e-01,2.300054e+00
2.740847e-02,1.817615e+00,4.767834e-01,2.377673e+00
2.741347e-02,1.816099e+00,4.623698e-01,2.456948e+00
2.741847e-02,1.814503e+00,4.476706e-01,2.537793e+00
2.742347e-02,1.812823e+00,4.327017e-01,2.620123e+00
2.742847e-02,1.811054e+00,4.174793e-01,2.703846e+00
2.743347e-02,1.809190e+00,4.020202e-01,2.788871e+00
2.743847e-02,1.807225e+00,3.863415e-01,2.875104e+00
2.744347e-02,1.805152e+00,3.704607e-01,2.962448e+00
2.744847e-02,1.802962e+00,3.543958e-01,3.050805e+00
2.745347e-02,1.800647e+00,3.381652e-01,3.140074e+00
2.745847e-02,1.798195e+00,3.217879e-01,3.230149e+00
2.746347e-02,1.795594e+00,3.052834e-01,3.320924e+00
2.746847e-02,1.792831e+00,2.886717e-01,3.412289e+00
2.747347e-02,1.789888e+00,2.719736e-01,3.504129e+00
2.747847e-02,1.786747e+00,2.552106e-01,3.596325e+00
2.748347e-02,1.783383e+00,2.384053e-01,3.688755e+00
2.748847e-02,1.779769e+00,2.215812e-01,3.781288e+00
2.749347e-02,1.775872e+00,2.047635e-01,3.873786e+00
2.749847e-02,1.771650e+00,1.879788e-01,3.966102e+00
2.750347e-02,1.767051e+00,1.712565e-01,4.058075e+00
2.750847e-02,1.762011e+00,1.546287e-01,4.149528e+00
2.751347e-02,1.756445e+00,1.381320e-01,4.240261e+00
2.751847e-02,1.750244e+00,1.218088e-01,4.330039e+00
2.752347e-02,1.743258e+00,1.057103e-01,4.418582e+00
2.752847e-02,1.735217e+00,8.991502e-02,4.505457e+00
2.753347e-02,1.725924e+00,7.448505e-02,4.590323e+00
2.753847e-02,1.714885e+00,5.954960e-02,4.672471e+00
2.754347e-02,1.701348e+00,4.529561e-02,4.750870e+00
2.754847e-02,1.684194e+00,3.199361e-02,4.824036e+00
2.755347e-02,1.661316e+00,2.013726e-02,4.889252e+00
2.755847e-02,1.629262e+00,1.052438e-02,4.942134e+00
2.756347e-02,1.583589e+00,4.176651e-03,4.977063e+00
2.756847e-02,1.523713e+00,1.242881e-03,4.993208e+00
2.757347e-02,1.455928e+00,3.152009e-04,4.998305e+00
2.757847e-02,1.386125e+00,7.672439e-05,4.999604e+00
2.758347e-02,1.316624e+00,1.878968e-05,4.999914e+00
2.758847e-02,1.248096e+00,4.693182e-06,4.999986e+00
2.759347e-02,1.180757e+00,1.200784e-06,5.000001e+00
2.759847e-02,1.114709e+00,3.153600e-07,5.000003e+00
2.760347e-02,1.050025e+00,8.514160e-08,5.000003e+00
2.760847e-02,9.867705e-01,2.366194e-08,5.000002e+00
2.761347e-02,9.250095e-01,6.777759e-09,5.000001e+00
2.761847e-02,8.648029e-01,2.003485e-09,5.000001e+00
2.762347e-02,8.062099e-01,6.118895e-10,5.000001e+00
2.762847e-02,7.492886e-01,1.933102e-10,5.000000e+00
2.763347e-02,6.940949e-01,6.324473e-11,5.000000e+00
2.763847e-02,6.406835e-01,2.145179e-11,5.000000e+00
2.764347e-02,5.891070e-01,7.551299e-12,5.000000e+00
2.764847e-02,5.394163e-01,2.762005e-12,5.000000e+00
2.765347e-02,4.916605e-01,1.050151e-12,5.000000e+00
2.765847e-02,4.458866e-01,4.158932e-13,5.000000e+00
2.766347e-02,4.021400e-01,1.714395e-13,5.000000e+00
2.766847e-02,3.604636e-01,7.352246e-14,5.000000e+00
2.767347e-02,3.208987e-01,3.303428e-14,5.000000e+00
2.767847e-02,2.834844e-01,1.558541e-14,5.000000e+00
2.768347e-02,2.482574e-01,7.453890e-15,5.000000e+00
2.768847e-02,2.152527e-01,3.557538e-15,5.000000e+00
2.769347e-02,1.845027e-01,2.032879e-15,5.000000e+00
2.769847e-02,1.560379e-01,1.016440e-15,5.000000e+00
2.770347e-02,1.298862e-01,5.082198e-16,5.000000e+00
2.770847e-02,1.060736e-01,3.388132e-16,5.000000e+00
2.771347e-02,8.462350e-02,0.000000e+00,5.000000e+00
2.771847e-02,6.555707e-02,1.694066e-16,5.000000e+00
2.772347e-02,4.889315e-02,1.694066e-16,5.000000e+00
2.772847e-02,3.464817e-02,1.694066e-16,5.000000e+00
2.773347e-02,2.283620e-02,-3.388132e-16,5.000000e+00
2.773847e-02,1.346889e-02,-3.388132e-16,5.000000e+00
2.774347e-02,6.555480e-03,0.000000e+00,5.000000e+00
2.774847e-02,2.102803e-03,-3.388132e-16,5.000000e+00
2.775347e-02,1.152496e-04,0.000000e+00,5.000000e+00
2.775847e-02,5.947801e-04,-1.694066e-16,5.000000e+00
2.776347e-02,3.540922e-03,-1.694066e-16,5.000000e+00
2.776847e-02,8.950767e-03,-1.694066e-16,5.000000e+00
2.777347e-02,1.681898e-02,1.694066e-16,5.000000e+00
2.777847e-02,2.713779e-02,0.000000e+00,5.000000e+00
2.778347e-02,3.989701e-02,0.000000e+00,5.000000e+00
2.778847e-02,5.508407e-02,0.000000e+00,5.000000e+00
2.779347e-02,7.268395e-02,1.694066e-16,5.000000e+00
2.779847e-02,9.267931e-02,0.000000e+00,5.000000e+00
2.780347e-02,1.150504e-01,5.082198e-16,5.000000e+00
2.780847e-02,1.397751e-01,8.470329e-16,5.000000e+00
2.781347e-02,1.668292e-01,1.185846e-15,5.000000e+00
2.781847e-02,1.961857e-01,2.710505e-15,5.000000e+00
2.782347e-02,2.278159e-01,4.573978e-15,5.000000e+00
2.782847e-02,2.616884e-01,9.825582e-15,5.000000e+00
2.783347e-02,2.977699e-01,2.049820e-14,5.000000e+00
2.783847e-02,3.360247e-01,4.455393e-14,5.000000e+00
2.784347e-02,3.764150e-01,1.019828e-13,5.000000e+00
2.784847e-02,4.189011e-01,2.407268e-13,5.000000e+00
2.785347e-02,4.634410e-01,5.930925e-13,5.000000e+00
2.785847e-02,5.099908e-01,1.522457e-12,5.000000e+00
2.786347e-02,5.585044e-01,4.064233e-12,5.000000e+00
2.786847e-02,6.089341e-01,1.128095e-11,5.000000e+00
2.787347e-02,6.612300e-01,3.251590e-11,5.000000e+00
2.787847e-02,7.153405e-01,9.723108e-11,5.000000e+00
2.788347e-02,7.712123e-01,3.012974e-10,5.000000e+00
2.788847e-02,8.287902e-01,9.664621e-10,5.000000e+00
2.789347e-02,8.880174e-01,3.205338e-09,5.000000e+00
2.789847e-02,9.488354e-01,1.097863e-08,5.000000e+00
2.790347e-02,1.011184e+00,3.878643e-08,5.000000e+00
2.790847e-02,1.075002e+00,1.411645e-07,4.999999e+00
2.791347e-02,1.140224e+00,5.285955e-07,4.999997e+00
2.791847e-02,1.206784e+00,2.033646e-06,4.999989e+00
2.792347e-02,1.274600e+00,8.025514e-06,4.999956e+00
2.792847e-02,1.343544e+00,3.240310e-05,4.999822e+00
2.793347e-02,1.413293e+00,1.329760e-04,4.999269e+00
2.793847e-02,1.482748e+00,5.424822e-04,4.997020e+00
2.794347e-02,1.548363e+00,2.047285e-03,4.988752e+00
2.794847e-02,1.603171e+00,6.207488e-03,4.965889e+00
2.795347e-02,1.643087e+00,1.393114e-02,4.923426e+00
2.795847e-02,1.671026e+00,2.454212e-02,4.865070e+00
2.796347e-02,1.691365e+00,3.703361e-02,4.796363e+00
2.796847e-02,1.706961e+00,5.074190e-02,4.720961e+00
2.797347e-02,1.719379e+00,6.529633e-02,4.640907e+00
2.797847e-02,1.729742e+00,8.042547e-02,4.557692e+00
2.798347e-02,1.738473e+00,9.601654e-02,4.471937e+00
2.798847e-02,1.746045e+00,1.119450e-01,4.384328e+00
2.799347e-02,1.752647e+00,1.281508e-01,4.295194e+00
2.799847e-02,1.758610e+00,1.445416e-01,4.205042e+00
2.800347e-02,1.763977e+00,1.610900e-01,4.114025e+00
2.800847e-02,1.768849e+00,1.777559e-01,4.022361e+00
2.801347e-02,1.773303e+00,1.945042e-01,3.930245e+00
2.801847e-02,1.777400e+00,2.113036e-01,3.837847e+00
2.802347e-02,1.781187e+00,2.281258e-01,3.745324e+00
2.802847e-02,1.784703e+00,2.449447e-01,3.652820e+00
2.803347e-02,1.787981e+00,2.617356e-01,3.560469e+00
2.803847e-02,1.791044e+00,2.784755e-01,3.468399e+00
2.804347e-02,1.793917e+00,2.951422e-01,3.376732e+00
2.804847e-02,1.796617e+00,3.117143e-01,3.285585e+00
2.805347e-02,1.799159e+00,3.281715e-01,3.195070e+00
2.805847e-02,1.801557e+00,3.444938e-01,3.105297e+00
2.806347e-02,1.803823e+00,3.606621e-01,3.016371e+00
2.806847e-02,1.805968e+00,3.766574e-01,2.928396e+00
2.807347e-02,1.807998e+00,3.924617e-01,2.841472e+00
2.807847e-02,1.809924e+00,4.080570e-01,2.755697e+00
2.808347e-02,1.811750e+00,4.234260e-01,2.671167e+00
2.808847e-02,1.813484e+00,4.385517e-01,2.587975e+00
2.809347e-02,1.815131e+00,4.534176e-01,2.506212e+00
2.809847e-02,1.816696e+00,4.680076e-01,2.425967e+00
2.810347e-02,1.818183e+00,4.823059e-01,2.347325e+00
2.810847e-02,1.819595e+00,4.962973e-01,2.270372e+00
2.811347e-02,1.820938e+00,5.099667e-01,2.195190e+00
2.811847e-02,1.822213e+00,5.232996e-01,2.121858e+00
2.812347e-02,1.823423e+00,5.362820e-01,2.050455e+00
2.812847e-02,1.824572e+00,5.489002e-01,1.981054e+00
2.813347e-02,1.825662e+00,5.611410e-01,1.913729e+00
2.813847e-02,1.826694e+00,5.729914e-01,1.848551e+00
2.814347e-02,1.827672e+00,5.844392e-01,1.785588e+00
2.814847e-02,1.828596e+00,5.954724e-01,1.724905e+00
2.815347e-02,1.829468e+00,6.060796e-01,1.666565e+00
2.815847e-02,1.830290e+00,6.162496e-01,1.610629e+00
2.816347e-02,1.831063e+00,6.259721e-01,1.557154e+00
2.816847e-02,1.831789e+00,6.352370e-01,1.506197e+00
2.817347e-02,1.832469e+00,6.440346e-01,1.457810e+00
2.817847e-02,1.833103e+00,6.523559e-01,1.412042e+00
2.818347e-02,1.833693e+00,6.601923e-01,1.368941e+00
2.818847e-02,1.834239e+00,6.675358e-01,1.328551e+00
2.819347e-02,1.834743e+00,6.743788e-01,1.290914e+00
2.819847e-02,1.835205e+00,6.807143e-01,1.256068e+00
2.820347e-02,1.835626e+00,6.865358e-01,1.224049e+00
2.820847e-02,1.836006e+00,6.918373e-01,1.194891e+00
2.821347e-02,1.836345e+00,6.966134e-01,1.168622e+00
2.821847e-02,1.836646e+00,7.008591e-01,1.145269e+00
2.822347e-02,1.836906e+00,7.045702e-01,1.124858e+00
2.822847e-02,1.837128e+00,7.077429e-01,1.107408e+00
2.823347e-02,1.837312e+00,7.103738e-01,1.092937e+00
2.823847e-02,1.837457e+00,7.124603e-01,1.081461e+00
2.824347e-02,1.837563e+00,7.140003e-01,1.072990e+00
2.824847e-02,1.837632e+00,7.149922e-01,1.067535e+00
2.825347e-02,1.837662e+00,7.154349e-01,1.065099e+00
2.825847e-02,1.837655e+00,7.153281e-01,1.065686e+00
2.826347e-02,1.837610e+00,7.146718e-01,1.069295e+00
2.826847e-02,1.837526e+00,7.134667e-01,1.075922e+00
2.827347e-02,1.837405e+00,7.117141e-01,1.085562e+00
2.827847e-02,1.837245e+00,7.094156e-01,1.098202e+00
2.828347e-02,1.837047e+00,7.065738e-01,1.113832e+00
2.828847e-02,1.836810e+00,7.031915e-01,1.132435e+00
2.829347e-02,1.836534e+00,6.992720e-01,1.153991e+00
2.829847e-02,1.836218e+00,6.948196e-01,1.178479e+00
2.830347e-02,1.835863e+00,6.898387e-01,1.205874e+00
2.830847e-02,1.835467e+00,6.843344e-01,1.236147e+00
2.831347e-02,1.835030e+00,6.783123e-01,1.269268e+00
2.831847e-02,1.834552e+00,6.717788e-01,1.305202e+00
2.832347e-02,1.834032e+00,6.647403e-01,1.343913e+00
2.832847e-02,1.833469e+00,6.572043e-01,1.385361e+00
2.833347e-02,1.832862e+00,6.491784e-01,1.429503e+00
2.833847e-02,1.832210e+00,6.406709e-01,1.476294e+00
2.834347e-02,1.831513e+00,6.316906e-01,1.525685e+00
2.834847e-02,1.830769e+00,6.222467e-01,1.577627e+00
2.835347e-02,1.829976e+00,6.123490e-01,1.632064e+00
2.835847e-02,1.829135e+00,6.020077e-01,1.688940e+00
2.836347e-02,1.828243e+00,5.912336e-01,1.748198e+00
2.836847e-02,1.827299e+00,5.800379e-01,1.809774e+00
2.837347e-02,1.826300e+00,5.684321e-01,1.873606e+00
2.837847e-02,1.825246e+00,5.564284e-01,1.939626e+00
2.838347e-02,1.824134e+00,5.440394e-01,2.007765e+00
2.838847e-02,1.822961e+00,5.312780e-01,2.077953e+00
2.839347e-02,1.821726e+00,5.181576e-01,2.150115e+00
2.839847e-02,1.820425e+00,5.046922e-01,2.224175e+00
2.840347e-02,1.819056e+00,4.908959e-01,2.300054e+00
2.840847e-02,1.817615e+00,4.767834e-01,2.377673e+00
2.841347e-02,1.816099e+00,4.623698e-01,2.456948e+00
2.841847e-02,1.814503e+00,4.476706e-01,2.537793e+00
2.842347e-02,1.812823e+00,4.327017e-01,2.620123e+00
2.842847e-02,1.811054e+00,4.174793e-01,2.703846e+00
2.843347e-02,1.809190e+00,4.020202e-01,2.788871e+00
2.843847e-02,1.807225e+00,3.863415e-01,2.875104e+00
2.844347e-02,1.805152e+00,3.704607e-01,2.962448e+00
2.844847e-02,1.802962e+00,3.543958e-01,3.050805e+00
2.845347e-02,1.800647e+00,3.381652e-01,3.140074e+00
2.845847e-02,1.798195e+00,3.217879e-01,3.230149e+00
2.846347e-02,1.795594e+00,3.052834e-01,3.320924e+00
2.846847e-02,1.792831e+00,2.886717e-01,3.412289e+00
2.847347e-02,1.789888e+00,2.719736e-01,3.504129e+00
2.847847e-02,1.786747e+00,2.552106e-01,3.596325e+00
2.848347e-02,1.783383e+00,2.384053e-01,3.688755e+00
2.848847e-02,1.779769e+00,2.215812e-01,3.781287e+00
2.849347e-02,1.775872e+00,2.047635e-01,3.873786e+00
2.849847e-02,1.771650e+00,1.879788e-01,3.966102e+00
2.850347e-02,1.767051e+00,1.712565e-01,4.058075e+00
2.850847e-02,1.762011e+00,1.546287e-01,4.149528e+00
2.851347e-02,1.756445e+00,1.381320e-01,4.240261e+00
2.851847e-02,1.750244e+00,1.218088e-01,4.330039e+00
2.852347e-02,1.743258e+00,1.057103e-01,4.418582e+00
2.852847e-02,1.735217e+00,8.991502e-02,4.505457e+00
2.853347e-02,1.725924e+00,7.448506e-02,4.590323e+00
2.853847e-02,1.714885e+00,5.954960e-02,4.672470e+00
2.854347e-02,1.701348e+00,4.529561e-02,4.750870e+00
2.854847e-02,1.684194e+00,3.199361e-02,4.824036e+00
2.855347e-02,1.661316e+00,2.013727e-02,4.889252e+00
2.855847e-02,1.629262e+00,1.052438e-02,4.942134e+00
2.856347e-02,1.583589e+00,4.176652e-03,4.977063e+00
2.856847e-02,1.523713e+00,1.242882e-03,4.993208e+00
2.857347e-02,1.455928e+00,3.152010e-04,4.998305e+00
2.857847e-02,1.386125e+00,7.672442e-05,4.999604e+00
2.858347e-02,1.316624e+00,1.878968e-05,4.999914e+00
2.858847e-02,1.248096e+00,4.693184e-06,4.999986e+00
2.859347e-02,1.180757e+00,1.200784e-06,5.000001e+00
2.859847e-02,1.114709e+00,3.153601e-07,5.000003e+00
2.860347e-02,1.050025e+00,8.514162e-08,5.000003e+00
2.860847e-02,9.867705e-01,2.366195e-08,5.000002e+00
2.861347e-02,9.250096e-01,6.777761e-09,5.000001e+00
2.861847e-02,8.648029e-01,2.003486e-09,5.000001e+00
2.862347e-02,8.062099e-01,6.118891e-10,5.000001e+00
2.862847e-02,7.492886e-01,1.933102e-10,5.000000e+00
2.863347e-02,6.940949e-01,6.324507e-11,5.000000e+00
2.863847e-02,6.406835e-01,2.145213e-11,5.000000e+00
2.864347e-02,5.891070e-01,7.551468e-12,5.000000e+00
2.864847e-02,5.394163e-01,2.761666e-12,5.000000e+00
2.865347e-02,4.916605e-01,1.049982e-12,5.000000e+00
2.865847e-02,4.458866e-01,4.155544e-13,5.000000e+00
2.866347e-02,4.021400e-01,1.714395e-13,5.000000e+00
2.866847e-02,3.604636e-01,7.352246e-14,5.000000e+00
2.867347e-02,3.208987e-01,3.286488e-14,5.000000e+00
2.867847e-02,2.834844e-01,1.558541e-14,5.000000e+00
2.868347e-02,2.482574e-01,7.453890e-15,5.000000e+00
2.868847e-02,2.152527e-01,3.726945e-15,5.000000e+00
2.869347e-02,1.845027e-01,2.032879e-15,5.000000e+00
2.869847e-02,1.560379e-01,1.016440e-15,5.000000e+00
2.870347e-02,1.298862e-01,5.082198e-16,5.000000e+00
2.870847e-02,1.060736e-01,1.694066e-16,5.000000e+00
2.871347e-02,8.462350e-02,1.694066e-16,5.000000e+00
2.871847e-02,6.555708e-02,3.388132e-16,5.000000e+00
2.872347e-02,4.889315e-02,0.000000e+00,5.000000e+00
2.872847e-02,3.464817e-02,0.000000e+00,5.000000e+00
2.873347e-02,2.283620e-02,0.000000e+00,5.000000e+00
2.873847e-02,1.346889e-02,0.000000e+00,5.000000e+00
2.874347e-02,6.555482e-03,0.000000e+00,5.000000e+00
2.874847e-02,2.102804e-03,0.000000e+00,5.000000e+00
2.875347e-02,1.152497e-04,3.388132e-16,5.000000e+00
2.875847e-02,5.947797e-04,1.694066e-16,5.000000e+00
2.876347e-02,3.540921e-03,0.000000e+00,5.000000e+00
2.876847e-02,8.950766e-03,-3.388132e-16,5.000000e+00
2.877347e-02,1.681898e-02,-1.694066e-16,5.000000e+00
2.877847e-02,2.713779e-02,3.388132e-16,5.000000e+00
2.878347e-02,3.989701e-02,0.000000e+00,5.000000e+00
2.878847e-02,5.508406e-02,0.000000e+00,5.000000e+00
2.879347e-02,7.268395e-02,3.388132e-16,5.000000e+00
2.879847e-02,9.267930e-02,1.694066e-16,5.000000e+00
2.880347e-02,1.150504e-01,3.388132e-16,5.000000e+00
2.880847e-02,1.397751e-01,8.470329e-16,5.000000e+00
2.881347e-02,1.668291e-01,1.355253e-15,5.000000e+00
2.881847e-02,1.961857e-01,2.710505e-15,5.000000e+00
2.882347e-02,2.278159e-01,4.573978e-15,5.000000e+00
2.882847e-02,2.616884e-01,9.825582e-15,5.000000e+00
2.883347e-02,2.977698e-01,2.049820e-14,5.000000e+00
2.883847e-02,3.360246e-01,4.455393e-14,5.000000e+00
2.884347e-02,3.764150e-01,1.019828e-13,5.000000e+00
2.884847e-02,4.189011e-01,2.407268e-13,5.000000e+00
2.885347e-02,4.634410e-01,5.930925e-13,5.000000e+00
2.885847e-02,5.099908e-01,1.522457e-12,5.000000e+00
2.886347e-02,5.585044e-01,4.064233e-12,5.000000e+00
2.886847e-02,6.089340e-01,1.128095e-11,5.000000e+00
2.887347e-02,6.612300e-01,3.251590e-11,5.000000e+00
2.887847e-02,7.153405e-01,9.723108e-11,5.000000e+00
2.888347e-02,7.712123e-01,3.012971e-10,5.000000e+00
2.888847e-02,8.287902e-01,9.664619e-10,5.000000e+00
2.889347e-02,8.880174e-01,3.205338e-09,5.000000e+00
2.889847e-02,9.488354e-01,1.097863e-08,5.000000e+00
2.890347e-02,1.011184e+00,3.878642e-08,5.000000e+00
2.890847e-02,1.075002e+00,1.411645e-07,4.999999e+00
2.891347e-02,1.140224e+00,5.285953e-07,4.999997e+00
2.891847e-02,1.206784e+00,2.033645e-06,4.999989e+00
2.892347e-02,1.274600e+00,8.025511e-06,4.999956e+00
2.892847e-02,1.343544e+00,3.240309e-05,4.999822e+00
2.893347e-02,1.413293e+00,1.329759e-04,4.999269e+00
2.893847e-02,1.482748e+00,5.424820e-04,4.997020e+00
2.894347e-02,1.548363e+00,2.047284e-03,4.988752e+00
2.894847e-02,1.603171e+00,6.207486e-03,4.965889e+00
2.895347e-02,1.643087e+00,1.393114e-02,4.923426e+00
2.895847e-02,1.671026e+00,2.454211e-02,4.865070e+00
2.896347e-02,1.691365e+00,3.703361e-02,4.796363e+00
2.896847e-02,1.706961e+00,5.074190e-02,4.720961e+00
2.897347e-02,1.719379e+00,6.529633e-02,4.640907e+00
2.897847e-02,1.729742e+00,8.042547e-02,4.557692e+00
2.898347e-02,1.738473e+00,9.601653e-02,4.471937e+00
2.898847e-02,1.746045e+00,1.119450e-01,4.384328e+00
2.899347e-02,1.752647e+00,1.281508e-01,4.295194e+00
2.899847e-02,1.758610e+00,1.445416e-01,4.205042e+00
2.900347e-02,1.763977e+00,1.610900e-01,4.114025e+00
2.900847e-02,1.768849e+00,1.777559e-01,4.022361e+00
2.901347e-02,1.773303e+00,1.945042e-01,3.930245e+00
2.901847e-02,1.777400e+00,2.113036e-01,3.837847e+00
2.902347e-02,1.781187e+00,2.281258e-01,3.745324e+00
2.902847e-02,1.784703e+00,2.449447e-01,3.652820e+00
2.903347e-02,1.787981e+00,2.617356e-01,3.560469e+00
2.903847e-02,1.791044e+00,2.784755e-01,3.468399e+00
2.904347e-02,1.793917e+00,2.951421e-01,3.376732e+00
2.904847e-02,1.796617e+00,3.117143e-01,3.285585e+00
2.905347e-02,1.799159e+00,3.281715e-01,3.195070e+00
2.905847e-02,1.801557e+00,3.444938e-01,3.105297e+00
2.906347e-02,1.803823e+00,3.606620e-01,3.016371e+00
2.906847e-02,1.805968e+00,3.766574e-01,2.928396e+00
2.907347e-02,1.807998e+00,3.924617e-01,2.841472e+00
2.907847e-02,1.809924e+00,4.080570e-01,2.755697e+00
2.908347e-02,1.811750e+00,4.234260e-01,2.671167e+00
2.908847e-02,1.813484e+00,4.385517e-01,2.587975e+00
2.909347e-02,1.815131e+00,4.534176e-01,2.506212e+00
2.909847e-02,1.816696e+00,4.680076e-01,2.425967e+00
2.910347e-02,1.818183e+00,4.823059e-01,2.347325e+00
2.910847e-02,1.819595e+00,4.962973e-01,2.270372e+00
2.911347e-02,1.820938e+00,5.099667e-01,2.195190e+00
2.911847e-02,1.822213e+00,5.232996e-01,2.121858e+00
2.912347e-02,1.823423e+00,5.362820e-01,2.050455e+00
2.912847e-02,1.824572e+00,5.489002e-01,1.981054e+00
2.913347e-02,1.825662e+00,5.611410e-01,1.913729e+00
2.913847e-02,1.826694e+00,5.729914e-01,1.848551e+00
2.914347e-02,1.827672e+00,5.844392e-01,1.785588e+00
2.914847e-02,1.828596e+00,5.954724e-01,1.724905e+00
2.915347e-02,1.829468e+00,6.060796e-01,1.666565e+00
2.915847e-02,1.830290e+00,6.162496e-01,1.610629e+00
2.916347e-02,1.831063e+00,6.259721e-01,1.557154e+00
2.916847e-02,1.831789e+00,6.352369e-01,1.506197e+00
2.917347e-02,1.832469e+00,6.440346e-01,1.457810e+00
2.917847e-02,1.833103e+00,6.523559e-01,1.412042e+00
2.918347e-02,1.833693e+00,6.601923e-01,1.368941e+00
2.918847e-02,1.834239e+00,6.675358e-01,1.328551e+00
2.919347e-02,1.834743e+00,6.743788e-01,1.290914e+00
2.919847e-02,1.835205e+00,6.807143e-01,1.256068e+00
2.920347e-02,1.835626e+00,6.865358e-01,1.224049e+00
2.920847e-02,1.836006e+00,6.918373e-01,1.194891e+00
2.921347e-02,1.836345e+00,6.966134e-01,1.168622e+00
2.921847e-02,1.836646e+00,7.008591e-01,1.145269e+00
2.922347e-02,1.836906e+00,7.045702e-01,1.124858e+00
2.922847e-02,1.837128e+00,7.077429e-01,1.107408e+00
2.923347e-02,1.837312e+00,7.103738e-01,1.092937e+00
2.923847e-02,1.837457e+00,7.124603e-01,1.081461e+00
2.924347e-02,1.837563e+00,7.140003e-01,1.072990e+00
2.924847e-02,1.837632e+00,7.149922e-01,1.067535e+00
2.925347e-02,1.837662e+00,7.154349e-01,1.065099e+00
2.925847e-02,1.837655e+00,7.153281e-01,1.065686e+00
2.926347e-02,1.837610e+00,7.146718e-01,1.069295e+00
2.926847e-02,1.837526e+00,7.134667e-01,1.075922e+00
2.927347e-02,1.837405e+00,7.117141e-01,1.085562e+00
2.927847e-02,1.837245e+00,7.094156e-01,1.098202e+00
2.928347e-02,1.837047e+00,7.065738e-01,1.113832e+00
2.928847e-02,1.836810e+00,7.031915e-01,1.132435e+00
2.929347e-02,1.836534e+00,6.992720e-01,1.153991e+00
2.929847e-02,1.836218e+00,6.948196e-01,1.178479e+00
2.930347e-02,1.835863e+00,6.898387e-01,1.205874e+00
2.930847e-02,1.835467e+00,6.843344e-01,1.236147e+00
2.931347e-02,1.835030e+00,6.783123e-01,1.269268e+00
2.931847e-02,1.834552e+00,6.717788e-01,1.305202e+00
2.932347e-02,1.834032e+00,6.647403e-01,1.343913e+00
2.932847e-02,1.833469e+00,6.572043e-01,1.385361e+00
2.933347e-02,1.832862e+00,6.491784e-01,1.429503e+00
2.933847e-02,1.832210e+00,6.406709e-01,1.476294e+00
2.934347e-02,1.831513e+00,6.316906e-01,1.525685e+00
2.934847e-02,1.830769e+00,6.222467e-01,1.577627e+00
2.935347e-02,1.829976e+00,6.123490e-01,1.632064e+00
2.935847e-02,1.829135e+00,6.020077e-01,1.688940e+00
2.936347e-02,1.828243e+00,5.912336e-01,1.748198e+00
2.936847e-02,1.827299e+00,5.800379e-01,1.809774e+00
2.937347e-02,1.826300e+00,5.684321e-01,1.873606e+00
2.937847e-02,1.825246e+00,5.564284e-01,1.939626e+00
2.938347e-02,1.824134e+00,5.440394e-01,2.007765e+00
2.938847e-02,1.822961e+00,5.312780e-01,2.077953e+00
2.939347e-02,1.821726e+00,5.181576e-01,2.150115e+00
2.939847e-02,1.820425e+00,5.046922e-01,2.224175e+00
2.940347e-02,1.819056e+00,4.908959e-01,2.300054e+00
2.940847e-02,1.817615e+00,4.767834e-01,2.377673e+00
2.941347e-02,1.816099e+00,4.623698e-01,2.456948e+00
2.941847e-02,1.814503e+00,4.476706e-01,2.537793e+00
2.942347e-02,1.812823e+00,4.327017e-01,2.620123e+00
2.942847e-02,1.811054e+00,4.174793e-01,2.703846e+00
2.943347e-02,1.809190e+00,4.020202e-01,2.788871e+00
2.943847e-02,1.807225e+00,3.863415e-01,2.875104e+00
2.944347e-02,1.805152e+00,3.704607e-01,2.962448e+00
2.944847e-02,1.802962e+00,3.543958e-01,3.050805e+00
2.945347e-02,1.800647e+00,3.381652e-01,3.140074e+00
2.945847e-02,1.798195e+00,3.217879e-01,3.230149e+00
2.946347e-02,1.795594e+00,3.052834e-01,3.320924e+00
2.946847e-02,1.792831e+00,2.886717e-01,3.412289e+00
2.947347e-02,1.789888e+00,2.719736e-01,3.504129e+00
2.947847e-02,1.786747e+00,2.552106e-01,3.596325e+00
2.948347e-02,1.783383e+00,2.384053e-01,3.688755e+00
2.948847e-02,1.779769e+00,2.215812e-01,3.781287e+00
2.949347e-02,1.775872e+00,2.047635e-01,3.873786e+00
2.949847e-02,1.771650e+00,1.879788e-01,3.966102e+00
2.950347e-02,1.767051e+00,1.712565e-01,4.058075e+00
2.950847e-02,1.762011e+00,1.546287e-01,4.149528e+00
2.951347e-02,1.756445e+00,1.381320e-01,4.240261e+00
2.951847e-02,1.750244e+00,1.218088e-01,4.330039e+00
2.952347e-02,1.743258e+00,1.057103e-01,4.418582e+00
2.952847e-02,1.735217e+00,8.991503e-02,4.505457e+00
2.953347e-02,1.725924e+00,7.448506e-02,4.590323e+00
2.953847e-02,1.714885e+00,5.954961e-02,4.672470e+00
2.954347e-02,1.701348e+00,4.529562e-02,4.750870e+00
2.954847e-02,1.684194e+00,3.199361e-02,4.824036e+00
2.955347e-02,1.661316e+00,2.013727e-02,4.889252e+00
2.955847e-02,1.629262e+00,1.052438e-02,4.942134e+00
2.956347e-02,1.583589e+00,4.176653e-03,4.977063e+00
2.956847e-02,1.523713e+00,1.242882e-03,4.993208e+00
2.957347e-02,1.455928e+00,3.152011e-04,4.998305e+00
2.957847e-02,1.386125e+00,7.672444e-05,4.999604e+00
2.958347e-02,1.316624e+00,1.878969e-05,4.999914e+00
2.958847e-02,1.248096e+00,4.693185e-06,4.999986e+00
2.959347e-02,1.180757e+00,1.200785e-06,5.000001e+00
2.959847e-02,1.114709e+00,3.153602e-07,5.000003e+00
2.960347e-02,1.050025e+00,8.514165e-08,5.000003e+00
2.960847e-02,9.867705e-01,2.366196e-08,5.000002e+00
2.961347e-02,9.250096e-01,6.777764e-09,5.000001e+00
2.961847e-02,8.648029e-01,2.003486e-09,5.000001e+00
2.962347e-02,8.062100e-01,6.118897e-10,5.000001e+00
2.962847e-02,7.492886e-01,1.933102e-10,5.000000e+00
2.963347e-02,6.940949e-01,6.324490e-11,5.000000e+00
2.963847e-02,6.406835e-01,2.145213e-11,5.000000e+00
2.964347e-02,5.891070e-01,7.551468e-12,5.000000e+00
2.964847e-02,5.394163e-01,2.761836e-12,5.000000e+00
2.965347e-02,4.916605e-01,1.050321e-12,5.000000e+00
2.965847e-02,4.458867e-01,4.157238e-13,5.000000e+00
2.966347e-02,4.021400e-01,1.714395e-13,5.000000e+00
2.966847e-02,3.604636e-01,7.403068e-14,5.000000e+00
2.967347e-02,3.208988e-01,3.303428e-14,5.000000e+00
2.967847e-02,2.834844e-01,1.558541e-14,5.000000e+00
2.968347e-02,2.482574e-01,7.453890e-15,5.000000e+00
2.968847e-02,2.152527e-01,3.557538e-15,5.000000e+00
2.969347e-02,1.845027e-01,2.032879e-15,5.000000e+00
2.969847e-02,1.560379e-01,1.185846e-15,5.000000e+00
2.970347e-02,1.298862e-01,3.388132e-16,5.000000e+00
2.970847e-02,1.060736e-01,1.694066e-16,5.000000e+00
2.971347e-02,8.462351e-02,1.694066e-16,5.000000e+00
2.971847e-02,6.555708e-02,1.694066e-16,5.000000e+00
2.972347e-02,4.889316e-02,-1.694066e-16,5.000000e+00
2.972847e-02,3.464818e-02,-1.694066e-16,5.000000e+00
2.973347e-02,2.283620e-02,1.694066e-16,5.000000e+00
2.973847e-02,1.346889e-02,1.694066e-16,5.000000e+00
2.974347e-02,6.555483e-03,0.000000e+00,5.000000e+00
2.974847e-02,2.102805e-03,-1.694066e-16,5.000000e+00
2.975347e-02,1.152499e-04,-1.694066e-16,5.000000e+00
2.975847e-02,5.947793e-04,0.000000e+00,5.000000e+00
2.976347e-02,3.540920e-03,0.000000e+00,5.000000e+00
2.976847e-02,8.950764e-03,1.694066e-16,5.000000e+00
2.977347e-02,1.681897e-02,0.000000e+00,5.000000e+00
2.977847e-02,2.713778e-02,-1.694066e-16,5.000000e+00
2.978347e-02,3.989701e-02,0.000000e+00,5.000000e+00
2.978847e-02,5.508406e-02,1.694066e-16,5.000000e+00
2.979347e-02,7.268395e-02,3.388132e-16,5.000000e+00
2.979847e-02,9.267930e-02,1.694066e-16,5.000000e+00
2.980347e-02,1.150504e-01,5.082198e-16,5.000000e+00
2.980847e-02,1.397751e-01,8.470329e-16,5.000000e+00
2.981347e-02,1.668291e-01,1.355253e-15,5.000000e+00
2.981847e-02,1.961857e-01,2.710505e-15,5.000000e+00
2.982347e-02,2.278159e-01,4.573978e-15,5.000000e+00
2.982847e-02,2.616884e-01,9.825582e-15,5.000000e+00
2.983347e-02,2.977698e-01,2.049820e-14,5.000000e+00
2.983847e-02,3.360246e-01,4.455393e-14,5.000000e+00
2.984347e-02,3.764150e-01,1.019828e-13,5.000000e+00
2.984847e-02,4.189011e-01,2.407268e-13,5.000000e+00
2.985347e-02,4.634410e-01,5.930925e-13,5.000000e+00
2.985847e-02,5.099907e-01,1.522457e-12,5.000000e+00
2.986347e-02,5.585044e-01,4.064233e-12,5.000000e+00
2.986847e-02,6.089340e-01,1.128062e-11,5.000000e+00
2.987347e-02,6.612299e-01,3.251590e-11,5.000000e+00
2.987847e-02,7.153405e-01,9.723074e-11,5.000000e+00
2.988347e-02,7.712123e-01,3.012972e-10,5.000000e+00
2.988847e-02,8.287902e-01,9.664617e-10,5.000000e+00
2.989347e-02,8.880174e-01,3.205337e-09,5.000000e+00
2.989847e-02,9.488353e-01,1.097863e-08,5.000000e+00
2.990347e-02,1.011184e+00,3.878641e-08,5.000000e+00
2.990847e-02,1.075002e+00,1.411644e-07,4.999999e+00
2.991347e-02,1.140224e+00,5.285951e-07,4.999997e+00
2.991847e-02,1.206784e+00,2.033645e-06,4.999989e+00
2.992347e-02,1.274600e+00,8.025509e-06,4.999956e+00
2.992847e-02,1.343544e+00,3.240308e-05,4.999822e+00
2.993347e-02,1.413293e+00,1.329759e-04,4.999269e+00
2.993847e-02,1.482748e+00,5.424818e-04,4.997020e+00
2.994347e-02,1.548363e+00,2.047283e-03,4.988752e+00
2.994847e-02,1.603171e+00,6.207485e-03,4.965889e+00
2.995347e-02,1.643087e+00,1.393113e-02,4.923426e+00
2.995847e-02,1.671026e+00,2.454211e-02,4.865070e+00
2.996347e-02,1.691365e+00,3.703361e-02,4.796363e+00
2.996847e-02,1.706961e+00,5.074190e-02,4.720961e+00
2.997347e-02,1.719379e+00,6.529633e-02,4.640907e+00
2.997847e-02,1.729742e+00,8.042546e-02,4.557692e+00
2.998347e-02,1.738473e+00,9.601653e-02,4.471937e+00
2.998847e-02,1.746045e+00,1.119450e-01,4.384328e+00
2.999347e-02,1.752647e+00,1.281508e-01,4.295194e+00
2.999847e-02,1.758610e+00,1.445416e-01,4.205042e+00
3.000347e-02,1.763977e+00,1.610900e-01,4.114025e+00
3.000847e-02,1.768849e+00,1.777559e-01,4.022361e+00
3.001347e-02,1.773303e+00,1.945042e-01,3.930245e+00
3.001847e-02,1.777400e+00,2.113036e-01,3.837847e+00
3.002347e-02,1.781187e+00,2.281258e-01,3.745325e+00
3.002847e-02,1.784703e+00,2.449446e-01,3.652820e+00
3.003347e-02,1.787981e+00,2.617356e-01,3.560469e+00
3.003847e-02,1.791044e+00,2.784755e-01,3.468399e+00
3.004347e-02,1.793917e+00,2.951421e-01,3.376732e+00
3.004847e-02,1.796617e+00,3.117143e-01,3.285585e+00
3.005347e-02,1.799159e+00,3.281715e-01,3.195070e+00
3.005847e-02,1.801557e+00,3.444938e-01,3.105297e+00
3.006347e-02,1.803823e+00,3.606620e-01,3.016371e+00
3.006847e-02,1.805968e+00,3.766574e-01,2.928396e+00
3.007347e-02,1.807998e+00,3.924617e-01,2.841472e+00
3.007847e-02,1.809924e+00,4.080570e-01,2.755697e+00
3.008347e-02,1.811750e+00,4.234260e-01,2.671167e+00
3.008847e-02,1.813484e+00,4.385517e-01,2.587975e+00
3.009347e-02,1.815131e+00,4.534176e-01,2.506212e+00
3.009847e-02,1.816696e+00,4.680076e-01,2.425967e+00
3.010347e-02,1.818183e+00,4.823059e-01,2.347325e+00
3.010847e-02,1.819595e+00,4.962973e-01,2.270372e+00
3.011347e-02,1.820938e+00,5.099667e-01,2.195190e+00
3.011847e-02,1.822213e+00,5.232996e-01,2.121858e+00
3.012347e-02,1.823423e+00,5.362820e-01,2.050455e+00
3.012847e-02,1.824572e+00,5.489002e-01,1.981054e+00
3.013347e-02,1.825662e+00,5.611410e-01,1.913729e+00
3.013847e-02,1.826694e+00,5.729914e-01,1.848551e+00
3.014347e-02,1.827672e+00,5.844392e-01,1.785588e+00
3.014847e-02,1.828596e+00,5.954724e-01,1.724905e+00
3.015347e-02,1.829468e+00,6.060796e-01,1.666565e+00
3.015847e-02,1.830290e+00,6.162496e-01,1.610629e+00
3.016347e-02,1.831063e+00,6.259721e-01,1.557154e+00
3.016847e-02,1.831789e+00,6.352369e-01,1.506197e+00
3.017347e-02,1.832469e+00,6.440345e-01,1.457810e+00
3.017847e-02,1.833103e+00,6.523559e-01,1.412042e+00
3.018347e-02,1.833693e+00,6.601923e-01,1.368941e+00
3.018847e-02,1.834239e+00,6.675358e-01,1.328551e+00
3.019347e-02,1.834743e+00,6.743788e-01,1.290914e+00
3.019847e-02,1.835205e+00,6.807143e-01,1.256068e+00
3.020347e-02,1.835626e+00,6.865358e-01,1.224049e+00
3.020847e-02,1.836006e+00,6.918373e-01,1.194891e+00
3.021347e-02,1.836345e+00,6.966134e-01,1.168622e+00
3.021847e-02,1.836646e+00,7.008591e-01,1.145269e+00
3.022347e-02,1.836906e+00,7.045702e-01,1.124858e+00
3.022847e-02,1.837128e+00,7.077429e-01,1.107408e+00
3.023347e-02,1.837312e+00,7.103738e-01,1.092937e+00
3.023847e-02,1.837457e+00,7.124603e-01,1.081461e+00
3.024347e-02,1.837563e+00,7.140003e-01,1.072990e+00
3.024847e-02,1.837632e+00,7.149922e-01,1.067535e+00
3.025347e-02,1.837662e+00,7.154349e-01,1.065099e+00
3.025847e-02,1.837655e+00,7.153281e-01,1.065686e+00
3.026347e-02,1.837610e+00,7.146718e-01,1.069295e+00
3.026847e-02,1.837526e+00,7.134667e-01,1.075922e+00
3.027347e-02,1.837405e+00,7.117141e-01,1.085562e+00
3.027847e-02,1.837245e+00,7.094156e-01,1.098202e+00
3.028347e-02,1.837047e+00,7.065738e-01,1.113832e+00
3.028847e-02,1.836810e+00,7.031915e-01,1.132435e+00
3.029347e-02,1.836534e+00,6.992720e-01,1.153991e+00
3.029847e-02,1.836218e+00,6.948196e-01,1.178479e+00
3.030347e-02,1.835863e+00,6.898387e-01,1.205874e+00
3.030847e-02,1.835467e+00,6.843344e-01,1.236147e+00
3.031347e-02,1.835030e+00,6.783123e-01,1.269268e+00
3.031847e-02,1.834552e+00,6.717788e-01,1.305202e+00
3.032347e-02,1.834032e+00,6.647403e-01,1.343913e+00
3.032847e-02,1.833469e+00,6.572043e-01,1.385361e+00
3.033347e-02,1.832862e+00,6.491784e-01,1.429503e+00
3.033847e-02,1.832210e+00,6.406709e-01,1.476294e+00
3.034347e-02,1.831513e+00,6.316906e-01,1.525685e+00
3.034847e-02,1.830769e+00,6.222467e-01,1.577627e+00
3.035347e-02,1.829976e+00,6.123490e-01,1.632064e+00
3.035847e-02,1.829135e+00,6.020077e-01,1.688940e+00
3.036347e-02,1.828243e+00,5.912336e-01,1.748198e+00
3.036847e-02,1.827299e+00,5.800379e-01,1.809774e+00
3.037347e-02,1.826300e+00,5.684321e-01,1.873606e+00
3.037847e-02,1.825246e+00,5.564284e-01,1.939626e+00
3.038347e-02,1.824134e+00,5.440394e-01,2.007765e+00
3.038847e-02,1.822961e+00,5.312780e-01,2.077953e+00
3.039347e-02,1.821726e+00,5.181577e-01,2.150115e+00
3.039847e-02,1.820425e+00,5.046922e-01,2.224175e+00
3.040347e-02,1.819056e+00,4.908959e-01,2.300054e+00
3.040847e-02,1.817615e+00,4.767834e-01,2.377673e+00
3.041347e-02,1.816099e+00,4.623698e-01,2.456948e+00
3.041847e-02,1.814503e+00,4.476706e-01,2.537793e+00
3.042347e-02,1.812823e+00,4.327017e-01,2.620123e+00
3.042847e-02,1.811054e+00,4.174793e-01,2.703846e+00
3.043347e-02,1.809190e+00,4.020202e-01,2.788871e+00
3.043847e-02,1.807225e+00,3.863415e-01,2.875104e+00
3.044347e-02,1.805152e+00,3.704607e-01,2.962448e+00
3.044847e-02,1.802962e+00,3.543958e-01,3.050805e+00
3.045347e-02,1.800647e+00,3.381652e-01,3.140074e+00
3.045847e-02,1.798195e+00,3.217879e-01,3.230149e+00
3.046347e-02,1.795594e+00,3.052834e-01,3.320924e+00
3.046847e-02,1.792831e+00,2.886717e-01,3.412289e+00
3.047347e-02,1.789888e+00,2.719736e-01,3.504129e+00
3.047847e-02,1.786747e+00,2.552106e-01,3.596325e+00
3.048347e-02,1.783383e+00,2.384053e-01,3.688755e+00
3.048847e-02,1.779769e+00,2.215812e-01,3.781287e+00
3.049347e-02,1.775872e+00,2.047635e-01,3.873786e+00
3.049847e-02,1.771650e+00,1.879789e-01,3.966101e+00
3.050347e-02,1.767051e+00,1.712565e-01,4.058075e+00
3.050847e-02,1.762011e+00,1.546287e-01,4.149528e+00
3.051347e-02,1.756445e+00,1.381320e-01,4.240261e+00
3.051847e-02,1.750244e+00,1.218088e-01,4.330039e+00
3.052347e-02,1.743258e+00,1.057103e-01,4.418582e+00
3.052847e-02,1.735217e+00,8.991503e-02,4.505457e+00
3.053347e-02,1.725924e+00,7.448506e-02,4.590323e+00
3.053847e-02,1.714885e+00,5.954961e-02,4.672470e+00
3.054347e-02,1.701348e+00,4.529562e-02,4.750870e+00
3.054847e-02,1.684194e+00,3.199362e-02,4.824036e+00
3.055347e-02,1.661316e+00,2.013727e-02,4.889252e+00
3.055847e-02,1.629262e+00,1.052438e-02,4.942134e+00
3.056347e-02,1.583589e+00,4.176654e-03,4.977063e+00
3.056847e-02,1.523713e+00,1.242883e-03,4.993208e+00
3.057347e-02,1.455928e+00,3.152012e-04,4.998305e+00
3.057847e-02,1.386126e+00,7.672447e-05,4.999604e+00
3.058347e-02,1.316624e+00,1.878970e-05,4.999914e+00
3.058847e-02,1.248096e+00,4.693187e-06,4.999986e+00
3.059347e-02,1.180757e+00,1.200785e-06,5.000001e+00
3.059847e-02,1.114709e+00,3.153603e-07,5.000003e+00
3.060347e-02,1.050025e+00,8.514167e-08,5.000003e+00
3.060847e-02,9.867705e-01,2.366196e-08,5.000002e+00
3.061347e-02,9.250096e-01,6.777765e-09,5.000001e+00
3.061847e-02,8.648029e-01,2.003487e-09,5.000001e+00
3.062347e-02,8.062100e-01,6.118902e-10,5.000001e+00
3.062847e-02,7.492886e-01,1.933105e-10,5.000000e+00
3.063347e-02,6.940950e-01,6.324507e-11,5.000000e+00
3.063847e-02,6.406835e-01,2.145179e-11,5.000000e+00
3.064347e-02,5.891070e-01,7.551638e-12,5.000000e+00
3.064847e-02,5.394163e-01,2.761327e-12,5.000000e+00
3.065347e-02,4.916605e-01,1.050151e-12,5.000000e+00
3.065847e-02,4.458867e-01,4.158932e-13,5.000000e+00
3.066347e-02,4.021400e-01,1.714395e-13,5.000000e+00
3.066847e-02,3.604636e-01,7.386127e-14,5.000000e+00
3.067347e-02,3.208988e-01,3.286488e-14,5.000000e+00
3.067847e-02,2.834844e-01,1.541600e-14,5.000000e+00
3.068347e-02,2.482575e-01,7.453890e-15,5.000000e+00
3.068847e-02,2.152527e-01,3.557538e-15,5.000000e+00
3.069347e-02,1.845027e-01,2.032879e-15,5.000000e+00
3.069847e-02,1.560379e-01,1.185846e-15,5.000000e+00
3.070347e-02,1.298863e-01,5.082198e-16,5.000000e+00
3.070847e-02,1.060736e-01,3.388132e-16,5.000000e+00
3.071347e-02,8.462351e-02,1.694066e-16,5.000000e+00
3.071847e-02,6.555708e-02,0.000000e+00,5.000000e+00
3.072347e-02,4.889316e-02,1.694066e-16,5.000000e+00
3.072847e-02,3.464818e-02,0.000000e+00,5.000000e+00
3.073347e-02,2.283620e-02,0.000000e+00,5.000000e+00
3.073847e-02,1.346889e-02,0.000000e+00,5.000000e+00
3.074347e-02,6.555484e-03,-1.694066e-16,5.000000e+00
3.074847e-02,2.102806e-03,-1.694066e-16,5.000000e+00
3.075347e-02,1.152501e-04,3.388132e-16,5.000000e+00
3.075847e-02,5.947790e-04,0.000000e+00,5.000000e+00
3.076347e-02,3.540919e-03,0.000000e+00,5.000000e+00
3.076847e-02,8.950763e-03,0.000000e+00,5.000000e+00
3.077347e-02,1.681897e-02,-1.694066e-16,5.000000e+00
3.077847e-02,2.713778e-02,-3.388132e-16,5.000000e+00
3.078347e-02,3.989700e-02,0.000000e+00,5.000000e+00
3.078847e-02,5.508405e-02,0.000000e+00,5.000000e+00
3.079347e-02,7.268394e-02,3.388132e-16,5.000000e+00
3.079847e-02,9.267930e-02,0.000000e+00,5.000000e+00
3.080347e-02,1.150504e-01,3.388132e-16,5.000000e+00
3.080847e-02,1.397751e-01,1.016440e-15,5.000000e+00
3.081347e-02,1.668291e-01,1.185846e-15,5.000000e+00
3.081847e-02,1.961857e-01,2.710505e-15,5.000000e+00
3.082347e-02,2.278158e-01,4.573978e-15,5.000000e+00
3.082847e-02,2.616884e-01,9.825582e-15,5.000000e+00
3.083347e-02,2.977698e-01,2.049820e-14,5.000000e+00
3.083847e-02,3.360246e-01,4.455393e-14,5.000000e+00
3.084347e-02,3.764150e-01,1.019828e-13,5.000000e+00
3.084847e-02,4.189011e-01,2.407268e-13,5.000000e+00
3.085347e-02,4.634410e-01,5.930925e-13,5.000000e+00
3.085847e-02,5.099907e-01,1.522457e-12,5.000000e+00
3.086347e-02,5.585044e-01,4.064233e-12,5.000000e+00
3.086847e-02,6.089340e-01,1.128062e-11,5.000000e+00
3.087347e-02,6.612299e-01,3.251590e-11,5.000000e+00
3.087847e-02,7.153405e-01,9.723074e-11,5.000000e+00
3.088347e-02,7.712123e-01,3.012972e-10,5.000000e+00
3.088847e-02,8.287902e-01,9.664615e-10,5.000000e+00
3.089347e-02,8.880174e-01,3.205336e-09,5.000000e+00
3.089847e-02,9.488353e-01,1.097862e-08,5.000000e+00
3.090347e-02,1.011184e+00,3.878640e-08,5.000000e+00
3.090847e-02,1.075002e+00,1.411644e-07,4.999999e+00
3.091347e-02,1.140224e+00,5.285950e-07,4.999997e+00
3.091847e-02,1.206784e+00,2.033644e-06,4.999989e+00
3.092347e-02,1.274600e+00,8.025506e-06,4.999956e+00
3.092847e-02,1.343544e+00,3.240307e-05,4.999822e+00
3.093347e-02,1.413293e+00,1.329758e-04,4.999269e+00
3.093847e-02,1.482748e+00,5.424817e-04,4.997020e+00
3.094347e-02,1.548363e+00,2.047283e-03,4.988752e+00
3.094847e-02,1.603171e+00,6.207484e-03,4.965889e+00
3.095347e-02,1.643087e+00,1.393113e-02,4.923426e+00
3.095847e-02,1.671026e+00,2.454211e-02,4.865070e+00
3.096347e-02,1.691365e+00,3.703361e-02,4.796363e+00
3.096847e-02,1.706961e+00,5.074189e-02,4.720961e+00
3.097347e-02,1.719379e+00,6.529632e-02,4.640907e+00
3.097847e-02,1.729742e+00,8.042546e-02,4.557692e+00
3.098347e-02,1.738473e+00,9.601653e-02,4.471938e+00
3.098847e-02,1.746045e+00,1.119450e-01,4.384328e+00
3.099347e-02,1.752647e+00,1.281508e-01,4.295194e+00
3.099847e-02,1.758610e+00,1.445416e-01,4.205042e+00
3.100347e-02,1.763977e+00,1.610900e-01,4.114025e+00
3.100847e-02,1.768849e+00,1.777559e-01,4.022361e+00
3.101347e-02,1.773303e+00,1.945042e-01,3.930245e+00
3.101847e-02,1.777400e+00,2.113036e-01,3.837847e+00
3.102347e-02,1.781187e+00,2.281258e-01,3.745325e+00
3.102847e-02,1.784703e+00,2.449446e-01,3.652820e+00
3.103347e-02,1.787981e+00,2.617356e-01,3.560469e+00
3.103847e-02,1.791044e+00,2.784755e-01,3.468399e+00
3.104347e-02,1.793917e+00,2.951421e-01,3.376732e+00
3.104847e-02,1.796617e+00,3.117143e-01,3.285585e+00
3.105347e-02,1.799159e+00,3.281715e-01,3.195070e+00
3.105847e-02,1.801557e+00,3.444938e-01,3.105297e+00
3.106347e-02,1.803823e+00,3.606620e-01,3.016371e+00
3.106847e-02,1.805968e+00,3.766574e-01,2.928396e+00
3.107347e-02,1.807998e+00,3.924616e-01,2.841472e+00
3.107847e-02,1.809924e+00,4.080570e-01,2.755697e+00
3.108347e-02,1.811750e+00,4.234260e-01,2.671167e+00
3.108847e-02,1.813484e+00,4.385517e-01,2.587975e+00
3.109347e-02,1.815131e+00,4.534176e-01,2.506212e+00
3.109847e-02,1.816696e+00,4.680076e-01,2.425967e+00
3.110347e-02,1.818183e+00,4.823059e-01,2.347325e+00
3.110847e-02,1.819595e+00,4.962973e-01,2.270372e+00
3.111347e-02,1.820938e+00,5.099667e-01,2.195190e+00
3.111847e-02,1.822213e+00,5.232996e-01,2.121858e+00
3.112347e-02,1.823423e+00,5.362820e-01,2.050455e+00
3.112847e-02,1.824572e+00,5.489002e-01,1.981054e+00
3.113347e-02,1.825662e+00,5.611410e-01,1.913729e+00
3.113847e-02,1.826694e+00,5.729914e-01,1.848551e+00
3.114347e-02,1.827672e+00,5.844392e-01,1.785588e+00
3.114847e-02,1.828596e+00,5.954724e-01,1.724905e+00
3.115347e-02,1.829468e+00,6.060796e-01,1.666565e+00
3.115847e-02,1.830290e+00,6.162496e-01,1.610629e+00
3.116347e-02,1.831063e+00,6.259721e-01,1.557154e+00
3.116847e-02,1.831789e+00,6.352369e-01,1.506197e+00
3.117347e-02,1.832469e+00,6.440345e-01,1.457810e+00
3.117847e-02,1.833103e+00,6.523559e-01,1.412042e+00
3.118347e-02,1.833693e+00,6.601923e-01,1.368941e+00
3.118847e-02,1.834239e+00,6.675358e-01,1.328551e+00
3.119347e-02,1.834743e+00,6.743788e-01,1.290914e+00
3.119847e-02,1.835205e+00,6.807143e-01,1.256068e+00
3.120347e-02,1.835626e+00,6.865358e-01,1.224049e+00
3.120847e-02,1.836006e+00,6.918373e-01,1.194891e+00
3.121347e-02,1.836345e+00,6.966134e-01,1.168622e+00
3.121847e-02,1.836646e+00,7.008591e-01,1.145269e+00
3.122347e-02,1.836906e+00,7.045702e-01,1.124858e+00
3.122847e-02,1.837128e+00,7.077429e-01,1.107408e+00
3.123347e-02,1.837312e+00,7.103738e-01,1.092937e+00
3.123847e-02,1.837457e+00,7.124603e-01,1.081461e+00
3.124347e-02,1.837563e+00,7.140003e-01,1.072990e+00
3.124847e-02,1.837632e+00,7.149922e-01,1.067535e+00
3.125347e-02,1.837662e+00,7.154349e-01,1.065099e+00
3.125847e-02,1.837655e+00,7.153281e-01,1.065686e+00
3.126347e-02,1.837610e+00,7.146718e-01,1.069295e+00
3.126847e-02,1.837526e+00,7.134667e-01,1.075922e+00
3.127347e-02,1.837405e+00,7.117141e-01,1.085562e+00
3.127847e-02,1.837245e+00,7.094157e-01,1.098202e+00
3.128347e-02,1.837047e+00,7.065738e-01,1.113832e+00
3.128847e-02,1.836810e+00,7.031915e-01,1.132435e+00
3.129347e-02,1.836534e+00,6.992720e-01,1.153991e+00
3.129847e-02,1.836218e+00,6.948196e-01,1.178479e+00
3.130347e-02,1.835863e+00,6.898387e-01,1.205874e+00
3.130847e-02,1.835467e+00,6.843344e-01,1.236147e+00
3.131347e-02,1.835030e+00,6.783124e-01,1.269268e+00
3.131847e-02,1.834552e+00,6.717788e-01,1.305202e+00
3.132347e-02,1.834032e+00,6.647403e-01,1.343913e+00
3.132847e-02,1.833469e+00,6.572043e-01,1.385361e+00
3.133347e-02,1.832862e+00,6.491784e-01,1.429503e+00
3.133847e-02,1.832210e+00,6.406709e-01,1.476294e+00
3.134347e-02,1.831513e+00,6.316906e-01,1.525685e+00
3.134847e-02,1.830769e+00,6.222467e-01,1.577627e+00
3.135347e-02,1.829976e+00,6.123490e-01,1.632064e+00
3.135847e-02,1.829135e+00,6.020077e-01,1.688940e+00
3.136347e-02,1.828243e+00,5.912336e-01,1.748198e+00
3.136847e-02,1.827299e+00,5.800379e-01,1.809774e+00
3.137347e-02,1.826300e+00,5.684321e-01,1.873606e+00
3.137847e-02,1.825246e+00,5.564284e-01,1.939626e+00
3.138347e-02,1.824134e+00,5.440394e-01,2.007765e+00
3.138847e-02,1.822961e+00,5.312780e-01,2.077953e+00
3.139347e-02,1.821726e+00,5.181577e-01,2.150115e+00
3.139847e-02,1.820425e+00,5.046922e-01,2.224175e+00
3.140347e-02,1.819056e+00,4.908959e-01,2.300054e+00
3.140847e-02,1.817615e+00,4.767834e-01,2.377673e+00
3.141347e-02,1.816099e+00,4.623698e-01,2.456948e+00
3.141847e-02,1.814503e+00,4.476706e-01,2.537793e+00
3.142347e-02,1.812823e+00,4.327017e-01,2.620122e+00
3.142847e-02,1.811054e+00,4.174793e-01,2.703846e+00
3.143347e-02,1.809190e+00,4.020202e-01,2.788871e+00
3.143847e-02,1.807225e+00,3.863415e-01,2.875104e+00
3.144347e-02,1.805152e+00,3.704607e-01,2.962448e+00
3.144847e-02,1.802962e+00,3.543958e-01,3.050805e+00
3.145347e-02,1.800647e+00,3.381652e-01,3.140074e+00
3.145847e-02,1.798195e+00,3.217879e-01,3.230149e+00
3.146347e-02,1.795594e+00,3.052834e-01,3.320924e+00
3.146847e-02,1.792831e+00,2.886717e-01,3.412289e+00
3.147347e-02,1.789888e+00,2.719736e-01,3.504129e+00
3.147847e-02,1.786747e+00,2.552106e-01,3.596325e+00
3.148347e-02,1.783383e+00,2.384053e-01,3.688755e+00
3.148847e-02,1.779769e+00,2.215812e-01,3.781287e+00
3.149347e-02,1.775872e+00,2.047635e-01,3.873786e+00
3.149847e-02,1.771650e+00,1.879789e-01,3.966101e+00
3.150347e-02,1.767051e+00,1.712565e-01,4.058075e+00
3.150847e-02,1.762011e+00,1.546287e-01,4.149528e+00
3.151347e-02,1.756445e+00,1.381320e-01,4.240261e+00
3.151847e-02,1.750244e+00,1.218088e-01,4.330039e+00
3.152347e-02,1.743258e+00,1.057103e-01,4.418582e+00
3.152847e-02,1.735217e+00,8.991503e-02,4.505457e+00
3.153347e-02,1.725924e+00,7.448507e-02,4.590323e+00
3.153847e-02,1.714885e+00,5.954961e-02,4.672470e+00
3.154347e-02,1.701348e+00,4.529562e-02,4.750870e+00
3.154847e-02,1.684194e+00,3.199362e-02,4.824035e+00
3.155347e-02,1.661316e+00,2.013727e-02,4.889252e+00
3.155847e-02,1.629262e+00,1.052439e-02,4.942134e+00
3.156347e-02,1.583589e+00,4.176655e-03,4.977063e+00
3.156847e-02,1.523713e+00,1.242883e-03,4.993208e+00
3.157347e-02,1.455928e+00,3.152013e-04,4.998305e+00
3.157847e-02,1.386126e+00,7.672449e-05,4.999604e+00
3.158347e-02,1.316624e+00,1.878970e-05,4.999914e+00
3.158847e-02,1.248096e+00,4.693188e-06,4.999986e+00
3.159347e-02,1.180758e+00,1.200785e-06,5.000001e+00
3.159847e-02,1.114709e+00,3.153604e-07,5.000003e+00
3.160347e-02,1.050025e+00,8.514170e-08,5.000003e+00
3.160847e-02,9.867705e-01,2.366197e-08,5.000002e+00
3.161347e-02,9.250096e-01,6.777768e-09,5.000001e+00
3.161847e-02,8.648029e-01,2.003487e-09,5.000001e+00
3.162347e-02,8.062100e-01,6.118902e-10,5.000001e+00
3.162847e-02,7.492886e-01,1.933102e-10,5.000000e+00
3.163347e-02,6.940950e-01,6.324490e-11,5.000000e+00
3.163847e-02,6.406835e-01,2.145179e-11,5.000000e+00
3.164347e-02,5.891070e-01,7.551299e-12,5.000000e+00
3.164847e-02,5.394163e-01,2.761836e-12,5.000000e+00
3.165347e-02,4.916605e-01,1.050151e-12,5.000000e+00
3.165847e-02,4.458867e-01,4.160626e-13,5.000000e+00
3.166347e-02,4.021400e-01,1.714395e-13,5.000000e+00
3.166847e-02,3.604636e-01,7.335305e-14,5.000000e+00
3.167347e-02,3.208988e-01,3.303428e-14,5.000000e+00
3.167847e-02,2.834844e-01,1.541600e-14,5.000000e+00
3.168347e-02,2.482575e-01,7.453890e-15,5.000000e+00
3.168847e-02,2.152527e-01,3.557538e-15,5.000000e+00
3.169347e-02,1.845028e-01,2.032879e-15,5.000000e+00
3.169847e-02,1.560379e-01,1.016440e-15,5.000000e+00
3.170347e-02,1.298863e-01,3.388132e-16,5.000000e+00
3.170847e-02,1.060736e-01,6.776264e-16,5.000000e+00
3.171347e-02,8.462352e-02,3.388132e-16,5.000000e+00
3.171847e-02,6.555709e-02,3.388132e-16,5.000000e+00
3.172347e-02,4.889316e-02,0.000000e+00,5.000000e+00
3.172847e-02,3.464818e-02,0.000000e+00,5.000000e+00
3.173347e-02,2.283621e-02,0.000000e+00,5.000000e+00
3.173847e-02,1.346889e-02,0.000000e+00,5.000000e+00
3.174347e-02,6.555485e-03,0.000000e+00,5.000000e+00
3.174847e-02,2.102806e-03,0.000000e+00,5.000000e+00
3.175347e-02,1.152502e-04,0.000000e+00,5.000000e+00
3.175847e-02,5.947786e-04,0.000000e+00,5.000000e+00
3.176347e-02,3.540918e-03,-1.694066e-16,5.000000e+00
3.176847e-02,8.950761e-03,-1.694066e-16,5.000000e+00
3.177347e-02,1.681897e-02,1.694066e-16,5.000000e+00
3.177847e-02,2.713778e-02,-3.388132e-16,5.000000e+00
3.178347e-02,3.989700e-02,0.000000e+00,5.000000e+00
3.178847e-02,5.508405e-02,0.000000e+00,5.000000e+00
3.179347e-02,7.268394e-02,1.694066e-16,5.000000e+00
3.179847e-02,9.267929e-02,0.000000e+00,5.000000e+00
3.180347e-02,1.150504e-01,5.082198e-16,5.000000e+00
3.180847e-02,1.397751e-01,8.470329e-16,5.000000e+00
3.181347e-02,1.668291e-01,1.185846e-15,5.000000e+00
3.181847e-02,1.961857e-01,2.710505e-15,5.000000e+00
3.182347e-02,2.278158e-01,4.573978e-15,5.000000e+00
3.182847e-02,2.616884e-01,9.825582e-15,5.000000e+00
3.183347e-02,2.977698e-01,2.049820e-14,5.000000e+00
3.183847e-02,3.360246e-01,4.455393e-14,5.000000e+00
3.184347e-02,3.764150e-01,1.019828e-13,5.000000e+00
3.184847e-02,4.189011e-01,2.407268e-13,5.000000e+00
3.185347e-02,4.634410e-01,5.930925e-13,5.000000e+00
3.185847e-02,5.099907e-01,1.522457e-12,5.000000e+00
3.186347e-02,5.585044e-01,4.064233e-12,5.000000e+00
3.186847e-02,6.089340e-01,1.128062e-11,5.000000e+00
3.187347e-02,6.612299e-01,3.251590e-11,5.000000e+00
3.187847e-02,7.153405e-01,9.723074e-11,5.000000e+00
3.188347e-02,7.712123e-01,3.012972e-10,5.000000e+00
3.188847e-02,8.287902e-01,9.664612e-10,5.000000e+00
3.189347e-02,8.880173e-01,3.205335e-09,5.000000e+00
3.189847e-02,9.488353e-01,1.097862e-08,5.000000e+00
3.190347e-02,1.011184e+00,3.878639e-08,5.000000e+00
3.190847e-02,1.075002e+00,1.411643e-07,4.999999e+00
3.191347e-02,1.140224e+00,5.285948e-07,4.999997e+00
3.191847e-02,1.206784e+00,2.033644e-06,4.999989e+00
3.192347e-02,1.274600e+00,8.025504e-06,4.999956e+00
3.192847e-02,1.343544e+00,3.240306e-05,4.999822e+00
3.193347e-02,1.413293e+00,1.329758e-04,4.999269e+00
3.193847e-02,1.482748e+00,5.424815e-04,4.997020e+00
3.194347e-02,1.548363e+00,2.047282e-03,4.988752e+00
3.194847e-02,1.603171e+00,6.207482e-03,4.965889e+00
3.195347e-02,1.643087e+00,1.393113e-02,4.923426e+00
3.195847e-02,1.671026e+00,2.454210e-02,4.865070e+00
3.196347e-02,1.691365e+00,3.703360e-02,4.796363e+00
3.196847e-02,1.706961e+00,5.074189e-02,4.720961e+00
3.197347e-02,1.719379e+00,6.529632e-02,4.640907e+00
3.197847e-02,1.729742e+00,8.042546e-02,4.557692e+00
3.198347e-02,1.738473e+00,9.601652e-02,4.471938e+00
3.198847e-02,1.746045e+00,1.119450e-01,4.384328e+00
3.199347e-02,1.752647e+00,1.281508e-01,4.295194e+00
3.199847e-02,1.758610e+00,1.445416e-01,4.205042e+00
3.200347e-02,1.763977e+00,1.610900e-01,4.114025e+00
3.200847e-02,1.768849e+00,1.777559e-01,4.022361e+00
3.201347e-02,1.773303e+00,1.945042e-01,3.930245e+00
3.201847e-02,1.777400e+00,2.113036e-01,3.837847e+00
3.202347e-02,1.781187e+00,2.281258e-01,3.745325e+00
3.202847e-02,1.784703e+00,2.449446e-01,3.652820e+00
3.203347e-02,1.787981e+00,2.617356e-01,3.560469e+00
3.203847e-02,1.791044e+00,2.784755e-01,3.468399e+00
3.204347e-02,1.793917e+00,2.951421e-01,3.376732e+00
3.204847e-02,1.796617e+00,3.117143e-01,3.285585e+00
3.205347e-02,1.799159e+00,3.281715e-01,3.195070e+00
3.205847e-02,1.801557e+00,3.444938e-01,3.105297e+00
3.206347e-02,1.803823e+00,3.606620e-01,3.016371e+00
3.206847e-02,1.805968e+00,3.766574e-01,2.928396e+00
3.207347e-02,1.807998e+00,3.924616e-01,2.841472e+00
3.207847e-02,1.809924e+00,4.080569e-01,2.755697e+00
3.208347e-02,1.811750e+00,4.234259e-01,2.671167e+00
3.208847e-02,1.813484e+00,4.385517e-01,2.587975e+00
3.209347e-02,1.815131e+00,4.534176e-01,2.506212e+00
3.209847e-02,1.816696e+00,4.680076e-01,2.425967e+00
3.210347e-02,1.818183e+00,4.823059e-01,2.347325e+00
3.210847e-02,1.819595e+00,4.962973e-01,2.270372e+00
3.211347e-02,1.820938e+00,5.099666e-01,2.195190e+00
3.211847e-02,1.822213e+00,5.232996e-01,2.121858e+00
3.212347e-02,1.823423e+00,5.362820e-01,2.050455e+00
3.212847e-02,1.824572e+00,5.489002e-01,1.981054e+00
3.213347e-02,1.825662e+00,5.611410e-01,1.913729e+00
3.213847e-02,1.826694e+00,5.729914e-01,1.848551e+00
3.214347e-02,1.827672e+00,5.844392e-01,1.785588e+00
3.214847e-02,1.828596e+00,5.954724e-01,1.724905e+00
3.215347e-02,1.829468e+00,6.060796e-01,1.666565e+00
3.215847e-02,1.830290e+00,6.162496e-01,1.610629e+00
3.216347e-02,1.831063e+00,6.259721e-01,1.557154e+00
3.216847e-02,1.831789e+00,6.352369e-01,1.506197e+00
3.217347e-02,1.832469e+00,6.440345e-01,1.457810e+00
3.217847e-02,1.833103e+00,6.523559e-01,1.412042e+00
3.218347e-02,1.833693e+00,6.601923e-01,1.368941e+00
3.218847e-02,1.834239e+00,6.675358e-01,1.328551e+00
3.219347e-02,1.834743e+00,6.743788e-01,1.290914e+00
3.219847e-02,1.835205e+00,6.807143e-01,1.256068e+00
3.220347e-02,1.835626e+00,6.865358e-01,1.224050e+00
3.220847e-02,1.836006e+00,6.918373e-01,1.194891e+00
3.221347e-02,1.836345e+00,6.966134e-01,1.168622e+00
3.221847e-02,1.836646e+00,7.008591e-01,1.145269e+00
3.222347e-02,1.836906e+00,7.045702e-01,1.124858e+00
3.222847e-02,1.837128e+00,7.077428e-01,1.107408e+00
3.223347e-02,1.837312e+00,7.103738e-01,1.092937e+00
3.223847e-02,1.837457e+00,7.124603e-01,1.081461e+00
3.224347e-02,1.837563e+00,7.140003e-01,1.072990e+00
3.224847e-02,1.837632e+00,7.149922e-01,1.067535e+00
3.225347e-02,1.837662e+00,7.154349e-01,1.065099e+00
3.225847e-02,1.837655e+00,7.153281e-01,1.065686e+00
3.226347e-02,1.837610e+00,7.146718e-01,1.069295e+00
3.226847e-02,1.837526e+00,7.134667e-01,1.075922e+00
3.227347e-02,1.837405e+00,7.117141e-01,1.085562e+00
3.227847e-02,1.837245e+00,7.094157e-01,1.098202e+00
3.228347e-02,1.837047e+00,7.065738e-01,1.113832e+00
3.228847e-02,1.836810e+00,7.031915e-01,1.132435e+00
3.229347e-02,1.836534e+00,6.992720e-01,1.153991e+00
3.229847e-02,1.836218e+00,6.948196e-01,1.178479e+00
3.230347e-02,1.835863e+00,6.898387e-01,1.205874e+00
3.230847e-02,1.835467e+00,6.843344e-01,1.236147e+00
3.231347e-02,1.835030e+00,6.783124e-01,1.269268e+00
3.231847e-02,1.834552e+00,6.717788e-01,1.305202e+00
3.232347e-02,1.834032e+00,6.647403e-01,1.343913e+00
3.232847e-02,1.833469e+00,6.572043e-01,1.385361e+00
3.233347e-02,1.832862e+00,6.491784e-01,1.429503e+00
3.233847e-02,1.832210e+00,6.406709e-01,1.476294e+00
3.234347e-02,1.831513e+00,6.316906e-01,1.525685e+00
3.234847e-02,1.830769e+00,6.222467e-01,1.577627e+00
3.235347e-02,1.829976e+00,6.123490e-01,1.632064e+00
3.235847e-02,1.829135e+00,6.020077e-01,1.688940e+00
3.236347e-02,1.828243e+00,5.912336e-01,1.748198e+00
3.236847e-02,1.827299e+00,5.800379e-01,1.809774e+00
3.237347e-02,1.826300e+00,5.684321e-01,1.873606e+00
3.237847e-02,1.825246e+00,5.564284e-01,1.939626e+00
3.238347e-02,1.824134e+00,5.440394e-01,2.007765e+00
3.238847e-02,1.822961e+00,5.312780e-01,2.077953e+00
3.239347e-02,1.821726e+00,5.181577e-01,2.150115e+00
3.239847e-02,1.820425e+00,5.046922e-01,2.224175e+00
3.240347e-02,1.819056e+00,4.908959e-01,2.300054e+00
3.240847e-02,1.817615e+00,4.767834e-01,2.377673e+00
3.241347e-02,1.816099e+00,4.623698e-01,2.456948e+00
3.241847e-02,1.814503e+00,4.476706e-01,2.537793e+00
3.242347e-02,1.812823e+00,4.327017e-01,2.620122e+00
3.242847e-02,1.811054e+00,4.174793e-01,2.703845e+00
3.243347e-02,1.809190e+00,4.020202e-01,2.788871e+00
3.243847e-02,1.807225e+00,3.863415e-01,2.875104e+00
3.244347e-02,1.805152e+00,3.704607e-01,2.962448e+00
3.244847e-02,1.802962e+00,3.543958e-01,3.050805e+00
3.245347e-02,1.800647e+00,3.381652e-01,3.140074e+00
3.245847e-02,1.798195e+00,3.217879e-01,3.230149e+00
3.246347e-02,1.795594e+00,3.052834e-01,3.320924e+00
3.246847e-02,1.792831e+00,2.886717e-01,3.412289e+00
3.247347e-02,1.789888e+00,2.719736e-01,3.504129e+00
3.247847e-02,1.786747e+00,2.552106e-01,3.596325e+00
3.248347e-02,1.783383e+00,2.384053e-01,3.688755e+00
3.248847e-02,1.779769e+00,2.215812e-01,3.781287e+00
3.249347e-02,1.775872e+00,2.047635e-01,3.873786e+00
3.249847e-02,1.771650e+00,1.879789e-01,3.966101e+00
3.250347e-02,1.767051e+00,1.712565e-01,4.058075e+00
3.250847e-02,1.762011e+00,1.546287e-01,4.149528e+00
3.251347e-02,1.756445e+00,1.381320e-01,4.240261e+00
3.251847e-02,1.750244e+00,1.218088e-01,4.330039e+00
3.252347e-02,1.743258e+00,1.057103e-01,4.418582e+00
3.252847e-02,1.735217e+00,8.991504e-02,4.505457e+00
3.253347e-02,1.725924e+00,7.448507e-02,4.590323e+00
3.253847e-02,1.714885e+00,5.954962e-02,4.672470e+00
3.254347e-02,1.701348e+00,4.529563e-02,4.750870e+00
3.254847e-02,1.684194e+00,3.199362e-02,4.824035e+00
3.255347e-02,1.661316e+00,2.013728e-02,4.889252e+00
3.255847e-02,1.629262e+00,1.052439e-02,4.942134e+00
3.256347e-02,1.583589e+00,4.176656e-03,4.977063e+00
3.256847e-02,1.523713e+00,1.242883e-03,4.993208e+00
3.257347e-02,1.455928e+00,3.152014e-04,4.998305e+00
3.257847e-02,1.386126e+00,7.672451e-05,4.999604e+00
3.258347e-02,1.316624e+00,1.878971e-05,4.999914e+00
3.258847e-02,1.248096e+00,4.693190e-06,4.999986e+00
3.259347e-02,1.180758e+00,1.200786e-06,5.000001e+00
3.259847e-02,1.114709e+00,3.153605e-07,5.000003e+00
3.260347e-02,1.050025e+00,8.514172e-08,5.000003e+00
3.260847e-02,9.867705e-01,2.366198e-08,5.000002e+00
3.261347e-02,9.250096e-01,6.777769e-09,5.000001e+00
3.261847e-02,8.648029e-01,2.003488e-09,5.000001e+00
3.262347e-02,8.062100e-01,6.118902e-10,5.000001e+00
3.262847e-02,7.492886e-01,1.933102e-10,5.000000e+00
3.263347e-02,6.940950e-01,6.324507e-11,5.000000e+00
3.263847e-02,6.406835e-01,2.145196e-11,5.000000e+00
3.264347e-02,5.891070e-01,7.551468e-12,5.000000e+00
3.264847e-02,5.394164e-01,2.761666e-12,5.000000e+00
3.265347e-02,4.916605e-01,1.050321e-12,5.000000e+00
3.265847e-02,4.458867e-01,4.160626e-13,5.000000e+00
3.266347e-02,4.021400e-01,1.714395e-13,5.000000e+00
3.266847e-02,3.604637e-01,7.369187e-14,5.000000e+00
3.267347e-02,3.208988e-01,3.303428e-14,5.000000e+00
3.267847e-02,2.834844e-01,1.541600e-14,5.000000e+00
3.268347e-02,2.482575e-01,7.453890e-15,5.000000e+00
3.268847e-02,2.152527e-01,3.557538e-15,5.000000e+00
3.269347e-02,1.845028e-01,1.863472e-15,5.000000e+00
3.269847e-02,1.560379e-01,1.185846e-15,5.000000e+00
3.270347e-02,1.298863e-01,8.470329e-16,5.000000e+00
3.270847e-02,1.060736e-01,3.388132e-16,5.000000e+00
3.271347e-02,8.462352e-02,1.694066e-16,5.000000e+00
3.271847e-02,6.555709e-02,1.694066e-16,5.000000e+00
3.272347e-02,4.889317e-02,0.000000e+00,5.000000e+00
3.272847e-02,3.464819e-02,0.000000e+00,5.000000e+00
3.273347e-02,2.283621e-02,-3.388132e-16,5.000000e+00
3.273847e-02,1.346890e-02,-3.388132e-16,5.000000e+00
3.274347e-02,6.555487e-03,0.000000e+00,5.000000e+00
3.274847e-02,2.102807e-03,0.000000e+00,5.000000e+00
3.275347e-02,1.152504e-04,1.694066e-16,5.000000e+00
3.275847e-02,5.947782e-04,0.000000e+00,5.000000e+00
3.276347e-02,3.540917e-03,0.000000e+00,5.000000e+00
3.276847e-02,8.950760e-03,0.000000e+00,5.000000e+00
3.277347e-02,1.681897e-02,-3.388132e-16,5.000000e+00
3.277847e-02,2.713777e-02,-3.388132e-16,5.000000e+00
3.278347e-02,3.989700e-02,0.000000e+00,5.000000e+00
3.278847e-02,5.508405e-02,0.000000e+00,5.000000e+00
3.279347e-02,7.268393e-02,1.694066e-16,5.000000e+00
3.279847e-02,9.267929e-02,0.000000e+00,5.000000e+00
3.280347e-02,1.150504e-01,5.082198e-16,5.000000e+00
3.280847e-02,1.397751e-01,8.470329e-16,5.000000e+00
3.281347e-02,1.668291e-01,1.185846e-15,5.000000e+00
3.281847e-02,1.961857e-01,2.710505e-15,5.000000e+00
3.282347e-02,2.278158e-01,4.573978e-15,5.000000e+00
3.282847e-02,2.616883e-01,9.825582e-15,5.000000e+00
3.283347e-02,2.977698e-01,2.049820e-14,5.000000e+00
3.283847e-02,3.360246e-01,4.455393e-14,5.000000e+00
3.284347e-02,3.764150e-01,1.019828e-13,5.000000e+00
3.284847e-02,4.189011e-01,2.407268e-13,5.000000e+00
3.285347e-02,4.634410e-01,5.930925e-13,5.000000e+00
3.285847e-02,5.099907e-01,1.522457e-12,5.000000e+00
3.286347e-02,5.585043e-01,4.064233e-12,5.000000e+00
3.286847e-02,6.089340e-01,1.128062e-11,5.000000e+00
3.287347e-02,6.612299e-01,3.251590e-11,5.000000e+00
3.287847e-02,7.153405e-01,9.723074e-11,5.000000e+00
3.288347e-02,7.712123e-01,3.012972e-10,5.000000e+00
3.288847e-02,8.287902e-01,9.664607e-10,5.000000e+00
3.289347e-02,8.880173e-01,3.205334e-09,5.000000e+00
3.289847e-02,9.488353e-01,1.097862e-08,5.000000e+00
3.290347e-02,1.011184e+00,3.878638e-08,5.000000e+00
3.290847e-02,1.075002e+00,1.411643e-07,4.999999e+00
3.291347e-02,1.140224e+00,5.285947e-07,4.999997e+00
3.291847e-02,1.206784e+00,2.033643e-06,4.999989e+00
3.292347e-02,1.274600e+00,8.025501e-06,4.999956e+00
3.292847e-02,1.343544e+00,3.240305e-05,4.999822e+00
3.293347e-02,1.413293e+00,1.329758e-04,4.999269e+00
3.293847e-02,1.482748e+00,5.424813e-04,4.997020e+00
3.294347e-02,1.548363e+00,2.047282e-03,4.988752e+00
3.294847e-02,1.603171e+00,6.207481e-03,4.965889e+00
3.295347e-02,1.643087e+00,1.393113e-02,4.923426e+00
3.295847e-02,1.671026e+00,2.454210e-02,4.865070e+00
3.296347e-02,1.691365e+00,3.703360e-02,4.796363e+00
3.296847e-02,1.706961e+00,5.074189e-02,4.720961e+00
3.297347e-02,1.719379e+00,6.529632e-02,4.640907e+00
3.297847e-02,1.729742e+00,8.042545e-02,4.557692e+00
3.298347e-02,1.738473e+00,9.601652e-02,4.471938e+00
3.298847e-02,1.746045e+00,1.119450e-01,4.384328e+00
3.299347e-02,1.752647e+00,1.281508e-01,4.295194e+00
3.299847e-02,1.758610e+00,1.445416e-01,4.205042e+00
3.300347e-02,1.763977e+00,1.610900e-01,4.114025e+00
3.300847e-02,1.768849e+00,1.777559e-01,4.022361e+00
3.301347e-02,1.773303e+00,1.945042e-01,3.930245e+00
3.301847e-02,1.777400e+00,2.113036e-01,3.837848e+00
3.302347e-02,1.781187e+00,2.281258e-01,3.745325e+00
3.302847e-02,1.784703e+00,2.449446e-01,3.652820e+00
3.303347e-02,1.787981e+00,2.617356e-01,3.560469e+00
3.303847e-02,1.791044e+00,2.784755e-01,3.468399e+00
3.304347e-02,1.793917e+00,2.951421e-01,3.376732e+00
3.304847e-02,1.796617e+00,3.117143e-01,3.285585e+00
3.305347e-02,1.799159e+00,3.281715e-01,3.195070e+00
3.305847e-02,1.801557e+00,3.444938e-01,3.105297e+00
3.306347e-02,1.803823e+00,3.606620e-01,3.016371e+00
3.306847e-02,1.805968e+00,3.766574e-01,2.928396e+00
3.307347e-02,1.807998e+00,3.924616e-01,2.841472e+00
3.307847e-02,1.809924e+00,4.080569e-01,2.755697e+00
3.308347e-02,1.811750e+00,4.234259e-01,2.671167e+00
3.308847e-02,1.813484e+00,4.385517e-01,2.587975e+00
3.309347e-02,1.815131e+00,4.534176e-01,2.506212e+00
3.309847e-02,1.816696e+00,4.680076e-01,2.425967e+00
3.310347e-02,1.818183e+00,4.823059e-01,2.347325e+00
3.310847e-02,1.819595e+00,4.962973e-01,2.270373e+00
3.311347e-02,1.820938e+00,5.099666e-01,2.195190e+00
3.311847e-02,1.822213e+00,5.232996e-01,2.121858e+00
3.312347e-02,1.823423e+00,5.362820e-01,2.050455e+00
3.312847e-02,1.824572e+00,5.489002e-01,1.981054e+00
3.313347e-02,1.825662e+00,5.611410e-01,1.913729e+00
3.313847e-02,1.826694e+00,5.729914e-01,1.848551e+00
3.314347e-02,1.827672e+00,5.844392e-01,1.785588e+00
3.314847e-02,1.828596e+00,5.954724e-01,1.724905e+00
3.315347e-02,1.829468e+00,6.060796e-01,1.666565e+00
3.315847e-02,1.830290e+00,6.162496e-01,1.610629e+00
3.316347e-02,1.831063e+00,6.259721e-01,1.557154e+00
3.316847e-02,1.831789e+00,6.352369e-01,1.506197e+00
3.317347e-02,1.832469e+00,6.440345e-01,1.457810e+00
3.317847e-02,1.833103e+00,6.523558e-01,1.412042e+00
3.318347e-02,1.833693e+00,6.601923e-01,1.368941e+00
3.318847e-02,1.834239e+00,6.675358e-01,1.328551e+00
3.319347e-02,1.834743e+00,6.743788e-01,1.290914e+00
3.319847e-02,1.835205e+00,6.807143e-01,1.256068e+00
3.320347e-02,1.835626e+00,6.865358e-01,1.224050e+00
3.320847e-02,1.836006e+00,6.918373e-01,1.194891e+00
3.321347e-02,1.836345e+00,6.966134e-01,1.168622e+00
3.321847e-02,1.836646e+00,7.008591e-01,1.145269e+00
3.322347e-02,1.836906e+00,7.045702e-01,1.124858e+00
3.322847e-02,1.837128e+00,7.077428e-01,1.107408e+00
3.323347e-02,1.837312e+00,7.103738e-01,1.092937e+00
3.323847e-02,1.837457e+00,7.124603e-01,1.081461e+00
3.324347e-02,1.837563e+00,7.140003e-01,1.072990e+00
3.324847e-02,1.837632e+00,7.149922e-01,1.067535e+00
3.325347e-02,1.837662e+00,7.154349e-01,1.065099e+00
3.325847e-02,1.837655e+00,7.153281e-01,1.065686e+00
3.326347e-02,1.837610e+00,7.146718e-01,1.069295e+00
3.326847e-02,1.837526e+00,7.134667e-01,1.075922e+00
3.327347e-02,1.837405e+00,7.117141e-01,1.085562e+00
3.327847e-02,1.837245e+00,7.094157e-01,1.098202e+00
3.328347e-02,1.837047e+00,7.065738e-01,1.113832e+00
3.328847e-02,1.836810e+00,7.031915e-01,1.132435e+00
3.329347e-02,1.836534e+00,6.992721e-01,1.153991e+00
3.329847e-02,1.836218e+00,6.948196e-01,1.178479e+00
3.330347e-02,1.835863e+00,6.898387e-01,1.205874e+00
3.330847e-02,1.835467e+00,6.843344e-01,1.236147e+00
3.331347e-02,1.835030e+00,6.783124e-01,1.269268e+00
3.331847e-02,1.834552e+00,6.717788e-01,1.305202e+00
3.332347e-02,1.834032e+00,6.647403e-01,1.343913e+00
3.332847e-02,1.833469e+00,6.572043e-01,1.385361e+00
3.333347e-02,1.832862e+00,6.491784e-01,1.429503e+00
3.333847e-02,1.832210e+00,6.406709e-01,1.476294e+00
3.334347e-02,1.831513e+00,6.316906e-01,1.525685e+00
3.334847e-02,1.830769e+00,6.222467e-01,1.577627e+00
3.335347e-02,1.829976e+00,6.123490e-01,1.632064e+00
3.335847e-02,1.829135e+00,6.020077e-01,1.688940e+00
3.336347e-02,1.828243e+00,5.912336e-01,1.748198e+00
3.336847e-02,1.827299e+00,5.800379e-01,1.809774e+00
3.337347e-02,1.826300e+00,5.684321e-01,1.873606e+00
3.337847e-02,1.825246e+00,5.564284e-01,1.939626e+00
3.338347e-02,1.824134e+00,5.440394e-01,2.007765e+00
3.338847e-02,1.822961e+00,5.312780e-01,2.077953e+00
3.339347e-02,1.821726e+00,5.181577e-01,2.150115e+00
3.339847e-02,1.820425e+00,5.046922e-01,2.224175e+00
3.340347e-02,1.819056e+00,4.908959e-01,2.300054e+00
3.340847e-02,1.817615e+00,4.767834e-01,2.377673e+00
3.341347e-02,1.816099e+00,4.623698e-01,2.456948e+00
3.341847e-02,1.814503e+00,4.476706e-01,2.537793e+00
3.342347e-02,1.812823e+00,4.327017e-01,2.620122e+00
3.342847e-02,1.811054e+00,4.174793e-01,2.703845e+00
3.343347e-02,1.809190e+00,4.020202e-01,2.788871e+00
3.343847e-02,1.807225e+00,3.863415e-01,2.875104e+00
3.344347e-02,1.805152e+00,3.704607e-01,2.962448e+00
3.344847e-02,1.802962e+00,3.543958e-01,3.050805e+00
3.345347e-02,1.800647e+00,3.381652e-01,3.140074e+00
3.345847e-02,1.798195e+00,3.217879e-01,3.230149e+00
3.346347e-02,1.795594e+00,3.052834e-01,3.320924e+00
3.346847e-02,1.792831e+00,2.886717e-01,3.412289e+00
3.347347e-02,1.789888e+00,2.719736e-01,3.504129e+00
3.347847e-02,1.786747e+00,2.552106e-01,3.596325e+00
3.348347e-02,1.783383e+00,2.384053e-01,3.688755e+00
3.348847e-02,1.779769e+00,2.215813e-01,3.781287e+00
3.349347e-02,1.775872e+00,2.047635e-01,3.873785e+00
3.349847e-02,1.771650e+00,1.879789e-01,3.966101e+00
3.350347e-02,1.767051e+00,1.712565e-01,4.058075e+00
3.350847e-02,1.762011e+00,1.546287e-01,4.149528e+00
3.351347e-02,1.756445e+00,1.381320e-01,4.240261e+00
3.351847e-02,1.750244e+00,1.218088e-01,4.330039e+00
3.352347e-02,1.743258e+00,1.057103e-01,4.418582e+00
3.352847e-02,1.735217e+00,8.991504e-02,4.505457e+00
3.353347e-02,1.725924e+00,7.448507e-02,4.590323e+00
3.353847e-02,1.714885e+00,5.954962e-02,4.672470e+00
3.354347e-02,1.701348e+00,4.529563e-02,4.750870e+00
3.354847e-02,1.684194e+00,3.199362e-02,4.824035e+00
3.355347e-02,1.661316e+00,2.013728e-02,4.889252e+00
3.355847e-02,1.629262e+00,1.052439e-02,4.942134e+00
3.356347e-02,1.583589e+00,4.176657e-03,4.977063e+00
3.356847e-02,1.523713e+00,1.242884e-03,4.993208e+00
3.357347e-02,1.455928e+00,3.152015e-04,4.998305e+00
3.357847e-02,1.386126e+00,7.672454e-05,4.999604e+00
3.358347e-02,1.316624e+00,1.878971e-05,4.999914e+00
3.358847e-02,1.248096e+00,4.693191e-06,4.999986e+00
3.359347e-02,1.180758e+00,1.200786e-06,5.000001e+00
3.359847e-02,1.114709e+00,3.153606e-07,5.000003e+00
3.360347e-02,1.050025e+00,8.514175e-08,5.000003e+00
3.360847e-02,9.867706e-01,2.366199e-08,5.000002e+00
3.361347e-02,9.250096e-01,6.777771e-09,5.000001e+00
3.361847e-02,8.648030e-01,2.003488e-09,5.000001e+00
3.362347e-02,8.062100e-01,6.118900e-10,5.000001e+00
3.362847e-02,7.492886e-01,1.933105e-10,5.000000e+00
3.363347e-02,6.940950e-01,6.324507e-11,5.000000e+00
3.363847e-02,6.406836e-01,2.145196e-11,5.000000e+00
3.364347e-02,5.891071e-01,7.551299e-12,5.000000e+00
3.364847e-02,5.394164e-01,2.761836e-12,5.000000e+00
3.365347e-02,4.916605e-01,1.050321e-12,5.000000e+00
3.365847e-02,4.458867e-01,4.155544e-13,5.000000e+00
3.366347e-02,4.021400e-01,1.714395e-13,5.000000e+00
3.366847e-02,3.604637e-01,7.352246e-14,5.000000e+00
3.367347e-02,3.208988e-01,3.337310e-14,5.000000e+00
3.367847e-02,2.834844e-01,1.558541e-14,5.000000e+00
3.368347e-02,2.482575e-01,7.453890e-15,5.000000e+00
3.368847e-02,2.152527e-01,3.726945e-15,5.000000e+00
3.369347e-02,1.845028e-01,2.032879e-15,5.000000e+00
3.369847e-02,1.560379e-01,8.470329e-16,5.000000e+00
3.370347e-02,1.298863e-01,8.470329e-16,5.000000e+00
3.370847e-02,1.060736e-01,5.082198e-16,5.000000e+00
3.371347e-02,8.462353e-02,0.000000e+00,5.000000e+00
3.371847e-02,6.555710e-02,0.000000e+00,5.000000e+00
3.372347e-02,4.889317e-02,0.000000e+00,5.000000e+00
3.372847e-02,3.464819e-02,1.694066e-16,5.000000e+00
3.373347e-02,2.283621e-02,0.000000e+00,5.000000e+00
3.373847e-02,1.346890e-02,0.000000e+00,5.000000e+00
3.374347e-02,6.555488e-03,3.388132e-16,5.000000e+00
3.374847e-02,2.102808e-03,0.000000e+00,5.000000e+00
3.375347e-02,1.152506e-04,1.694066e-16,5.000000e+00
3.375847e-02,5.947778e-04,1.694066e-16,5.000000e+00
3.376347e-02,3.540916e-03,-1.694066e-16,5.000000e+00
3.376847e-02,8.950758e-03,-1.694066e-16,5.000000e+00
3.377347e-02,1.681897e-02,-1.694066e-16,5.000000e+00
3.377847e-02,2.713777e-02,5.082198e-16,5.000000e+00
3.378347e-02,3.989700e-02,-1.694066e-16,5.000000e+00
3.378847e-02,5.508404e-02,-1.694066e-16,5.000000e+00
3.379347e-02,7.268393e-02,5.082198e-16,5.000000e+00
3.379847e-02,9.267928e-02,1.694066e-16,5.000000e+00
3.380347e-02,1.150504e-01,3.388132e-16,5.000000e+00
3.380847e-02,1.397751e-01,1.016440e-15,5.000000e+00
3.381347e-02,1.668291e-01,1.185846e-15,5.000000e+00
3.381847e-02,1.961857e-01,2.710505e-15,5.000000e+00
3.382347e-02,2.278158e-01,4.573978e-15,5.000000e+00
3.382847e-02,2.616883e-01,9.825582e-15,5.000000e+00
3.383347e-02,2.977698e-01,2.049820e-14,5.000000e+00
3.383847e-02,3.360246e-01,4.455393e-14,5.000000e+00
3.384347e-02,3.764150e-01,1.019828e-13,5.000000e+00
3.384847e-02,4.189011e-01,2.407268e-13,5.000000e+00
3.385347e-02,4.634410e-01,5.930925e-13,5.000000e+00
3.385847e-02,5.099907e-01,1.522457e-12,5.000000e+00
3.386347e-02,5.585043e-01,4.064233e-12,5.000000e+00
3.386847e-02,6.089340e-01,1.128062e-11,5.000000e+00
3.387347e-02,6.612299e-01,3.251590e-11,5.000000e+00
3.387847e-02,7.153404e-01,9.723074e-11,5.000000e+00
3.388347e-02,7.712122e-01,3.012972e-10,5.000000e+00
3.388847e-02,8.287901e-01,9.664605e-10,5.000000e+00
3.389347e-02,8.880173e-01,3.205333e-09,5.000000e+00
3.389847e-02,9.488353e-01,1.097861e-08,5.000000e+00
3.390347e-02,1.011184e+00,3.878636e-08,5.000000e+00
3.390847e-02,1.075002e+00,1.411643e-07,4.999999e+00
3.391347e-02,1.140224e+00,5.285945e-07,4.999997e+00
3.391847e-02,1.206784e+00,2.033642e-06,4.999989e+00
3.392347e-02,1.274600e+00,8.025499e-06,4.999956e+00
3.392847e-02,1.343544e+00,3.240304e-05,4.999822e+00
3.393347e-02,1.413293e+00,1.329757e-04,4.999269e+00
3.393847e-02,1.482748e+00,5.424811e-04,4.997020e+00
3.394347e-02,1.548363e+00,2.047281e-03,4.988752e+00
3.394847e-02,1.603171e+00,6.207480e-03,4.965889e+00
3.395347e-02,1.643087e+00,1.393113e-02,4.923426e+00
3.395847e-02,1.671026e+00,2.454210e-02,4.865070e+00
3.396347e-02,1.691365e+00,3.703360e-02,4.796363e+00
3.396847e-02,1.706961e+00,5.074188e-02,4.720961e+00
3.397347e-02,1.719379e+00,6.529631e-02,4.640907e+00
3.397847e-02,1.729742e+00,8.042545e-02,4.557692e+00
3.398347e-02,1.738473e+00,9.601651e-02,4.471938e+00
3.398847e-02,1.746045e+00,1.119450e-01,4.384328e+00
3.399347e-02,1.752647e+00,1.281507e-01,4.295194e+00
3.399847e-02,1.758610e+00,1.445416e-01,4.205042e+00
3.400347e-02,1.763977e+00,1.610900e-01,4.114025e+00
3.400847e-02,1.768849e+00,1.777559e-01,4.022361e+00
3.401347e-02,1.773303e+00,1.945041e-01,3.930245e+00
3.401847e-02,1.777400e+00,2.113036e-01,3.837848e+00
3.402347e-02,1.781187e+00,2.281258e-01,3.745325e+00
3.402847e-02,1.784703e+00,2.449446e-01,3.652820e+00
3.403347e-02,1.787981e+00,2.617356e-01,3.560469e+00
3.403847e-02,1.791044e+00,2.784755e-01,3.468399e+00
3.404347e-02,1.793917e+00,2.951421e-01,3.376732e+00
3.404847e-02,1.796617e+00,3.117143e-01,3.285585e+00
3.405347e-02,1.799159e+00,3.281715e-01,3.195070e+00
3.405847e-02,1.801557e+00,3.444938e-01,3.105297e+00
3.406347e-02,1.803823e+00,3.606620e-01,3.016371e+00
3.406847e-02,1.805968e+00,3.766574e-01,2.928396e+00
3.407347e-02,1.807998e+00,3.924616e-01,2.841472e+00
3.407847e-02,1.809924e+00,4.080569e-01,2.755697e+00
3.408347e-02,1.811750e+00,4.234259e-01,2.671167e+00
3.408847e-02,1.813484e+00,4.385517e-01,2.587975e+00
3.409347e-02,1.815131e+00,4.534176e-01,2.506212e+00
3.409847e-02,1.816696e+00,4.680076e-01,2.425967e+00
3.410347e-02,1.818183e+00,4.823059e-01,2.347325e+00
3.410847e-02,1.819595e+00,4.962972e-01,2.270373e+00
3.411347e-02,1.820938e+00,5.099666e-01,2.195190e+00
3.411847e-02,1.822213e+00,5.232996e-01,2.121858e+00
3.412347e-02,1.823423e+00,5.362820e-01,2.050455e+00
3.412847e-02,1.824572e+00,5.489002e-01,1.981054e+00
3.413347e-02,1.825662e+00,5.611410e-01,1.913729e+00
3.413847e-02,1.826694e+00,5.729914e-01,1.848551e+00
3.414347e-02,1.827672e+00,5.844392e-01,1.785588e+00
3.414847e-02,1.828596e+00,5.954724e-01,1.724905e+00
3.415347e-02,1.829468e+00,6.060796e-01,1.666565e+00
3.415847e-02,1.830290e+00,6.162496e-01,1.610629e+00
3.416347e-02,1.831063e+00,6.259721e-01,1.557154e+00
3.416847e-02,1.831789e+00,6.352369e-01,1.506197e+00
3.417347e-02,1.832469e+00,6.440345e-01,1.457810e+00
3.417847e-02,1.833103e+00,6.523558e-01,1.412042e+00
3.418347e-02,1.833693e+00,6.601923e-01,1.368941e+00
3.418847e-02,1.834239e+00,6.675358e-01,1.328551e+00
3.419347e-02,1.834743e+00,6.743788e-01,1.290914e+00
3.419847e-02,1.835205e+00,6.807143e-01,1.256068e+00
3.420347e-02,1.835626e+00,6.865358e-01,1.224050e+00
3.420847e-02,1.836006e+00,6.918373e-01,1.194891e+00
3.421347e-02,1.836345e+00,6.966134e-01,1.168622e+00
3.421847e-02,1.836646e+00,7.008591e-01,1.145269e+00
3.422347e-02,1.836906e+00,7.045702e-01,1.124858e+00
3.422847e-02,1.837128e+00,7.077428e-01,1.107408e+00
3.423347e-02,1.837312e+00,7.103738e-01,1.092937e+00
3.423847e-02,1.837457e+00,7.124603e-01,1.081461e+00
3.424347e-02,1.837563e+00,7.140003e-01,1.072990e+00
3.424847e-02,1.837632e+00,7.149922e-01,1.067535e+00
3.425347e-02,1.837662e+00,7.154349e-01,1.065099e+00
3.425847e-02,1.837655e+00,7.153281e-01,1.065686e+00
3.426347e-02,1.837610e+00,7.146718e-01,1.069295e+00
3.426847e-02,1.837526e+00,7.134667e-01,1.075922e+00
3.427347e-02,1.837405e+00,7.117141e-01,1.085562e+00
3.427847e-02,1.837245e+00,7.094157e-01,1.098202e+00
3.428347e-02,1.837047e+00,7.065738e-01,1.113832e+00
3.428847e-02,1.836810e+00,7.031915e-01,1.132435e+00
3.429347e-02,1.836534e+00,6.992721e-01,1.153991e+00
3.429847e-02,1.836218e+00,6.948196e-01,1.178479e+00
3.430347e-02,1.835863e+00,6.898387e-01,1.205874e+00
3.430847e-02,1.835467e+00,6.843344e-01,1.236147e+00
3.431347e-02,1.835030e+00,6.783124e-01,1.269268e+00
3.431847e-02,1.834552e+00,6.717788e-01,1.305202e+00
3.432347e-02,1.834032e+00,6.647403e-01,1.343913e+00
3.432847e-02,1.833469e+00,6.572043e-01,1.385361e+00
3.433347e-02,1.832862e+00,6.491784e-01,1.429503e+00
3.433847e-02,1.832210e+00,6.406709e-01,1.476294e+00
3.434347e-02,1.831513e+00,6.316906e-01,1.525685e+00
3.434847e-02,1.830769e+00,6.222467e-01,1.577627e+00
3.435347e-02,1.829976e+00,6.123490e-01,1.632064e+00
3.435847e-02,1.829135e+00,6.020077e-01,1.688940e+00
3.436347e-02,1.828243e+00,5.912336e-01,1.748198e+00
3.436847e-02,1.827299e+00,5.800379e-01,1.809774e+00
3.437347e-02,1.826300e+00,5.684321e-01,1.873606e+00
3.437847e-02,1.825246e+00,5.564284e-01,1.939626e+00
3.438347e-02,1.824134e+00,5.440394e-01,2.007765e+00
3.438847e-02,1.822961e+00,5.312780e-01,2.077953e+00
3.439347e-02,1.821726e+00,5.181577e-01,2.150115e+00
3.439847e-02,1.820425e+00,5.046922e-01,2.224175e+00
3.440347e-02,1.819056e+00,4.908959e-01,2.300054e+00
3.440847e-02,1.817615e+00,4.767834e-01,2.377673e+00
3.441347e-02,1.816099e+00,4.623698e-01,2.456948e+00
3.441847e-02,1.814503e+00,4.476706e-01,2.537793e+00
3.442347e-02,1.812823e+00,4.327017e-01,2.620122e+00
3.442847e-02,1.811054e+00,4.174793e-01,2.703845e+00
3.443347e-02,1.809190e+00,4.020202e-01,2.788871e+00
3.443847e-02,1.807225e+00,3.863415e-01,2.875104e+00
3.444347e-02,1.805152e+00,3.704607e-01,2.962448e+00
3.444847e-02,1.802962e+00,3.543958e-01,3.050805e+00
3.445347e-02,1.800647e+00,3.381652e-01,3.140073e+00
3.445847e-02,1.798195e+00,3.217880e-01,3.230149e+00
3.446347e-02,1.795594e+00,3.052834e-01,3.320924e+00
3.446847e-02,1.792831e+00,2.886717e-01,3.412289e+00
3.447347e-02,1.789888e+00,2.719736e-01,3.504128e+00
3.447847e-02,1.786747e+00,2.552106e-01,3.596325e+00
3.448347e-02,1.783383e+00,2.384053e-01,3.688755e+00
3.448847e-02,1.779769e+00,2.215813e-01,3.781287e+00
3.449347e-02,1.775872e+00,2.047635e-01,3.873785e+00
3.449847e-02,1.771650e+00,1.879789e-01,3.966101e+00
3.450347e-02,1.767051e+00,1.712565e-01,4.058075e+00
3.450847e-02,1.762011e+00,1.546287e-01,4.149528e+00
3.451347e-02,1.756445e+00,1.381320e-01,4.240261e+00
3.451847e-02,1.750244e+00,1.218088e-01,4.330039e+00
3.452347e-02,1.743258e+00,1.057103e-01,4.418582e+00
3.452847e-02,1.735217e+00,8.991504e-02,4.505457e+00
3.453347e-02,1.725924e+00,7.448508e-02,4.590323e+00
3.453847e-02,1.714885e+00,5.954962e-02,4.672470e+00
3.454347e-02,1.701348e+00,4.529563e-02,4.750870e+00
3.454847e-02,1.684194e+00,3.199363e-02,4.824035e+00
3.455347e-02,1.661316e+00,2.013728e-02,4.889252e+00
3.455847e-02,1.629262e+00,1.052439e-02,4.942134e+00
3.456347e-02,1.583590e+00,4.176658e-03,4.977062e+00
3.456847e-02,1.523713e+00,1.242884e-03,4.993208e+00
3.457347e-02,1.455928e+00,3.152016e-04,4.998305e+00
3.457847e-02,1.386126e+00,7.672456e-05,4.999604e+00
3.458347e-02,1.316624e+00,1.878972e-05,4.999914e+00
3.458847e-02,1.248097e+00,4.693193e-06,4.999986e+00
3.459347e-02,1.180758e+00,1.200786e-06,5.000001e+00
3.459847e-02,1.114709e+00,3.153607e-07,5.000003e+00
3.460347e-02,1.050025e+00,8.514177e-08,5.000003e+00
3.460847e-02,9.867706e-01,2.366199e-08,5.000002e+00
3.461347e-02,9.250096e-01,6.777773e-09,5.000001e+00
3.461847e-02,8.648030e-01,2.003489e-09,5.000001e+00
3.462347e-02,8.062100e-01,6.118907e-10,5.000001e+00
3.462847e-02,7.492886e-01,1.933105e-10,5.000000e+00
3.463347e-02,6.940950e-01,6.324507e-11,5.000000e+00
3.463847e-02,6.406836e-01,2.145179e-11,5.000000e+00
3.464347e-02,5.891071e-01,7.551299e-12,5.000000e+00
3.464847e-02,5.394164e-01,2.762005e-12,5.000000e+00
3.465347e-02,4.916605e-01,1.050151e-12,5.000000e+00
3.465847e-02,4.458867e-01,4.157238e-13,5.000000e+00
3.466347e-02,4.021400e-01,1.712701e-13,5.000000e+00
3.466847e-02,3.604637e-01,7.369187e-14,5.000000e+00
3.467347e-02,3.208988e-01,3.286488e-14,5.000000e+00
3.467847e-02,2.834844e-01,1.558541e-14,5.000000e+00
3.468347e-02,2.482575e-01,7.453890e-15,5.000000e+00
3.468847e-02,2.152527e-01,3.726945e-15,5.000000e+00
3.469347e-02,1.845028e-01,2.032879e-15,5.000000e+00
3.469847e-02,1.560379e-01,8.470329e-16,5.000000e+00
3.470347e-02,1.298863e-01,5.082198e-16,5.000000e+00
3.470847e-02,1.060736e-01,5.082198e-16,5.000000e+00
3.471347e-02,8.462353e-02,0.000000e+00,5.000000e+00
3.471847e-02,6.555710e-02,0.000000e+00,5.000000e+00
3.472347e-02,4.889317e-02,0.000000e+00,5.000000e+00
3.472847e-02,3.464819e-02,-1.694066e-16,5.000000e+00
3.473347e-02,2.283621e-02,-1.694066e-16,5.000000e+00
3.473847e-02,1.346890e-02,0.000000e+00,5.000000e+00
3.474347e-02,6.555489e-03,0.000000e+00,5.000000e+00
3.474847e-02,2.102809e-03,0.000000e+00,5.000000e+00
3.475347e-02,1.152508e-04,0.000000e+00,5.000000e+00
3.475847e-02,5.947774e-04,0.000000e+00,5.000000e+00
3.476347e-02,3.540915e-03,0.000000e+00,5.000000e+00
3.476847e-02,8.950757e-03,1.694066e-16,5.000000e+00
3.477347e-02,1.681896e-02,0.000000e+00,5.000000e+00
3.477847e-02,2.713777e-02,0.000000e+00,5.000000e+00
3.478347e-02,3.989699e-02,0.000000e+00,5.000000e+00
3.478847e-02,5.508404e-02,-1.694066e-16,5.000000e+00
3.479347e-02,7.268392e-02,0.000000e+00,5.000000e+00
3.479847e-02,9.267928e-02,1.694066e-16,5.000000e+00
3.480347e-02,1.150504e-01,5.082198e-16,5.000000e+00
3.480847e-02,1.397751e-01,5.082198e-16,5.000000e+00
3.481347e-02,1.668291e-01,1.185846e-15,5.000000e+00
3.481847e-02,1.961857e-01,2.710505e-15,5.000000e+00
3.482347e-02,2.278158e-01,4.743385e-15,5.000000e+00
3.482847e-02,2.616883e-01,9.825582e-15,5.000000e+00
3.483347e-02,2.977698e-01,2.066760e-14,5.000000e+00
3.483847e-02,3.360246e-01,4.455393e-14,5.000000e+00
3.484347e-02,3.764150e-01,1.018134e-13,5.000000e+00
3.484847e-02,4.189011e-01,2.408962e-13,5.000000e+00
3.485347e-02,4.634410e-01,5.930925e-13,5.000000e+00
3.485847e-02,5.099907e-01,1.522457e-12,5.000000e+00
3.486347e-02,5.585043e-01,4.064233e-12,5.000000e+00
3.486847e-02,6.089340e-01,1.128062e-11,5.000000e+00
3.487347e-02,6.612299e-01,3.251573e-11,5.000000e+00
3.487847e-02,7.153404e-01,9.723074e-11,5.000000e+00
3.488347e-02,7.712122e-01,3.012967e-10,5.000000e+00
3.488847e-02,8.287901e-01,9.664602e-10,5.000000e+00
3.489347e-02,8.880173e-01,3.205332e-09,5.000000e+00
3.489847e-02,9.488353e-01,1.097861e-08,5.000000e+00
3.490347e-02,1.011184e+00,3.878635e-08,5.000000e+00
3.490847e-02,1.075002e+00,1.411642e-07,4.999999e+00
3.491347e-02,1.140224e+00,5.285943e-07,4.999997e+00
3.491847e-02,1.206784e+00,2.033642e-06,4.999989e+00
3.492347e-02,1.274600e+00,8.025496e-06,4.999956e+00
3.492847e-02,1.343544e+00,3.240303e-05,4.999822e+00
3.493347e-02,1.413293e+00,1.329757e-04,4.999269e+00
3.493847e-02,1.482748e+00,5.424810e-04,4.997020e+00
3.494347e-02,1.548363e+00,2.047280e-03,4.988752e+00
3.494847e-02,1.603171e+00,6.207478e-03,4.965889e+00
3.495347e-02,1.643087e+00,1.393112e-02,4.923426e+00
3.495847e-02,1.671026e+00,2.454210e-02,4.865070e+00
3.496347e-02,1.691365e+00,3.703359e-02,4.796363e+00
3.496847e-02,1.706961e+00,5.074188e-02,4.720961e+00
3.497347e-02,1.719379e+00,6.529631e-02,4.640907e+00
3.497847e-02,1.729742e+00,8.042545e-02,4.557692e+00
3.498347e-02,1.738473e+00,9.601651e-02,4.471938e+00
3.498847e-02,1.746045e+00,1.119450e-01,4.384328e+00
3.499347e-02,1.752647e+00,1.281507e-01,4.295194e+00
3.499847e-02,1.758610e+00,1.445416e-01,4.205042e+00
3.500347e-02,1.763977e+00,1.610900e-01,4.114025e+00
3.500847e-02,1.768849e+00,1.777559e-01,4.022361e+00
3.501347e-02,1.773303e+00,1.945041e-01,3.930245e+00
3.501847e-02,1.777400e+00,2.113036e-01,3.837848e+00
3.502347e-02,1.781187e+00,2.281258e-01,3.745325e+00
3.502847e-02,1.784703e+00,2.449446e-01,3.652820e+00
3.503347e-02,1.787981e+00,2.617356e-01,3.560469e+00
3.503847e-02,1.791044e+00,2.784755e-01,3.468400e+00
3.504347e-02,1.793917e+00,2.951421e-01,3.376732e+00
3.504847e-02,1.796617e+00,3.117143e-01,3.285585e+00
3.505347e-02,1.799159e+00,3.281715e-01,3.195070e+00
3.505847e-02,1.801557e+00,3.444938e-01,3.105297e+00
3.506347e-02,1.803823e+00,3.606620e-01,3.016371e+00
3.506847e-02,1.805968e+00,3.766574e-01,2.928396e+00
3.507347e-02,1.807998e+00,3.924616e-01,2.841472e+00
3.507847e-02,1.809924e+00,4.080569e-01,2.755697e+00
3.508347e-02,1.811750e+00,4.234259e-01,2.671167e+00
3.508847e-02,1.813484e+00,4.385517e-01,2.587975e+00
3.509347e-02,1.815131e+00,4.534176e-01,2.506212e+00
3.509847e-02,1.816696e+00,4.680076e-01,2.425967e+00
3.510347e-02,1.818183e+00,4.823059e-01,2.347325e+00
3.510847e-02,1.819595e+00,4.962972e-01,2.270373e+00
3.511347e-02,1.820938e+00,5.099666e-01,2.195190e+00
3.511847e-02,1.822213e+00,5.232996e-01,2.121859e+00
3.512347e-02,1.823423e+00,5.362820e-01,2.050455e+00
3.512847e-02,1.824572e+00,5.489002e-01,1.981054e+00
3.513347e-02,1.825662e+00,5.611410e-01,1.913729e+00
3.513847e-02,1.826694e+00,5.729914e-01,1.848551e+00
3.514347e-02,1.827672e+00,5.844392e-01,1.785588e+00
3.514847e-02,1.828596e+00,5.954724e-01,1.724905e+00
3.515347e-02,1.829468e+00,6.060795e-01,1.666565e+00
3.515847e-02,1.830290e+00,6.162496e-01,1.610629e+00
3.516347e-02,1.831063e+00,6.259721e-01,1.557154e+00
3.516847e-02,1.831789e+00,6.352369e-01,1.506197e+00
3.517347e-02,1.832469e+00,6.440345e-01,1.457810e+00
3.517847e-02,1.833103e+00,6.523558e-01,1.412042e+00
3.518347e-02,1.833693e+00,6.601923e-01,1.368941e+00
3.518847e-02,1.834239e+00,6.675358e-01,1.328551e+00
3.519347e-02,1.834743e+00,6.743788e-01,1.290914e+00
3.519847e-02,1.835205e+00,6.807143e-01,1.256068e+00
3.520347e-02,1.835626e+00,6.865358e-01,1.224050e+00
3.520847e-02,1.836006e+00,6.918373e-01,1.194891e+00
3.521347e-02,1.836345e+00,6.966134e-01,1.168622e+00
3.521847e-02,1.836646e+00,7.008591e-01,1.145269e+00
3.522347e-02,1.836906e+00,7.045702e-01,1.124858e+00
3.522847e-02,1.837128e+00,7.077428e-01,1.107408e+00
3.523347e-02,1.837312e+00,7.103738e-01,1.092937e+00
3.523847e-02,1.837457e+00,7.124603e-01,1.081461e+00
3.524347e-02,1.837563e+00,7.140003e-01,1.072990e+00
3.524847e-02,1.837632e+00,7.149922e-01,1.067535e+00
3.525347e-02,1.837662e+00,7.154349e-01,1.065099e+00
3.525847e-02,1.837655e+00,7.153281e-01,1.065686e+00
3.526347e-02,1.837610e+00,7.146718e-01,1.069295e+00
3.526847e-02,1.837526e+00,7.134667e-01,1.075922e+00
3.527347e-02,1.837405e+00,7.117141e-01,1.085562e+00
3.527847e-02,1.837245e+00,7.094157e-01,1.098202e+00
3.528347e-02,1.837047e+00,7.065738e-01,1.113832e+00
3.528847e-02,1.836810e+00,7.031915e-01,1.132435e+00
3.529347e-02,1.836534e+00,6.992721e-01,1.153991e+00
3.529847e-02,1.836218e+00,6.948196e-01,1.178479e+00
3.530347e-02,1.835863e+00,6.898387e-01,1.205874e+00
3.530847e-02,1.835467e+00,6.843344e-01,1.236147e+00
3.531347e-02,1.835030e+00,6.783124e-01,1.269268e+00
3.531847e-02,1.834552e+00,6.717788e-01,1.305202e+00
3.532347e-02,1.834032e+00,6.647403e-01,1.343913e+00
3.532847e-02,1.833469e+00,6.572043e-01,1.385361e+00
3.533347e-02,1.832862e+00,6.491784e-01,1.429503e+00
3.533847e-02,1.832210e+00,6.406709e-01,1.476294e+00
3.534347e-02,1.831513e+00,6.316906e-01,1.525685e+00
3.534847e-02,1.830769e+00,6.222467e-01,1.577627e+00
3.535347e-02,1.829976e+00,6.123490e-01,1.632064e+00
3.535847e-02,1.829135e+00,6.020077e-01,1.688940e+00
3.536347e-02,1.828243e+00,5.912336e-01,1.748198e+00
3.536847e-02,1.827299e+00,5.800379e-01,1.809774e+00
3.537347e-02,1.826300e+00,5.684321e-01,1.873606e+00
3.537847e-02,1.825246e+00,5.564284e-01,1.939626e+00
3.538347e-02,1.824134e+00,5.440394e-01,2.007765e+00
3.538847e-02,1.822961e+00,5.312780e-01,2.077953e+00
3.539347e-02,1.821726e+00,5.181577e-01,2.150115e+00
3.539847e-02,1.820425e+00,5.046922e-01,2.224175e+00
3.540347e-02,1.819056e+00,4.908959e-01,2.300054e+00
3.540847e-02,1.817615e+00,4.767834e-01,2.377673e+00
3.541347e-02,1.816099e+00,4.623698e-01,2.456948e+00
3.541847e-02,1.814503e+00,4.476706e-01,2.537793e+00
3.542347e-02,1.812823e+00,4.327017e-01,2.620122e+00
3.542847e-02,1.811054e+00,4.174793e-01,2.703845e+00
3.543347e-02,1.809190e+00,4.020202e-01,2.788871e+00
3.543847e-02,1.807225e+00,3.863415e-01,2.875104e+00
3.544347e-02,1.805152e+00,3.704607e-01,2.962448e+00
3.544847e-02,1.802962e+00,3.543958e-01,3.050805e+00
3.545347e-02,1.800647e+00,3.381653e-01,3.140073e+00
3.545847e-02,1.798195e+00,3.217880e-01,3.230149e+00
3.546347e-02,1.795594e+00,3.052834e-01,3.320924e+00
3.546847e-02,1.792831e+00,2.886717e-01,3.412289e+00
3.547347e-02,1.789888e+00,2.719736e-01,3.504128e+00
3.547847e-02,1.786747e+00,2.552106e-01,3.596325e+00
3.548347e-02,1.783383e+00,2.384053e-01,3.688755e+00
3.548847e-02,1.779769e+00,2.215813e-01,3.781287e+00
3.549347e-02,1.775872e+00,2.047635e-01,3.873785e+00
3.549847e-02,1.771650e+00,1.879789e-01,3.966101e+00
3.550347e-02,1.767051e+00,1.712565e-01,4.058075e+00
3.550847e-02,1.762011e+00,1.546287e-01,4.149528e+00
3.551347e-02,1.756445e+00,1.381320e-01,4.240261e+00
3.551847e-02,1.750244e+00,1.218088e-01,4.330039e+00
3.552347e-02,1.743258e+00,1.057103e-01,4.418582e+00
3.552847e-02,1.735217e+00,8.991505e-02,4.505457e+00
3.553347e-02,1.725924e+00,7.448508e-02,4.590323e+00
3.553847e-02,1.714885e+00,5.954963e-02,4.672470e+00
3.554347e-02,1.701348e+00,4.529564e-02,4.750870e+00
3.554847e-02,1.684194e+00,3.199363e-02,4.824035e+00
3.555347e-02,1.661316e+00,2.013728e-02,4.889252e+00
3.555847e-02,1.629262e+00,1.052439e-02,4.942134e+00
3.556347e-02,1.583590e+00,4.176659e-03,4.977062e+00
3.556847e-02,1.523713e+00,1.242884e-03,4.993208e+00
3.557347e-02,1.455928e+00,3.152017e-04,4.998305e+00
3.557847e-02,1.386126e+00,7.672459e-05,4.999604e+00
3.558347e-02,1.316624e+00,1.878973e-05,4.999914e+00
3.558847e-02,1.248097e+00,4.693194e-06,4.999986e+00
3.559347e-02,1.180758e+00,1.200787e-06,5.000001e+00
3.559847e-02,1.114709e+00,3.153608e-07,5.000003e+00
3.560347e-02,1.050025e+00,8.514180e-08,5.000003e+00
3.560847e-02,9.867706e-01,2.366200e-08,5.000002e+00
3.561347e-02,9.250096e-01,6.777775e-09,5.000001e+00
3.561847e-02,8.648030e-01,2.003489e-09,5.000001e+00
3.562347e-02,8.062100e-01,6.118908e-10,5.000001e+00
3.562847e-02,7.492887e-01,1.933107e-10,5.000000e+00
3.563347e-02,6.940950e-01,6.324490e-11,5.000000e+00
3.563847e-02,6.406836e-01,2.145196e-11,5.000000e+00
3.564347e-02,5.891071e-01,7.551468e-12,5.000000e+00
3.564847e-02,5.394164e-01,2.761836e-12,5.000000e+00
3.565347e-02,4.916606e-01,1.050151e-12,5.000000e+00
3.565847e-02,4.458867e-01,4.158932e-13,5.000000e+00
3.566347e-02,4.021400e-01,1.712701e-13,5.000000e+00
3.566847e-02,3.604637e-01,7.369187e-14,5.000000e+00
3.567347e-02,3.208988e-01,3.286488e-14,5.000000e+00
3.567847e-02,2.834844e-01,1.558541e-14,5.000000e+00
3.568347e-02,2.482575e-01,7.284483e-15,5.000000e+00
3.568847e-02,2.152528e-01,3.726945e-15,5.000000e+00
3.569347e-02,1.845028e-01,1.694066e-15,5.000000e+00
3.569847e-02,1.560379e-01,1.016440e-15,5.000000e+00
3.570347e-02,1.298863e-01,5.082198e-16,5.000000e+00
3.570847e-02,1.060736e-01,5.082198e-16,5.000000e+00
3.571347e-02,8.462353e-02,3.388132e-16,5.000000e+00
3.571847e-02,6.555710e-02,1.694066e-16,5.000000e+00
3.572347e-02,4.889318e-02,0.000000e+00,5.000000e+00
3.572847e-02,3.464819e-02,-1.694066e-16,5.000000e+00
3.573347e-02,2.283622e-02,-1.694066e-16,5.000000e+00
3.573847e-02,1.346890e-02,-1.694066e-16,5.000000e+00
3.574347e-02,6.555491e-03,-1.694066e-16,5.000000e+00
3.574847e-02,2.102809e-03,0.000000e+00,5.000000e+00
3.575347e-02,1.152509e-04,-1.694066e-16,5.000000e+00
3.575847e-02,5.947770e-04,-1.694066e-16,5.000000e+00
3.576347e-02,3.540914e-03,1.694066e-16,5.000000e+00
3.576847e-02,8.950755e-03,0.000000e+00,5.000000e+00
3.577347e-02,1.681896e-02,-1.694066e-16,5.000000e+00
3.577847e-02,2.713777e-02,0.000000e+00,5.000000e+00
3.578347e-02,3.989699e-02,0.000000e+00,5.000000e+00
3.578847e-02,5.508404e-02,0.000000e+00,5.000000e+00
3.579347e-02,7.268392e-02,3.388132e-16,5.000000e+00
3.579847e-02,9.267927e-02,0.000000e+00,5.000000e+00
3.580347e-02,1.150504e-01,3.388132e-16,5.000000e+00
3.580847e-02,1.397751e-01,1.016440e-15,5.000000e+00
3.581347e-02,1.668291e-01,1.185846e-15,5.000000e+00
3.581847e-02,1.961857e-01,2.710505e-15,5.000000e+00
3.582347e-02,2.278158e-01,4.573978e-15,5.000000e+00
3.582847e-02,2.616883e-01,9.825582e-15,5.000000e+00
3.583347e-02,2.977698e-01,2.049820e-14,5.000000e+00
3.583847e-02,3.360246e-01,4.455393e-14,5.000000e+00
3.584347e-02,3.764150e-01,1.019828e-13,5.000000e+00
3.584847e-02,4.189011e-01,2.407268e-13,5.000000e+00
3.585347e-02,4.634410e-01,5.930925e-13,5.000000e+00
3.585847e-02,5.099907e-01,1.522457e-12,5.000000e+00
3.586347e-02,5.585043e-01,4.064233e-12,5.000000e+00
3.586847e-02,6.089340e-01,1.128062e-11,5.000000e+00
3.587347e-02,6.612299e-01,3.251590e-11,5.000000e+00
3.587847e-02,7.153404e-01,9.723040e-11,5.000000e+00
3.588347e-02,7.712122e-01,3.012969e-10,5.000000e+00
3.588847e-02,8.287901e-01,9.664602e-10,5.000000e+00
3.589347e-02,8.880173e-01,3.205332e-09,5.000000e+00
3.589847e-02,9.488353e-01,1.097861e-08,5.000000e+00
3.590347e-02,1.011184e+00,3.878634e-08,5.000000e+00
3.590847e-02,1.075002e+00,1.411642e-07,4.999999e+00
3.591347e-02,1.140224e+00,5.285942e-07,4.999997e+00
3.591847e-02,1.206784e+00,2.033641e-06,4.999989e+00
3.592347e-02,1.274600e+00,8.025494e-06,4.999956e+00
3.592847e-02,1.343544e+00,3.240302e-05,4.999822e+00
3.593347e-02,1.413293e+00,1.329756e-04,4.999269e+00
3.593847e-02,1.482748e+00,5.424808e-04,4.997020e+00
3.594347e-02,1.548363e+00,2.047280e-03,4.988752e+00
3.594847e-02,1.603171e+00,6.207477e-03,4.965889e+00
3.595347e-02,1.643087e+00,1.393112e-02,4.923426e+00
3.595847e-02,1.671026e+00,2.454209e-02,4.865070e+00
3.596347e-02,1.691365e+00,3.703359e-02,4.796363e+00
3.596847e-02,1.706961e+00,5.074188e-02,4.720961e+00
3.597347e-02,1.719379e+00,6.529631e-02,4.640907e+00
3.597847e-02,1.729742e+00,8.042544e-02,4.557692e+00
3.598347e-02,1.738473e+00,9.601651e-02,4.471938e+00
3.598847e-02,1.746045e+00,1.119450e-01,4.384328e+00
3.599347e-02,1.752647e+00,1.281507e-01,4.295194e+00
3.599847e-02,1.758610e+00,1.445416e-01,4.205042e+00
3.600347e-02,1.763977e+00,1.610900e-01,4.114025e+00
3.600847e-02,1.768849e+00,1.777559e-01,4.022361e+00
3.601347e-02,1.773303e+00,1.945041e-01,3.930245e+00
3.601847e-02,1.777400e+00,2.113035e-01,3.837848e+00
3.602347e-02,1.781187e+00,2.281258e-01,3.745325e+00
3.602847e-02,1.784703e+00,2.449446e-01,3.652820e+00
3.603347e-02,1.787981e+00,2.617356e-01,3.560469e+00
3.603847e-02,1.791044e+00,2.784755e-01,3.468400e+00
3.604347e-02,1.793917e+00,2.951421e-01,3.376732e+00
3.604847e-02,1.796617e+00,3.117143e-01,3.285585e+00
3.605347e-02,1.799159e+00,3.281715e-01,3.195070e+00
3.605847e-02,1.801557e+00,3.444938e-01,3.105297e+00
3.606347e-02,1.803823e+00,3.606620e-01,3.016371e+00
3.606847e-02,1.805968e+00,3.766574e-01,2.928396e+00
3.607347e-02,1.807998e+00,3.924616e-01,2.841472e+00
3.607847e-02,1.809924e+00,4.080569e-01,2.755697e+00
3.608347e-02,1.811750e+00,4.234259e-01,2.671167e+00
3.608847e-02,1.813484e+00,4.385517e-01,2.587975e+00
3.609347e-02,1.815131e+00,4.534176e-01,2.506212e+00
3.609847e-02,1.816696e+00,4.680076e-01,2.425967e+00
3.610347e-02,1.818183e+00,4.823059e-01,2.347325e+00
3.610847e-02,1.819595e+00,4.962972e-01,2.270373e+00
3.611347e-02,1.820938e+00,5.099666e-01,2.195190e+00
3.611847e-02,1.822213e+00,5.232996e-01,2.121859e+00
3.612347e-02,1.823423e+00,5.362820e-01,2.050455e+00
3.612847e-02,1.824572e+00,5.489002e-01,1.981054e+00
3.613347e-02,1.825662e+00,5.611409e-01,1.913729e+00
3.613847e-02,1.826694e+00,5.729914e-01,1.848551e+00
3.614347e-02,1.827672e+00,5.844392e-01,1.785588e+00
3.614847e-02,1.828596e+00,5.954724e-01,1.724905e+00
3.615347e-02,1.829468e+00,6.060795e-01,1.666565e+00
3.615847e-02,1.830290e+00,6.162496e-01,1.610629e+00
3.616347e-02,1.831063e+00,6.259721e-01,1.557154e+00
3.616847e-02,1.831789e+00,6.352369e-01,1.506197e+00
3.617347e-02,1.832469e+00,6.440345e-01,1.457810e+00
3.617847e-02,1.833103e+00,6.523558e-01,1.412042e+00
3.618347e-02,1.833693e+00,6.601923e-01,1.368941e+00
3.618847e-02,1.834239e+00,6.675358e-01,1.328551e+00
3.619347e-02,1.834743e+00,6.743788e-01,1.290914e+00
3.619847e-02,1.835205e+00,6.807143e-01,1.256068e+00
3.620347e-02,1.835626e+00,6.865358e-01,1.224050e+00
3.620847e-02,1.836006e+00,6.918373e-01,1.194891e+00
3.621347e-02,1.836345e+00,6.966134e-01,1.168622e+00
3.621847e-02,1.836646e+00,7.008591e-01,1.145269e+00
3.622347e-02,1.836906e+00,7.045702e-01,1.124858e+00
3.622847e-02,1.837128e+00,7.077428e-01,1.107408e+00
3.623347e-02,1.837312e+00,7.103738e-01,1.092937e+00
3.623847e-02,1.837457e+00,7.124603e-01,1.081461e+00
3.624347e-02,1.837563e+00,7.140003e-01,1.072990e+00
3.624847e-02,1.837632e+00,7.149922e-01,1.067535e+00
3.625347e-02,1.837662e+00,7.154349e-01,1.065099e+00
3.625847e-02,1.837655e+00,7.153281e-01,1.065686e+00
3.626347e-02,1.837610e+00,7.146718e-01,1.069295e+00
3.626847e-02,1.837526e+00,7.134667e-01,1.075922e+00
3.627347e-02,1.837405e+00,7.117141e-01,1.085562e+00
3.627847e-02,1.837245e+00,7.094157e-01,1.098202e+00
3.628347e-02,1.837047e+00,7.065738e-01,1.113832e+00
3.628847e-02,1.836810e+00,7.031915e-01,1.132435e+00
3.629347e-02,1.836534e+00,6.992721e-01,1.153991e+00
3.629847e-02,1.836218e+00,6.948196e-01,1.178479e+00
3.630347e-02,1.835863e+00,6.898387e-01,1.205874e+00
3.630847e-02,1.835467e+00,6.843344e-01,1.236147e+00
3.631347e-02,1.835030e+00,6.783124e-01,1.269268e+00
3.631847e-02,1.834552e+00,6.717788e-01,1.305202e+00
3.632347e-02,1.834032e+00,6.647404e-01,1.343913e+00
3.632847e-02,1.833469e+00,6.572043e-01,1.385361e+00
3.633347e-02,1.832862e+00,6.491784e-01,1.429503e+00
3.633847e-02,1.832210e+00,6.406709e-01,1.476294e+00
3.634347e-02,1.831513e+00,6.316906e-01,1.525685e+00
3.634847e-02,1.830769e+00,6.222467e-01,1.577627e+00
3.635347e-02,1.829976e+00,6.123490e-01,1.632064e+00
3.635847e-02,1.829135e+00,6.020077e-01,1.688940e+00
3.636347e-02,1.828243e+00,5.912336e-01,1.748198e+00
3.636847e-02,1.827299e+00,5.800379e-01,1.809774e+00
3.637347e-02,1.826300e+00,5.684321e-01,1.873606e+00
3.637847e-02,1.825246e+00,5.564284e-01,1.939626e+00
3.638347e-02,1.824134e+00,5.440394e-01,2.007765e+00
3.638847e-02,1.822961e+00,5.312780e-01,2.077953e+00
3.639347e-02,1.821726e+00,5.181577e-01,2.150115e+00
3.639847e-02,1.820425e+00,5.046922e-01,2.224175e+00
3.640347e-02,1.819056e+00,4.908959e-01,2.300054e+00
3.640847e-02,1.817615e+00,4.767834e-01,2.377673e+00
3.641347e-02,1.816099e+00,4.623698e-01,2.456948e+00
3.641847e-02,1.814503e+00,4.476706e-01,2.537793e+00
3.642347e-02,1.812823e+00,4.327017e-01,2.620122e+00
3.642847e-02,1.811054e+00,4.174793e-01,2.703845e+00
3.643347e-02,1.809190e+00,4.020202e-01,2.788871e+00
3.643847e-02,1.807225e+00,3.863415e-01,2.875104e+00
3.644347e-02,1.805152e+00,3.704607e-01,2.962448e+00
3.644847e-02,1.802962e+00,3.543958e-01,3.050805e+00
3.645347e-02,1.800647e+00,3.381653e-01,3.140073e+00
3.645847e-02,1.798195e+00,3.217880e-01,3.230149e+00
3.646347e-02,1.795594e+00,3.052834e-01,3.320924e+00
3.646847e-02,1.792831e+00,2.886717e-01,3.412289e+00
3.647347e-02,1.789888e+00,2.719736e-01,3.504128e+00
3.647847e-02,1.786747e+00,2.552106e-01,3.596325e+00
3.648347e-02,1.783383e+00,2.384053e-01,3.688755e+00
3.648847e-02,1.779769e+00,2.215813e-01,3.781287e+00
3.649347e-02,1.775872e+00,2.047635e-01,3.873785e+00
3.649847e-02,1.771650e+00,1.879789e-01,3.966101e+00
3.650347e-02,1.767051e+00,1.712565e-01,4.058075e+00
3.650847e-02,1.762011e+00,1.546287e-01,4.149528e+00
3.651347e-02,1.756445e+00,1.381320e-01,4.240261e+00
3.651847e-02,1.750244e+00,1.218088e-01,4.330039e+00
3.652347e-02,1.743258e+00,1.057103e-01,4.418582e+00
3.652847e-02,1.735217e+00,8.991505e-02,4.505457e+00
3.653347e-02,1.725924e+00,7.448508e-02,4.590323e+00
3.653847e-02,1.714885e+00,5.954963e-02,4.672470e+00
3.654347e-02,1.701348e+00,4.529564e-02,4.750870e+00
3.654847e-02,1.684194e+00,3.199363e-02,4.824035e+00
3.655347e-02,1.661316e+00,2.013729e-02,4.889252e+00
3.655847e-02,1.629262e+00,1.052440e-02,4.942134e+00
3.656347e-02,1.583590e+00,4.176660e-03,4.977062e+00
3.656847e-02,1.523713e+00,1.242885e-03,4.993208e+00
3.657347e-02,1.455928e+00,3.152018e-04,4.998305e+00
3.657847e-02,1.386126e+00,7.672461e-05,4.999604e+00
3.658347e-02,1.316624e+00,1.878973e-05,4.999914e+00
3.658847e-02,1.248097e+00,4.693196e-06,4.999986e+00
3.659347e-02,1.180758e+00,1.200787e-06,5.000001e+00
3.659847e-02,1.114709e+00,3.153609e-07,5.000003e+00
3.660347e-02,1.050025e+00,8.514182e-08,5.000003e+00
3.660847e-02,9.867706e-01,2.366201e-08,5.000002e+00
3.661347e-02,9.250097e-01,6.777777e-09,5.000001e+00
3.661847e-02,8.648030e-01,2.003490e-09,5.000001e+00
3.662347e-02,8.062101e-01,6.118907e-10,5.000001e+00
3.662847e-02,7.492887e-01,1.933105e-10,5.000000e+00
3.663347e-02,6.940950e-01,6.324507e-11,5.000000e+00
3.663847e-02,6.406836e-01,2.145196e-11,5.000000e+00
3.664347e-02,5.891071e-01,7.551299e-12,5.000000e+00
3.664847e-02,5.394164e-01,2.761666e-12,5.000000e+00
3.665347e-02,4.916606e-01,1.050151e-12,5.000000e+00
3.665847e-02,4.458867e-01,4.158932e-13,5.000000e+00
3.666347e-02,4.021400e-01,1.712701e-13,5.000000e+00
3.666847e-02,3.604637e-01,7.386127e-14,5.000000e+00
3.667347e-02,3.208988e-01,3.303428e-14,5.000000e+00
3.667847e-02,2.834844e-01,1.558541e-14,5.000000e+00
3.668347e-02,2.482575e-01,7.623297e-15,5.000000e+00
3.668847e-02,2.152528e-01,3.557538e-15,5.000000e+00
3.669347e-02,1.845028e-01,2.032879e-15,5.000000e+00
3.669847e-02,1.560379e-01,1.016440e-15,5.000000e+00
3.670347e-02,1.298863e-01,6.776264e-16,5.000000e+00
3.670847e-02,1.060737e-01,3.388132e-16,5.000000e+00
3.671347e-02,8.462354e-02,0.000000e+00,5.000000e+00
3.671847e-02,6.555711e-02,3.388132e-16,5.000000e+00
3.672347e-02,4.889318e-02,-1.694066e-16,5.000000e+00
3.672847e-02,3.464820e-02,-1.694066e-16,5.000000e+00
3.673347e-02,2.283622e-02,3.388132e-16,5.000000e+00
3.673847e-02,1.346890e-02,3.388132e-16,5.000000e+00
3.674347e-02,6.555492e-03,0.000000e+00,5.000000e+00
3.674847e-02,2.102810e-03,-1.694066e-16,5.000000e+00
3.675347e-02,1.152511e-04,-1.694066e-16,5.000000e+00
3.675847e-02,5.947766e-04,-1.694066e-16,5.000000e+00
3.676347e-02,3.540913e-03,1.694066e-16,5.000000e+00
3.676847e-02,8.950754e-03,1.694066e-16,5.000000e+00
3.677347e-02,1.681896e-02,0.000000e+00,5.000000e+00
3.677847e-02,2.713776e-02,0.000000e+00,5.000000e+00
3.678347e-02,3.989699e-02,0.000000e+00,5.000000e+00
3.678847e-02,5.508403e-02,1.694066e-16,5.000000e+00
3.679347e-02,7.268392e-02,3.388132e-16,5.000000e+00
3.679847e-02,9.267927e-02,1.694066e-16,5.000000e+00
3.680347e-02,1.150504e-01,3.388132e-16,5.000000e+00
3.680847e-02,1.397751e-01,8.470329e-16,5.000000e+00
3.681347e-02,1.668291e-01,1.355253e-15,5.000000e+00
3.681847e-02,1.961857e-01,2.710505e-15,5.000000e+00
3.682347e-02,2.278158e-01,4.573978e-15,5.000000e+00
3.682847e-02,2.616883e-01,9.825582e-15,5.000000e+00
3.683347e-02,2.977698e-01,2.049820e-14,5.000000e+00
3.683847e-02,3.360246e-01,4.455393e-14,5.000000e+00
3.684347e-02,3.764149e-01,1.019828e-13,5.000000e+00
3.684847e-02,4.189010e-01,2.407268e-13,5.000000e+00
3.685347e-02,4.634409e-01,5.930925e-13,5.000000e+00
3.685847e-02,5.099907e-01,1.522457e-12,5.000000e+00
3.686347e-02,5.585043e-01,4.064233e-12,5.000000e+00
3.686847e-02,6.089340e-01,1.128062e-11,5.000000e+00
3.687347e-02,6.612299e-01,3.251590e-11,5.000000e+00
3.687847e-02,7.153404e-01,9.723040e-11,5.000000e+00
3.688347e-02,7.712122e-01,3.012967e-10,5.000000e+00
3.688847e-02,8.287901e-01,9.664602e-10,5.000000e+00
3.689347e-02,8.880173e-01,3.205331e-09,5.000000e+00
3.689847e-02,9.488352e-01,1.097861e-08,5.000000e+00
3.690347e-02,1.011184e+00,3.878633e-08,5.000000e+00
3.690847e-02,1.075002e+00,1.411641e-07,4.999999e+00
3.691347e-02,1.140224e+00,5.285940e-07,4.999997e+00
3.691847e-02,1.206784e+00,2.033640e-06,4.999989e+00
3.692347e-02,1.274600e+00,8.025491e-06,4.999956e+00
3.692847e-02,1.343544e+00,3.240301e-05,4.999822e+00
3.693347e-02,1.413293e+00,1.329756e-04,4.999269e+00
3.693847e-02,1.482748e+00,5.424806e-04,4.997020e+00
3.694347e-02,1.548363e+00,2.047279e-03,4.988752e+00
3.694847e-02,1.603171e+00,6.207475e-03,4.965889e+00
3.695347e-02,1.643087e+00,1.393112e-02,4.923426e+00
3.695847e-02,1.671026e+00,2.454209e-02,4.865070e+00
3.696347e-02,1.691365e+00,3.703359e-02,4.796363e+00
3.696847e-02,1.706961e+00,5.074187e-02,4.720961e+00
3.697347e-02,1.719379e+00,6.529630e-02,4.640907e+00
3.697847e-02,1.729742e+00,8.042544e-02,4.557692e+00
3.698347e-02,1.738473e+00,9.601650e-02,4.471938e+00
3.698847e-02,1.746045e+00,1.119450e-01,4.384328e+00
3.699347e-02,1.752647e+00,1.281507e-01,4.295194e+00
3.699847e-02,1.758610e+00,1.445416e-01,4.205042e+00
3.700347e-02,1.763977e+00,1.610900e-01,4.114025e+00
3.700847e-02,1.768849e+00,1.777559e-01,4.022361e+00
3.701347e-02,1.773303e+00,1.945041e-01,3.930245e+00
3.701847e-02,1.777400e+00,2.113035e-01,3.837848e+00
3.702347e-02,1.781187e+00,2.281258e-01,3.745325e+00
3.702847e-02,1.784703e+00,2.449446e-01,3.652820e+00
3.703347e-02,1.787981e+00,2.617356e-01,3.560469e+00
3.703847e-02,1.791044e+00,2.784755e-01,3.468400e+00
3.704347e-02,1.793917e+00,2.951421e-01,3.376732e+00
3.704847e-02,1.796617e+00,3.117143e-01,3.285585e+00
3.705347e-02,1.799159e+00,3.281715e-01,3.195070e+00
3.705847e-02,1.801557e+00,3.444938e-01,3.105297e+00
3.706347e-02,1.803823e+00,3.606620e-01,3.016371e+00
3.706847e-02,1.805968e+00,3.766574e-01,2.928396e+00
3.707347e-02,1.807998e+00,3.924616e-01,2.841472e+00
3.707847e-02,1.809924e+00,4.080569e-01,2.755697e+00
3.708347e-02,1.811750e+00,4.234259e-01,2.671167e+00
3.708847e-02,1.813484e+00,4.385517e-01,2.587975e+00
3.709347e-02,1.815131e+00,4.534176e-01,2.506212e+00
3.709847e-02,1.816696e+00,4.680076e-01,2.425967e+00
3.710347e-02,1.818183e+00,4.823059e-01,2.347325e+00
3.710847e-02,1.819595e+00,4.962972e-01,2.270373e+00
3.711347e-02,1.820938e+00,5.099666e-01,2.195190e+00
3.711847e-02,1.822213e+00,5.232996e-01,2.121859e+00
3.712347e-02,1.823423e+00,5.362820e-01,2.050455e+00
3.712847e-02,1.824572e+00,5.489002e-01,1.981054e+00
3.713347e-02,1.825662e+00,5.611409e-01,1.913729e+00
3.713847e-02,1.826694e+00,5.729914e-01,1.848551e+00
3.714347e-02,1.827672e+00,5.844392e-01,1.785588e+00
3.714847e-02,1.828596e+00,5.954724e-01,1.724905e+00
3.715347e-02,1.829468e+00,6.060795e-01,1.666565e+00
3.715847e-02,1.830290e+00,6.162496e-01,1.610629e+00
3.716347e-02,1.831063e+00,6.259721e-01,1.557154e+00
3.716847e-02,1.831789e+00,6.352369e-01,1.506197e+00
3.717347e-02,1.832469e+00,6.440345e-01,1.457810e+00
3.717847e-02,1.833103e+00,6.523558e-01,1.412042e+00
3.718347e-02,1.833693e+00,6.601923e-01,1.368941e+00
3.718847e-02,1.834239e+00,6.675358e-01,1.328551e+00
3.719347e-02,1.834743e+00,6.743788e-01,1.290914e+00
3.719847e-02,1.835205e+00,6.807143e-01,1.256068e+00
3.720347e-02,1.835626e+00,6.865358e-01,1.224050e+00
3.720847e-02,1.836006e+00,6.918373e-01,1.194891e+00
3.721347e-02,1.836345e+00,6.966134e-01,1.168622e+00
3.721847e-02,1.836646e+00,7.008591e-01,1.145269e+00
3.722347e-02,1.836906e+00,7.045702e-01,1.124858e+00
3.722847e-02,1.837128e+00,7.077428e-01,1.107408e+00
3.723347e-02,1.837312e+00,7.103738e-01,1.092937e+00
3.723847e-02,1.837457e+00,7.124603e-01,1.081461e+00
3.724347e-02,1.837563e+00,7.140003e-01,1.072990e+00
3.724847e-02,1.837632e+00,7.149922e-01,1.067535e+00
3.725347e-02,1.837662e+00,7.154349e-01,1.065099e+00
3.725847e-02,1.837655e+00,7.153281e-01,1.065686e+00
3.726347e-02,1.837610e+00,7.146718e-01,1.069295e+00
3.726847e-02,1.837526e+00,7.134667e-01,1.075922e+00
3.727347e-02,1.837405e+00,7.117141e-01,1.085562e+00
3.727847e-02,1.837245e+00,7.094157e-01,1.098202e+00
3.728347e-02,1.837047e+00,7.065738e-01,1.113832e+00
3.728847e-02,1.836810e+00,7.031915e-01,1.132435e+00
3.729347e-02,1.836534e+00,6.992721e-01,1.153991e+00
3.729847e-02,1.836218e+00,6.948196e-01,1.178479e+00
3.730347e-02,1.835863e+00,6.898387e-01,1.205874e+00
3.730847e-02,1.835467e+00,6.843344e-01,1.236147e+00
3.731347e-02,1.835030e+00,6.783124e-01,1.269268e+00
3.731847e-02,1.834552e+00,6.717788e-01,1.305202e+00
3.732347e-02,1.834032e+00,6.647404e-01,1.343913e+00
3.732847e-02,1.833469e+00,6.572043e-01,1.385361e+00
3.733347e-02,1.832862e+00,6.491784e-01,1.429503e+00
3.733847e-02,1.832210e+00,6.406709e-01,1.476294e+00
3.734347e-02,1.831513e+00,6.316906e-01,1.525685e+00
3.734847e-02,1.830769e+00,6.222467e-01,1.577627e+00
3.735347e-02,1.829976e+00,6.123490e-01,1.632064e+00
3.735847e-02,1.829135e+00,6.020077e-01,1.688940e+00
3.736347e-02,1.828243e+00,5.912336e-01,1.748198e+00
3.736847e-02,1.827299e+00,5.800379e-01,1.809774e+00
3.737347e-02,1.826300e+00,5.684321e-01,1.873606e+00
3.737847e-02,1.825246e+00,5.564284e-01,1.939626e+00
3.738347e-02,1.824134e+00,5.440394e-01,2.007765e+00
3.738847e-02,1.822961e+00,5.312780e-01,2.077953e+00
3.739347e-02,1.821726e+00,5.181577e-01,2.150115e+00
3.739847e-02,1.820425e+00,5.046922e-01,2.224175e+00
3.740347e-02,1.819056e+00,4.908959e-01,2.300054e+00
3.740847e-02,1.817615e+00,4.767834e-01,2.377673e+00
3.741347e-02,1.816099e+00,4.623698e-01,2.456948e+00
3.741847e-02,1.814503e+00,4.476706e-01,2.537793e+00
3.742347e-02,1.812823e+00,4.327017e-01,2.620122e+00
3.742847e-02,1.811054e+00,4.174793e-01,2.703845e+00
3.743347e-02,1.809190e+00,4.020202e-01,2.788870e+00
3.743847e-02,1.807225e+00,3.863415e-01,2.875104e+00
3.744347e-02,1.805152e+00,3.704607e-01,2.962448e+00
3.744847e-02,1.802962e+00,3.543958e-01,3.050805e+00
3.745347e-02,1.800647e+00,3.381653e-01,3.140073e+00
3.745847e-02,1.798195e+00,3.217880e-01,3.230149e+00
3.746347e-02,1.795594e+00,3.052834e-01,3.320924e+00
3.746847e-02,1.792831e+00,2.886717e-01,3.412289e+00
3.747347e-02,1.789888e+00,2.719736e-01,3.504128e+00
3.747847e-02,1.786747e+00,2.552106e-01,3.596325e+00
3.748347e-02,1.783383e+00,2.384053e-01,3.688755e+00
3.748847e-02,1.779769e+00,2.215813e-01,3.781287e+00
3.749347e-02,1.775872e+00,2.047635e-01,3.873785e+00
3.749847e-02,1.771650e+00,1.879789e-01,3.966101e+00
3.750347e-02,1.767051e+00,1.712565e-01,4.058075e+00
3.750847e-02,1.762011e+00,1.546287e-01,4.149528e+00
3.751347e-02,1.756445e+00,1.381320e-01,4.240261e+00
3.751847e-02,1.750244e+00,1.218088e-01,4.330039e+00
3.752347e-02,1.743258e+00,1.057103e-01,4.418582e+00
3.752847e-02,1.735217e+00,8.991505e-02,4.505457e+00
3.753347e-02,1.725924e+00,7.448509e-02,4.590323e+00
3.753847e-02,1.714885e+00,5.954963e-02,4.672470e+00
3.754347e-02,1.701348e+00,4.529564e-02,4.750870e+00
3.754847e-02,1.684194e+00,3.199364e-02,4.824035e+00
3.755347e-02,1.661316e+00,2.013729e-02,4.889252e+00
3.755847e-02,1.629262e+00,1.052440e-02,4.942134e+00
3.756347e-02,1.583590e+00,4.176661e-03,4.977062e+00
3.756847e-02,1.523713e+00,1.242885e-03,4.993208e+00
3.757347e-02,1.455928e+00,3.152019e-04,4.998305e+00
3.757847e-02,1.386126e+00,7.672464e-05,4.999604e+00
3.758347e-02,1.316624e+00,1.878974e-05,4.999914e+00
3.758847e-02,1.248097e+00,4.693197e-06,4.999986e+00
3.759347e-02,1.180758e+00,1.200788e-06,5.000001e+00
3.759847e-02,1.114709e+00,3.153610e-07,5.000003e+00
3.760347e-02,1.050025e+00,8.514185e-08,5.000003e+00
3.760847e-02,9.867706e-01,2.366201e-08,5.000002e+00
3.761347e-02,9.250097e-01,6.777779e-09,5.000001e+00
3.761847e-02,8.648030e-01,2.003490e-09,5.000001e+00
3.762347e-02,8.062101e-01,6.118912e-10,5.000001e+00
3.762847e-02,7.492887e-01,1.933105e-10,5.000000e+00
3.763347e-02,6.940950e-01,6.324507e-11,5.000000e+00
3.763847e-02,6.406836e-01,2.145162e-11,5.000000e+00
3.764347e-02,5.891071e-01,7.551468e-12,5.000000e+00
3.764847e-02,5.394164e-01,2.761666e-12,5.000000e+00
3.765347e-02,4.916606e-01,1.050151e-12,5.000000e+00
3.765847e-02,4.458867e-01,4.160626e-13,5.000000e+00
3.766347e-02,4.021401e-01,1.714395e-13,5.000000e+00
3.766847e-02,3.604637e-01,7.335305e-14,5.000000e+00
3.767347e-02,3.208988e-01,3.286488e-14,5.000000e+00
3.767847e-02,2.834844e-01,1.558541e-14,5.000000e+00
3.768347e-02,2.482575e-01,7.792703e-15,5.000000e+00
3.768847e-02,2.152528e-01,3.726945e-15,5.000000e+00
3.769347e-02,1.845028e-01,2.032879e-15,5.000000e+00
3.769847e-02,1.560379e-01,8.470329e-16,5.000000e+00
3.770347e-02,1.298863e-01,5.082198e-16,5.000000e+00
3.770847e-02,1.060737e-01,6.776264e-16,5.000000e+00
3.771347e-02,8.462354e-02,1.694066e-16,5.000000e+00
3.771847e-02,6.555711e-02,5.082198e-16,5.000000e+00
3.772347e-02,4.889318e-02,0.000000e+00,5.000000e+00
3.772847e-02,3.464820e-02,-1.694066e-16,5.000000e+00
3.773347e-02,2.283622e-02,0.000000e+00,5.000000e+00
3.773847e-02,1.346890e-02,0.000000e+00,5.000000e+00
3.774347e-02,6.555493e-03,0.000000e+00,5.000000e+00
3.774847e-02,2.102811e-03,-1.694066e-16,5.000000e+00
3.775347e-02,1.152513e-04,1.694066e-16,5.000000e+00
3.775847e-02,5.947762e-04,0.000000e+00,5.000000e+00
3.776347e-02,3.540912e-03,0.000000e+00,5.000000e+00
3.776847e-02,8.950752e-03,0.000000e+00,5.000000e+00
3.777347e-02,1.681896e-02,-1.694066e-16,5.000000e+00
3.777847e-02,2.713776e-02,1.694066e-16,5.000000e+00
3.778347e-02,3.989698e-02,0.000000e+00,5.000000e+00
3.778847e-02,5.508403e-02,0.000000e+00,5.000000e+00
3.779347e-02,7.268391e-02,3.388132e-16,5.000000e+00
3.779847e-02,9.267926e-02,0.000000e+00,5.000000e+00
3.780347e-02,1.150503e-01,3.388132e-16,5.000000e+00
3.780847e-02,1.397751e-01,1.016440e-15,5.000000e+00
3.781347e-02,1.668291e-01,1.185846e-15,5.000000e+00
3.781847e-02,1.961856e-01,2.710505e-15,5.000000e+00
3.782347e-02,2.278158e-01,4.573978e-15,5.000000e+00
3.782847e-02,2.616883e-01,9.825582e-15,5.000000e+00
3.783347e-02,2.977698e-01,2.049820e-14,5.000000e+00
3.783847e-02,3.360246e-01,4.455393e-14,5.000000e+00
3.784347e-02,3.764149e-01,1.019828e-13,5.000000e+00
3.784847e-02,4.189010e-01,2.407268e-13,5.000000e+00
3.785347e-02,4.634409e-01,5.930925e-13,5.000000e+00
3.785847e-02,5.099907e-01,1.522457e-12,5.000000e+00
3.786347e-02,5.585043e-01,4.064233e-12,5.000000e+00
3.786847e-02,6.089339e-01,1.128062e-11,5.000000e+00
3.787347e-02,6.612298e-01,3.251590e-11,5.000000e+00
3.787847e-02,7.153404e-01,9.723040e-11,5.000000e+00
3.788347e-02,7.712122e-01,3.012967e-10,5.000000e+00
3.788847e-02,8.287901e-01,9.664598e-10,5.000000e+00
3.789347e-02,8.880173e-01,3.205330e-09,5.000000e+00
3.789847e-02,9.488352e-01,1.097860e-08,5.000000e+00
3.790347e-02,1.011184e+00,3.878632e-08,5.000000e+00
3.790847e-02,1.075002e+00,1.411641e-07,4.999999e+00
3.791347e-02,1.140224e+00,5.285939e-07,4.999997e+00
3.791847e-02,1.206784e+00,2.033640e-06,4.999989e+00
3.792347e-02,1.274600e+00,8.025488e-06,4.999956e+00
3.792847e-02,1.343544e+00,3.240300e-05,4.999822e+00
3.793347e-02,1.413293e+00,1.329755e-04,4.999269e+00
3.793847e-02,1.482748e+00,5.424805e-04,4.997020e+00
3.794347e-02,1.548363e+00,2.047279e-03,4.988752e+00
3.794847e-02,1.603171e+00,6.207474e-03,4.965889e+00
3.795347e-02,1.643087e+00,1.393112e-02,4.923426e+00
3.795847e-02,1.671026e+00,2.454209e-02,4.865070e+00
3.796347e-02,1.691365e+00,3.703358e-02,4.796363e+00
3.796847e-02,1.706961e+00,5.074187e-02,4.720961e+00
3.797347e-02,1.719379e+00,6.529630e-02,4.640907e+00
3.797847e-02,1.729742e+00,8.042544e-02,4.557692e+00
3.798347e-02,1.738473e+00,9.601650e-02,4.471938e+00
3.798847e-02,1.746045e+00,1.119450e-01,4.384328e+00
3.799347e-02,1.752647e+00,1.281507e-01,4.295194e+00
3.799847e-02,1.758610e+00,1.445416e-01,4.205042e+00
3.800347e-02,1.763977e+00,1.610900e-01,4.114025e+00
3.800847e-02,1.768849e+00,1.777559e-01,4.022361e+00
3.801347e-02,1.773303e+00,1.945041e-01,3.930245e+00
3.801847e-02,1.777400e+00,2.113035e-01,3.837848e+00
3.802347e-02,1.781187e+00,2.281258e-01,3.745325e+00
3.802847e-02,1.784703e+00,2.449446e-01,3.652820e+00
3.803347e-02,1.787981e+00,2.617356e-01,3.560469e+00
3.803847e-02,1.791044e+00,2.784755e-01,3.468400e+00
3.804347e-02,1.793917e+00,2.951421e-01,3.376732e+00
3.804847e-02,1.796617e+00,3.117143e-01,3.285585e+00
3.805347e-02,1.799159e+00,3.281715e-01,3.195070e+00
3.805847e-02,1.801557e+00,3.444938e-01,3.105297e+00
3.806347e-02,1.803823e+00,3.606620e-01,3.016371e+00
3.806847e-02,1.805968e+00,3.766574e-01,2.928396e+00
3.807347e-02,1.807998e+00,3.924616e-01,2.841472e+00
3.807847e-02,1.809924e+00,4.080569e-01,2.755697e+00
3.808347e-02,1.811750e+00,4.234259e-01,2.671167e+00
3.808847e-02,1.813484e+00,4.385517e-01,2.587975e+00
3.809347e-02,1.815131e+00,4.534176e-01,2.506212e+00
3.809847e-02,1.816696e+00,4.680076e-01,2.425967e+00
3.810347e-02,1.818183e+00,4.823059e-01,2.347325e+00
3.810847e-02,1.819595e+00,4.962972e-01,2.270373e+00
3.811347e-02,1.820938e+00,5.099666e-01,2.195190e+00
3.811847e-02,1.822213e+00,5.232996e-01,2.121859e+00
3.812347e-02,1.823423e+00,5.362820e-01,2.050455e+00
3.812847e-02,1.824572e+00,5.489002e-01,1.981054e+00
3.813347e-02,1.825662e+00,5.611409e-01,1.913729e+00
3.813847e-02,1.826694e+00,5.729914e-01,1.848551e+00
3.814347e-02,1.827672e+00,5.844392e-01,1.785588e+00
3.814847e-02,1.828596e+00,5.954724e-01,1.724905e+00
3.815347e-02,1.829468e+00,6.060795e-01,1.666565e+00
3.815847e-02,1.830290e+00,6.162496e-01,1.610629e+00
3.816347e-02,1.831063e+00,6.259721e-01,1.557154e+00
3.816847e-02,1.831789e+00,6.352369e-01,1.506197e+00
3.817347e-02,1.832469e+00,6.440345e-01,1.457810e+00
3.817847e-02,1.833103e+00,6.523558e-01,1.412042e+00
3.818347e-02,1.833693e+00,6.601923e-01,1.368941e+00
3.818847e-02,1.834239e+00,6.675358e-01,1.328551e+00
3.819347e-02,1.834743e+00,6.743788e-01,1.290914e+00
3.819847e-02,1.835205e+00,6.807143e-01,1.256068e+00
3.820347e-02,1.835626e+00,6.865358e-01,1.224050e+00
3.820847e-02,1.836006e+00,6.918373e-01,1.194891e+00
3.821347e-02,1.836345e+00,6.966134e-01,1.168622e+00
3.821847e-02,1.836646e+00,7.008591e-01,1.145270e+00
3.822347e-02,1.836906e+00,7.045702e-01,1.124858e+00
3.822847e-02,1.837128e+00,7.077428e-01,1.107408e+00
3.823347e-02,1.837312e+00,7.103738e-01,1.092937e+00
3.823847e-02,1.837457e+00,7.124603e-01,1.081461e+00
3.824347e-02,1.837563e+00,7.140003e-01,1.072990e+00
3.824847e-02,1.837632e+00,7.149922e-01,1.067535e+00
3.825347e-02,1.837662e+00,7.154349e-01,1.065099e+00
3.825847e-02,1.837655e+00,7.153281e-01,1.065686e+00
3.826347e-02,1.837610e+00,7.146718e-01,1.069295e+00
3.826847e-02,1.837526e+00,7.134667e-01,1.075922e+00
3.827347e-02,1.837405e+00,7.117141e-01,1.085562e+00
3.827847e-02,1.837245e+00,7.094157e-01,1.098202e+00
3.828347e-02,1.837047e+00,7.065738e-01,1.113832e+00
3.828847e-02,1.836810e+00,7.031915e-01,1.132435e+00
3.829347e-02,1.836534e+00,6.992721e-01,1.153991e+00
3.829847e-02,1.836218e+00,6.948196e-01,1.178479e+00
3.830347e-02,1.835863e+00,6.898387e-01,1.205874e+00
3.830847e-02,1.835467e+00,6.843344e-01,1.236147e+00
3.831347e-02,1.835030e+00,6.783124e-01,1.269268e+00
3.831847e-02,1.834552e+00,6.717788e-01,1.305202e+00
3.832347e-02,1.834032e+00,6.647404e-01,1.343913e+00
3.832847e-02,1.833469e+00,6.572043e-01,1.385361e+00
3.833347e-02,1.832862e+00,6.491784e-01,1.429503e+00
3.833847e-02,1.832210e+00,6.406709e-01,1.476294e+00
3.834347e-02,1.831513e+00,6.316906e-01,1.525685e+00
3.834847e-02,1.830769e+00,6.222467e-01,1.577627e+00
3.835347e-02,1.829976e+00,6.123490e-01,1.632064e+00
3.835847e-02,1.829135e+00,6.020077e-01,1.688940e+00
3.836347e-02,1.828243e+00,5.912336e-01,1.748198e+00
3.836847e-02,1.827299e+00,5.800379e-01,1.809774e+00
3.837347e-02,1.826300e+00,5.684321e-01,1.873606e+00
3.837847e-02,1.825246e+00,5.564284e-01,1.939626e+00
3.838347e-02,1.824134e+00,5.440394e-01,2.007765e+00
3.838847e-02,1.822961e+00,5.312780e-01,2.077953e+00
3.839347e-02,1.821726e+00,5.181577e-01,2.150115e+00
3.839847e-02,1.820425e+00,5.046922e-01,2.224175e+00
3.840347e-02,1.819056e+00,4.908959e-01,2.300054e+00
3.840847e-02,1.817615e+00,4.767834e-01,2.377673e+00
3.841347e-02,1.816099e+00,4.623698e-01,2.456948e+00
3.841847e-02,1.814503e+00,4.476706e-01,2.537793e+00
3.842347e-02,1.812823e+00,4.327017e-01,2.620122e+00
3.842847e-02,1.811054e+00,4.174793e-01,2.703845e+00
3.843347e-02,1.809190e+00,4.020203e-01,2.788870e+00
3.843847e-02,1.807225e+00,3.863415e-01,2.875103e+00
3.844347e-02,1.805152e+00,3.704607e-01,2.962448e+00
3.844847e-02,1.802962e+00,3.543958e-01,3.050805e+00
3.845347e-02,1.800647e+00,3.381653e-01,3.140073e+00
3.845847e-02,1.798195e+00,3.217880e-01,3.230149e+00
3.846347e-02,1.795594e+00,3.052834e-01,3.320924e+00
3.846847e-02,1.792831e+00,2.886717e-01,3.412289e+00
3.847347e-02,1.789888e+00,2.719736e-01,3.504128e+00
3.847847e-02,1.786747e+00,2.552107e-01,3.596325e+00
3.848347e-02,1.783383e+00,2.384053e-01,3.688755e+00
3.848847e-02,1.779769e+00,2.215813e-01,3.781287e+00
3.849347e-02,1.775872e+00,2.047635e-01,3.873785e+00
3.849847e-02,1.771650e+00,1.879789e-01,3.966101e+00
3.850347e-02,1.767051e+00,1.712565e-01,4.058075e+00
3.850847e-02,1.762011e+00,1.546287e-01,4.149528e+00
3.851347e-02,1.756445e+00,1.381320e-01,4.240261e+00
3.851847e-02,1.750244e+00,1.218088e-01,4.330039e+00
3.852347e-02,1.743258e+00,1.057103e-01,4.418582e+00
3.852847e-02,1.735217e+00,8.991506e-02,4.505457e+00
3.853347e-02,1.725924e+00,7.448509e-02,4.590323e+00
3.853847e-02,1.714885e+00,5.954964e-02,4.672470e+00
3.854347e-02,1.701348e+00,4.529565e-02,4.750870e+00
3.854847e-02,1.684194e+00,3.199364e-02,4.824035e+00
3.855347e-02,1.661316e+00,2.013729e-02,4.889252e+00
3.855847e-02,1.629262e+00,1.052440e-02,4.942134e+00
3.856347e-02,1.583590e+00,4.176662e-03,4.977062e+00
3.856847e-02,1.523713e+00,1.242886e-03,4.993208e+00
3.857347e-02,1.455928e+00,3.152020e-04,4.998305e+00
3.857847e-02,1.386126e+00,7.672466e-05,4.999604e+00
3.858347e-02,1.316624e+00,1.878974e-05,4.999914e+00
3.858847e-02,1.248097e+00,4.693199e-06,4.999986e+00
3.859347e-02,1.180758e+00,1.200788e-06,5.000001e+00
3.859847e-02,1.114709e+00,3.153611e-07,5.000003e+00
3.860347e-02,1.050025e+00,8.514187e-08,5.000003e+00
3.860847e-02,9.867706e-01,2.366202e-08,5.000002e+00
3.861347e-02,9.250097e-01,6.777781e-09,5.000001e+00
3.861847e-02,8.648030e-01,2.003491e-09,5.000001e+00
3.862347e-02,8.062101e-01,6.118908e-10,5.000001e+00
3.862847e-02,7.492887e-01,1.933109e-10,5.000000e+00
3.863347e-02,6.940951e-01,6.324524e-11,5.000000e+00
3.863847e-02,6.406836e-01,2.145179e-11,5.000000e+00
3.864347e-02,5.891071e-01,7.551468e-12,5.000000e+00
3.864847e-02,5.394164e-01,2.761666e-12,5.000000e+00
3.865347e-02,4.916606e-01,1.050151e-12,5.000000e+00
3.865847e-02,4.458867e-01,4.157238e-13,5.000000e+00
3.866347e-02,4.021401e-01,1.714395e-13,5.000000e+00
3.866847e-02,3.604637e-01,7.369187e-14,5.000000e+00
3.867347e-02,3.208988e-01,3.303428e-14,5.000000e+00
3.867847e-02,2.834845e-01,1.524659e-14,5.000000e+00
3.868347e-02,2.482575e-01,7.453890e-15,5.000000e+00
3.868847e-02,2.152528e-01,3.896352e-15,5.000000e+00
3.869347e-02,1.845028e-01,1.863472e-15,5.000000e+00
3.869847e-02,1.560379e-01,1.016440e-15,5.000000e+00
3.870347e-02,1.298863e-01,6.776264e-16,5.000000e+00
3.870847e-02,1.060737e-01,3.388132e-16,5.000000e+00
3.871347e-02,8.462355e-02,1.694066e-16,5.000000e+00
3.871847e-02,6.555712e-02,1.694066e-16,5.000000e+00
3.872347e-02,4.889319e-02,0.000000e+00,5.000000e+00
3.872847e-02,3.464820e-02,0.000000e+00,5.000000e+00
3.873347e-02,2.283622e-02,0.000000e+00,5.000000e+00
3.873847e-02,1.346891e-02,0.000000e+00,5.000000e+00
3.874347e-02,6.555494e-03,0.000000e+00,5.000000e+00
3.874847e-02,2.102811e-03,0.000000e+00,5.000000e+00
3.875347e-02,1.152514e-04,0.000000e+00,5.000000e+00
3.875847e-02,5.947758e-04,0.000000e+00,5.000000e+00
3.876347e-02,3.540911e-03,1.694066e-16,5.000000e+00
3.876847e-02,8.950751e-03,0.000000e+00,5.000000e+00
3.877347e-02,1.681895e-02,1.694066e-16,5.000000e+00
3.877847e-02,2.713776e-02,0.000000e+00,5.000000e+00
3.878347e-02,3.989698e-02,0.000000e+00,5.000000e+00
3.878847e-02,5.508402e-02,0.000000e+00,5.000000e+00
3.879347e-02,7.268391e-02,3.388132e-16,5.000000e+00
3.879847e-02,9.267926e-02,0.000000e+00,5.000000e+00
3.880347e-02,1.150503e-01,3.388132e-16,5.000000e+00
3.880847e-02,1.397751e-01,1.016440e-15,5.000000e+00
3.881347e-02,1.668291e-01,1.185846e-15,5.000000e+00
3.881847e-02,1.961856e-01,2.710505e-15,5.000000e+00
3.882347e-02,2.278158e-01,4.573978e-15,5.000000e+00
3.882847e-02,2.616883e-01,9.825582e-15,5.000000e+00
3.883347e-02,2.977698e-01,2.049820e-14,5.000000e+00
3.883847e-02,3.360246e-01,4.455393e-14,5.000000e+00
3.884347e-02,3.764149e-01,1.019828e-13,5.000000e+00
3.884847e-02,4.189010e-01,2.407268e-13,5.000000e+00
3.885347e-02,4.634409e-01,5.930925e-13,5.000000e+00
3.885847e-02,5.099907e-01,1.522457e-12,5.000000e+00
3.886347e-02,5.585043e-01,4.064233e-12,5.000000e+00
3.886847e-02,6.089339e-01,1.128062e-11,5.000000e+00
3.887347e-02,6.612298e-01,3.251590e-11,5.000000e+00
3.887847e-02,7.153404e-01,9.723040e-11,5.000000e+00
3.888347e-02,7.712122e-01,3.012967e-10,5.000000e+00
3.888847e-02,8.287901e-01,9.664593e-10,5.000000e+00
3.889347e-02,8.880172e-01,3.205329e-09,5.000000e+00
3.889847e-02,9.488352e-01,1.097860e-08,5.000000e+00
3.890347e-02,1.011184e+00,3.878631e-08,5.000000e+00
3.890847e-02,1.075002e+00,1.411640e-07,4.999999e+00
3.891347e-02,1.140224e+00,5.285937e-07,4.999997e+00
3.891847e-02,1.206784e+00,2.033639e-06,4.999989e+00
3.892347e-02,1.274600e+00,8.025486e-06,4.999956e+00
3.892847e-02,1.343544e+00,3.240299e-05,4.999822e+00
3.893347e-02,1.413293e+00,1.329755e-04,4.999269e+00
3.893847e-02,1.482748e+00,5.424803e-04,4.997020e+00
3.894347e-02,1.548363e+00,2.047278e-03,4.988752e+00
3.894847e-02,1.603171e+00,6.207473e-03,4.965889e+00
3.895347e-02,1.643087e+00,1.393112e-02,4.923426e+00
3.895847e-02,1.671026e+00,2.454209e-02,4.865070e+00
3.896347e-02,1.691365e+00,3.703358e-02,4.796363e+00
3.896847e-02,1.706961e+00,5.074187e-02,4.720961e+00
3.897347e-02,1.719379e+00,6.529629e-02,4.640907e+00
3.897847e-02,1.729742e+00,8.042543e-02,4.557692e+00
3.898347e-02,1.738473e+00,9.601650e-02,4.471938e+00
3.898847e-02,1.746045e+00,1.119450e-01,4.384328e+00
3.899347e-02,1.752647e+00,1.281507e-01,4.295194e+00
3.899847e-02,1.758610e+00,1.445416e-01,4.205043e+00
3.900347e-02,1.763977e+00,1.610900e-01,4.114025e+00
3.900847e-02,1.768849e+00,1.777559e-01,4.022361e+00
3.901347e-02,1.773303e+00,1.945041e-01,3.930245e+00
3.901847e-02,1.777400e+00,2.113035e-01,3.837848e+00
3.902347e-02,1.781187e+00,2.281258e-01,3.745325e+00
3.902847e-02,1.784703e+00,2.449446e-01,3.652820e+00
3.903347e-02,1.787981e+00,2.617356e-01,3.560469e+00
3.903847e-02,1.791044e+00,2.784755e-01,3.468400e+00
3.904347e-02,1.793917e+00,2.951421e-01,3.376733e+00
3.904847e-02,1.796617e+00,3.117143e-01,3.285585e+00
3.905347e-02,1.799159e+00,3.281715e-01,3.195070e+00
3.905847e-02,1.801557e+00,3.444938e-01,3.105297e+00
3.906347e-02,1.803823e+00,3.606620e-01,3.016371e+00
3.906847e-02,1.805968e+00,3.766574e-01,2.928396e+00
3.907347e-02,1.807998e+00,3.924616e-01,2.841472e+00
3.907847e-02,1.809924e+00,4.080569e-01,2.755698e+00
3.908347e-02,1.811750e+00,4.234259e-01,2.671167e+00
3.908847e-02,1.813484e+00,4.385517e-01,2.587975e+00
3.909347e-02,1.815131e+00,4.534176e-01,2.506212e+00
3.909847e-02,1.816696e+00,4.680076e-01,2.425967e+00
3.910347e-02,1.818183e+00,4.823059e-01,2.347325e+00
3.910847e-02,1.819595e+00,4.962972e-01,2.270373e+00
3.911347e-02,1.820938e+00,5.099666e-01,2.195190e+00
3.911847e-02,1.822213e+00,5.232996e-01,2.121859e+00
3.912347e-02,1.823423e+00,5.362820e-01,2.050455e+00
3.912847e-02,1.824572e+00,5.489002e-01,1.981054e+00
3.913347e-02,1.825662e+00,5.611409e-01,1.913729e+00
3.913847e-02,1.826694e+00,5.729914e-01,1.848551e+00
3.914347e-02,1.827672e+00,5.844392e-01,1.785588e+00
3.914847e-02,1.828596e+00,5.954724e-01,1.724905e+00
3.915347e-02,1.829468e+00,6.060795e-01,1.666565e+00
3.915847e-02,1.830290e+00,6.162496e-01,1.610629e+00
3.916347e-02,1.831063e+00,6.259721e-01,1.557154e+00
3.916847e-02,1.831789e+00,6.352369e-01,1.506197e+00
3.917347e-02,1.832469e+00,6.440345e-01,1.457810e+00
3.917847e-02,1.833103e+00,6.523558e-01,1.412042e+00
3.918347e-02,1.833693e+00,6.601923e-01,1.368941e+00
3.918847e-02,1.834239e+00,6.675358e-01,1.328551e+00
3.919347e-02,1.834743e+00,6.743788e-01,1.290914e+00
3.919847e-02,1.835205e+00,6.807143e-01,1.256068e+00
3.920347e-02,1.835626e+00,6.865358e-01,1.224050e+00
3.920847e-02,1.836006e+00,6.918373e-01,1.194891e+00
3.921347e-02,1.836345e+00,6.966134e-01,1.168622e+00
3.921847e-02,1.836646e+00,7.008591e-01,1.145270e+00
3.922347e-02,1.836906e+00,7.045702e-01,1.124858e+00
3.922847e-02,1.837128e+00,7.077428e-01,1.107408e+00
3.923347e-02,1.837312e+00,7.103738e-01,1.092937e+00
3.923847e-02,1.837457e+00,7.124603e-01,1.081461e+00
3.924347e-02,1.837563e+00,7.140003e-01,1.072990e+00
3.924847e-02,1.837632e+00,7.149922e-01,1.067535e+00
3.925347e-02,1.837662e+00,7.154349e-01,1.065099e+00
3.925847e-02,1.837655e+00,7.153281e-01,1.065686e+00
3.926347e-02,1.837610e+00,7.146718e-01,1.069295e+00
3.926847e-02,1.837526e+00,7.134667e-01,1.075922e+00
3.927347e-02,1.837405e+00,7.117141e-01,1.085561e+00
3.927847e-02,1.837245e+00,7.094157e-01,1.098202e+00
3.928347e-02,1.837047e+00,7.065738e-01,1.113832e+00
3.928847e-02,1.836810e+00,7.031915e-01,1.132435e+00
3.929347e-02,1.836534e+00,6.992721e-01,1.153991e+00
3.929847e-02,1.836218e+00,6.948196e-01,1.178479e+00
3.930347e-02,1.835863e+00,6.898387e-01,1.205874e+00
3.930847e-02,1.835467e+00,6.843344e-01,1.236147e+00
3.931347e-02,1.835030e+00,6.783124e-01,1.269268e+00
3.931847e-02,1.834552e+00,6.717788e-01,1.305202e+00
3.932347e-02,1.834032e+00,6.647404e-01,1.343913e+00
3.932847e-02,1.833469e+00,6.572043e-01,1.385361e+00
3.933347e-02,1.832862e+00,6.491784e-01,1.429503e+00
3.933847e-02,1.832210e+00,6.406709e-01,1.476294e+00
3.934347e-02,1.831513e+00,6.316906e-01,1.525685e+00
3.934847e-02,1.830769e+00,6.222467e-01,1.577627e+00
3.935347e-02,1.829976e+00,6.123490e-01,1.632064e+00
3.935847e-02,1.829135e+00,6.020077e-01,1.688940e+00
3.936347e-02,1.828243e+00,5.912336e-01,1.748198e+00
3.936847e-02,1.827299e+00,5.800379e-01,1.809774e+00
3.937347e-02,1.826300e+00,5.684321e-01,1.873606e+00
3.937847e-02,1.825246e+00,5.564285e-01,1.939626e+00
3.938347e-02,1.824134e+00,5.440394e-01,2.007765e+00
3.938847e-02,1.822961e+00,5.312780e-01,2.077953e+00
3.939347e-02,1.821726e+00,5.181577e-01,2.150115e+00
3.939847e-02,1.820425e+00,5.046922e-01,2.224175e+00
3.940347e-02,1.819056e+00,4.908959e-01,2.300054e+00
3.940847e-02,1.817615e+00,4.767834e-01,2.377673e+00
3.941347e-02,1.816099e+00,4.623698e-01,2.456948e+00
3.941847e-02,1.814503e+00,4.476706e-01,2.537793e+00
3.942347e-02,1.812823e+00,4.327017e-01,2.620122e+00
3.942847e-02,1.811054e+00,4.174793e-01,2.703845e+00
3.943347e-02,1.809190e+00,4.020203e-01,2.788870e+00
3.943847e-02,1.807225e+00,3.863415e-01,2.875103e+00
3.944347e-02,1.805152e+00,3.704607e-01,2.962448e+00
3.944847e-02,1.802962e+00,3.543958e-01,3.050805e+00
3.945347e-02,1.800647e+00,3.381653e-01,3.140073e+00
3.945847e-02,1.798195e+00,3.217880e-01,3.230149e+00
3.946347e-02,1.795594e+00,3.052834e-01,3.320924e+00
3.946847e-02,1.792831e+00,2.886717e-01,3.412289e+00
3.947347e-02,1.789888e+00,2.719736e-01,3.504128e+00
3.947847e-02,1.786747e+00,2.552107e-01,3.596325e+00
3.948347e-02,1.783383e+00,2.384053e-01,3.688755e+00
3.948847e-02,1.779769e+00,2.215813e-01,3.781287e+00
3.949347e-02,1.775872e+00,2.047635e-01,3.873785e+00
3.949847e-02,1.771650e+00,1.879789e-01,3.966101e+00
3.950347e-02,1.767051e+00,1.712565e-01,4.058075e+00
3.950847e-02,1.762011e+00,1.546287e-01,4.149528e+00
3.951347e-02,1.756445e+00,1.381320e-01,4.240261e+00
3.951847e-02,1.750244e+00,1.218088e-01,4.330039e+00
3.952347e-02,1.743258e+00,1.057103e-01,4.418582e+00
3.952847e-02,1.735217e+00,8.991506e-02,4.505457e+00
3.953347e-02,1.725924e+00,7.448510e-02,4.590323e+00
3.953847e-02,1.714885e+00,5.954964e-02,4.672470e+00
3.954347e-02,1.701348e+00,4.529565e-02,4.750870e+00
3.954847e-02,1.684194e+00,3.199364e-02,4.824035e+00
3.955347e-02,1.661316e+00,2.013729e-02,4.889252e+00
3.955847e-02,1.629262e+00,1.052440e-02,4.942134e+00
3.956347e-02,1.583590e+00,4.176663e-03,4.977062e+00
3.956847e-02,1.523713e+00,1.242886e-03,4.993208e+00
3.957347e-02,1.455928e+00,3.152021e-04,4.998305e+00
3.957847e-02,1.386126e+00,7.672469e-05,4.999604e+00
3.958347e-02,1.316624e+00,1.878975e-05,4.999914e+00
3.958847e-02,1.248097e+00,4.693200e-06,4.999986e+00
3.959347e-02,1.180758e+00,1.200788e-06,5.000001e+00
3.959847e-02,1.114709e+00,3.153612e-07,5.000003e+00
3.960347e-02,1.050025e+00,8.514190e-08,5.000003e+00
3.960847e-02,9.867706e-01,2.366203e-08,5.000002e+00
3.961347e-02,9.250097e-01,6.777783e-09,5.000001e+00
3.961847e-02,8.648030e-01,2.003492e-09,5.000001e+00
3.962347e-02,8.062101e-01,6.118910e-10,5.000001e+00
3.962847e-02,7.492887e-01,1.933110e-10,5.000000e+00
3.963347e-02,6.940951e-01,6.324507e-11,5.000000e+00
3.963847e-02,6.406836e-01,2.145196e-11,5.000000e+00
3.964347e-02,5.891071e-01,7.551299e-12,5.000000e+00
3.964847e-02,5.394164e-01,2.761497e-12,5.000000e+00
3.965347e-02,4.916606e-01,1.050321e-12,5.000000e+00
3.965847e-02,4.458868e-01,4.157238e-13,5.000000e+00
3.966347e-02,4.021401e-01,1.712701e-13,5.000000e+00
3.966847e-02,3.604637e-01,7.369187e-14,5.000000e+00
3.967347e-02,3.208988e-01,3.286488e-14,5.000000e+00
3.967847e-02,2.834845e-01,1.558541e-14,5.000000e+00
3.968347e-02,2.482575e-01,7.623297e-15,5.000000e+00
3.968847e-02,2.152528e-01,3.896352e-15,5.000000e+00
3.969347e-02,1.845028e-01,2.032879e-15,5.000000e+00
3.969847e-02,1.560380e-01,1.016440e-15,5.000000e+00
3.970347e-02,1.298863e-01,6.776264e-16,5.000000e+00
3.970847e-02,1.060737e-01,5.082198e-16,5.000000e+00
3.971347e-02,8.462355e-02,1.694066e-16,5.000000e+00
3.971847e-02,6.555712e-02,3.388132e-16,5.000000e+00
3.972347e-02,4.889319e-02,0.000000e+00,5.000000e+00
3.972847e-02,3.464821e-02,0.000000e+00,5.000000e+00
3.973347e-02,2.283623e-02,0.000000e+00,5.000000e+00
3.973847e-02,1.346891e-02,0.000000e+00,5.000000e+00
3.974347e-02,6.555496e-03,0.000000e+00,5.000000e+00
3.974847e-02,2.102812e-03,3.388132e-16,5.000000e+00
3.975347e-02,1.152516e-04,-1.694066e-16,5.000000e+00
3.975847e-02,5.947754e-04,-1.694066e-16,5.000000e+00
3.976347e-02,3.540910e-03,1.694066e-16,5.000000e+00
3.976847e-02,8.950749e-03,3.388132e-16,5.000000e+00
3.977347e-02,1.681895e-02,-3.388132e-16,5.000000e+00
3.977847e-02,2.713776e-02,-1.694066e-16,5.000000e+00
3.978347e-02,3.989698e-02,-1.694066e-16,5.000000e+00
3.978847e-02,5.508402e-02,0.000000e+00,5.000000e+00
3.979347e-02,7.268390e-02,1.694066e-16,5.000000e+00
3.979847e-02,9.267925e-02,1.694066e-16,5.000000e+00
3.980347e-02,1.150503e-01,3.388132e-16,5.000000e+00
3.980847e-02,1.397751e-01,8.470329e-16,5.000000e+00
3.981347e-02,1.668291e-01,1.355253e-15,5.000000e+00
3.981847e-02,1.961856e-01,2.710505e-15,5.000000e+00
3.982347e-02,2.278158e-01,4.573978e-15,5.000000e+00
3.982847e-02,2.616883e-01,9.825582e-15,5.000000e+00
3.983347e-02,2.977698e-01,2.049820e-14,5.000000e+00
3.983847e-02,3.360245e-01,4.455393e-14,5.000000e+00
3.984347e-02,3.764149e-01,1.019828e-13,5.000000e+00
3.984847e-02,4.189010e-01,2.407268e-13,5.000000e+00
3.985347e-02,4.634409e-01,5.930925e-13,5.000000e+00
3.985847e-02,5.099906e-01,1.522457e-12,5.000000e+00
3.986347e-02,5.585043e-01,4.064233e-12,5.000000e+00
3.986847e-02,6.089339e-01,1.128062e-11,5.000000e+00
3.987347e-02,6.612298e-01,3.251590e-11,5.000000e+00
3.987847e-02,7.153404e-01,9.723040e-11,5.000000e+00
3.988347e-02,7.712122e-01,3.012966e-10,5.000000e+00
3.988847e-02,8.287901e-01,9.664590e-10,5.000000e+00
3.989347e-02,8.880172e-01,3.205328e-09,5.000000e+00
3.989847e-02,9.488352e-01,1.097860e-08,5.000000e+00
3.990347e-02,1.011184e+00,3.878630e-08,5.000000e+00
3.990847e-02,1.075002e+00,1.411640e-07,4.999999e+00
3.991347e-02,1.140224e+00,5.285935e-07,4.999997e+00
3.991847e-02,1.206784e+00,2.033639e-06,4.999989e+00
3.992347e-02,1.274600e+00,8.025483e-06,4.999956e+00
3.992847e-02,1.343544e+00,3.240298e-05,4.999822e+00
3.993347e-02,1.413293e+00,1.329755e-04,4.999269e+00
3.993847e-02,1.482747e+00,5.424801e-04,4.997020e+00
3.994347e-02,1.548363e+00,2.047278e-03,4.988752e+00
3.994847e-02,1.603171e+00,6.207471e-03,4.965889e+00
3.995347e-02,1.643087e+00,1.393111e-02,4.923426e+00
3.995847e-02,1.671026e+00,2.454208e-02,4.865070e+00
3.996347e-02,1.691365e+00,3.703358e-02,4.796363e+00
3.996847e-02,1.706961e+00,5.074186e-02,4.720961e+00
3.997347e-02,1.719379e+00,6.529629e-02,4.640907e+00
3.997847e-02,1.729742e+00,8.042543e-02,4.557692e+00
3.998347e-02,1.738473e+00,9.601649e-02,4.471938e+00
3.998847e-02,1.746045e+00,1.119450e-01,4.384328e+00
3.999347e-02,1.752647e+00,1.281507e-01,4.295194e+00
3.999847e-02,1.758610e+00,1.445416e-01,4.205043e+00
4.000347e-02,1.763977e+00,1.610900e-01,4.114025e+00
4.000847e-02,1.768849e+00,1.777559e-01,4.022361e+00
4.001347e-02,1.773303e+00,1.945041e-01,3.930245e+00
4.001847e-02,1.777400e+00,2.113035e-01,3.837848e+00
4.002347e-02,1.781187e+00,2.281258e-01,3.745325e+00
4.002847e-02,1.784703e+00,2.449446e-01,3.652820e+00
4.003347e-02,1.787981e+00,2.617356e-01,3.560469e+00
4.003847e-02,1.791044e+00,2.784755e-01,3.468400e+00
4.004347e-02,1.793917e+00,2.951421e-01,3.376733e+00
4.004847e-02,1.796617e+00,3.117143e-01,3.285585e+00
4.005347e-02,1.799159e+00,3.281714e-01,3.195070e+00
4.005847e-02,1.801557e+00,3.444938e-01,3.105297e+00
4.006347e-02,1.803823e+00,3.606620e-01,3.016371e+00
4.006847e-02,1.805968e+00,3.766574e-01,2.928396e+00
4.007347e-02,1.807998e+00,3.924616e-01,2.841472e+00
4.007847e-02,1.809924e+00,4.080569e-01,2.755698e+00
4.008347e-02,1.811750e+00,4.234259e-01,2.671168e+00
4.008847e-02,1.813484e+00,4.385517e-01,2.587975e+00
4.009347e-02,1.815131e+00,4.534176e-01,2.506212e+00
4.009847e-02,1.816696e+00,4.680076e-01,2.425967e+00
4.010347e-02,1.818183e+00,4.823059e-01,2.347325e+00
4.010847e-02,1.819595e+00,4.962972e-01,2.270373e+00
4.011347e-02,1.820938e+00,5.099666e-01,2.195190e+00
4.011847e-02,1.822213e+00,5.232996e-01,2.121859e+00
4.012347e-02,1.823423e+00,5.362820e-01,2.050455e+00
4.012847e-02,1.824572e+00,5.489002e-01,1.981054e+00
4.013347e-02,1.825662e+00,5.611409e-01,1.913729e+00
4.013847e-02,1.826694e+00,5.729914e-01,1.848551e+00
4.014347e-02,1.827672e+00,5.844392e-01,1.785588e+00
4.014847e-02,1.828596e+00,5.954724e-01,1.724905e+00
4.015347e-02,1.829468e+00,6.060795e-01,1.666565e+00
4.015847e-02,1.830290e+00,6.162496e-01,1.610629e+00
4.016347e-02,1.831063e+00,6.259721e-01,1.557155e+00
4.016847e-02,1.831789e+00,6.352369e-01,1.506197e+00
4.017347e-02,1.832469e+00,6.440345e-01,1.457810e+00
4.017847e-02,1.833103e+00,6.523558e-01,1.412042e+00
4.018347e-02,1.833693e+00,6.601923e-01,1.368941e+00
4.018847e-02,1.834239e+00,6.675358e-01,1.328551e+00
4.019347e-02,1.834743e+00,6.743788e-01,1.290914e+00
4.019847e-02,1.835205e+00,6.807143e-01,1.256068e+00
4.020347e-02,1.835626e+00,6.865358e-01,1.224050e+00
4.020847e-02,1.836006e+00,6.918373e-01,1.194891e+00
4.021347e-02,1.836345e+00,6.966134e-01,1.168622e+00
4.021847e-02,1.836646e+00,7.008591e-01,1.145270e+00
4.022347e-02,1.836906e+00,7.045702e-01,1.124858e+00
4.022847e-02,1.837128e+00,7.077428e-01,1.107408e+00
4.023347e-02,1.837312e+00,7.103738e-01,1.092937e+00
4.023847e-02,1.837457e+00,7.124603e-01,1.081461e+00
4.024347e-02,1.837563e+00,7.140003e-01,1.072990e+00
4.024847e-02,1.837632e+00,7.149922e-01,1.067535e+00
4.025347e-02,1.837662e+00,7.154349e-01,1.065099e+00
4.025847e-02,1.837655e+00,7.153281e-01,1.065686e+00
4.026347e-02,1.837610e+00,7.146718e-01,1.069295e+00
4.026847e-02,1.837526e+00,7.134667e-01,1.075922e+00
4.027347e-02,1.837405e+00,7.117141e-01,1.085561e+00
4.027847e-02,1.837245e+00,7.094157e-01,1.098202e+00
4.028347e-02,1.837047e+00,7.065738e-01,1.113832e+00
4.028847e-02,1.836810e+00,7.031915e-01,1.132435e+00
4.029347e-02,1.836534e+00,6.992721e-01,1.153991e+00
4.029847e-02,1.836218e+00,6.948196e-01,1.178479e+00
4.030347e-02,1.835863e+00,6.898387e-01,1.205874e+00
4.030847e-02,1.835467e+00,6.843344e-01,1.236147e+00
4.031347e-02,1.835030e+00,6.783124e-01,1.269268e+00
4.031847e-02,1.834552e+00,6.717788e-01,1.305202e+00
4.032347e-02,1.834032e+00,6.647404e-01,1.343913e+00
4.032847e-02,1.833469e+00,6.572043e-01,1.385361e+00
4.033347e-02,1.832862e+00,6.491784e-01,1.429503e+00
4.033847e-02,1.832210e+00,6.406709e-01,1.476294e+00
4.034347e-02,1.831513e+00,6.316906e-01,1.525685e+00
4.034847e-02,1.830769e+00,6.222467e-01,1.577626e+00
4.035347e-02,1.829976e+00,6.123490e-01,1.632064e+00
4.035847e-02,1.829135e+00,6.020078e-01,1.688940e+00
4.036347e-02,1.828243e+00,5.912336e-01,1.748198e+00
4.036847e-02,1.827299e+00,5.800379e-01,1.809774e+00
4.037347e-02,1.826300e+00,5.684321e-01,1.873606e+00
4.037847e-02,1.825246e+00,5.564285e-01,1.939626e+00
4.038347e-02,1.824134e+00,5.440394e-01,2.007765e+00
4.038847e-02,1.822961e+00,5.312780e-01,2.077953e+00
4.039347e-02,1.821726e+00,5.181577e-01,2.150115e+00
4.039847e-02,1.820425e+00,5.046922e-01,2.224175e+00
4.040347e-02,1.819056e+00,4.908959e-01,2.300054e+00
4.040847e-02,1.817615e+00,4.767834e-01,2.377673e+00
4.041347e-02,1.816099e+00,4.623698e-01,2.456948e+00
4.041847e-02,1.814503e+00,4.476706e-01,2.537793e+00
4.042347e-02,1.812823e+00,4.327017e-01,2.620122e+00
4.042847e-02,1.811054e+00,4.174794e-01,2.703845e+00
4.043347e-02,1.809190e+00,4.020203e-01,2.788870e+00
4.043847e-02,1.807225e+00,3.863415e-01,2.875103e+00
4.044347e-02,1.805152e+00,3.704607e-01,2.962448e+00
4.044847e-02,1.802962e+00,3.543958e-01,3.050805e+00
4.045347e-02,1.800647e+00,3.381653e-01,3.140073e+00
4.045847e-02,1.798195e+00,3.217880e-01,3.230149e+00
4.046347e-02,1.795594e+00,3.052834e-01,3.320924e+00
4.046847e-02,1.792831e+00,2.886717e-01,3.412288e+00
4.047347e-02,1.789888e+00,2.719736e-01,3.504128e+00
4.047847e-02,1.786747e+00,2.552107e-01,3.596325e+00
4.048347e-02,1.783383e+00,2.384053e-01,3.688755e+00
4.048847e-02,1.779769e+00,2.215813e-01,3.781287e+00
4.049347e-02,1.775872e+00,2.047635e-01,3.873785e+00
4.049847e-02,1.771650e+00,1.879789e-01,3.966101e+00
4.050347e-02,1.767051e+00,1.712565e-01,4.058075e+00
4.050847e-02,1.762011e+00,1.546288e-01,4.149528e+00
4.051347e-02,1.756445e+00,1.381320e-01,4.240261e+00
4.051847e-02,1.750244e+00,1.218088e-01,4.330039e+00
4.052347e-02,1.743258e+00,1.057103e-01,4.418582e+00
4.052847e-02,1.735217e+00,8.991507e-02,4.505457e+00
4.053347e-02,1.725924e+00,7.448510e-02,4.590323e+00
4.053847e-02,1.714885e+00,5.954964e-02,4.672470e+00
4.054347e-02,1.701348e+00,4.529565e-02,4.750870e+00
4.054847e-02,1.684194e+00,3.199365e-02,4.824035e+00
4.055347e-02,1.661317e+00,2.013730e-02,4.889252e+00
4.055847e-02,1.629262e+00,1.052440e-02,4.942134e+00
4.056347e-02,1.583590e+00,4.176664e-03,4.977062e+00
4.056847e-02,1.523713e+00,1.242886e-03,4.993208e+00
4.057347e-02,1.455928e+00,3.152022e-04,4.998305e+00
4.057847e-02,1.386126e+00,7.672471e-05,4.999604e+00
4.058347e-02,1.316624e+00,1.878976e-05,4.999914e+00
4.058847e-02,1.248097e+00,4.693201e-06,4.999986e+00
4.059347e-02,1.180758e+00,1.200789e-06,5.000001e+00
4.059847e-02,1.114709e+00,3.153613e-07,5.000003e+00
4.060347e-02,1.050025e+00,8.514192e-08,5.000003e+00
4.060847e-02,9.867707e-01,2.366203e-08,5.000002e+00
4.061347e-02,9.250097e-01,6.777785e-09,5.000001e+00
4.061847e-02,8.648030e-01,2.003492e-09,5.000001e+00
4.062347e-02,8.062101e-01,6.118915e-10,5.000001e+00
4.062847e-02,7.492887e-01,1.933109e-10,5.000000e+00
4.063347e-02,6.940951e-01,6.324507e-11,5.000000e+00
4.063847e-02,6.406836e-01,2.145196e-11,5.000000e+00
4.064347e-02,5.891071e-01,7.551468e-12,5.000000e+00
4.064847e-02,5.394164e-01,2.761836e-12,5.000000e+00
4.065347e-02,4.916606e-01,1.050151e-12,5.000000e+00
4.065847e-02,4.458868e-01,4.158932e-13,5.000000e+00
4.066347e-02,4.021401e-01,1.711007e-13,5.000000e+00
4.066847e-02,3.604637e-01,7.369187e-14,5.000000e+00
4.067347e-02,3.208988e-01,3.303428e-14,5.000000e+00
4.067847e-02,2.834845e-01,1.558541e-14,5.000000e+00
4.068347e-02,2.482575e-01,7.453890e-15,5.000000e+00
4.068847e-02,2.152528e-01,3.896352e-15,5.000000e+00
4.069347e-02,1.845028e-01,2.202286e-15,5.000000e+00
4.069847e-02,1.560380e-01,1.016440e-15,5.000000e+00
4.070347e-02,1.298863e-01,6.776264e-16,5.000000e+00
4.070847e-02,1.060737e-01,3.388132e-16,5.000000e+00
4.071347e-02,8.462356e-02,1.694066e-16,5.000000e+00
4.071847e-02,6.555713e-02,1.694066e-16,5.000000e+00
4.072347e-02,4.889319e-02,0.000000e+00,5.000000e+00
4.072847e-02,3.464821e-02,0.000000e+00,5.000000e+00
4.073347e-02,2.283623e-02,-1.694066e-16,5.000000e+00
4.073847e-02,1.346891e-02,0.000000e+00,5.000000e+00
4.074347e-02,6.555497e-03,1.694066e-16,5.000000e+00
4.074847e-02,2.102813e-03,1.694066e-16,5.000000e+00
4.075347e-02,1.152518e-04,-1.694066e-16,5.000000e+00
4.075847e-02,5.947750e-04,-1.694066e-16,5.000000e+00
4.076347e-02,3.540909e-03,1.694066e-16,5.000000e+00
4.076847e-02,8.950748e-03,0.000000e+00,5.000000e+00
4.077347e-02,1.681895e-02,-1.694066e-16,5.000000e+00
4.077847e-02,2.713775e-02,-1.694066e-16,5.000000e+00
4.078347e-02,3.989697e-02,-1.694066e-16,5.000000e+00
4.078847e-02,5.508402e-02,0.000000e+00,5.000000e+00
4.079347e-02,7.268390e-02,3.388132e-16,5.000000e+00
4.079847e-02,9.267925e-02,1.694066e-16,5.000000e+00
4.080347e-02,1.150503e-01,3.388132e-16,5.000000e+00
4.080847e-02,1.397751e-01,8.470329e-16,5.000000e+00
4.081347e-02,1.668291e-01,1.355253e-15,5.000000e+00
4.081847e-02,1.961856e-01,2.710505e-15,5.000000e+00
4.082347e-02,2.278158e-01,4.573978e-15,5.000000e+00
4.082847e-02,2.616883e-01,9.825582e-15,5.000000e+00
4.083347e-02,2.977697e-01,2.049820e-14,5.000000e+00
4.083847e-02,3.360245e-01,4.455393e-14,5.000000e+00
4.084347e-02,3.764149e-01,1.019828e-13,5.000000e+00
4.084847e-02,4.189010e-01,2.407268e-13,5.000000e+00
4.085347e-02,4.634409e-01,5.930925e-13,5.000000e+00
4.085847e-02,5.099906e-01,1.522457e-12,5.000000e+00
4.086347e-02,5.585043e-01,4.064233e-12,5.000000e+00
4.086847e-02,6.089339e-01,1.128062e-11,5.000000e+00
4.087347e-02,6.612298e-01,3.251590e-11,5.000000e+00
4.087847e-02,7.153404e-01,9.723040e-11,5.000000e+00
4.088347e-02,7.712121e-01,3.012966e-10,5.000000e+00
4.088847e-02,8.287900e-01,9.664588e-10,5.000000e+00
4.089347e-02,8.880172e-01,3.205327e-09,5.000000e+00
4.089847e-02,9.488352e-01,1.097859e-08,5.000000e+00
4.090347e-02,1.011184e+00,3.878628e-08,5.000000e+00
4.090847e-02,1.075002e+00,1.411640e-07,4.999999e+00
4.091347e-02,1.140224e+00,5.285934e-07,4.999997e+00
4.091847e-02,1.206784e+00,2.033638e-06,4.999989e+00
4.092347e-02,1.274600e+00,8.025481e-06,4.999956e+00
4.092847e-02,1.343544e+00,3.240297e-05,4.999822e+00
4.093347e-02,1.413293e+00,1.329754e-04,4.999269e+00
4.093847e-02,1.482747e+00,5.424799e-04,4.997020e+00
4.094347e-02,1.548363e+00,2.047277e-03,4.988752e+00
4.094847e-02,1.603171e+00,6.207470e-03,4.965889e+00
4.095347e-02,1.643087e+00,1.393111e-02,4.923426e+00
4.095847e-02,1.671026e+00,2.454208e-02,4.865070e+00
4.096347e-02,1.691365e+00,3.703357e-02,4.796363e+00
4.096847e-02,1.706961e+00,5.074186e-02,4.720961e+00
4.097347e-02,1.719379e+00,6.529629e-02,4.640907e+00
4.097847e-02,1.729742e+00,8.042542e-02,4.557692e+00
4.098347e-02,1.738473e+00,9.601649e-02,4.471938e+00
4.098847e-02,1.746045e+00,1.119450e-01,4.384328e+00
4.099347e-02,1.752647e+00,1.281507e-01,4.295194e+00
4.099847e-02,1.758610e+00,1.445416e-01,4.205043e+00
4.100347e-02,1.763977e+00,1.610900e-01,4.114025e+00
4.100847e-02,1.768849e+00,1.777559e-01,4.022362e+00
4.101347e-02,1.773303e+00,1.945041e-01,3.930245e+00
4.101847e-02,1.777400e+00,2.113035e-01,3.837848e+00
4.102347e-02,1.781187e+00,2.281258e-01,3.745325e+00
4.102847e-02,1.784703e+00,2.449446e-01,3.652820e+00
4.103347e-02,1.787981e+00,2.617356e-01,3.560470e+00
4.103847e-02,1.791044e+00,2.784755e-01,3.468400e+00
4.104347e-02,1.793917e+00,2.951421e-01,3.376733e+00
4.104847e-02,1.796617e+00,3.117143e-01,3.285585e+00
4.105347e-02,1.799159e+00,3.281714e-01,3.195070e+00
4.105847e-02,1.801557e+00,3.444938e-01,3.105297e+00
4.106347e-02,1.803823e+00,3.606620e-01,3.016371e+00
4.106847e-02,1.805968e+00,3.766574e-01,2.928396e+00
4.107347e-02,1.807998e+00,3.924616e-01,2.841472e+00
4.107847e-02,1.809924e+00,4.080569e-01,2.755698e+00
4.108347e-02,1.811750e+00,4.234259e-01,2.671168e+00
4.108847e-02,1.813484e+00,4.385517e-01,2.587975e+00
4.109347e-02,1.815131e+00,4.534176e-01,2.506212e+00
4.109847e-02,1.816696e+00,4.680076e-01,2.425967e+00
4.110347e-02,1.818183e+00,4.823059e-01,2.347325e+00
4.110847e-02,1.819595e+00,4.962972e-01,2.270373e+00
4.111347e-02,1.820938e+00,5.099666e-01,2.195190e+00
4.111847e-02,1.822213e+00,5.232996e-01,2.121859e+00
4.112347e-02,1.823423e+00,5.362820e-01,2.050455e+00
4.112847e-02,1.824572e+00,5.489002e-01,1.981054e+00
4.113347e-02,1.825662e+00,5.611409e-01,1.913729e+00
4.113847e-02,1.826694e+00,5.729914e-01,1.848551e+00
4.114347e-02,1.827672e+00,5.844392e-01,1.785588e+00
4.114847e-02,1.828596e+00,5.954724e-01,1.724905e+00
4.115347e-02,1.829468e+00,6.060795e-01,1.666565e+00
4.115847e-02,1.830290e+00,6.162496e-01,1.610629e+00
4.116347e-02,1.831063e+00,6.259721e-01,1.557155e+00
4.116847e-02,1.831789e+00,6.352369e-01,1.506197e+00
4.117347e-02,1.832469e+00,6.440345e-01,1.457810e+00
4.117847e-02,1.833103e+00,6.523558e-01,1.412042e+00
4.118347e-02,1.833693e+00,6.601923e-01,1.368941e+00
4.118847e-02,1.834239e+00,6.675358e-01,1.328551e+00
4.119347e-02,1.834743e+00,6.743788e-01,1.290914e+00
4.119847e-02,1.835205e+00,6.807143e-01,1.256068e+00
4.120347e-02,1.835626e+00,6.865358e-01,1.224050e+00
4.120847e-02,1.836006e+00,6.918373e-01,1.194891e+00
4.121347e-02,1.836345e+00,6.966134e-01,1.168622e+00
4.121847e-02,1.836646e+00,7.008591e-01,1.145270e+00
4.122347e-02,1.836906e+00,7.045702e-01,1.124858e+00
4.122847e-02,1.837128e+00,7.077428e-01,1.107408e+00
4.123347e-02,1.837312e+00,7.103738e-01,1.092937e+00
4.123847e-02,1.837457e+00,7.124603e-01,1.081461e+00
4.124347e-02,1.837563e+00,7.140003e-01,1.072990e+00
4.124847e-02,1.837632e+00,7.149922e-01,1.067535e+00
4.125347e-02,1.837662e+00,7.154349e-01,1.065099e+00
4.125847e-02,1.837655e+00,7.153281e-01,1.065686e+00
4.126347e-02,1.837610e+00,7.146718e-01,1.069295e+00
4.126847e-02,1.837526e+00,7.134667e-01,1.075922e+00
4.127347e-02,1.837405e+00,7.117141e-01,1.085561e+00
4.127847e-02,1.837245e+00,7.094157e-01,1.098202e+00
4.128347e-02,1.837047e+00,7.065738e-01,1.113832e+00
4.128847e-02,1.836810e+00,7.031915e-01,1.132435e+00
4.129347e-02,1.836534e+00,6.992721e-01,1.153991e+00
4.129847e-02,1.836218e+00,6.948196e-01,1.178479e+00
4.130347e-02,1.835863e+00,6.898387e-01,1.205874e+00
4.130847e-02,1.835467e+00,6.843344e-01,1.236147e+00
4.131347e-02,1.835030e+00,6.783124e-01,1.269268e+00
4.131847e-02,1.834552e+00,6.717788e-01,1.305202e+00
4.132347e-02,1.834032e+00,6.647404e-01,1.343913e+00
4.132847e-02,1.833469e+00,6.572043e-01,1.385361e+00
4.133347e-02,1.832862e+00,6.491784e-01,1.429503e+00
4.133847e-02,1.832210e+00,6.406709e-01,1.476294e+00
4.134347e-02,1.831513e+00,6.316906e-01,1.525685e+00
4.134847e-02,1.830769e+00,6.222467e-01,1.577626e+00
4.135347e-02,1.829976e+00,6.123490e-01,1.632064e+00
4.135847e-02,1.829135e+00,6.020078e-01,1.688940e+00
4.136347e-02,1.828243e+00,5.912337e-01,1.748198e+00
4.136847e-02,1.827299e+00,5.800379e-01,1.809774e+00
4.137347e-02,1.826300e+00,5.684321e-01,1.873606e+00
4.137847e-02,1.825246e+00,5.564285e-01,1.939626e+00
4.138347e-02,1.824134e+00,5.440394e-01,2.007765e+00
4.138847e-02,1.822961e+00,5.312780e-01,2.077953e+00
4.139347e-02,1.821726e+00,5.181577e-01,2.150115e+00
4.139847e-02,1.820425e+00,5.046922e-01,2.224175e+00
4.140347e-02,1.819056e+00,4.908959e-01,2.300054e+00
4.140847e-02,1.817615e+00,4.767834e-01,2.377673e+00
4.141347e-02,1.816099e+00,4.623698e-01,2.456948e+00
4.141847e-02,1.814503e+00,4.476706e-01,2.537793e+00
4.142347e-02,1.812823e+00,4.327017e-01,2.620122e+00
4.142847e-02,1.811054e+00,4.174794e-01,2.703845e+00
4.143347e-02,1.809190e+00,4.020203e-01,2.788870e+00
4.143847e-02,1.807225e+00,3.863415e-01,2.875103e+00
4.144347e-02,1.805152e+00,3.704607e-01,2.962448e+00
4.144847e-02,1.802962e+00,3.543958e-01,3.050805e+00
4.145347e-02,1.800647e+00,3.381653e-01,3.140073e+00
4.145847e-02,1.798195e+00,3.217880e-01,3.230149e+00
4.146347e-02,1.795594e+00,3.052834e-01,3.320924e+00
4.146847e-02,1.792831e+00,2.886717e-01,3.412288e+00
4.147347e-02,1.789888e+00,2.719736e-01,3.504128e+00
4.147847e-02,1.786747e+00,2.552107e-01,3.596325e+00
4.148347e-02,1.783383e+00,2.384053e-01,3.688755e+00
4.148847e-02,1.779769e+00,2.215813e-01,3.781287e+00
4.149347e-02,1.775872e+00,2.047635e-01,3.873785e+00
4.149847e-02,1.771650e+00,1.879789e-01,3.966101e+00
4.150347e-02,1.767051e+00,1.712565e-01,4.058075e+00
4.150847e-02,1.762011e+00,1.546288e-01,4.149528e+00
4.151347e-02,1.756445e+00,1.381320e-01,4.240261e+00
4.151847e-02,1.750244e+00,1.218088e-01,4.330039e+00
4.152347e-02,1.743258e+00,1.057103e-01,4.418582e+00
4.152847e-02,1.735217e+00,8.991507e-02,4.505457e+00
4.153347e-02,1.725924e+00,7.448510e-02,4.590323e+00
4.153847e-02,1.714885e+00,5.954965e-02,4.672470e+00
4.154347e-02,1.701348e+00,4.529566e-02,4.750870e+00
4.154847e-02,1.684194e+00,3.199365e-02,4.824035e+00
4.155347e-02,1.661317e+00,2.013730e-02,4.889252e+00
4.155847e-02,1.629262e+00,1.052441e-02,4.942134e+00
4.156347e-02,1.583590e+00,4.176665e-03,4.977062e+00
4.156847e-02,1.523713e+00,1.242887e-03,4.993208e+00
4.157347e-02,1.455928e+00,3.152023e-04,4.998305e+00
4.157847e-02,1.386126e+00,7.672474e-05,4.999604e+00
4.158347e-02,1.316624e+00,1.878976e-05,4.999914e+00
4.158847e-02,1.248097e+00,4.693203e-06,4.999986e+00
4.159347e-02,1.180758e+00,1.200789e-06,5.000001e+00
4.159847e-02,1.114709e+00,3.153614e-07,5.000003e+00
4.160347e-02,1.050025e+00,8.514195e-08,5.000003e+00
4.160847e-02,9.867707e-01,2.366204e-08,5.000002e+00
4.161347e-02,9.250097e-01,6.777786e-09,5.000001e+00
4.161847e-02,8.648031e-01,2.003493e-09,5.000001e+00
4.162347e-02,8.062101e-01,6.118913e-10,5.000001e+00
4.162847e-02,7.492887e-01,1.933110e-10,5.000000e+00
4.163347e-02,6.940951e-01,6.324507e-11,5.000000e+00
4.163847e-02,6.406837e-01,2.145179e-11,5.000000e+00
4.164347e-02,5.891071e-01,7.551299e-12,5.000000e+00
4.164847e-02,5.394165e-01,2.761836e-12,5.000000e+00
4.165347e-02,4.916606e-01,1.050151e-12,5.000000e+00
4.165847e-02,4.458868e-01,4.160626e-13,5.000000e+00
4.166347e-02,4.021401e-01,1.712701e-13,5.000000e+00
4.166847e-02,3.604637e-01,7.369187e-14,5.000000e+00
4.167347e-02,3.208989e-01,3.303428e-14,5.000000e+00
4.167847e-02,2.834845e-01,1.541600e-14,5.000000e+00
4.168347e-02,2.482575e-01,7.453890e-15,5.000000e+00
4.168847e-02,2.152528e-01,3.896352e-15,5.000000e+00
4.169347e-02,1.845028e-01,2.032879e-15,5.000000e+00
4.169847e-02,1.560380e-01,8.470329e-16,5.000000e+00
4.170347e-02,1.298863e-01,6.776264e-16,5.000000e+00
4.170847e-02,1.060737e-01,5.082198e-16,5.000000e+00
4.171347e-02,8.462356e-02,3.388132e-16,5.000000e+00
4.171847e-02,6.555713e-02,3.388132e-16,5.000000e+00
4.172347e-02,4.889320e-02,1.694066e-16,5.000000e+00
4.172847e-02,3.464821e-02,-3.388132e-16,5.000000e+00
4.173347e-02,2.283623e-02,-3.388132e-16,5.000000e+00
4.173847e-02,1.346891e-02,0.000000e+00,5.000000e+00
4.174347e-02,6.555498e-03,0.000000e+00,5.000000e+00
4.174847e-02,2.102814e-03,0.000000e+00,5.000000e+00
4.175347e-02,1.152520e-04,-1.694066e-16,5.000000e+00
4.175847e-02,5.947746e-04,0.000000e+00,5.000000e+00
4.176347e-02,3.540909e-03,0.000000e+00,5.000000e+00
4.176847e-02,8.950746e-03,1.694066e-16,5.000000e+00
4.177347e-02,1.681895e-02,-3.388132e-16,5.000000e+00
4.177847e-02,2.713775e-02,0.000000e+00,5.000000e+00
4.178347e-02,3.989697e-02,0.000000e+00,5.000000e+00
4.178847e-02,5.508401e-02,-1.694066e-16,5.000000e+00
4.179347e-02,7.268389e-02,1.694066e-16,5.000000e+00
4.179847e-02,9.267924e-02,0.000000e+00,5.000000e+00
4.180347e-02,1.150503e-01,3.388132e-16,5.000000e+00
4.180847e-02,1.397751e-01,8.470329e-16,5.000000e+00
4.181347e-02,1.668291e-01,1.355253e-15,5.000000e+00
4.181847e-02,1.961856e-01,2.710505e-15,5.000000e+00
4.182347e-02,2.278158e-01,4.573978e-15,5.000000e+00
4.182847e-02,2.616883e-01,9.825582e-15,5.000000e+00
4.183347e-02,2.977697e-01,2.049820e-14,5.000000e+00
4.183847e-02,3.360245e-01,4.455393e-14,5.000000e+00
4.184347e-02,3.764149e-01,1.019828e-13,5.000000e+00
4.184847e-02,4.189010e-01,2.407268e-13,5.000000e+00
4.185347e-02,4.634409e-01,5.930925e-13,5.000000e+00
4.185847e-02,5.099906e-01,1.522457e-12,5.000000e+00
4.186347e-02,5.585042e-01,4.064233e-12,5.000000e+00
4.186847e-02,6.089339e-01,1.128062e-11,5.000000e+00
4.187347e-02,6.612298e-01,3.251590e-11,5.000000e+00
4.187847e-02,7.153403e-01,9.723040e-11,5.000000e+00
4.188347e-02,7.712121e-01,3.012966e-10,5.000000e+00
4.188847e-02,8.287900e-01,9.664587e-10,5.000000e+00
4.189347e-02,8.880172e-01,3.205326e-09,5.000000e+00
4.189847e-02,9.488352e-01,1.097859e-08,5.000000e+00
4.190347e-02,1.011184e+00,3.878627e-08,5.000000e+00
4.190847e-02,1.075002e+00,1.411639e-07,4.999999e+00
4.191347e-02,1.140224e+00,5.285932e-07,4.999997e+00
4.191847e-02,1.206784e+00,2.033637e-06,4.999989e+00
4.192347e-02,1.274600e+00,8.025478e-06,4.999956e+00
4.192847e-02,1.343544e+00,3.240296e-05,4.999822e+00
4.193347e-02,1.413293e+00,1.329754e-04,4.999269e+00
4.193847e-02,1.482747e+00,5.424798e-04,4.997020e+00
4.194347e-02,1.548363e+00,2.047276e-03,4.988752e+00
4.194847e-02,1.603171e+00,6.207469e-03,4.965889e+00
4.195347e-02,1.643087e+00,1.393111e-02,4.923426e+00
4.195847e-02,1.671026e+00,2.454208e-02,4.865070e+00
4.196347e-02,1.691365e+00,3.703357e-02,4.796363e+00
4.196847e-02,1.706961e+00,5.074186e-02,4.720961e+00
4.197347e-02,1.719379e+00,6.529628e-02,4.640907e+00
4.197847e-02,1.729742e+00,8.042542e-02,4.557692e+00
4.198347e-02,1.738473e+00,9.601649e-02,4.471938e+00
4.198847e-02,1.746045e+00,1.119450e-01,4.384328e+00
4.199347e-02,1.752647e+00,1.281507e-01,4.295194e+00
4.199847e-02,1.758610e+00,1.445416e-01,4.205043e+00
4.200347e-02,1.763977e+00,1.610900e-01,4.114025e+00
4.200847e-02,1.768849e+00,1.777559e-01,4.022362e+00
4.201347e-02,1.773303e+00,1.945041e-01,3.930245e+00
4.201847e-02,1.777400e+00,2.113035e-01,3.837848e+00
4.202347e-02,1.781187e+00,2.281257e-01,3.745325e+00
4.202847e-02,1.784703e+00,2.449446e-01,3.652820e+00
4.203347e-02,1.787981e+00,2.617356e-01,3.560470e+00
4.203847e-02,1.791044e+00,2.784755e-01,3.468400e+00
4.204347e-02,1.793917e+00,2.951421e-01,3.376733e+00
4.204847e-02,1.796617e+00,3.117143e-01,3.285585e+00
4.205347e-02,1.799159e+00,3.281714e-01,3.195070e+00
4.205847e-02,1.801557e+00,3.444938e-01,3.105297e+00
4.206347e-02,1.803823e+00,3.606620e-01,3.016371e+00
4.206847e-02,1.805968e+00,3.766574e-01,2.928396e+00
4.207347e-02,1.807998e+00,3.924616e-01,2.841472e+00
4.207847e-02,1.809924e+00,4.080569e-01,2.755698e+00
4.208347e-02,1.811750e+00,4.234259e-01,2.671168e+00
4.208847e-02,1.813484e+00,4.385517e-01,2.587975e+00
4.209347e-02,1.815131e+00,4.534176e-01,2.506212e+00
4.209847e-02,1.816696e+00,4.680076e-01,2.425967e+00
4.210347e-02,1.818183e+00,4.823059e-01,2.347325e+00
4.210847e-02,1.819595e+00,4.962972e-01,2.270373e+00
4.211347e-02,1.820938e+00,5.099666e-01,2.195190e+00
4.211847e-02,1.822213e+00,5.232996e-01,2.121859e+00
4.212347e-02,1.823423e+00,5.362820e-01,2.050455e+00
4.212847e-02,1.824572e+00,5.489002e-01,1.981054e+00
4.213347e-02,1.825662e+00,5.611409e-01,1.913729e+00
4.213847e-02,1.826694e+00,5.729914e-01,1.848551e+00
4.214347e-02,1.827672e+00,5.844392e-01,1.785588e+00
4.214847e-02,1.828596e+00,5.954724e-01,1.724905e+00
4.215347e-02,1.829468e+00,6.060795e-01,1.666565e+00
4.215847e-02,1.830290e+00,6.162496e-01,1.610629e+00
4.216347e-02,1.831063e+00,6.259721e-01,1.557155e+00
4.216847e-02,1.831789e+00,6.352369e-01,1.506197e+00
4.217347e-02,1.832469e+00,6.440345e-01,1.457810e+00
4.217847e-02,1.833103e+00,6.523558e-01,1.412042e+00
4.218347e-02,1.833693e+00,6.601923e-01,1.368941e+00
4.218847e-02,1.834239e+00,6.675358e-01,1.328551e+00
4.219347e-02,1.834743e+00,6.743788e-01,1.290914e+00
4.219847e-02,1.835205e+00,6.807143e-01,1.256068e+00
4.220347e-02,1.835626e+00,6.865358e-01,1.224050e+00
4.220847e-02,1.836006e+00,6.918373e-01,1.194891e+00
4.221347e-02,1.836345e+00,6.966134e-01,1.168622e+00
4.221847e-02,1.836646e+00,7.008591e-01,1.145270e+00
4.222347e-02,1.836906e+00,7.045702e-01,1.124858e+00
4.222847e-02,1.837128e+00,7.077428e-01,1.107408e+00
4.223347e-02,1.837312e+00,7.103738e-01,1.092937e+00
4.223847e-02,1.837457e+00,7.124603e-01,1.081461e+00
4.224347e-02,1.837563e+00,7.140003e-01,1.072990e+00
4.224847e-02,1.837632e+00,7.149922e-01,1.067535e+00
4.225347e-02,1.837662e+00,7.154349e-01,1.065099e+00
4.225847e-02,1.837655e+00,7.153281e-01,1.065686e+00
4.226347e-02,1.837610e+00,7.146718e-01,1.069295e+00
4.226847e-02,1.837526e+00,7.134667e-01,1.075922e+00
4.227347e-02,1.837405e+00,7.117141e-01,1.085561e+00
4.227847e-02,1.837245e+00,7.094157e-01,1.098202e+00
4.228347e-02,1.837047e+00,7.065738e-01,1.113832e+00
4.228847e-02,1.836810e+00,7.031915e-01,1.132434e+00
4.229347e-02,1.836534e+00,6.992721e-01,1.153991e+00
4.229847e-02,1.836218e+00,6.948196e-01,1.178479e+00
4.230347e-02,1.835863e+00,6.898387e-01,1.205873e+00
4.230847e-02,1.835467e+00,6.843344e-01,1.236147e+00
4.231347e-02,1.835030e+00,6.783124e-01,1.269268e+00
4.231847e-02,1.834552e+00,6.717788e-01,1.305202e+00
4.232347e-02,1.834032e+00,6.647404e-01,1.343913e+00
4.232847e-02,1.833469e+00,6.572043e-01,1.385361e+00
4.233347e-02,1.832862e+00,6.491784e-01,1.429503e+00
4.233847e-02,1.832210e+00,6.406709e-01,1.476294e+00
4.234347e-02,1.831513e+00,6.316906e-01,1.525685e+00
4.234847e-02,1.830769e+00,6.222467e-01,1.577626e+00
4.235347e-02,1.829976e+00,6.123490e-01,1.632064e+00
4.235847e-02,1.829135e+00,6.020078e-01,1.688940e+00
4.236347e-02,1.828243e+00,5.912337e-01,1.748198e+00
4.236847e-02,1.827299e+00,5.800379e-01,1.809774e+00
4.237347e-02,1.826300e+00,5.684321e-01,1.873606e+00
4.237847e-02,1.825246e+00,5.564285e-01,1.939626e+00
4.238347e-02,1.824134e+00,5.440394e-01,2.007765e+00
4.238847e-02,1.822961e+00,5.312780e-01,2.077953e+00
4.239347e-02,1.821726e+00,5.181577e-01,2.150115e+00
4.239847e-02,1.820425e+00,5.046922e-01,2.224175e+00
4.240347e-02,1.819056e+00,4.908959e-01,2.300054e+00
4.240847e-02,1.817615e+00,4.767834e-01,2.377673e+00
4.241347e-02,1.816099e+00,4.623698e-01,2.456948e+00
4.241847e-02,1.814503e+00,4.476706e-01,2.537793e+00
4.242347e-02,1.812823e+00,4.327017e-01,2.620122e+00
4.242847e-02,1.811054e+00,4.174794e-01,2.703845e+00
4.243347e-02,1.809190e+00,4.020203e-01,2.788870e+00
4.243847e-02,1.807225e+00,3.863416e-01,2.875103e+00
4.244347e-02,1.805152e+00,3.704608e-01,2.962448e+00
4.244847e-02,1.802962e+00,3.543958e-01,3.050805e+00
4.245347e-02,1.800647e+00,3.381653e-01,3.140073e+00
4.245847e-02,1.798195e+00,3.217880e-01,3.230149e+00
4.246347e-02,1.795594e+00,3.052834e-01,3.320924e+00
4.246847e-02,1.792831e+00,2.886717e-01,3.412288e+00
4.247347e-02,1.789888e+00,2.719736e-01,3.504128e+00
4.247847e-02,1.786747e+00,2.552107e-01,3.596325e+00
4.248347e-02,1.783383e+00,2.384053e-01,3.688755e+00
4.248847e-02,1.779769e+00,2.215813e-01,3.781287e+00
4.249347e-02,1.775872e+00,2.047635e-01,3.873785e+00
4.249847e-02,1.771650e+00,1.879789e-01,3.966101e+00
4.250347e-02,1.767051e+00,1.712566e-01,4.058075e+00
4.250847e-02,1.762011e+00,1.546288e-01,4.149528e+00
4.251347e-02,1.756445e+00,1.381320e-01,4.240261e+00
4.251847e-02,1.750244e+00,1.218088e-01,4.330039e+00
4.252347e-02,1.743258e+00,1.057103e-01,4.418582e+00
4.252847e-02,1.735217e+00,8.991507e-02,4.505457e+00
4.253347e-02,1.725924e+00,7.448511e-02,4.590323e+00
4.253847e-02,1.714885e+00,5.954965e-02,4.672470e+00
4.254347e-02,1.701348e+00,4.529566e-02,4.750870e+00
4.254847e-02,1.684194e+00,3.199365e-02,4.824035e+00
4.255347e-02,1.661317e+00,2.013730e-02,4.889252e+00
4.255847e-02,1.629262e+00,1.052441e-02,4.942134e+00
4.256347e-02,1.583590e+00,4.176666e-03,4.977062e+00
4.256847e-02,1.523713e+00,1.242887e-03,4.993208e+00
4.257347e-02,1.455928e+00,3.152024e-04,4.998305e+00
4.257847e-02,1.386126e+00,7.672476e-05,4.999604e+00
4.258347e-02,1.316624e+00,1.878977e-05,4.999914e+00
4.258847e-02,1.248097e+00,4.693204e-06,4.999986e+00
4.259347e-02,1.180758e+00,1.200789e-06,5.000001e+00
4.259847e-02,1.114709e+00,3.153615e-07,5.000003e+00
4.260347e-02,1.050025e+00,8.514197e-08,5.000003e+00
4.260847e-02,9.867707e-01,2.366205e-08,5.000002e+00
4.261347e-02,9.250097e-01,6.777788e-09,5.000001e+00
4.261847e-02,8.648031e-01,2.003493e-09,5.000001e+00
4.262347e-02,8.062101e-01,6.118917e-10,5.000001e+00
4.262847e-02,7.492887e-01,1.933109e-10,5.000000e+00
4.263347e-02,6.940951e-01,6.324524e-11,5.000000e+00
4.263847e-02,6.406837e-01,2.145196e-11,5.000000e+00
4.264347e-02,5.891072e-01,7.551299e-12,5.000000e+00
4.264847e-02,5.394165e-01,2.761666e-12,5.000000e+00
4.265347e-02,4.916606e-01,1.050151e-12,5.000000e+00
4.265847e-02,4.458868e-01,4.158932e-13,5.000000e+00
4.266347e-02,4.021401e-01,1.712701e-13,5.000000e+00
4.266847e-02,3.604638e-01,7.369187e-14,5.000000e+00
4.267347e-02,3.208989e-01,3.303428e-14,5.000000e+00
4.267847e-02,2.834845e-01,1.541600e-14,5.000000e+00
4.268347e-02,2.482575e-01,7.453890e-15,5.000000e+00
4.268847e-02,2.152528e-01,3.896352e-15,5.000000e+00
4.269347e-02,1.845028e-01,2.202286e-15,5.000000e+00
4.269847e-02,1.560380e-01,1.016440e-15,5.000000e+00
4.270347e-02,1.298863e-01,6.776264e-16,5.000000e+00
4.270847e-02,1.060737e-01,3.388132e-16,5.000000e+00
4.271347e-02,8.462357e-02,1.694066e-16,5.000000e+00
4.271847e-02,6.555713e-02,1.694066e-16,5.000000e+00
4.272347e-02,4.889320e-02,-1.694066e-16,5.000000e+00
4.272847e-02,3.464821e-02,1.694066e-16,5.000000e+00
4.273347e-02,2.283623e-02,0.000000e+00,5.000000e+00
4.273847e-02,1.346891e-02,0.000000e+00,5.000000e+00
4.274347e-02,6.555500e-03,0.000000e+00,5.000000e+00
4.274847e-02,2.102814e-03,-1.694066e-16,5.000000e+00
4.275347e-02,1.152521e-04,-3.388132e-16,5.000000e+00
4.275847e-02,5.947743e-04,-1.694066e-16,5.000000e+00
4.276347e-02,3.540908e-03,0.000000e+00,5.000000e+00
4.276847e-02,8.950745e-03,-1.694066e-16,5.000000e+00
4.277347e-02,1.681895e-02,-1.694066e-16,5.000000e+00
4.277847e-02,2.713775e-02,1.694066e-16,5.000000e+00
4.278347e-02,3.989697e-02,0.000000e+00,5.000000e+00
4.278847e-02,5.508401e-02,-1.694066e-16,5.000000e+00
4.279347e-02,7.268389e-02,1.694066e-16,5.000000e+00
4.279847e-02,9.267924e-02,0.000000e+00,5.000000e+00
4.280347e-02,1.150503e-01,3.388132e-16,5.000000e+00
4.280847e-02,1.397751e-01,8.470329e-16,5.000000e+00
4.281347e-02,1.668291e-01,1.355253e-15,5.000000e+00
4.281847e-02,1.961856e-01,2.710505e-15,5.000000e+00
4.282347e-02,2.278158e-01,4.573978e-15,5.000000e+00
4.282847e-02,2.616883e-01,9.825582e-15,5.000000e+00
4.283347e-02,2.977697e-01,2.049820e-14,5.000000e+00
4.283847e-02,3.360245e-01,4.455393e-14,5.000000e+00
4.284347e-02,3.764149e-01,1.019828e-13,5.000000e+00
4.284847e-02,4.189010e-01,2.407268e-13,5.000000e+00
4.285347e-02,4.634409e-01,5.930925e-13,5.000000e+00
4.285847e-02,5.099906e-01,1.522457e-12,5.000000e+00
4.286347e-02,5.585042e-01,4.064233e-12,5.000000e+00
4.286847e-02,6.089339e-01,1.128062e-11,5.000000e+00
4.287347e-02,6.612298e-01,3.251590e-11,5.000000e+00
4.287847e-02,7.153403e-01,9.723040e-11,5.000000e+00
4.288347e-02,7.712121e-01,3.012961e-10,5.000000e+00
4.288847e-02,8.287900e-01,9.664587e-10,5.000000e+00
4.289347e-02,8.880172e-01,3.205325e-09,5.000000e+00
4.289847e-02,9.488352e-01,1.097859e-08,5.000000e+00
4.290347e-02,1.011184e+00,3.878626e-08,5.000000e+00
4.290847e-02,1.075002e+00,1.411639e-07,4.999999e+00
4.291347e-02,1.140224e+00,5.285931e-07,4.999997e+00
4.291847e-02,1.206784e+00,2.033637e-06,4.999989e+00
4.292347e-02,1.274600e+00,8.025476e-06,4.999956e+00
4.292847e-02,1.343544e+00,3.240294e-05,4.999822e+00
4.293347e-02,1.413293e+00,1.329753e-04,4.999269e+00
4.293847e-02,1.482747e+00,5.424796e-04,4.997020e+00
4.294347e-02,1.548363e+00,2.047276e-03,4.988752e+00
4.294847e-02,1.603171e+00,6.207467e-03,4.965889e+00
4.295347e-02,1.643087e+00,1.393111e-02,4.923426e+00
4.295847e-02,1.671026e+00,2.454208e-02,4.865070e+00
4.296347e-02,1.691365e+00,3.703357e-02,4.796363e+00
4.296847e-02,1.706961e+00,5.074185e-02,4.720962e+00
4.297347e-02,1.719379e+00,6.529628e-02,4.640907e+00
4.297847e-02,1.729742e+00,8.042542e-02,4.557692e+00
4.298347e-02,1.738473e+00,9.601648e-02,4.471938e+00
4.298847e-02,1.746045e+00,1.119449e-01,4.384328e+00
4.299347e-02,1.752647e+00,1.281507e-01,4.295194e+00
4.299847e-02,1.758610e+00,1.445416e-01,4.205043e+00
4.300347e-02,1.763977e+00,1.610900e-01,4.114025e+00
4.300847e-02,1.768849e+00,1.777559e-01,4.022362e+00
4.301347e-02,1.773303e+00,1.945041e-01,3.930245e+00
4.301847e-02,1.777400e+00,2.113035e-01,3.837848e+00
4.302347e-02,1.781187e+00,2.281257e-01,3.745325e+00
4.302847e-02,1.784703e+00,2.449446e-01,3.652820e+00
4.303347e-02,1.787981e+00,2.617356e-01,3.560470e+00
4.303847e-02,1.791044e+00,2.784754e-01,3.468400e+00
4.304347e-02,1.793917e+00,2.951421e-01,3.376733e+00
4.304847e-02,1.796617e+00,3.117143e-01,3.285585e+00
4.305347e-02,1.799159e+00,3.281714e-01,3.195070e+00
4.305847e-02,1.801557e+00,3.444938e-01,3.105297e+00
4.306347e-02,1.803823e+00,3.606620e-01,3.016371e+00
4.306847e-02,1.805968e+00,3.766574e-01,2.928396e+00
4.307347e-02,1.807998e+00,3.924616e-01,2.841472e+00
4.307847e-02,1.809924e+00,4.080569e-01,2.755698e+00
4.308347e-02,1.811750e+00,4.234259e-01,2.671168e+00
4.308847e-02,1.813484e+00,4.385516e-01,2.587975e+00
4.309347e-02,1.815131e+00,4.534176e-01,2.506212e+00
4.309847e-02,1.816696e+00,4.680076e-01,2.425967e+00
4.310347e-02,1.818183e+00,4.823059e-01,2.347325e+00
4.310847e-02,1.819595e+00,4.962972e-01,2.270373e+00
4.311347e-02,1.820938e+00,5.099666e-01,2.195190e+00
4.311847e-02,1.822213e+00,5.232996e-01,2.121859e+00
4.312347e-02,1.823423e+00,5.362820e-01,2.050455e+00
4.312847e-02,1.824572e+00,5.489002e-01,1.981054e+00
4.313347e-02,1.825662e+00,5.611409e-01,1.913729e+00
4.313847e-02,1.826694e+00,5.729914e-01,1.848551e+00
4.314347e-02,1.827672e+00,5.844392e-01,1.785588e+00
4.314847e-02,1.828596e+00,5.954724e-01,1.724905e+00
4.315347e-02,1.829468e+00,6.060795e-01,1.666565e+00
4.315847e-02,1.830290e+00,6.162496e-01,1.610629e+00
4.316347e-02,1.831063e+00,6.259721e-01,1.557155e+00
4.316847e-02,1.831789e+00,6.352369e-01,1.506197e+00
4.317347e-02,1.832469e+00,6.440345e-01,1.457810e+00
4.317847e-02,1.833103e+00,6.523558e-01,1.412042e+00
4.318347e-02,1.833693e+00,6.601923e-01,1.368941e+00
4.318847e-02,1.834239e+00,6.675358e-01,1.328551e+00
4.319347e-02,1.834743e+00,6.743788e-01,1.290914e+00
4.319847e-02,1.835205e+00,6.807143e-01,1.256068e+00
4.320347e-02,1.835626e+00,6.865358e-01,1.224050e+00
4.320847e-02,1.836006e+00,6.918373e-01,1.194891e+00
4.321347e-02,1.836345e+00,6.966134e-01,1.168622e+00
4.321847e-02,1.836646e+00,7.008591e-01,1.145270e+00
4.322347e-02,1.836906e+00,7.045702e-01,1.124858e+00
4.322847e-02,1.837128e+00,7.077428e-01,1.107408e+00
4.323347e-02,1.837312e+00,7.103738e-01,1.092937e+00
4.323847e-02,1.837457e+00,7.124603e-01,1.081461e+00
4.324347e-02,1.837563e+00,7.140003e-01,1.072990e+00
4.324847e-02,1.837632e+00,7.149922e-01,1.067535e+00
4.325347e-02,1.837662e+00,7.154349e-01,1.065099e+00
4.325847e-02,1.837655e+00,7.153281e-01,1.065686e+00
4.326347e-02,1.837610e+00,7.146718e-01,1.069295e+00
4.326847e-02,1.837526e+00,7.134667e-01,1.075922e+00
4.327347e-02,1.837405e+00,7.117141e-01,1.085561e+00
4.327847e-02,1.837245e+00,7.094157e-01,1.098202e+00
4.328347e-02,1.837047e+00,7.065738e-01,1.113832e+00
4.328847e-02,1.836810e+00,7.031915e-01,1.132434e+00
4.329347e-02,1.836534e+00,6.992721e-01,1.153991e+00
4.329847e-02,1.836218e+00,6.948196e-01,1.178479e+00
4.330347e-02,1.835863e+00,6.898387e-01,1.205873e+00
4.330847e-02,1.835467e+00,6.843344e-01,1.236147e+00
4.331347e-02,1.835030e+00,6.783124e-01,1.269268e+00
4.331847e-02,1.834552e+00,6.717788e-01,1.305202e+00
4.332347e-02,1.834032e+00,6.647404e-01,1.343913e+00
4.332847e-02,1.833469e+00,6.572043e-01,1.385361e+00
4.333347e-02,1.832862e+00,6.491784e-01,1.429503e+00
4.333847e-02,1.832210e+00,6.406709e-01,1.476294e+00
4.334347e-02,1.831513e+00,6.316906e-01,1.525685e+00
4.334847e-02,1.830769e+00,6.222467e-01,1.577626e+00
4.335347e-02,1.829976e+00,6.123490e-01,1.632064e+00
4.335847e-02,1.829135e+00,6.020078e-01,1.688940e+00
4.336347e-02,1.828243e+00,5.912337e-01,1.748198e+00
4.336847e-02,1.827299e+00,5.800379e-01,1.809774e+00
4.337347e-02,1.826300e+00,5.684321e-01,1.873606e+00
4.337847e-02,1.825246e+00,5.564285e-01,1.939626e+00
4.338347e-02,1.824134e+00,5.440394e-01,2.007765e+00
4.338847e-02,1.822961e+00,5.312780e-01,2.077953e+00
4.339347e-02,1.821726e+00,5.181577e-01,2.150115e+00
4.339847e-02,1.820425e+00,5.046922e-01,2.224175e+00
4.340347e-02,1.819056e+00,4.908959e-01,2.300054e+00
4.340847e-02,1.817615e+00,4.767834e-01,2.377673e+00
4.341347e-02,1.816099e+00,4.623698e-01,2.456948e+00
4.341847e-02,1.814503e+00,4.476706e-01,2.537793e+00
4.342347e-02,1.812823e+00,4.327017e-01,2.620122e+00
4.342847e-02,1.811054e+00,4.174794e-01,2.703845e+00
4.343347e-02,1.809190e+00,4.020203e-01,2.788870e+00
4.343847e-02,1.807225e+00,3.863416e-01,2.875103e+00
4.344347e-02,1.805152e+00,3.704608e-01,2.962448e+00
4.344847e-02,1.802962e+00,3.543959e-01,3.050805e+00
4.345347e-02,1.800647e+00,3.381653e-01,3.140073e+00
4.345847e-02,1.798195e+00,3.217880e-01,3.230149e+00
4.346347e-02,1.795594e+00,3.052834e-01,3.320924e+00
4.346847e-02,1.792831e+00,2.886717e-01,3.412288e+00
4.347347e-02,1.789888e+00,2.719736e-01,3.504128e+00
4.347847e-02,1.786747e+00,2.552107e-01,3.596325e+00
4.348347e-02,1.783383e+00,2.384053e-01,3.688754e+00
4.348847e-02,1.779769e+00,2.215813e-01,3.781287e+00
4.349347e-02,1.775872e+00,2.047635e-01,3.873785e+00
4.349847e-02,1.771650e+00,1.879789e-01,3.966101e+00
4.350347e-02,1.767051e+00,1.712566e-01,4.058075e+00
4.350847e-02,1.762011e+00,1.546288e-01,4.149528e+00
4.351347e-02,1.756445e+00,1.381320e-01,4.240261e+00
4.351847e-02,1.750244e+00,1.218088e-01,4.330039e+00
4.352347e-02,1.743258e+00,1.057103e-01,4.418582e+00
4.352847e-02,1.735217e+00,8.991508e-02,4.505457e+00
4.353347e-02,1.725924e+00,7.448511e-02,4.590323e+00
4.353847e-02,1.714885e+00,5.954965e-02,4.672470e+00
4.354347e-02,1.701348e+00,4.529566e-02,4.750870e+00
4.354847e-02,1.684194e+00,3.199365e-02,4.824035e+00
4.355347e-02,1.661317e+00,2.013730e-02,4.889252e+00
4.355847e-02,1.629262e+00,1.052441e-02,4.942134e+00
4.356347e-02,1.583590e+00,4.176667e-03,4.977062e+00
4.356847e-02,1.523713e+00,1.242887e-03,4.993208e+00
4.357347e-02,1.455928e+00,3.152025e-04,4.998305e+00
4.357847e-02,1.386126e+00,7.672479e-05,4.999604e+00
4.358347e-02,1.316624e+00,1.878977e-05,4.999914e+00
4.358847e-02,1.248097e+00,4.693206e-06,4.999986e+00
4.359347e-02,1.180758e+00,1.200790e-06,5.000001e+00
4.359847e-02,1.114709e+00,3.153615e-07,5.000003e+00
4.360347e-02,1.050025e+00,8.514200e-08,5.000003e+00
4.360847e-02,9.867707e-01,2.366205e-08,5.000002e+00
4.361347e-02,9.250098e-01,6.777790e-09,5.000001e+00
4.361847e-02,8.648031e-01,2.003494e-09,5.000001e+00
4.362347e-02,8.062101e-01,6.118917e-10,5.000001e+00
4.362847e-02,7.492888e-01,1.933110e-10,5.000000e+00
4.363347e-02,6.940951e-01,6.324490e-11,5.000000e+00
4.363847e-02,6.406837e-01,2.145213e-11,5.000000e+00
4.364347e-02,5.891072e-01,7.551299e-12,5.000000e+00
4.364847e-02,5.394165e-01,2.761666e-12,5.000000e+00
4.365347e-02,4.916606e-01,1.049982e-12,5.000000e+00
4.365847e-02,4.458868e-01,4.157238e-13,5.000000e+00
4.366347e-02,4.021401e-01,1.712701e-13,5.000000e+00
4.366847e-02,3.604638e-01,7.369187e-14,5.000000e+00
4.367347e-02,3.208989e-01,3.337310e-14,5.000000e+00
4.367847e-02,2.834845e-01,1.541600e-14,5.000000e+00
4.368347e-02,2.482576e-01,7.623297e-15,5.000000e+00
4.368847e-02,2.152528e-01,3.896352e-15,5.000000e+00
4.369347e-02,1.845028e-01,1.863472e-15,5.000000e+00
4.369847e-02,1.560380e-01,1.185846e-15,5.000000e+00
4.370347e-02,1.298863e-01,6.776264e-16,5.000000e+00
4.370847e-02,1.060737e-01,3.388132e-16,5.000000e+00
4.371347e-02,8.462357e-02,3.388132e-16,5.000000e+00
4.371847e-02,6.555714e-02,1.694066e-16,5.000000e+00
4.372347e-02,4.889320e-02,0.000000e+00,5.000000e+00
4.372847e-02,3.464822e-02,0.000000e+00,5.000000e+00
4.373347e-02,2.283624e-02,-3.388132e-16,5.000000e+00
4.373847e-02,1.346892e-02,-3.388132e-16,5.000000e+00
4.374347e-02,6.555501e-03,-3.388132e-16,5.000000e+00
4.374847e-02,2.102815e-03,-1.694066e-16,5.000000e+00
4.375347e-02,1.152523e-04,0.000000e+00,5.000000e+00
4.375847e-02,5.947739e-04,1.694066e-16,5.000000e+00
4.376347e-02,3.540907e-03,-1.694066e-16,5.000000e+00
4.376847e-02,8.950743e-03,1.694066e-16,5.000000e+00
4.377347e-02,1.681894e-02,0.000000e+00,5.000000e+00
4.377847e-02,2.713775e-02,-1.694066e-16,5.000000e+00
4.378347e-02,3.989696e-02,-1.694066e-16,5.000000e+00
4.378847e-02,5.508401e-02,-1.694066e-16,5.000000e+00
4.379347e-02,7.268389e-02,5.082198e-16,5.000000e+00
4.379847e-02,9.267923e-02,3.388132e-16,5.000000e+00
4.380347e-02,1.150503e-01,3.388132e-16,5.000000e+00
4.380847e-02,1.397751e-01,1.016440e-15,5.000000e+00
4.381347e-02,1.668291e-01,1.185846e-15,5.000000e+00
4.381847e-02,1.961856e-01,2.710505e-15,5.000000e+00
4.382347e-02,2.278157e-01,4.573978e-15,5.000000e+00
4.382847e-02,2.616883e-01,9.825582e-15,5.000000e+00
4.383347e-02,2.977697e-01,2.049820e-14,5.000000e+00
4.383847e-02,3.360245e-01,4.455393e-14,5.000000e+00
4.384347e-02,3.764149e-01,1.019828e-13,5.000000e+00
4.384847e-02,4.189010e-01,2.407268e-13,5.000000e+00
4.385347e-02,4.634409e-01,5.930925e-13,5.000000e+00
4.385847e-02,5.099906e-01,1.522457e-12,5.000000e+00
4.386347e-02,5.585042e-01,4.064233e-12,5.000000e+00
4.386847e-02,6.089339e-01,1.128062e-11,5.000000e+00
4.387347e-02,6.612298e-01,3.251590e-11,5.000000e+00
4.387847e-02,7.153403e-01,9.723040e-11,5.000000e+00
4.388347e-02,7.712121e-01,3.012961e-10,5.000000e+00
4.388847e-02,8.287900e-01,9.664580e-10,5.000000e+00
4.389347e-02,8.880172e-01,3.205324e-09,5.000000e+00
4.389847e-02,9.488351e-01,1.097858e-08,5.000000e+00
4.390347e-02,1.011184e+00,3.878625e-08,5.000000e+00
4.390847e-02,1.075001e+00,1.411638e-07,4.999999e+00
4.391347e-02,1.140224e+00,5.285929e-07,4.999997e+00
4.391847e-02,1.206784e+00,2.033636e-06,4.999989e+00
4.392347e-02,1.274600e+00,8.025473e-06,4.999956e+00
4.392847e-02,1.343544e+00,3.240293e-05,4.999822e+00
4.393347e-02,1.413293e+00,1.329753e-04,4.999269e+00
4.393847e-02,1.482747e+00,5.424794e-04,4.997020e+00
4.394347e-02,1.548363e+00,2.047275e-03,4.988752e+00
4.394847e-02,1.603171e+00,6.207466e-03,4.965889e+00
4.395347e-02,1.643087e+00,1.393110e-02,4.923426e+00
4.395847e-02,1.671026e+00,2.454207e-02,4.865070e+00
4.396347e-02,1.691365e+00,3.703357e-02,4.796363e+00
4.396847e-02,1.706961e+00,5.074185e-02,4.720962e+00
4.397347e-02,1.719379e+00,6.529628e-02,4.640907e+00
4.397847e-02,1.729742e+00,8.042541e-02,4.557692e+00
4.398347e-02,1.738473e+00,9.601648e-02,4.471938e+00
4.398847e-02,1.746045e+00,1.119449e-01,4.384328e+00
4.399347e-02,1.752647e+00,1.281507e-01,4.295194e+00
4.399847e-02,1.758610e+00,1.445416e-01,4.205043e+00
4.400347e-02,1.763977e+00,1.610900e-01,4.114025e+00
4.400847e-02,1.768849e+00,1.777559e-01,4.022362e+00
4.401347e-02,1.773303e+00,1.945041e-01,3.930245e+00
4.401847e-02,1.777400e+00,2.113035e-01,3.837848e+00
4.402347e-02,1.781187e+00,2.281257e-01,3.745325e+00
4.402847e-02,1.784703e+00,2.449446e-01,3.652820e+00
4.403347e-02,1.787981e+00,2.617356e-01,3.560470e+00
4.403847e-02,1.791044e+00,2.784754e-01,3.468400e+00
4.404347e-02,1.793917e+00,2.951421e-01,3.376733e+00
4.404847e-02,1.796617e+00,3.117143e-01,3.285585e+00
4.405347e-02,1.799159e+00,3.281714e-01,3.195070e+00
4.405847e-02,1.801557e+00,3.444938e-01,3.105297e+00
4.406347e-02,1.803823e+00,3.606620e-01,3.016371e+00
4.406847e-02,1.805968e+00,3.766574e-01,2.928396e+00
4.407347e-02,1.807998e+00,3.924616e-01,2.841472e+00
4.407847e-02,1.809924e+00,4.080569e-01,2.755698e+00
4.408347e-02,1.811750e+00,4.234259e-01,2.671168e+00
4.408847e-02,1.813484e+00,4.385516e-01,2.587976e+00
4.409347e-02,1.815131e+00,4.534176e-01,2.506212e+00
4.409847e-02,1.816696e+00,4.680076e-01,2.425967e+00
4.410347e-02,1.818183e+00,4.823059e-01,2.347326e+00
4.410847e-02,1.819595e+00,4.962972e-01,2.270373e+00
4.411347e-02,1.820938e+00,5.099666e-01,2.195190e+00
4.411847e-02,1.822213e+00,5.232996e-01,2.121859e+00
4.412347e-02,1.823423e+00,5.362820e-01,2.050455e+00
4.412847e-02,1.824572e+00,5.489002e-01,1.981054e+00
4.413347e-02,1.825662e+00,5.611409e-01,1.913729e+00
4.413847e-02,1.826694e+00,5.729914e-01,1.848551e+00
4.414347e-02,1.827672e+00,5.844392e-01,1.785588e+00
4.414847e-02,1.828596e+00,5.954724e-01,1.724905e+00
4.415347e-02,1.829468e+00,6.060795e-01,1.666565e+00
4.415847e-02,1.830290e+00,6.162496e-01,1.610629e+00
4.416347e-02,1.831063e+00,6.259721e-01,1.557155e+00
4.416847e-02,1.831789e+00,6.352369e-01,1.506197e+00
4.417347e-02,1.832469e+00,6.440345e-01,1.457810e+00
4.417847e-02,1.833103e+00,6.523558e-01,1.412042e+00
4.418347e-02,1.833693e+00,6.601923e-01,1.368941e+00
4.418847e-02,1.834239e+00,6.675358e-01,1.328551e+00
4.419347e-02,1.834743e+00,6.743788e-01,1.290914e+00
4.419847e-02,1.835205e+00,6.807143e-01,1.256068e+00
4.420347e-02,1.835626e+00,6.865358e-01,1.224050e+00
4.420847e-02,1.836006e+00,6.918373e-01,1.194891e+00
4.421347e-02,1.836345e+00,6.966134e-01,1.168622e+00
4.421847e-02,1.836646e+00,7.008591e-01,1.145270e+00
4.422347e-02,1.836906e+00,7.045702e-01,1.124858e+00
4.422847e-02,1.837128e+00,7.077428e-01,1.107408e+00
4.423347e-02,1.837312e+00,7.103738e-01,1.092937e+00
4.423847e-02,1.837457e+00,7.124603e-01,1.081461e+00
4.424347e-02,1.837563e+00,7.140003e-01,1.072990e+00
4.424847e-02,1.837632e+00,7.149922e-01,1.067535e+00
4.425347e-02,1.837662e+00,7.154349e-01,1.065099e+00
4.425847e-02,1.837655e+00,7.153281e-01,1.065686e+00
4.426347e-02,1.837610e+00,7.146718e-01,1.069295e+00
4.426847e-02,1.837526e+00,7.134667e-01,1.075922e+00
4.427347e-02,1.837405e+00,7.117141e-01,1.085561e+00
4.427847e-02,1.837245e+00,7.094157e-01,1.098202e+00
4.428347e-02,1.837047e+00,7.065738e-01,1.113832e+00
4.428847e-02,1.836810e+00,7.031915e-01,1.132434e+00
4.429347e-02,1.836534e+00,6.992721e-01,1.153991e+00
4.429847e-02,1.836218e+00,6.948196e-01,1.178479e+00
4.430347e-02,1.835863e+00,6.898387e-01,1.205873e+00
4.430847e-02,1.835467e+00,6.843344e-01,1.236147e+00
4.431347e-02,1.835030e+00,6.783124e-01,1.269268e+00
4.431847e-02,1.834552e+00,6.717788e-01,1.305202e+00
4.432347e-02,1.834032e+00,6.647404e-01,1.343913e+00
4.432847e-02,1.833469e+00,6.572043e-01,1.385361e+00
4.433347e-02,1.832862e+00,6.491784e-01,1.429503e+00
4.433847e-02,1.832210e+00,6.406709e-01,1.476294e+00
4.434347e-02,1.831513e+00,6.316906e-01,1.525685e+00
4.434847e-02,1.830769e+00,6.222467e-01,1.577626e+00
4.435347e-02,1.829976e+00,6.123490e-01,1.632064e+00
4.435847e-02,1.829135e+00,6.020078e-01,1.688940e+00
4.436347e-02,1.828243e+00,5.912337e-01,1.748198e+00
4.436847e-02,1.827299e+00,5.800379e-01,1.809774e+00
4.437347e-02,1.826300e+00,5.684321e-01,1.873606e+00
4.437847e-02,1.825246e+00,5.564285e-01,1.939626e+00
4.438347e-02,1.824134e+00,5.440394e-01,2.007765e+00
4.438847e-02,1.822961e+00,5.312780e-01,2.077953e+00
4.439347e-02,1.821726e+00,5.181577e-01,2.150115e+00
4.439847e-02,1.820425e+00,5.046922e-01,2.224174e+00
4.440347e-02,1.819056e+00,4.908959e-01,2.300054e+00
4.440847e-02,1.817615e+00,4.767834e-01,2.377673e+00
4.441347e-02,1.816099e+00,4.623699e-01,2.456948e+00
4.441847e-02,1.814503e+00,4.476706e-01,2.537793e+00
4.442347e-02,1.812823e+00,4.327017e-01,2.620122e+00
4.442847e-02,1.811054e+00,4.174794e-01,2.703845e+00
4.443347e-02,1.809190e+00,4.020203e-01,2.788870e+00
4.443847e-02,1.807225e+00,3.863416e-01,2.875103e+00
4.444347e-02,1.805152e+00,3.704608e-01,2.962448e+00
4.444847e-02,1.802962e+00,3.543959e-01,3.050805e+00
4.445347e-02,1.800647e+00,3.381653e-01,3.140073e+00
4.445847e-02,1.798195e+00,3.217880e-01,3.230149e+00
4.446347e-02,1.795594e+00,3.052834e-01,3.320924e+00
4.446847e-02,1.792831e+00,2.886717e-01,3.412288e+00
4.447347e-02,1.789888e+00,2.719736e-01,3.504128e+00
4.447847e-02,1.786747e+00,2.552107e-01,3.596325e+00
4.448347e-02,1.783383e+00,2.384054e-01,3.688754e+00
4.448847e-02,1.779769e+00,2.215813e-01,3.781287e+00
4.449347e-02,1.775872e+00,2.047635e-01,3.873785e+00
4.449847e-02,1.771650e+00,1.879789e-01,3.966101e+00
4.450347e-02,1.767051e+00,1.712566e-01,4.058075e+00
4.450847e-02,1.762011e+00,1.546288e-01,4.149528e+00
4.451347e-02,1.756445e+00,1.381320e-01,4.240261e+00
4.451847e-02,1.750244e+00,1.218089e-01,4.330039e+00
4.452347e-02,1.743258e+00,1.057103e-01,4.418582e+00
4.452847e-02,1.735217e+00,8.991508e-02,4.505457e+00
4.453347e-02,1.725924e+00,7.448511e-02,4.590323e+00
4.453847e-02,1.714885e+00,5.954966e-02,4.672470e+00
4.454347e-02,1.701348e+00,4.529567e-02,4.750870e+00
4.454847e-02,1.684194e+00,3.199366e-02,4.824035e+00
4.455347e-02,1.661317e+00,2.013731e-02,4.889252e+00
4.455847e-02,1.629262e+00,1.052441e-02,4.942134e+00
4.456347e-02,1.583590e+00,4.176668e-03,4.977062e+00
4.456847e-02,1.523713e+00,1.242888e-03,4.993208e+00
4.457347e-02,1.455928e+00,3.152026e-04,4.998305e+00
4.457847e-02,1.386126e+00,7.672481e-05,4.999604e+00
4.458347e-02,1.316624e+00,1.878978e-05,4.999914e+00
4.458847e-02,1.248097e+00,4.693207e-06,4.999986e+00
4.459347e-02,1.180758e+00,1.200790e-06,5.000001e+00
4.459847e-02,1.114709e+00,3.153616e-07,5.000003e+00
4.460347e-02,1.050025e+00,8.514203e-08,5.000003e+00
4.460847e-02,9.867707e-01,2.366206e-08,5.000002e+00
4.461347e-02,9.250098e-01,6.777792e-09,5.000001e+00
4.461847e-02,8.648031e-01,2.003494e-09,5.000001e+00
4.462347e-02,8.062102e-01,6.118922e-10,5.000001e+00
4.462847e-02,7.492888e-01,1.933109e-10,5.000000e+00
4.463347e-02,6.940951e-01,6.324524e-11,5.000000e+00
4.463847e-02,6.406837e-01,2.145196e-11,5.000000e+00
4.464347e-02,5.891072e-01,7.551299e-12,5.000000e+00
4.464847e-02,5.394165e-01,2.761836e-12,5.000000e+00
4.465347e-02,4.916607e-01,1.049982e-12,5.000000e+00
4.465847e-02,4.458868e-01,4.155544e-13,5.000000e+00
4.466347e-02,4.021401e-01,1.712701e-13,5.000000e+00
4.466847e-02,3.604638e-01,7.369187e-14,5.000000e+00
4.467347e-02,3.208989e-01,3.303428e-14,5.000000e+00
4.467847e-02,2.834845e-01,1.541600e-14,5.000000e+00
4.468347e-02,2.482576e-01,7.623297e-15,5.000000e+00
4.468847e-02,2.152528e-01,3.726945e-15,5.000000e+00
4.469347e-02,1.845028e-01,2.032879e-15,5.000000e+00
4.469847e-02,1.560380e-01,1.185846e-15,5.000000e+00
4.470347e-02,1.298863e-01,8.470329e-16,5.000000e+00
4.470847e-02,1.060737e-01,6.776264e-16,5.000000e+00
4.471347e-02,8.462358e-02,1.694066e-16,5.000000e+00
4.471847e-02,6.555714e-02,0.000000e+00,5.000000e+00
4.472347e-02,4.889321e-02,1.694066e-16,5.000000e+00
4.472847e-02,3.464822e-02,1.694066e-16,5.000000e+00
4.473347e-02,2.283624e-02,0.000000e+00,5.000000e+00
4.473847e-02,1.346892e-02,0.000000e+00,5.000000e+00
4.474347e-02,6.555502e-03,0.000000e+00,5.000000e+00
4.474847e-02,2.102816e-03,-3.388132e-16,5.000000e+00
4.475347e-02,1.152525e-04,-1.694066e-16,5.000000e+00
4.475847e-02,5.947735e-04,-1.694066e-16,5.000000e+00
4.476347e-02,3.540906e-03,0.000000e+00,5.000000e+00
4.476847e-02,8.950742e-03,-1.694066e-16,5.000000e+00
4.477347e-02,1.681894e-02,1.694066e-16,5.000000e+00
4.477847e-02,2.713774e-02,-3.388132e-16,5.000000e+00
4.478347e-02,3.989696e-02,-3.388132e-16,5.000000e+00
4.478847e-02,5.508400e-02,0.000000e+00,5.000000e+00
4.479347e-02,7.268388e-02,1.694066e-16,5.000000e+00
4.479847e-02,9.267923e-02,1.694066e-16,5.000000e+00
4.480347e-02,1.150503e-01,1.694066e-16,5.000000e+00
4.480847e-02,1.397750e-01,6.776264e-16,5.000000e+00
4.481347e-02,1.668290e-01,1.355253e-15,5.000000e+00
4.481847e-02,1.961856e-01,2.541099e-15,5.000000e+00
4.482347e-02,2.278157e-01,4.912791e-15,5.000000e+00
4.482847e-02,2.616883e-01,9.825582e-15,5.000000e+00
4.483347e-02,2.977697e-01,2.049820e-14,5.000000e+00
4.483847e-02,3.360245e-01,4.455393e-14,5.000000e+00
4.484347e-02,3.764149e-01,1.019828e-13,5.000000e+00
4.484847e-02,4.189010e-01,2.407268e-13,5.000000e+00
4.485347e-02,4.634409e-01,5.930925e-13,5.000000e+00
4.485847e-02,5.099906e-01,1.522457e-12,5.000000e+00
4.486347e-02,5.585042e-01,4.064233e-12,5.000000e+00
4.486847e-02,6.089339e-01,1.128062e-11,5.000000e+00
4.487347e-02,6.612298e-01,3.251590e-11,5.000000e+00
4.487847e-02,7.153403e-01,9.723040e-11,5.000000e+00
4.488347e-02,7.712121e-01,3.012961e-10,5.000000e+00
4.488847e-02,8.287900e-01,9.664580e-10,5.000000e+00
4.489347e-02,8.880172e-01,3.205323e-09,5.000000e+00
4.489847e-02,9.488351e-01,1.097858e-08,5.000000e+00
4.490347e-02,1.011184e+00,3.878624e-08,5.000000e+00
4.490847e-02,1.075001e+00,1.411638e-07,4.999999e+00
4.491347e-02,1.140224e+00,5.285927e-07,4.999997e+00
4.491847e-02,1.206784e+00,2.033635e-06,4.999989e+00
4.492347e-02,1.274600e+00,8.025471e-06,4.999956e+00
4.492847e-02,1.343544e+00,3.240292e-05,4.999822e+00
4.493347e-02,1.413293e+00,1.329752e-04,4.999269e+00
4.493847e-02,1.482747e+00,5.424793e-04,4.997020e+00
4.494347e-02,1.548363e+00,2.047275e-03,4.988752e+00
4.494847e-02,1.603171e+00,6.207465e-03,4.965889e+00
4.495347e-02,1.643087e+00,1.393110e-02,4.923426e+00
4.495847e-02,1.671026e+00,2.454207e-02,4.865070e+00
4.496347e-02,1.691365e+00,3.703356e-02,4.796363e+00
4.496847e-02,1.706961e+00,5.074185e-02,4.720962e+00
4.497347e-02,1.719379e+00,6.529627e-02,4.640907e+00
4.497847e-02,1.729742e+00,8.042541e-02,4.557692e+00
4.498347e-02,1.738473e+00,9.601648e-02,4.471938e+00
4.498847e-02,1.746045e+00,1.119449e-01,4.384328e+00
4.499347e-02,1.752647e+00,1.281507e-01,4.295194e+00
4.499847e-02,1.758610e+00,1.445416e-01,4.205043e+00
4.500347e-02,1.763977e+00,1.610900e-01,4.114025e+00
4.500847e-02,1.768849e+00,1.777559e-01,4.022362e+00
4.501347e-02,1.773303e+00,1.945041e-01,3.930245e+00
4.501847e-02,1.777400e+00,2.113035e-01,3.837848e+00
4.502347e-02,1.781187e+00,2.281257e-01,3.745325e+00
4.502847e-02,1.784703e+00,2.449446e-01,3.652821e+00
4.503347e-02,1.787981e+00,2.617356e-01,3.560470e+00
4.503847e-02,1.791044e+00,2.784754e-01,3.468400e+00
4.504347e-02,1.793917e+00,2.951421e-01,3.376733e+00
4.504847e-02,1.796617e+00,3.117143e-01,3.285585e+00
4.505347e-02,1.799159e+00,3.281714e-01,3.195070e+00
4.505847e-02,1.801557e+00,3.444938e-01,3.105297e+00
4.506347e-02,1.803823e+00,3.606620e-01,3.016371e+00
4.506847e-02,1.805968e+00,3.766574e-01,2.928396e+00
4.507347e-02,1.807998e+00,3.924616e-01,2.841472e+00
4.507847e-02,1.809924e+00,4.080569e-01,2.755698e+00
4.508347e-02,1.811750e+00,4.234259e-01,2.671168e+00
4.508847e-02,1.813484e+00,4.385516e-01,2.587976e+00
4.509347e-02,1.815131e+00,4.534176e-01,2.506212e+00
4.509847e-02,1.816696e+00,4.680076e-01,2.425967e+00
4.510347e-02,1.818183e+00,4.823059e-01,2.347326e+00
4.510847e-02,1.819595e+00,4.962972e-01,2.270373e+00
4.511347e-02,1.820938e+00,5.099666e-01,2.195190e+00
4.511847e-02,1.822213e+00,5.232996e-01,2.121859e+00
4.512347e-02,1.823423e+00,5.362820e-01,2.050455e+00
4.512847e-02,1.824572e+00,5.489002e-01,1.981054e+00
4.513347e-02,1.825662e+00,5.611409e-01,1.913729e+00
4.513847e-02,1.826694e+00,5.729914e-01,1.848551e+00
4.514347e-02,1.827672e+00,5.844392e-01,1.785588e+00
4.514847e-02,1.828596e+00,5.954724e-01,1.724905e+00
4.515347e-02,1.829468e+00,6.060795e-01,1.666565e+00
4.515847e-02,1.830290e+00,6.162496e-01,1.610629e+00
4.516347e-02,1.831063e+00,6.259721e-01,1.557155e+00
4.516847e-02,1.831789e+00,6.352369e-01,1.506197e+00
4.517347e-02,1.832469e+00,6.440345e-01,1.457810e+00
4.517847e-02,1.833103e+00,6.523558e-01,1.412042e+00
4.518347e-02,1.833693e+00,6.601923e-01,1.368941e+00
4.518847e-02,1.834239e+00,6.675358e-01,1.328551e+00
4.519347e-02,1.834743e+00,6.743788e-01,1.290914e+00
4.519847e-02,1.835205e+00,6.807143e-01,1.256068e+00
4.520347e-02,1.835626e+00,6.865358e-01,1.224050e+00
4.520847e-02,1.836006e+00,6.918373e-01,1.194891e+00
4.521347e-02,1.836345e+00,6.966134e-01,1.168622e+00
4.521847e-02,1.836646e+00,7.008591e-01,1.145270e+00
4.522347e-02,1.836906e+00,7.045702e-01,1.124858e+00
4.522847e-02,1.837128e+00,7.077428e-01,1.107408e+00
4.523347e-02,1.837312e+00,7.103738e-01,1.092937e+00
4.523847e-02,1.837457e+00,7.124603e-01,1.081461e+00
4.524347e-02,1.837563e+00,7.140003e-01,1.072990e+00
4.524847e-02,1.837632e+00,7.149922e-01,1.067535e+00
4.525347e-02,1.837662e+00,7.154349e-01,1.065099e+00
4.525847e-02,1.837655e+00,7.153281e-01,1.065686e+00
4.526347e-02,1.837610e+00,7.146718e-01,1.069295e+00
4.526847e-02,1.837526e+00,7.134667e-01,1.075922e+00
4.527347e-02,1.837405e+00,7.117141e-01,1.085561e+00
4.527847e-02,1.837245e+00,7.094157e-01,1.098202e+00
4.528347e-02,1.837047e+00,7.065738e-01,1.113832e+00
4.528847e-02,1.836810e+00,7.031915e-01,1.132434e+00
4.529347e-02,1.836534e+00,6.992721e-01,1.153991e+00
4.529847e-02,1.836218e+00,6.948196e-01,1.178479e+00
4.530347e-02,1.835863e+00,6.898387e-01,1.205873e+00
4.530847e-02,1.835467e+00,6.843344e-01,1.236147e+00
4.531347e-02,1.835030e+00,6.783124e-01,1.269268e+00
4.531847e-02,1.834552e+00,6.717788e-01,1.305202e+00
4.532347e-02,1.834032e+00,6.647404e-01,1.343913e+00
4.532847e-02,1.833469e+00,6.572043e-01,1.385361e+00
4.533347e-02,1.832862e+00,6.491784e-01,1.429503e+00
4.533847e-02,1.832210e+00,6.406709e-01,1.476294e+00
4.534347e-02,1.831513e+00,6.316906e-01,1.525685e+00
4.534847e-02,1.830769e+00,6.222467e-01,1.577626e+00
4.535347e-02,1.829976e+00,6.123490e-01,1.632064e+00
4.535847e-02,1.829135e+00,6.020078e-01,1.688940e+00
4.536347e-02,1.828243e+00,5.912337e-01,1.748198e+00
4.536847e-02,1.827299e+00,5.800379e-01,1.809774e+00
4.537347e-02,1.826300e+00,5.684321e-01,1.873606e+00
4.537847e-02,1.825246e+00,5.564285e-01,1.939626e+00
4.538347e-02,1.824134e+00,5.440394e-01,2.007765e+00
4.538847e-02,1.822961e+00,5.312780e-01,2.077953e+00
4.539347e-02,1.821726e+00,5.181577e-01,2.150115e+00
4.539847e-02,1.820425e+00,5.046922e-01,2.224174e+00
4.540347e-02,1.819056e+00,4.908959e-01,2.300054e+00
4.540847e-02,1.817615e+00,4.767834e-01,2.377673e+00
4.541347e-02,1.816099e+00,4.623699e-01,2.456947e+00
4.541847e-02,1.814503e+00,4.476707e-01,2.537793e+00
4.542347e-02,1.812823e+00,4.327017e-01,2.620122e+00
4.542847e-02,1.811054e+00,4.174794e-01,2.703845e+00
4.543347e-02,1.809190e+00,4.020203e-01,2.788870e+00
4.543847e-02,1.807225e+00,3.863416e-01,2.875103e+00
4.544347e-02,1.805152e+00,3.704608e-01,2.962448e+00
4.544847e-02,1.802962e+00,3.543959e-01,3.050805e+00
4.545347e-02,1.800647e+00,3.381653e-01,3.140073e+00
4.545847e-02,1.798195e+00,3.217880e-01,3.230149e+00
4.546347e-02,1.795594e+00,3.052835e-01,3.320924e+00
4.546847e-02,1.792831e+00,2.886717e-01,3.412288e+00
4.547347e-02,1.789888e+00,2.719736e-01,3.504128e+00
4.547847e-02,1.786747e+00,2.552107e-01,3.596325e+00
4.548347e-02,1.783383e+00,2.384054e-01,3.688754e+00
4.548847e-02,1.779769e+00,2.215813e-01,3.781287e+00
4.549347e-02,1.775872e+00,2.047635e-01,3.873785e+00
4.549847e-02,1.771650e+00,1.879789e-01,3.966101e+00
4.550347e-02,1.767051e+00,1.712566e-01,4.058075e+00
4.550847e-02,1.762011e+00,1.546288e-01,4.149528e+00
4.551347e-02,1.756445e+00,1.381320e-01,4.240261e+00
4.551847e-02,1.750244e+00,1.218089e-01,4.330039e+00
4.552347e-02,1.743258e+00,1.057103e-01,4.418582e+00
4.552847e-02,1.735217e+00,8.991508e-02,4.505457e+00
4.553347e-02,1.725924e+00,7.448512e-02,4.590323e+00
4.553847e-02,1.714885e+00,5.954966e-02,4.672470e+00
4.554347e-02,1.701348e+00,4.529567e-02,4.750870e+00
4.554847e-02,1.684194e+00,3.199366e-02,4.824035e+00
4.555347e-02,1.661317e+00,2.013731e-02,4.889252e+00
4.555847e-02,1.629262e+00,1.052441e-02,4.942134e+00
4.556347e-02,1.583590e+00,4.176669e-03,4.977062e+00
4.556847e-02,1.523713e+00,1.242888e-03,4.993208e+00
4.557347e-02,1.455928e+00,3.152027e-04,4.998305e+00
4.557847e-02,1.386126e+00,7.672484e-05,4.999604e+00
4.558347e-02,1.316624e+00,1.878979e-05,4.999914e+00
4.558847e-02,1.248097e+00,4.693209e-06,4.999986e+00
4.559347e-02,1.180758e+00,1.200791e-06,5.000001e+00
4.559847e-02,1.114709e+00,3.153617e-07,5.000003e+00
4.560347e-02,1.050025e+00,8.514205e-08,5.000003e+00
4.560847e-02,9.867707e-01,2.366207e-08,5.000002e+00
4.561347e-02,9.250098e-01,6.777794e-09,5.000001e+00
4.561847e-02,8.648031e-01,2.003495e-09,5.000001e+00
4.562347e-02,8.062102e-01,6.118920e-10,5.000001e+00
4.562847e-02,7.492888e-01,1.933110e-10,5.000000e+00
4.563347e-02,6.940951e-01,6.324507e-11,5.000000e+00
4.563847e-02,6.406837e-01,2.145179e-11,5.000000e+00
4.564347e-02,5.891072e-01,7.551299e-12,5.000000e+00
4.564847e-02,5.394165e-01,2.761666e-12,5.000000e+00
4.565347e-02,4.916607e-01,1.050490e-12,5.000000e+00
4.565847e-02,4.458868e-01,4.157238e-13,5.000000e+00
4.566347e-02,4.021401e-01,1.712701e-13,5.000000e+00
4.566847e-02,3.604638e-01,7.386127e-14,5.000000e+00
4.567347e-02,3.208989e-01,3.303428e-14,5.000000e+00
4.567847e-02,2.834845e-01,1.541600e-14,5.000000e+00
4.568347e-02,2.482576e-01,7.284483e-15,5.000000e+00
4.568847e-02,2.152528e-01,3.896352e-15,5.000000e+00
4.569347e-02,1.845029e-01,2.032879e-15,5.000000e+00
4.569847e-02,1.560380e-01,1.016440e-15,5.000000e+00
4.570347e-02,1.298863e-01,6.776264e-16,5.000000e+00
4.570847e-02,1.060737e-01,3.388132e-16,5.000000e+00
4.571347e-02,8.462358e-02,1.694066e-16,5.000000e+00
4.571847e-02,6.555715e-02,1.694066e-16,5.000000e+00
4.572347e-02,4.889321e-02,0.000000e+00,5.000000e+00
4.572847e-02,3.464822e-02,0.000000e+00,5.000000e+00
4.573347e-02,2.283624e-02,-1.694066e-16,5.000000e+00
4.573847e-02,1.346892e-02,1.694066e-16,5.000000e+00
4.574347e-02,6.555504e-03,0.000000e+00,5.000000e+00
4.574847e-02,2.102817e-03,1.694066e-16,5.000000e+00
4.575347e-02,1.152527e-04,1.694066e-16,5.000000e+00
4.575847e-02,5.947731e-04,0.000000e+00,5.000000e+00
4.576347e-02,3.540905e-03,1.694066e-16,5.000000e+00
4.576847e-02,8.950740e-03,0.000000e+00,5.000000e+00
4.577347e-02,1.681894e-02,-1.694066e-16,5.000000e+00
4.577847e-02,2.713774e-02,-1.694066e-16,5.000000e+00
4.578347e-02,3.989696e-02,0.000000e+00,5.000000e+00
4.578847e-02,5.508400e-02,-1.694066e-16,5.000000e+00
4.579347e-02,7.268388e-02,1.694066e-16,5.000000e+00
4.579847e-02,9.267922e-02,1.694066e-16,5.000000e+00
4.580347e-02,1.150503e-01,3.388132e-16,5.000000e+00
4.580847e-02,1.397750e-01,8.470329e-16,5.000000e+00
4.581347e-02,1.668290e-01,1.355253e-15,5.000000e+00
4.581847e-02,1.961856e-01,2.710505e-15,5.000000e+00
4.582347e-02,2.278157e-01,4.573978e-15,5.000000e+00
4.582847e-02,2.616882e-01,9.825582e-15,5.000000e+00
4.583347e-02,2.977697e-01,2.049820e-14,5.000000e+00
4.583847e-02,3.360245e-01,4.455393e-14,5.000000e+00
4.584347e-02,3.764149e-01,1.019828e-13,5.000000e+00
4.584847e-02,4.189010e-01,2.407268e-13,5.000000e+00
4.585347e-02,4.634408e-01,5.930925e-13,5.000000e+00
4.585847e-02,5.099906e-01,1.522457e-12,5.000000e+00
4.586347e-02,5.585042e-01,4.064233e-12,5.000000e+00
4.586847e-02,6.089338e-01,1.128062e-11,5.000000e+00
4.587347e-02,6.612298e-01,3.251556e-11,5.000000e+00
4.587847e-02,7.153403e-01,9.723040e-11,5.000000e+00
4.588347e-02,7.712121e-01,3.012959e-10,5.000000e+00
4.588847e-02,8.287900e-01,9.664578e-10,5.000000e+00
4.589347e-02,8.880171e-01,3.205323e-09,5.000000e+00
4.589847e-02,9.488351e-01,1.097858e-08,5.000000e+00
4.590347e-02,1.011184e+00,3.878623e-08,5.000000e+00
4.590847e-02,1.075001e+00,1.411637e-07,4.999999e+00
4.591347e-02,1.140224e+00,5.285926e-07,4.999997e+00
4.591847e-02,1.206784e+00,2.033635e-06,4.999989e+00
4.592347e-02,1.274600e+00,8.025468e-06,4.999956e+00
4.592847e-02,1.343544e+00,3.240291e-05,4.999822e+00
4.593347e-02,1.413293e+00,1.329752e-04,4.999269e+00
4.593847e-02,1.482747e+00,5.424791e-04,4.997020e+00
4.594347e-02,1.548363e+00,2.047274e-03,4.988752e+00
4.594847e-02,1.603171e+00,6.207463e-03,4.965889e+00
4.595347e-02,1.643087e+00,1.393110e-02,4.923427e+00
4.595847e-02,1.671026e+00,2.454207e-02,4.865070e+00
4.596347e-02,1.691365e+00,3.703356e-02,4.796363e+00
4.596847e-02,1.706961e+00,5.074184e-02,4.720962e+00
4.597347e-02,1.719379e+00,6.529627e-02,4.640907e+00
4.597847e-02,1.729742e+00,8.042541e-02,4.557692e+00
4.598347e-02,1.738473e+00,9.601647e-02,4.471938e+00
4.598847e-02,1.746045e+00,1.119449e-01,4.384328e+00
4.599347e-02,1.752647e+00,1.281507e-01,4.295194e+00
4.599847e-02,1.758610e+00,1.445416e-01,4.205043e+00
4.600347e-02,1.763977e+00,1.610900e-01,4.114025e+00
4.600847e-02,1.768849e+00,1.777559e-01,4.022362e+00
4.601347e-02,1.773303e+00,1.945041e-01,3.930245e+00
4.601847e-02,1.777400e+00,2.113035e-01,3.837848e+00
4.602347e-02,1.781187e+00,2.281257e-01,3.745325e+00
4.602847e-02,1.784703e+00,2.449446e-01,3.652821e+00
4.603347e-02,1.787981e+00,2.617356e-01,3.560470e+00
4.603847e-02,1.791044e+00,2.784754e-01,3.468400e+00
4.604347e-02,1.793917e+00,2.951421e-01,3.376733e+00
4.604847e-02,1.796617e+00,3.117142e-01,3.285585e+00
4.605347e-02,1.799159e+00,3.281714e-01,3.195070e+00
4.605847e-02,1.801557e+00,3.444938e-01,3.105297e+00
4.606347e-02,1.803823e+00,3.606620e-01,3.016371e+00
4.606847e-02,1.805968e+00,3.766574e-01,2.928396e+00
4.607347e-02,1.807998e+00,3.924616e-01,2.841472e+00
4.607847e-02,1.809924e+00,4.080569e-01,2.755698e+00
4.608347e-02,1.811750e+00,4.234259e-01,2.671168e+00
4.608847e-02,1.813484e+00,4.385516e-01,2.587976e+00
4.609347e-02,1.815131e+00,4.534176e-01,2.506212e+00
4.609847e-02,1.816696e+00,4.680076e-01,2.425967e+00
4.610347e-02,1.818183e+00,4.823059e-01,2.347326e+00
4.610847e-02,1.819595e+00,4.962972e-01,2.270373e+00
4.611347e-02,1.820938e+00,5.099666e-01,2.195191e+00
4.611847e-02,1.822213e+00,5.232996e-01,2.121859e+00
4.612347e-02,1.823423e+00,5.362820e-01,2.050455e+00
4.612847e-02,1.824572e+00,5.489002e-01,1.981054e+00
4.613347e-02,1.825662e+00,5.611409e-01,1.913730e+00
4.613847e-02,1.826694e+00,5.729914e-01,1.848551e+00
4.614347e-02,1.827672e+00,5.844392e-01,1.785588e+00
4.614847e-02,1.828596e+00,5.954724e-01,1.724905e+00
4.615347e-02,1.829468e+00,6.060795e-01,1.666565e+00
4.615847e-02,1.830290e+00,6.162496e-01,1.610629e+00
4.616347e-02,1.831063e+00,6.259721e-01,1.557155e+00
4.616847e-02,1.831789e+00,6.352369e-01,1.506197e+00
4.617347e-02,1.832469e+00,6.440345e-01,1.457810e+00
4.617847e-02,1.833103e+00,6.523558e-01,1.412042e+00
4.618347e-02,1.833693e+00,6.601923e-01,1.368941e+00
4.618847e-02,1.834239e+00,6.675358e-01,1.328551e+00
4.619347e-02,1.834743e+00,6.743788e-01,1.290914e+00
4.619847e-02,1.835205e+00,6.807143e-01,1.256068e+00
4.620347e-02,1.835626e+00,6.865358e-01,1.224050e+00
4.620847e-02,1.836006e+00,6.918373e-01,1.194891e+00
4.621347e-02,1.836345e+00,6.966133e-01,1.168622e+00
4.621847e-02,1.836646e+00,7.008591e-01,1.145270e+00
4.622347e-02,1.836906e+00,7.045702e-01,1.124858e+00
4.622847e-02,1.837128e+00,7.077428e-01,1.107408e+00
4.623347e-02,1.837312e+00,7.103738e-01,1.092937e+00
4.623847e-02,1.837457e+00,7.124603e-01,1.081461e+00
4.624347e-02,1.837563e+00,7.140003e-01,1.072990e+00
4.624847e-02,1.837632e+00,7.149922e-01,1.067535e+00
4.625347e-02,1.837662e+00,7.154349e-01,1.065099e+00
4.625847e-02,1.837655e+00,7.153281e-01,1.065686e+00
4.626347e-02,1.837610e+00,7.146718e-01,1.069295e+00
4.626847e-02,1.837526e+00,7.134667e-01,1.075922e+00
4.627347e-02,1.837405e+00,7.117141e-01,1.085561e+00
4.627847e-02,1.837245e+00,7.094157e-01,1.098202e+00
4.628347e-02,1.837047e+00,7.065738e-01,1.113832e+00
4.628847e-02,1.836810e+00,7.031915e-01,1.132434e+00
4.629347e-02,1.836534e+00,6.992721e-01,1.153991e+00
4.629847e-02,1.836218e+00,6.948196e-01,1.178479e+00
4.630347e-02,1.835863e+00,6.898387e-01,1.205873e+00
4.630847e-02,1.835467e+00,6.843344e-01,1.236147e+00
4.631347e-02,1.835030e+00,6.783124e-01,1.269268e+00
4.631847e-02,1.834552e+00,6.717788e-01,1.305202e+00
4.632347e-02,1.834032e+00,6.647404e-01,1.343913e+00
4.632847e-02,1.833469e+00,6.572043e-01,1.385361e+00
4.633347e-02,1.832862e+00,6.491784e-01,1.429503e+00
4.633847e-02,1.832210e+00,6.406709e-01,1.476294e+00
4.634347e-02,1.831513e+00,6.316906e-01,1.525685e+00
4.634847e-02,1.830769e+00,6.222467e-01,1.577626e+00
4.635347e-02,1.829976e+00,6.123490e-01,1.632064e+00
4.635847e-02,1.829135e+00,6.020078e-01,1.688940e+00
4.636347e-02,1.828243e+00,5.912337e-01,1.748198e+00
4.636847e-02,1.827299e+00,5.800379e-01,1.809774e+00
4.637347e-02,1.826300e+00,5.684321e-01,1.873606e+00
4.637847e-02,1.825246e+00,5.564285e-01,1.939626e+00
4.638347e-02,1.824134e+00,5.440394e-01,2.007765e+00
4.638847e-02,1.822961e+00,5.312780e-01,2.077953e+00
4.639347e-02,1.821726e+00,5.181577e-01,2.150115e+00
4.639847e-02,1.820425e+00,5.046922e-01,2.224174e+00
4.640347e-02,1.819056e+00,4.908959e-01,2.300054e+00
4.640847e-02,1.817615e+00,4.767834e-01,2.377673e+00
4.641347e-02,1.816099e+00,4.623699e-01,2.456947e+00
4.641847e-02,1.814503e+00,4.476707e-01,2.537793e+00
4.642347e-02,1.812823e+00,4.327017e-01,2.620122e+00
4.642847e-02,1.811054e+00,4.174794e-01,2.703845e+00
4.643347e-02,1.809190e+00,4.020203e-01,2.788870e+00
4.643847e-02,1.807225e+00,3.863416e-01,2.875103e+00
4.644347e-02,1.805152e+00,3.704608e-01,2.962448e+00
4.644847e-02,1.802962e+00,3.543959e-01,3.050805e+00
4.645347e-02,1.800647e+00,3.381653e-01,3.140073e+00
4.645847e-02,1.798195e+00,3.217880e-01,3.230149e+00
4.646347e-02,1.795594e+00,3.052835e-01,3.320924e+00
4.646847e-02,1.792831e+00,2.886718e-01,3.412288e+00
4.647347e-02,1.789888e+00,2.719736e-01,3.504128e+00
4.647847e-02,1.786747e+00,2.552107e-01,3.596325e+00
4.648347e-02,1.783383e+00,2.384054e-01,3.688754e+00
4.648847e-02,1.779769e+00,2.215813e-01,3.781287e+00
4.649347e-02,1.775872e+00,2.047635e-01,3.873785e+00
4.649847e-02,1.771650e+00,1.879789e-01,3.966101e+00
4.650347e-02,1.767051e+00,1.712566e-01,4.058075e+00
4.650847e-02,1.762011e+00,1.546288e-01,4.149528e+00
4.651347e-02,1.756445e+00,1.381320e-01,4.240261e+00
4.651847e-02,1.750244e+00,1.218089e-01,4.330039e+00
4.652347e-02,1.743258e+00,1.057103e-01,4.418582e+00
4.652847e-02,1.735217e+00,8.991509e-02,4.505457e+00
4.653347e-02,1.725924e+00,7.448512e-02,4.590323e+00
4.653847e-02,1.714885e+00,5.954966e-02,4.672470e+00
4.654347e-02,1.701348e+00,4.529567e-02,4.750870e+00
4.654847e-02,1.684194e+00,3.199366e-02,4.824035e+00
4.655347e-02,1.661317e+00,2.013731e-02,4.889252e+00
4.655847e-02,1.629262e+00,1.052441e-02,4.942134e+00
4.656347e-02,1.583590e+00,4.176670e-03,4.977062e+00
4.656847e-02,1.523713e+00,1.242889e-03,4.993208e+00
4.657347e-02,1.455928e+00,3.152028e-04,4.998305e+00
4.657847e-02,1.386126e+00,7.672486e-05,4.999604e+00
4.658347e-02,1.316624e+00,1.878979e-05,4.999914e+00
4.658847e-02,1.248097e+00,4.693210e-06,4.999986e+00
4.659347e-02,1.180758e+00,1.200791e-06,5.000001e+00
4.659847e-02,1.114709e+00,3.153618e-07,5.000003e+00
4.660347e-02,1.050025e+00,8.514208e-08,5.000003e+00
4.660847e-02,9.867707e-01,2.366207e-08,5.000002e+00
4.661347e-02,9.250098e-01,6.777796e-09,5.000001e+00
4.661847e-02,8.648031e-01,2.003495e-09,5.000001e+00
4.662347e-02,8.062102e-01,6.118927e-10,5.000001e+00
4.662847e-02,7.492888e-01,1.933112e-10,5.000000e+00
4.663347e-02,6.940952e-01,6.324558e-11,5.000000e+00
4.663847e-02,6.406837e-01,2.145213e-11,5.000000e+00
4.664347e-02,5.891072e-01,7.551468e-12,5.000000e+00
4.664847e-02,5.394165e-01,2.761836e-12,5.000000e+00
4.665347e-02,4.916607e-01,1.050321e-12,5.000000e+00
4.665847e-02,4.458868e-01,4.160626e-13,5.000000e+00
4.666347e-02,4.021401e-01,1.714395e-13,5.000000e+00
4.666847e-02,3.604638e-01,7.386127e-14,5.000000e+00
4.667347e-02,3.208989e-01,3.303428e-14,5.000000e+00
4.667847e-02,2.834845e-01,1.558541e-14,5.000000e+00
4.668347e-02,2.482576e-01,7.453890e-15,5.000000e+00
4.668847e-02,2.152528e-01,3.726945e-15,5.000000e+00
4.669347e-02,1.845029e-01,1.863472e-15,5.000000e+00
4.669847e-02,1.560380e-01,1.185846e-15,5.000000e+00
4.670347e-02,1.298863e-01,6.776264e-16,5.000000e+00
4.670847e-02,1.060737e-01,3.388132e-16,5.000000e+00
4.671347e-02,8.462359e-02,1.694066e-16,5.000000e+00
4.671847e-02,6.555715e-02,0.000000e+00,5.000000e+00
4.672347e-02,4.889322e-02,-1.694066e-16,5.000000e+00
4.672847e-02,3.464823e-02,0.000000e+00,5.000000e+00
4.673347e-02,2.283624e-02,0.000000e+00,5.000000e+00
4.673847e-02,1.346892e-02,0.000000e+00,5.000000e+00
4.674347e-02,6.555505e-03,0.000000e+00,5.000000e+00
4.674847e-02,2.102817e-03,0.000000e+00,5.000000e+00
4.675347e-02,1.152528e-04,1.694066e-16,5.000000e+00
4.675847e-02,5.947727e-04,0.000000e+00,5.000000e+00
4.676347e-02,3.540904e-03,0.000000e+00,5.000000e+00
4.676847e-02,8.950739e-03,0.000000e+00,5.000000e+00
4.677347e-02,1.681894e-02,0.000000e+00,5.000000e+00
4.677847e-02,2.713774e-02,0.000000e+00,5.000000e+00
4.678347e-02,3.989695e-02,0.000000e+00,5.000000e+00
4.678847e-02,5.508399e-02,0.000000e+00,5.000000e+00
4.679347e-02,7.268387e-02,3.388132e-16,5.000000e+00
4.679847e-02,9.267922e-02,0.000000e+00,5.000000e+00
4.680347e-02,1.150503e-01,3.388132e-16,5.000000e+00
4.680847e-02,1.397750e-01,1.016440e-15,5.000000e+00
4.681347e-02,1.668290e-01,1.185846e-15,5.000000e+00
4.681847e-02,1.961856e-01,2.710505e-15,5.000000e+00
4.682347e-02,2.278157e-01,4.573978e-15,5.000000e+00
4.682847e-02,2.616882e-01,9.825582e-15,5.000000e+00
4.683347e-02,2.977697e-01,2.049820e-14,5.000000e+00
4.683847e-02,3.360245e-01,4.455393e-14,5.000000e+00
4.684347e-02,3.764149e-01,1.019828e-13,5.000000e+00
4.684847e-02,4.189009e-01,2.407268e-13,5.000000e+00
4.685347e-02,4.634408e-01,5.930925e-13,5.000000e+00
4.685847e-02,5.099906e-01,1.522457e-12,5.000000e+00
4.686347e-02,5.585042e-01,4.064233e-12,5.000000e+00
4.686847e-02,6.089338e-01,1.128062e-11,5.000000e+00
4.687347e-02,6.612297e-01,3.251556e-11,5.000000e+00
4.687847e-02,7.153403e-01,9.723040e-11,5.000000e+00
4.688347e-02,7.712121e-01,3.012959e-10,5.000000e+00
4.688847e-02,8.287900e-01,9.664575e-10,5.000000e+00
4.689347e-02,8.880171e-01,3.205322e-09,5.000000e+00
4.689847e-02,9.488351e-01,1.097857e-08,5.000000e+00
4.690347e-02,1.011184e+00,3.878622e-08,5.000000e+00
4.690847e-02,1.075001e+00,1.411637e-07,4.999999e+00
4.691347e-02,1.140224e+00,5.285924e-07,4.999997e+00
4.691847e-02,1.206784e+00,2.033634e-06,4.999989e+00
4.692347e-02,1.274600e+00,8.025466e-06,4.999956e+00
4.692847e-02,1.343544e+00,3.240290e-05,4.999822e+00
4.693347e-02,1.413293e+00,1.329752e-04,4.999269e+00
4.693847e-02,1.482747e+00,5.424789e-04,4.997020e+00
4.694347e-02,1.548363e+00,2.047274e-03,4.988752e+00
4.694847e-02,1.603171e+00,6.207462e-03,4.965889e+00
4.695347e-02,1.643087e+00,1.393110e-02,4.923427e+00
4.695847e-02,1.671026e+00,2.454206e-02,4.865070e+00
4.696347e-02,1.691365e+00,3.703356e-02,4.796363e+00
4.696847e-02,1.706961e+00,5.074184e-02,4.720962e+00
4.697347e-02,1.719379e+00,6.529627e-02,4.640907e+00
4.697847e-02,1.729742e+00,8.042540e-02,4.557692e+00
4.698347e-02,1.738473e+00,9.601647e-02,4.471938e+00
4.698847e-02,1.746045e+00,1.119449e-01,4.384328e+00
4.699347e-02,1.752647e+00,1.281507e-01,4.295194e+00
4.699847e-02,1.758610e+00,1.445416e-01,4.205043e+00
4.700347e-02,1.763977e+00,1.610900e-01,4.114025e+00
4.700847e-02,1.768849e+00,1.777559e-01,4.022362e+00
4.701347e-02,1.773303e+00,1.945041e-01,3.930245e+00
4.701847e-02,1.777400e+00,2.113035e-01,3.837848e+00
4.702347e-02,1.781187e+00,2.281257e-01,3.745325e+00
4.702847e-02,1.784703e+00,2.449446e-01,3.652821e+00
4.703347e-02,1.787981e+00,2.617356e-01,3.560470e+00
4.703847e-02,1.791044e+00,2.784754e-01,3.468400e+00
4.704347e-02,1.793917e+00,2.951421e-01,3.376733e+00
4.704847e-02,1.796617e+00,3.117142e-01,3.285585e+00
4.705347e-02,1.799159e+00,3.281714e-01,3.195070e+00
4.705847e-02,1.801557e+00,3.444938e-01,3.105297e+00
4.706347e-02,1.803823e+00,3.606620e-01,3.016371e+00
4.706847e-02,1.805968e+00,3.766573e-01,2.928396e+00
4.707347e-02,1.807998e+00,3.924616e-01,2.841472e+00
4.707847e-02,1.809924e+00,4.080569e-01,2.755698e+00
4.708347e-02,1.811750e+00,4.234259e-01,2.671168e+00
4.708847e-02,1.813484e+00,4.385516e-01,2.587976e+00
4.709347e-02,1.815131e+00,4.534176e-01,2.506212e+00
4.709847e-02,1.816696e+00,4.680076e-01,2.425967e+00
4.710347e-02,1.818183e+00,4.823059e-01,2.347326e+00
4.710847e-02,1.819595e+00,4.962972e-01,2.270373e+00
4.711347e-02,1.820938e+00,5.099666e-01,2.195191e+00
4.711847e-02,1.822213e+00,5.232996e-01,2.121859e+00
4.712347e-02,1.823423e+00,5.362820e-01,2.050455e+00
4.712847e-02,1.824572e+00,5.489002e-01,1.981054e+00
4.713347e-02,1.825662e+00,5.611409e-01,1.913730e+00
4.713847e-02,1.826694e+00,5.729914e-01,1.848551e+00
4.714347e-02,1.827672e+00,5.844392e-01,1.785588e+00
4.714847e-02,1.828596e+00,5.954724e-01,1.724905e+00
4.715347e-02,1.829468e+00,6.060795e-01,1.666565e+00
4.715847e-02,1.830290e+00,6.162496e-01,1.610629e+00
4.716347e-02,1.831063e+00,6.259721e-01,1.557155e+00
4.716847e-02,1.831789e+00,6.352369e-01,1.506197e+00
4.717347e-02,1.832469e+00,6.440345e-01,1.457810e+00
4.717847e-02,1.833103e+00,6.523558e-01,1.412042e+00
4.718347e-02,1.833693e+00,6.601923e-01,1.368941e+00
4.718847e-02,1.834239e+00,6.675358e-01,1.328551e+00
4.719347e-02,1.834743e+00,6.743788e-01,1.290914e+00
4.719847e-02,1.835205e+00,6.807143e-01,1.256068e+00
4.720347e-02,1.835626e+00,6.865358e-01,1.224050e+00
4.720847e-02,1.836006e+00,6.918373e-01,1.194891e+00
4.721347e-02,1.836345e+00,6.966133e-01,1.168622e+00
4.721847e-02,1.836646e+00,7.008591e-01,1.145270e+00
4.722347e-02,1.836906e+00,7.045702e-01,1.124858e+00
4.722847e-02,1.837128e+00,7.077428e-01,1.107408e+00
4.723347e-02,1.837312e+00,7.103738e-01,1.092937e+00
4.723847e-02,1.837457e+00,7.124603e-01,1.081461e+00
4.724347e-02,1.837563e+00,7.140003e-01,1.072990e+00
4.724847e-02,1.837632e+00,7.149922e-01,1.067535e+00
4.725347e-02,1.837662e+00,7.154349e-01,1.065099e+00
4.725847e-02,1.837655e+00,7.153281e-01,1.065686e+00
4.726347e-02,1.837610e+00,7.146718e-01,1.069295e+00
4.726847e-02,1.837526e+00,7.134667e-01,1.075922e+00
4.727347e-02,1.837405e+00,7.117141e-01,1.085561e+00
4.727847e-02,1.837245e+00,7.094157e-01,1.098202e+00
4.728347e-02,1.837047e+00,7.065738e-01,1.113832e+00
4.728847e-02,1.836810e+00,7.031915e-01,1.132434e+00
4.729347e-02,1.836534e+00,6.992721e-01,1.153991e+00
4.729847e-02,1.836218e+00,6.948196e-01,1.178479e+00
4.730347e-02,1.835863e+00,6.898387e-01,1.205873e+00
4.730847e-02,1.835467e+00,6.843344e-01,1.236147e+00
4.731347e-02,1.835030e+00,6.783124e-01,1.269267e+00
4.731847e-02,1.834552e+00,6.717788e-01,1.305202e+00
4.732347e-02,1.834032e+00,6.647404e-01,1.343913e+00
4.732847e-02,1.833469e+00,6.572043e-01,1.385361e+00
4.733347e-02,1.832862e+00,6.491784e-01,1.429503e+00
4.733847e-02,1.832210e+00,6.406709e-01,1.476294e+00
4.734347e-02,1.831513e+00,6.316906e-01,1.525685e+00
4.734847e-02,1.830769e+00,6.222467e-01,1.577626e+00
4.735347e-02,1.829976e+00,6.123490e-01,1.632063e+00
4.735847e-02,1.829135e+00,6.020078e-01,1.688940e+00
4.736347e-02,1.828243e+00,5.912337e-01,1.748198e+00
4.736847e-02,1.827299e+00,5.800379e-01,1.809774e+00
4.737347e-02,1.826300e+00,5.684321e-01,1.873606e+00
4.737847e-02,1.825246e+00,5.564285e-01,1.939626e+00
4.738347e-02,1.824134e+00,5.440394e-01,2.007765e+00
4.738847e-02,1.822961e+00,5.312781e-01,2.077953e+00
4.739347e-02,1.821726e+00,5.181577e-01,2.150114e+00
4.739847e-02,1.820425e+00,5.046922e-01,2.224174e+00
4.740347e-02,1.819056e+00,4.908959e-01,2.300054e+00
4.740847e-02,1.817615e+00,4.767834e-01,2.377673e+00
4.741347e-02,1.816099e+00,4.623699e-01,2.456947e+00
4.741847e-02,1.814503e+00,4.476707e-01,2.537793e+00
4.742347e-02,1.812823e+00,4.327017e-01,2.620122e+00
4.742847e-02,1.811054e+00,4.174794e-01,2.703845e+00
4.743347e-02,1.809190e+00,4.020203e-01,2.788870e+00
4.743847e-02,1.807225e+00,3.863416e-01,2.875103e+00
4.744347e-02,1.805152e+00,3.704608e-01,2.962448e+00
4.744847e-02,1.802962e+00,3.543959e-01,3.050805e+00
4.745347e-02,1.800647e+00,3.381653e-01,3.140073e+00
4.745847e-02,1.798195e+00,3.217880e-01,3.230149e+00
4.746347e-02,1.795594e+00,3.052835e-01,3.320924e+00
4.746847e-02,1.792831e+00,2.886718e-01,3.412288e+00
4.747347e-02,1.789888e+00,2.719736e-01,3.504128e+00
4.747847e-02,1.786747e+00,2.552107e-01,3.596325e+00
4.748347e-02,1.783383e+00,2.384054e-01,3.688754e+00
4.748847e-02,1.779769e+00,2.215813e-01,3.781287e+00
4.749347e-02,1.775872e+00,2.047635e-01,3.873785e+00
4.749847e-02,1.771650e+00,1.879789e-01,3.966101e+00
4.750347e-02,1.767051e+00,1.712566e-01,4.058075e+00
4.750847e-02,1.762011e+00,1.546288e-01,4.149528e+00
4.751347e-02,1.756445e+00,1.381320e-01,4.240261e+00
4.751847e-02,1.750244e+00,1.218089e-01,4.330039e+00
4.752347e-02,1.743258e+00,1.057104e-01,4.418582e+00
4.752847e-02,1.735217e+00,8.991509e-02,4.505457e+00
4.753347e-02,1.725924e+00,7.448512e-02,4.590323e+00
4.753847e-02,1.714885e+00,5.954967e-02,4.672470e+00
4.754347e-02,1.701348e+00,4.529567e-02,4.750870e+00
4.754847e-02,1.684194e+00,3.199367e-02,4.824035e+00
4.755347e-02,1.661317e+00,2.013731e-02,4.889252e+00
4.755847e-02,1.629262e+00,1.052442e-02,4.942134e+00
4.756347e-02,1.583590e+00,4.176671e-03,4.977062e+00
4.756847e-02,1.523713e+00,1.242889e-03,4.993208e+00
4.757347e-02,1.455928e+00,3.152029e-04,4.998305e+00
4.757847e-02,1.386126e+00,7.672489e-05,4.999604e+00
4.758347e-02,1.316624e+00,1.878980e-05,4.999914e+00
4.758847e-02,1.248097e+00,4.693212e-06,4.999986e+00
4.759347e-02,1.180758e+00,1.200791e-06,5.000001e+00
4.759847e-02,1.114709e+00,3.153619e-07,5.000003e+00
4.760347e-02,1.050025e+00,8.514210e-08,5.000003e+00
4.760847e-02,9.867708e-01,2.366208e-08,5.000002e+00
4.761347e-02,9.250098e-01,6.777798e-09,5.000001e+00
4.761847e-02,8.648031e-01,2.003496e-09,5.000001e+00
4.762347e-02,8.062102e-01,6.118925e-10,5.000001e+00
4.762847e-02,7.492888e-01,1.933114e-10,5.000000e+00
4.763347e-02,6.940952e-01,6.324541e-11,5.000000e+00
4.763847e-02,6.406837e-01,2.145179e-11,5.000000e+00
4.764347e-02,5.891072e-01,7.551299e-12,5.000000e+00
4.764847e-02,5.394165e-01,2.762005e-12,5.000000e+00
4.765347e-02,4.916607e-01,1.050321e-12,5.000000e+00
4.765847e-02,4.458868e-01,4.158932e-13,5.000000e+00
4.766347e-02,4.021401e-01,1.714395e-13,5.000000e+00
4.766847e-02,3.604638e-01,7.369187e-14,5.000000e+00
4.767347e-02,3.208989e-01,3.286488e-14,5.000000e+00
4.767847e-02,2.834845e-01,1.558541e-14,5.000000e+00
4.768347e-02,2.482576e-01,7.453890e-15,5.000000e+00
4.768847e-02,2.152528e-01,3.726945e-15,5.000000e+00
4.769347e-02,1.845029e-01,1.694066e-15,5.000000e+00
4.769847e-02,1.560380e-01,1.016440e-15,5.000000e+00
4.770347e-02,1.298863e-01,8.470329e-16,5.000000e+00
4.770847e-02,1.060737e-01,6.776264e-16,5.000000e+00
4.771347e-02,8.462359e-02,1.694066e-16,5.000000e+00
4.771847e-02,6.555715e-02,1.694066e-16,5.000000e+00
4.772347e-02,4.889322e-02,0.000000e+00,5.000000e+00
4.772847e-02,3.464823e-02,0.000000e+00,5.000000e+00
4.773347e-02,2.283625e-02,0.000000e+00,5.000000e+00
4.773847e-02,1.346892e-02,0.000000e+00,5.000000e+00
4.774347e-02,6.555506e-03,0.000000e+00,5.000000e+00
4.774847e-02,2.102818e-03,0.000000e+00,5.000000e+00
4.775347e-02,1.152530e-04,0.000000e+00,5.000000e+00
4.775847e-02,5.947723e-04,1.694066e-16,5.000000e+00
4.776347e-02,3.540903e-03,-3.388132e-16,5.000000e+00
4.776847e-02,8.950737e-03,0.000000e+00,5.000000e+00
4.777347e-02,1.681894e-02,-1.694066e-16,5.000000e+00
4.777847e-02,2.713774e-02,0.000000e+00,5.000000e+00
4.778347e-02,3.989695e-02,1.694066e-16,5.000000e+00
4.778847e-02,5.508399e-02,1.694066e-16,5.000000e+00
4.779347e-02,7.268387e-02,0.000000e+00,5.000000e+00
4.779847e-02,9.267921e-02,0.000000e+00,5.000000e+00
4.780347e-02,1.150503e-01,5.082198e-16,5.000000e+00
4.780847e-02,1.397750e-01,8.470329e-16,5.000000e+00
4.781347e-02,1.668290e-01,1.355253e-15,5.000000e+00
4.781847e-02,1.961856e-01,2.710505e-15,5.000000e+00
4.782347e-02,2.278157e-01,4.573978e-15,5.000000e+00
4.782847e-02,2.616882e-01,9.825582e-15,5.000000e+00
4.783347e-02,2.977697e-01,2.049820e-14,5.000000e+00
4.783847e-02,3.360245e-01,4.455393e-14,5.000000e+00
4.784347e-02,3.764148e-01,1.019828e-13,5.000000e+00
4.784847e-02,4.189009e-01,2.407268e-13,5.000000e+00
4.785347e-02,4.634408e-01,5.930925e-13,5.000000e+00
4.785847e-02,5.099906e-01,1.522457e-12,5.000000e+00
4.786347e-02,5.585042e-01,4.064233e-12,5.000000e+00
4.786847e-02,6.089338e-01,1.128062e-11,5.000000e+00
4.787347e-02,6.612297e-01,3.251556e-11,5.000000e+00
4.787847e-02,7.153403e-01,9.723040e-11,5.000000e+00
4.788347e-02,7.712121e-01,3.012959e-10,5.000000e+00
4.788847e-02,8.287900e-01,9.664570e-10,5.000000e+00
4.789347e-02,8.880171e-01,3.205321e-09,5.000000e+00
4.789847e-02,9.488351e-01,1.097857e-08,5.000000e+00
4.790347e-02,1.011184e+00,3.878621e-08,5.000000e+00
4.790847e-02,1.075001e+00,1.411637e-07,4.999999e+00
4.791347e-02,1.140224e+00,5.285922e-07,4.999997e+00
4.791847e-02,1.206784e+00,2.033633e-06,4.999989e+00
4.792347e-02,1.274600e+00,8.025463e-06,4.999956e+00
4.792847e-02,1.343544e+00,3.240289e-05,4.999822e+00
4.793347e-02,1.413292e+00,1.329751e-04,4.999269e+00
4.793847e-02,1.482747e+00,5.424787e-04,4.997020e+00
4.794347e-02,1.548363e+00,2.047273e-03,4.988752e+00
4.794847e-02,1.603171e+00,6.207460e-03,4.965889e+00
4.795347e-02,1.643087e+00,1.393110e-02,4.923427e+00
4.795847e-02,1.671026e+00,2.454206e-02,4.865070e+00
4.796347e-02,1.691365e+00,3.703355e-02,4.796363e+00
4.796847e-02,1.706961e+00,5.074184e-02,4.720962e+00
4.797347e-02,1.719379e+00,6.529626e-02,4.640907e+00
4.797847e-02,1.729742e+00,8.042540e-02,4.557692e+00
4.798347e-02,1.738473e+00,9.601646e-02,4.471938e+00
4.798847e-02,1.746045e+00,1.119449e-01,4.384328e+00
4.799347e-02,1.752647e+00,1.281507e-01,4.295194e+00
4.799847e-02,1.758610e+00,1.445416e-01,4.205043e+00
4.800347e-02,1.763977e+00,1.610900e-01,4.114025e+00
4.800847e-02,1.768849e+00,1.777558e-01,4.022362e+00
4.801347e-02,1.773303e+00,1.945041e-01,3.930245e+00
4.801847e-02,1.777400e+00,2.113035e-01,3.837848e+00
4.802347e-02,1.781187e+00,2.281257e-01,3.745325e+00
4.802847e-02,1.784703e+00,2.449446e-01,3.652821e+00
4.803347e-02,1.787981e+00,2.617355e-01,3.560470e+00
4.803847e-02,1.791044e+00,2.784754e-01,3.468400e+00
4.804347e-02,1.793917e+00,2.951421e-01,3.376733e+00
4.804847e-02,1.796617e+00,3.117142e-01,3.285585e+00
4.805347e-02,1.799159e+00,3.281714e-01,3.195070e+00
4.805847e-02,1.801557e+00,3.444938e-01,3.105297e+00
4.806347e-02,1.803823e+00,3.606620e-01,3.016371e+00
4.806847e-02,1.805968e+00,3.766573e-01,2.928396e+00
4.807347e-02,1.807998e+00,3.924616e-01,2.841472e+00
4.807847e-02,1.809924e+00,4.080569e-01,2.755698e+00
4.808347e-02,1.811750e+00,4.234259e-01,2.671168e+00
4.808847e-02,1.813484e+00,4.385516e-01,2.587976e+00
4.809347e-02,1.815131e+00,4.534176e-01,2.506212e+00
4.809847e-02,1.816696e+00,4.680076e-01,2.425967e+00
4.810347e-02,1.818183e+00,4.823059e-01,2.347326e+00
4.810847e-02,1.819595e+00,4.962972e-01,2.270373e+00
4.811347e-02,1.820938e+00,5.099666e-01,2.195191e+00
4.811847e-02,1.822213e+00,5.232996e-01,2.121859e+00
4.812347e-02,1.823423e+00,5.362820e-01,2.050455e+00
4.812847e-02,1.824572e+00,5.489002e-01,1.981054e+00
4.813347e-02,1.825662e+00,5.611409e-01,1.913730e+00
4.813847e-02,1.826694e+00,5.729914e-01,1.848551e+00
4.814347e-02,1.827672e+00,5.844392e-01,1.785588e+00
4.814847e-02,1.828596e+00,5.954724e-01,1.724905e+00
4.815347e-02,1.829468e+00,6.060795e-01,1.666565e+00
4.815847e-02,1.830290e+00,6.162496e-01,1.610629e+00
4.816347e-02,1.831063e+00,6.259721e-01,1.557155e+00
4.816847e-02,1.831789e+00,6.352369e-01,1.506197e+00
4.817347e-02,1.832469e+00,6.440345e-01,1.457810e+00
4.817847e-02,1.833103e+00,6.523558e-01,1.412042e+00
4.818347e-02,1.833693e+00,6.601923e-01,1.368941e+00
4.818847e-02,1.834239e+00,6.675358e-01,1.328551e+00
4.819347e-02,1.834743e+00,6.743788e-01,1.290914e+00
4.819847e-02,1.835205e+00,6.807143e-01,1.256068e+00
4.820347e-02,1.835626e+00,6.865358e-01,1.224050e+00
4.820847e-02,1.836006e+00,6.918373e-01,1.194891e+00
4.821347e-02,1.836345e+00,6.966133e-01,1.168622e+00
4.821847e-02,1.836646e+00,7.008591e-01,1.145270e+00
4.822347e-02,1.836906e+00,7.045702e-01,1.124858e+00
4.822847e-02,1.837128e+00,7.077428e-01,1.107408e+00
4.823347e-02,1.837312e+00,7.103738e-01,1.092937e+00
4.823847e-02,1.837457e+00,7.124603e-01,1.081461e+00
4.824347e-02,1.837563e+00,7.140003e-01,1.072990e+00
4.824847e-02,1.837632e+00,7.149922e-01,1.067535e+00
4.825347e-02,1.837662e+00,7.154349e-01,1.065099e+00
4.825847e-02,1.837655e+00,7.153281e-01,1.065686e+00
4.826347e-02,1.837610e+00,7.146718e-01,1.069295e+00
4.826847e-02,1.837526e+00,7.134667e-01,1.075922e+00
4.827347e-02,1.837405e+00,7.117141e-01,1.085561e+00
4.827847e-02,1.837245e+00,7.094157e-01,1.098202e+00
4.828347e-02,1.837047e+00,7.065738e-01,1.113832e+00
4.828847e-02,1.836810e+00,7.031915e-01,1.132434e+00
4.829347e-02,1.836534e+00,6.992721e-01,1.153991e+00
4.829847e-02,1.836218e+00,6.948196e-01,1.178479e+00
4.830347e-02,1.835863e+00,6.898387e-01,1.205873e+00
4.830847e-02,1.835467e+00,6.843344e-01,1.236147e+00
4.831347e-02,1.835030e+00,6.783124e-01,1.269267e+00
4.831847e-02,1.834552e+00,6.717788e-01,1.305202e+00
4.832347e-02,1.834032e+00,6.647404e-01,1.343913e+00
4.832847e-02,1.833469e+00,6.572043e-01,1.385361e+00
4.833347e-02,1.832862e+00,6.491784e-01,1.429503e+00
4.833847e-02,1.832210e+00,6.406709e-01,1.476294e+00
4.834347e-02,1.831513e+00,6.316906e-01,1.525685e+00
4.834847e-02,1.830769e+00,6.222467e-01,1.577626e+00
4.835347e-02,1.829976e+00,6.123490e-01,1.632063e+00
4.835847e-02,1.829135e+00,6.020078e-01,1.688940e+00
4.836347e-02,1.828243e+00,5.912337e-01,1.748198e+00
4.836847e-02,1.827299e+00,5.800379e-01,1.809774e+00
4.837347e-02,1.826300e+00,5.684321e-01,1.873606e+00
4.837847e-02,1.825246e+00,5.564285e-01,1.939626e+00
4.838347e-02,1.824134e+00,5.440395e-01,2.007765e+00
4.838847e-02,1.822961e+00,5.312781e-01,2.077953e+00
4.839347e-02,1.821726e+00,5.181577e-01,2.150114e+00
4.839847e-02,1.820425e+00,5.046922e-01,2.224174e+00
4.840347e-02,1.819056e+00,4.908959e-01,2.300054e+00
4.840847e-02,1.817615e+00,4.767835e-01,2.377673e+00
4.841347e-02,1.816099e+00,4.623699e-01,2.456947e+00
4.841847e-02,1.814503e+00,4.476707e-01,2.537793e+00
4.842347e-02,1.812823e+00,4.327017e-01,2.620122e+00
4.842847e-02,1.811054e+00,4.174794e-01,2.703845e+00
4.843347e-02,1.809190e+00,4.020203e-01,2.788870e+00
4.843847e-02,1.807225e+00,3.863416e-01,2.875103e+00
4.844347e-02,1.805152e+00,3.704608e-01,2.962448e+00
4.844847e-02,1.802962e+00,3.543959e-01,3.050805e+00
4.845347e-02,1.800647e+00,3.381653e-01,3.140073e+00
4.845847e-02,1.798195e+00,3.217880e-01,3.230149e+00
4.846347e-02,1.795594e+00,3.052835e-01,3.320924e+00
4.846847e-02,1.792831e+00,2.886718e-01,3.412288e+00
4.847347e-02,1.789888e+00,2.719737e-01,3.504128e+00
4.847847e-02,1.786747e+00,2.552107e-01,3.596325e+00
4.848347e-02,1.783383e+00,2.384054e-01,3.688754e+00
4.848847e-02,1.779769e+00,2.215813e-01,3.781287e+00
4.849347e-02,1.775872e+00,2.047636e-01,3.873785e+00
4.849847e-02,1.771650e+00,1.879789e-01,3.966101e+00
4.850347e-02,1.767051e+00,1.712566e-01,4.058075e+00
4.850847e-02,1.762011e+00,1.546288e-01,4.149528e+00
4.851347e-02,1.756445e+00,1.381321e-01,4.240261e+00
4.851847e-02,1.750244e+00,1.218089e-01,4.330039e+00
4.852347e-02,1.743258e+00,1.057104e-01,4.418582e+00
4.852847e-02,1.735217e+00,8.991509e-02,4.505457e+00
4.853347e-02,1.725924e+00,7.448513e-02,4.590323e+00
4.853847e-02,1.714885e+00,5.954967e-02,4.672470e+00
4.854347e-02,1.701348e+00,4.529568e-02,4.750870e+00
4.854847e-02,1.684194e+00,3.199367e-02,4.824035e+00
4.855347e-02,1.661317e+00,2.013732e-02,4.889252e+00
4.855847e-02,1.629262e+00,1.052442e-02,4.942134e+00
4.856347e-02,1.583590e+00,4.176672e-03,4.977062e+00
4.856847e-02,1.523713e+00,1.242889e-03,4.993208e+00
4.857347e-02,1.455928e+00,3.152030e-04,4.998305e+00
4.857847e-02,1.386126e+00,7.672491e-05,4.999604e+00
4.858347e-02,1.316624e+00,1.878980e-05,4.999914e+00
4.858847e-02,1.248097e+00,4.693213e-06,4.999986e+00
4.859347e-02,1.180758e+00,1.200792e-06,5.000001e+00
4.859847e-02,1.114709e+00,3.153620e-07,5.000003e+00
4.860347e-02,1.050025e+00,8.514213e-08,5.000003e+00
4.860847e-02,9.867708e-01,2.366209e-08,5.000002e+00
4.861347e-02,9.250098e-01,6.777800e-09,5.000001e+00
4.861847e-02,8.648032e-01,2.003496e-09,5.000001e+00
4.862347e-02,8.062102e-01,6.118925e-10,5.000001e+00
4.862847e-02,7.492888e-01,1.933116e-10,5.000000e+00
4.863347e-02,6.940952e-01,6.324541e-11,5.000000e+00
4.863847e-02,6.406837e-01,2.145196e-11,5.000000e+00
4.864347e-02,5.891072e-01,7.551468e-12,5.000000e+00
4.864847e-02,5.394165e-01,2.761497e-12,5.000000e+00
4.865347e-02,4.916607e-01,1.050151e-12,5.000000e+00
4.865847e-02,4.458868e-01,4.160626e-13,5.000000e+00
4.866347e-02,4.021402e-01,1.714395e-13,5.000000e+00
4.866847e-02,3.604638e-01,7.352246e-14,5.000000e+00
4.867347e-02,3.208989e-01,3.303428e-14,5.000000e+00
4.867847e-02,2.834845e-01,1.558541e-14,5.000000e+00
4.868347e-02,2.482576e-01,7.453890e-15,5.000000e+00
4.868847e-02,2.152528e-01,3.726945e-15,5.000000e+00
4.869347e-02,1.845029e-01,1.863472e-15,5.000000e+00
4.869847e-02,1.560380e-01,1.016440e-15,5.000000e+00
4.870347e-02,1.298864e-01,8.470329e-16,5.000000e+00
4.870847e-02,1.060737e-01,3.388132e-16,5.000000e+00
4.871347e-02,8.462359e-02,0.000000e+00,5.000000e+00
4.871847e-02,6.555716e-02,1.694066e-16,5.000000e+00
4.872347e-02,4.889322e-02,1.694066e-16,5.000000e+00
4.872847e-02,3.464823e-02,-1.694066e-16,5.000000e+00
4.873347e-02,2.283625e-02,-1.694066e-16,5.000000e+00
4.873847e-02,1.346892e-02,0.000000e+00,5.000000e+00
4.874347e-02,6.555507e-03,0.000000e+00,5.000000e+00
4.874847e-02,2.102819e-03,1.694066e-16,5.000000e+00
4.875347e-02,1.152532e-04,-1.694066e-16,5.000000e+00
4.875847e-02,5.947719e-04,-1.694066e-16,5.000000e+00
4.876347e-02,3.540902e-03,0.000000e+00,5.000000e+00
4.876847e-02,8.950735e-03,-1.694066e-16,5.000000e+00
4.877347e-02,1.681893e-02,-3.388132e-16,5.000000e+00
4.877847e-02,2.713773e-02,0.000000e+00,5.000000e+00
4.878347e-02,3.989695e-02,0.000000e+00,5.000000e+00
4.878847e-02,5.508399e-02,0.000000e+00,5.000000e+00
4.879347e-02,7.268386e-02,3.388132e-16,5.000000e+00
4.879847e-02,9.267921e-02,0.000000e+00,5.000000e+00
4.880347e-02,1.150503e-01,3.388132e-16,5.000000e+00
4.880847e-02,1.397750e-01,1.016440e-15,5.000000e+00
4.881347e-02,1.668290e-01,1.185846e-15,5.000000e+00
4.881847e-02,1.961856e-01,2.710505e-15,5.000000e+00
4.882347e-02,2.278157e-01,4.573978e-15,5.000000e+00
4.882847e-02,2.616882e-01,9.825582e-15,5.000000e+00
4.883347e-02,2.977697e-01,2.049820e-14,5.000000e+00
4.883847e-02,3.360245e-01,4.455393e-14,5.000000e+00
4.884347e-02,3.764148e-01,1.019828e-13,5.000000e+00
4.884847e-02,4.189009e-01,2.407268e-13,5.000000e+00
4.885347e-02,4.634408e-01,5.930925e-13,5.000000e+00
4.885847e-02,5.099905e-01,1.522457e-12,5.000000e+00
4.886347e-02,5.585042e-01,4.064233e-12,5.000000e+00
4.886847e-02,6.089338e-01,1.128062e-11,5.000000e+00
4.887347e-02,6.612297e-01,3.251556e-11,5.000000e+00
4.887847e-02,7.153403e-01,9.723040e-11,5.000000e+00
4.888347e-02,7.712120e-01,3.012955e-10,5.000000e+00
4.888847e-02,8.287899e-01,9.664566e-10,5.000000e+00
4.889347e-02,8.880171e-01,3.205320e-09,5.000000e+00
4.889847e-02,9.488351e-01,1.097857e-08,5.000000e+00
4.890347e-02,1.011184e+00,3.878619e-08,5.000000e+00
4.890847e-02,1.075001e+00,1.411636e-07,4.999999e+00
4.891347e-02,1.140224e+00,5.285921e-07,4.999997e+00
4.891847e-02,1.206784e+00,2.033633e-06,4.999989e+00
4.892347e-02,1.274600e+00,8.025460e-06,4.999956e+00
4.892847e-02,1.343544e+00,3.240288e-05,4.999822e+00
4.893347e-02,1.413292e+00,1.329751e-04,4.999269e+00
4.893847e-02,1.482747e+00,5.424786e-04,4.997020e+00
4.894347e-02,1.548363e+00,2.047272e-03,4.988752e+00
4.894847e-02,1.603171e+00,6.207459e-03,4.965889e+00
4.895347e-02,1.643087e+00,1.393109e-02,4.923427e+00
4.895847e-02,1.671026e+00,2.454206e-02,4.865070e+00
4.896347e-02,1.691365e+00,3.703355e-02,4.796363e+00
4.896847e-02,1.706961e+00,5.074184e-02,4.720962e+00
4.897347e-02,1.719379e+00,6.529626e-02,4.640907e+00
4.897847e-02,1.729742e+00,8.042540e-02,4.557692e+00
4.898347e-02,1.738473e+00,9.601646e-02,4.471938e+00
4.898847e-02,1.746045e+00,1.119449e-01,4.384328e+00
4.899347e-02,1.752647e+00,1.281507e-01,4.295194e+00
4.899847e-02,1.758610e+00,1.445416e-01,4.205043e+00
4.900347e-02,1.763977e+00,1.610900e-01,4.114025e+00
4.900847e-02,1.768849e+00,1.777558e-01,4.022362e+00
4.901347e-02,1.773303e+00,1.945041e-01,3.930245e+00
4.901847e-02,1.777400e+00,2.113035e-01,3.837848e+00
4.902347e-02,1.781187e+00,2.281257e-01,3.745325e+00
4.902847e-02,1.784703e+00,2.449446e-01,3.652821e+00
4.903347e-02,1.787981e+00,2.617355e-01,3.560470e+00
4.903847e-02,1.791044e+00,2.784754e-01,3.468400e+00
4.904347e-02,1.793917e+00,2.951421e-01,3.376733e+00
4.904847e-02,1.796617e+00,3.117142e-01,3.285585e+00
4.905347e-02,1.799159e+00,3.281714e-01,3.195070e+00
4.905847e-02,1.801557e+00,3.444938e-01,3.105297e+00
4.906347e-02,1.803823e+00,3.606620e-01,3.016371e+00
4.906847e-02,1.805968e+00,3.766573e-01,2.928396e+00
4.907347e-02,1.807998e+00,3.924616e-01,2.841472e+00
4.907847e-02,1.809924e+00,4.080569e-01,2.755698e+00
4.908347e-02,1.811750e+00,4.234259e-01,2.671168e+00
4.908847e-02,1.813484e+00,4.385516e-01,2.587976e+00
4.909347e-02,1.815131e+00,4.534176e-01,2.506212e+00
4.909847e-02,1.816696e+00,4.680076e-01,2.425967e+00
4.910347e-02,1.818183e+00,4.823059e-01,2.347326e+00
4.910847e-02,1.819595e+00,4.962972e-01,2.270373e+00
4.911347e-02,1.820938e+00,5.099666e-01,2.195191e+00
4.911847e-02,1.822213e+00,5.232996e-01,2.121859e+00
4.912347e-02,1.823423e+00,5.362820e-01,2.050455e+00
4.912847e-02,1.824572e+00,5.489002e-01,1.981054e+00
4.913347e-02,1.825662e+00,5.611409e-01,1.913730e+00
4.913847e-02,1.826694e+00,5.729914e-01,1.848551e+00
4.914347e-02,1.827672e+00,5.844392e-01,1.785588e+00
4.914847e-02,1.828596e+00,5.954724e-01,1.724905e+00
4.915347e-02,1.829468e+00,6.060795e-01,1.666565e+00
4.915847e-02,1.830290e+00,6.162496e-01,1.610629e+00
4.916347e-02,1.831063e+00,6.259721e-01,1.557155e+00
4.916847e-02,1.831789e+00,6.352369e-01,1.506197e+00
4.917347e-02,1.832469e+00,6.440345e-01,1.457810e+00
4.917847e-02,1.833103e+00,6.523558e-01,1.412042e+00
4.918347e-02,1.833693e+00,6.601923e-01,1.368941e+00
4.918847e-02,1.834239e+00,6.675358e-01,1.328551e+00
4.919347e-02,1.834743e+00,6.743788e-01,1.290914e+00
4.919847e-02,1.835205e+00,6.807143e-01,1.256068e+00
4.920347e-02,1.835626e+00,6.865358e-01,1.224050e+00
4.920847e-02,1.836006e+00,6.918373e-01,1.194891e+00
4.921347e-02,1.836345e+00,6.966133e-01,1.168622e+00
4.921847e-02,1.836646e+00,7.008591e-01,1.145270e+00
4.922347e-02,1.836906e+00,7.045702e-01,1.124858e+00
4.922847e-02,1.837128e+00,7.077428e-01,1.107408e+00
4.923347e-02,1.837312e+00,7.103738e-01,1.092937e+00
4.923847e-02,1.837457e+00,7.124603e-01,1.081461e+00
4.924347e-02,1.837563e+00,7.140003e-01,1.072990e+00
4.924847e-02,1.837632e+00,7.149922e-01,1.067535e+00
4.925347e-02,1.837662e+00,7.154349e-01,1.065099e+00
4.925847e-02,1.837655e+00,7.153281e-01,1.065686e+00
4.926347e-02,1.837610e+00,7.146718e-01,1.069295e+00
4.926847e-02,1.837526e+00,7.134667e-01,1.075922e+00
4.927347e-02,1.837405e+00,7.117141e-01,1.085561e+00
4.927847e-02,1.837245e+00,7.094157e-01,1.098202e+00
4.928347e-02,1.837047e+00,7.065738e-01,1.113832e+00
4.928847e-02,1.836810e+00,7.031915e-01,1.132434e+00
4.929347e-02,1.836534e+00,6.992721e-01,1.153991e+00
4.929847e-02,1.836218e+00,6.948196e-01,1.178479e+00
4.930347e-02,1.835863e+00,6.898387e-01,1.205873e+00
4.930847e-02,1.835467e+00,6.843344e-01,1.236147e+00
4.931347e-02,1.835030e+00,6.783124e-01,1.269267e+00
4.931847e-02,1.834552e+00,6.717788e-01,1.305202e+00
4.932347e-02,1.834032e+00,6.647404e-01,1.343913e+00
4.932847e-02,1.833469e+00,6.572043e-01,1.385361e+00
4.933347e-02,1.832862e+00,6.491784e-01,1.429503e+00
4.933847e-02,1.832210e+00,6.406709e-01,1.476294e+00
4.934347e-02,1.831513e+00,6.316906e-01,1.525685e+00
4.934847e-02,1.830769e+00,6.222467e-01,1.577626e+00
4.935347e-02,1.829976e+00,6.123490e-01,1.632063e+00
4.935847e-02,1.829135e+00,6.020078e-01,1.688940e+00
4.936347e-02,1.828243e+00,5.912337e-01,1.748198e+00
4.936847e-02,1.827299e+00,5.800379e-01,1.809774e+00
4.937347e-02,1.826300e+00,5.684321e-01,1.873606e+00
4.937847e-02,1.825246e+00,5.564285e-01,1.939626e+00
4.938347e-02,1.824134e+00,5.440395e-01,2.007765e+00
4.938847e-02,1.822961e+00,5.312781e-01,2.077953e+00
4.939347e-02,1.821726e+00,5.181577e-01,2.150114e+00
4.939847e-02,1.820425e+00,5.046923e-01,2.224174e+00
4.940347e-02,1.819056e+00,4.908959e-01,2.300054e+00
4.940847e-02,1.817615e+00,4.767835e-01,2.377673e+00
4.941347e-02,1.816099e+00,4.623699e-01,2.456947e+00
4.941847e-02,1.814503e+00,4.476707e-01,2.537793e+00
4.942347e-02,1.812823e+00,4.327017e-01,2.620122e+00
4.942847e-02,1.811054e+00,4.174794e-01,2.703845e+00
4.943347e-02,1.809190e+00,4.020203e-01,2.788870e+00
4.943847e-02,1.807225e+00,3.863416e-01,2.875103e+00
4.944347e-02,1.805152e+00,3.704608e-01,2.962448e+00
4.944847e-02,1.802962e+00,3.543959e-01,3.050805e+00
4.945347e-02,1.800647e+00,3.381653e-01,3.140073e+00
4.945847e-02,1.798195e+00,3.217880e-01,3.230148e+00
4.946347e-02,1.795594e+00,3.052835e-01,3.320924e+00
4.946847e-02,1.792831e+00,2.886718e-01,3.412288e+00
4.947347e-02,1.789888e+00,2.719737e-01,3.504128e+00
4.947847e-02,1.786747e+00,2.552107e-01,3.596325e+00
4.948347e-02,1.783383e+00,2.384054e-01,3.688754e+00
4.948847e-02,1.779769e+00,2.215813e-01,3.781287e+00
4.949347e-02,1.775872e+00,2.047636e-01,3.873785e+00
4.949847e-02,1.771650e+00,1.879789e-01,3.966101e+00
4.950347e-02,1.767051e+00,1.712566e-01,4.058074e+00
4.950847e-02,1.762011e+00,1.546288e-01,4.149528e+00
4.951347e-02,1.756445e+00,1.381321e-01,4.240261e+00
4.951847e-02,1.750244e+00,1.218089e-01,4.330039e+00
4.952347e-02,1.743258e+00,1.057104e-01,4.418582e+00
4.952847e-02,1.735217e+00,8.991510e-02,4.505457e+00
4.953347e-02,1.725924e+00,7.448513e-02,4.590323e+00
4.953847e-02,1.714885e+00,5.954967e-02,4.672470e+00
4.954347e-02,1.701348e+00,4.529568e-02,4.750870e+00
4.954847e-02,1.684194e+00,3.199367e-02,4.824035e+00
4.955347e-02,1.661317e+00,2.013732e-02,4.889252e+00
4.955847e-02,1.629262e+00,1.052442e-02,4.942134e+00
4.956347e-02,1.583590e+00,4.176673e-03,4.977062e+00
4.956847e-02,1.523713e+00,1.242890e-03,4.993208e+00
4.957347e-02,1.455928e+00,3.152031e-04,4.998305e+00
4.957847e-02,1.386126e+00,7.672494e-05,4.999604e+00
4.958347e-02,1.316624e+00,1.878981e-05,4.999914e+00
4.958847e-02,1.248097e+00,4.693215e-06,4.999986e+00
4.959347e-02,1.180758e+00,1.200792e-06,5.000001e+00
4.959847e-02,1.114709e+00,3.153621e-07,5.000003e+00
4.960347e-02,1.050025e+00,8.514215e-08,5.000003e+00
4.960847e-02,9.867708e-01,2.366209e-08,5.000002e+00
4.961347e-02,9.250098e-01,6.777802e-09,5.000001e+00
4.961847e-02,8.648032e-01,2.003497e-09,5.000001e+00
4.962347e-02,8.062102e-01,6.118930e-10,5.000001e+00
4.962847e-02,7.492888e-01,1.933112e-10,5.000000e+00
4.963347e-02,6.940952e-01,6.324507e-11,5.000000e+00
4.963847e-02,6.406838e-01,2.145179e-11,5.000000e+00
4.964347e-02,5.891072e-01,7.551638e-12,5.000000e+00
4.964847e-02,5.394165e-01,2.762005e-12,5.000000e+00
4.965347e-02,4.916607e-01,1.050321e-12,5.000000e+00
4.965847e-02,4.458869e-01,4.157238e-13,5.000000e+00
4.966347e-02,4.021402e-01,1.714395e-13,5.000000e+00
4.966847e-02,3.604638e-01,7.352246e-14,5.000000e+00
4.967347e-02,3.208989e-01,3.303428e-14,5.000000e+00
4.967847e-02,2.834845e-01,1.558541e-14,5.000000e+00
4.968347e-02,2.482576e-01,7.453890e-15,5.000000e+00
4.968847e-02,2.152529e-01,3.557538e-15,5.000000e+00
4.969347e-02,1.845029e-01,2.032879e-15,5.000000e+00
4.969847e-02,1.560380e-01,1.016440e-15,5.000000e+00
4.970347e-02,1.298864e-01,5.082198e-16,5.000000e+00
4.970847e-02,1.060737e-01,3.388132e-16,5.000000e+00
4.971347e-02,8.462360e-02,0.000000e+00,5.000000e+00
4.971847e-02,6.555716e-02,0.000000e+00,5.000000e+00
4.972347e-02,4.889323e-02,0.000000e+00,5.000000e+00
4.972847e-02,3.464824e-02,0.000000e+00,5.000000e+00
4.973347e-02,2.283625e-02,0.000000e+00,5.000000e+00
4.973847e-02,1.346893e-02,1.694066e-16,5.000000e+00
4.974347e-02,6.555509e-03,0.000000e+00,5.000000e+00
4.974847e-02,2.102820e-03,1.694066e-16,5.000000e+00
4.975347e-02,1.152533e-04,1.694066e-16,5.000000e+00
4.975847e-02,5.947715e-04,0.000000e+00,5.000000e+00
4.976347e-02,3.540901e-03,0.000000e+00,5.000000e+00
4.976847e-02,8.950734e-03,0.000000e+00,5.000000e+00
4.977347e-02,1.681893e-02,0.000000e+00,5.000000e+00
4.977847e-02,2.713773e-02,1.694066e-16,5.000000e+00
4.978347e-02,3.989694e-02,0.000000e+00,5.000000e+00
4.978847e-02,5.508398e-02,0.000000e+00,5.000000e+00
4.979347e-02,7.268386e-02,3.388132e-16,5.000000e+00
4.979847e-02,9.267920e-02,0.000000e+00,5.000000e+00
4.980347e-02,1.150503e-01,3.388132e-16,5.000000e+00
4.980847e-02,1.397750e-01,1.016440e-15,5.000000e+00
4.981347e-02,1.668290e-01,1.185846e-15,5.000000e+00
4.981847e-02,1.961856e-01,2.710505e-15,5.000000e+00
4.982347e-02,2.278157e-01,4.573978e-15,5.000000e+00
4.982847e-02,2.616882e-01,9.825582e-15,5.000000e+00
4.983347e-02,2.977697e-01,2.049820e-14,5.000000e+00
4.983847e-02,3.360245e-01,4.455393e-14,5.000000e+00
4.984347e-02,3.764148e-01,1.019828e-13,5.000000e+00
4.984847e-02,4.189009e-01,2.407268e-13,5.000000e+00
4.985347e-02,4.634408e-01,5.930925e-13,5.000000e+00
4.985847e-02,5.099905e-01,1.522457e-12,5.000000e+00
4.986347e-02,5.585042e-01,4.064233e-12,5.000000e+00
4.986847e-02,6.089338e-01,1.128062e-11,5.000000e+00
4.987347e-02,6.612297e-01,3.251556e-11,5.000000e+00
4.987847e-02,7.153402e-01,9.723040e-11,5.000000e+00
4.988347e-02,7.712120e-01,3.012955e-10,5.000000e+00
4.988847e-02,8.287899e-01,9.664565e-10,5.000000e+00
4.989347e-02,8.880171e-01,3.205319e-09,5.000000e+00
4.989847e-02,9.488351e-01,1.097856e-08,5.000000e+00
4.990347e-02,1.011184e+00,3.878618e-08,5.000000e+00
4.990847e-02,1.075001e+00,1.411636e-07,4.999999e+00
4.991347e-02,1.140224e+00,5.285919e-07,4.999997e+00
4.991847e-02,1.206784e+00,2.033632e-06,4.999989e+00
4.992347e-02,1.274600e+00,8.025458e-06,4.999956e+00
4.992847e-02,1.343544e+00,3.240287e-05,4.999822e+00
4.993347e-02,1.413292e+00,1.329750e-04,4.999269e+00
4.993847e-02,1.482747e+00,5.424784e-04,4.997020e+00
4.994347e-02,1.548363e+00,2.047272e-03,4.988752e+00
4.994847e-02,1.603171e+00,6.207458e-03,4.965889e+00
4.995347e-02,1.643087e+00,1.393109e-02,4.923427e+00
4.995847e-02,1.671026e+00,2.454206e-02,4.865070e+00
4.996347e-02,1.691365e+00,3.703355e-02,4.796363e+00
4.996847e-02,1.706961e+00,5.074183e-02,4.720962e+00
4.997347e-02,1.719379e+00,6.529626e-02,4.640907e+00
4.997847e-02,1.729742e+00,8.042539e-02,4.557692e+00
4.998347e-02,1.738473e+00,9.601646e-02,4.471938e+00
4.998847e-02,1.746045e+00,1.119449e-01,4.384328e+00
4.999347e-02,1.752647e+00,1.281507e-01,4.295195e+00
4.999847e-02,1.758610e+00,1.445415e-01,4.205043e+00
5.000347e-02,1.763977e+00,1.610900e-01,4.114025e+00
