Time,main.plant_node,main.setpoint,main.out
0.000000e+00,5.271564e-03,3.300000e+00,-6.589448e+00
1.000000e-05,6.589459e+00,3.300000e+00,6.590777e+00
2.000000e-05,1.053470e-02,3.300000e+00,-6.578914e+00
3.000000e-05,6.584201e+00,3.300000e+00,6.580251e+00
4.000000e-05,1.578944e-02,3.300000e+00,-6.568396e+00
5.000000e-05,6.578952e+00,3.300000e+00,6.569741e+00
6.000000e-05,2.103577e-02,3.300000e+00,-6.557895e+00
7.000000e-05,6.573711e+00,3.300000e+00,6.559248e+00
8.000000e-05,2.627372e-02,3.300000e+00,-6.547411e+00
9.000000e-05,6.568478e+00,3.300000e+00,6.548773e+00
1.000000e-04,3.150331e-02,3.300000e+00,-6.536943e+00
1.100000e-04,6.563253e+00,3.300000e+00,6.538313e+00
1.200000e-04,3.672453e-02,3.300000e+00,-6.526492e+00
1.300000e-04,6.558037e+00,3.300000e+00,6.527871e+00
1.400000e-04,4.193742e-02,3.300000e+00,-6.516058e+00
1.500000e-04,6.552830e+00,3.300000e+00,6.517445e+00
1.600000e-04,4.714198e-02,3.300000e+00,-6.505641e+00
1.700000e-04,6.547630e+00,3.300000e+00,6.507036e+00
1.800000e-04,5.233822e-02,3.300000e+00,-6.495240e+00
1.900000e-04,6.542439e+00,3.300000e+00,6.496644e+00
2.000000e-04,5.752615e-02,3.300000e+00,-6.484856e+00
2.100000e-04,6.537257e+00,3.300000e+00,6.486268e+00
2.200000e-04,6.270580e-02,3.300000e+00,-6.474488e+00
2.300000e-04,6.532082e+00,3.300000e+00,6.475908e+00
2.400000e-04,6.787717e-02,3.300000e+00,-6.464137e+00
2.500000e-04,6.526916e+00,3.300000e+00,6.465566e+00
2.600000e-04,7.304028e-02,3.300000e+00,-6.453803e+00
2.700000e-04,6.521758e+00,3.300000e+00,6.455240e+00
2.800000e-04,7.819514e-02,3.300000e+00,-6.443485e+00
2.900000e-04,6.516608e+00,3.300000e+00,6.444930e+00
3.000000e-04,8.334177e-02,3.300000e+00,-6.433183e+00
3.100000e-04,6.511467e+00,3.300000e+00,6.434637e+00
3.200000e-04,8.848017e-02,3.300000e+00,-6.422898e+00
3.300000e-04,6.506334e+00,3.300000e+00,6.424360e+00
3.400000e-04,9.361036e-02,3.300000e+00,-6.412630e+00
3.500000e-04,6.501209e+00,3.300000e+00,6.414100e+00
3.600000e-04,9.873235e-02,3.300000e+00,-6.402378e+00
3.700000e-04,6.496092e+00,3.300000e+00,6.403856e+00
3.800000e-04,1.038462e-01,3.300000e+00,-6.392142e+00
3.900000e-04,6.490983e+00,3.300000e+00,6.393628e+00
4.000000e-04,1.089518e-01,3.300000e+00,-6.381922e+00
4.100000e-04,6.485883e+00,3.300000e+00,6.383417e+00
4.200000e-04,1.140493e-01,3.300000e+00,-6.371719e+00
4.300000e-04,6.480790e+00,3.300000e+00,6.373222e+00
4.400000e-04,1.191386e-01,3.300000e+00,-6.361533e+00
4.500000e-04,6.475706e+00,3.300000e+00,6.363043e+00
4.600000e-04,1.242198e-01,3.300000e+00,-6.351362e+00
4.700000e-04,6.470630e+00,3.300000e+00,6.352881e+00
4.800000e-04,1.292929e-01,3.300000e+00,-6.341208e+00
4.900000e-04,6.465562e+00,3.300000e+00,6.342735e+00
5.000000e-04,1.343579e-01,3.300000e+00,-6.331070e+00
5.100000e-04,6.460502e+00,3.300000e+00,6.332605e+00
5.200000e-04,1.394148e-01,3.300000e+00,-6.320948e+00
5.300000e-04,6.455450e+00,3.300000e+00,6.322491e+00
5.400000e-04,1.444636e-01,3.300000e+00,-6.310842e+00
5.500000e-04,6.450407e+00,3.300000e+00,6.312393e+00
5.600000e-04,1.495043e-01,3.300000e+00,-6.300753e+00
5.700000e-04,6.445371e+00,3.300000e+00,6.302312e+00
5.800000e-04,1.545370e-01,3.300000e+00,-6.290679e+00
5.900000e-04,6.440343e+00,3.300000e+00,6.292247e+00
6.000000e-04,1.595616e-01,3.300000e+00,-6.280622e+00
6.100000e-04,6.435324e+00,3.300000e+00,6.282197e+00
6.200000e-04,1.645783e-01,3.300000e+00,-6.270581e+00
6.300000e-04,6.430312e+00,3.300000e+00,6.272164e+00
6.400000e-04,1.695869e-01,3.300000e+00,-6.260556e+00
6.500000e-04,6.425309e+00,3.300000e+00,6.262147e+00
6.600000e-04,1.745875e-01,3.300000e+00,-6.250546e+00
6.700000e-04,6.420313e+00,3.300000e+00,6.252146e+00
6.800000e-04,1.795801e-01,3.300000e+00,-6.240553e+00
6.900000e-04,6.415325e+00,3.300000e+00,6.242161e+00
7.000000e-04,1.845647e-01,3.300000e+00,-6.230576e+00
7.100000e-04,6.410346e+00,3.300000e+00,6.232191e+00
7.200000e-04,1.895414e-01,3.300000e+00,-6.220615e+00
7.300000e-04,6.405374e+00,3.300000e+00,6.222238e+00
7.400000e-04,1.945101e-01,3.300000e+00,-6.210670e+00
7.500000e-04,6.400410e+00,3.300000e+00,6.212301e+00
7.600000e-04,1.994708e-01,3.300000e+00,-6.200740e+00
7.700000e-04,6.395455e+00,3.300000e+00,6.202379e+00
7.800000e-04,2.044237e-01,3.300000e+00,-6.190827e+00
7.900000e-04,6.390507e+00,3.300000e+00,6.192474e+00
8.000000e-04,2.093686e-01,3.300000e+00,-6.180929e+00
8.100000e-04,6.385567e+00,3.300000e+00,6.182584e+00
8.200000e-04,2.143057e-01,3.300000e+00,-6.171047e+00
8.300000e-04,6.380635e+00,3.300000e+00,6.172710e+00
8.400000e-04,2.192348e-01,3.300000e+00,-6.161181e+00
8.500000e-04,6.375711e+00,3.300000e+00,6.162852e+00
8.600000e-04,2.241561e-01,3.300000e+00,-6.151330e+00
8.700000e-04,6.370794e+00,3.300000e+00,6.153009e+00
8.800000e-04,2.290695e-01,3.300000e+00,-6.141496e+00
8.900000e-04,6.365886e+00,3.300000e+00,6.143182e+00
9.000000e-04,2.339750e-01,3.300000e+00,-6.131677e+00
9.100000e-04,6.360985e+00,3.300000e+00,6.133371e+00
9.200000e-04,2.388728e-01,3.300000e+00,-6.121874e+00
9.300000e-04,6.356093e+00,3.300000e+00,6.123576e+00
9.400000e-04,2.437627e-01,3.300000e+00,-6.112086e+00
9.500000e-04,6.351208e+00,3.300000e+00,6.113796e+00
9.600000e-04,2.486447e-01,3.300000e+00,-6.102314e+00
9.700000e-04,6.346330e+00,3.300000e+00,6.104032e+00
9.800000e-04,2.535190e-01,3.300000e+00,-6.092558e+00
9.900000e-04,6.341461e+00,3.300000e+00,6.094284e+00
1.000000e-03,2.583855e-01,3.300000e+00,-6.082817e+00
1.010000e-03,6.336600e+00,3.300000e+00,6.084551e+00
1.020000e-03,2.632442e-01,3.300000e+00,-6.073092e+00
1.030000e-03,6.331746e+00,3.300000e+00,6.074833e+00
1.040000e-03,2.680952e-01,3.300000e+00,-6.063382e+00
1.050000e-03,6.326900e+00,3.300000e+00,6.065131e+00
1.060000e-03,2.729384e-01,3.300000e+00,-6.053688e+00
1.070000e-03,6.322061e+00,3.300000e+00,6.055445e+00
1.080000e-03,2.777738e-01,3.300000e+00,-6.044010e+00
1.090000e-03,6.317231e+00,3.300000e+00,6.045774e+00
1.100000e-03,2.826016e-01,3.300000e+00,-6.034347e+00
1.110000e-03,6.312408e+00,3.300000e+00,6.036119e+00
1.120000e-03,2.874216e-01,3.300000e+00,-6.024699e+00
1.130000e-03,6.307593e+00,3.300000e+00,6.026479e+00
1.140000e-03,2.922339e-01,3.300000e+00,-6.015067e+00
1.150000e-03,6.302785e+00,3.300000e+00,6.016854e+00
1.160000e-03,2.970386e-01,3.300000e+00,-6.005450e+00
1.170000e-03,6.297986e+00,3.300000e+00,6.007245e+00
1.180000e-03,3.018355e-01,3.300000e+00,-5.995848e+00
1.190000e-03,6.293194e+00,3.300000e+00,5.997651e+00
1.200000e-03,3.066248e-01,3.300000e+00,-5.986262e+00
1.210000e-03,6.288409e+00,3.300000e+00,5.988073e+00
1.220000e-03,3.114064e-01,3.300000e+00,-5.976691e+00
1.230000e-03,6.283632e+00,3.300000e+00,5.978509e+00
1.240000e-03,3.161804e-01,3.300000e+00,-5.967136e+00
1.250000e-03,6.278863e+00,3.300000e+00,5.968962e+00
1.260000e-03,3.209468e-01,3.300000e+00,-5.957595e+00
1.270000e-03,6.274102e+00,3.300000e+00,5.959429e+00
1.280000e-03,3.257056e-01,3.300000e+00,-5.948070e+00
1.290000e-03,6.269348e+00,3.300000e+00,5.949911e+00
1.300000e-03,3.304567e-01,3.300000e+00,-5.938561e+00
1.310000e-03,6.264601e+00,3.300000e+00,5.940409e+00
1.320000e-03,3.352003e-01,3.300000e+00,-5.929066e+00
1.330000e-03,6.259863e+00,3.300000e+00,5.930922e+00
1.340000e-03,3.399363e-01,3.300000e+00,-5.919586e+00
1.350000e-03,6.255131e+00,3.300000e+00,5.921450e+00
1.360000e-03,3.446647e-01,3.300000e+00,-5.910122e+00
1.370000e-03,6.250408e+00,3.300000e+00,5.911994e+00
1.380000e-03,3.493855e-01,3.300000e+00,-5.900673e+00
1.390000e-03,6.245692e+00,3.300000e+00,5.902552e+00
1.400000e-03,3.540989e-01,3.300000e+00,-5.891239e+00
1.410000e-03,6.240983e+00,3.300000e+00,5.893125e+00
1.420000e-03,3.588046e-01,3.300000e+00,-5.881820e+00
1.430000e-03,6.236282e+00,3.300000e+00,5.883714e+00
1.440000e-03,3.635029e-01,3.300000e+00,-5.872416e+00
1.450000e-03,6.231589e+00,3.300000e+00,5.874317e+00
1.460000e-03,3.681937e-01,3.300000e+00,-5.863027e+00
1.470000e-03,6.226903e+00,3.300000e+00,5.864936e+00
1.480000e-03,3.728769e-01,3.300000e+00,-5.853653e+00
1.490000e-03,6.222224e+00,3.300000e+00,5.855570e+00
1.500000e-03,3.775527e-01,3.300000e+00,-5.844294e+00
1.510000e-03,6.217553e+00,3.300000e+00,5.846218e+00
1.520000e-03,3.822210e-01,3.300000e+00,-5.834950e+00
1.530000e-03,6.212890e+00,3.300000e+00,5.836882e+00
1.540000e-03,3.868819e-01,3.300000e+00,-5.825621e+00
1.550000e-03,6.208234e+00,3.300000e+00,5.827560e+00
1.560000e-03,3.915353e-01,3.300000e+00,-5.816307e+00
1.570000e-03,6.203585e+00,3.300000e+00,5.818253e+00
1.580000e-03,3.961812e-01,3.300000e+00,-5.807008e+00
1.590000e-03,6.198944e+00,3.300000e+00,5.808961e+00
1.600000e-03,4.008198e-01,3.300000e+00,-5.797723e+00
1.610000e-03,6.194310e+00,3.300000e+00,5.799684e+00
1.620000e-03,4.054509e-01,3.300000e+00,-5.788454e+00
1.630000e-03,6.189683e+00,3.300000e+00,5.790422e+00
1.640000e-03,4.100747e-01,3.300000e+00,-5.779199e+00
1.650000e-03,6.185064e+00,3.300000e+00,5.781175e+00
1.660000e-03,4.146910e-01,3.300000e+00,-5.769959e+00
1.670000e-03,6.180453e+00,3.300000e+00,5.771942e+00
1.680000e-03,4.193000e-01,3.300000e+00,-5.760734e+00
1.690000e-03,6.175849e+00,3.300000e+00,5.762724e+00
1.700000e-03,4.239016e-01,3.300000e+00,-5.751523e+00
1.710000e-03,6.171252e+00,3.300000e+00,5.753521e+00
1.720000e-03,4.284958e-01,3.300000e+00,-5.742327e+00
1.730000e-03,6.166662e+00,3.300000e+00,5.744333e+00
1.740000e-03,4.330828e-01,3.300000e+00,-5.733146e+00
1.750000e-03,6.162080e+00,3.300000e+00,5.735159e+00
1.760000e-03,4.376623e-01,3.300000e+00,-5.723980e+00
1.770000e-03,6.157505e+00,3.300000e+00,5.726000e+00
1.780000e-03,4.422346e-01,3.300000e+00,-5.714828e+00
1.790000e-03,6.152937e+00,3.300000e+00,5.716856e+00
1.800000e-03,4.467996e-01,3.300000e+00,-5.705691e+00
1.810000e-03,6.148377e+00,3.300000e+00,5.707726e+00
1.820000e-03,4.513572e-01,3.300000e+00,-5.696568e+00
1.830000e-03,6.143824e+00,3.300000e+00,5.698611e+00
1.840000e-03,4.559076e-01,3.300000e+00,-5.687460e+00
1.850000e-03,6.139278e+00,3.300000e+00,5.689510e+00
1.860000e-03,4.604507e-01,3.300000e+00,-5.678367e+00
1.870000e-03,6.134740e+00,3.300000e+00,5.680424e+00
1.880000e-03,4.649866e-01,3.300000e+00,-5.669288e+00
1.890000e-03,6.130209e+00,3.300000e+00,5.671352e+00
1.900000e-03,4.695152e-01,3.300000e+00,-5.660224e+00
1.910000e-03,6.125685e+00,3.300000e+00,5.662295e+00
1.920000e-03,4.740366e-01,3.300000e+00,-5.651174e+00
1.930000e-03,6.121168e+00,3.300000e+00,5.653252e+00
1.940000e-03,4.785507e-01,3.300000e+00,-5.642139e+00
1.950000e-03,6.116658e+00,3.300000e+00,5.644224e+00
1.960000e-03,4.830577e-01,3.300000e+00,-5.633118e+00
1.970000e-03,6.112156e+00,3.300000e+00,5.635211e+00
1.980000e-03,4.875574e-01,3.300000e+00,-5.624111e+00
1.990000e-03,6.107661e+00,3.300000e+00,5.626211e+00
2.000000e-03,4.920500e-01,3.300000e+00,-5.615119e+00
2.010000e-03,6.103173e+00,3.300000e+00,5.617226e+00
2.020000e-03,4.965353e-01,3.300000e+00,-5.606141e+00
2.030000e-03,6.098692e+00,3.300000e+00,5.608256e+00
2.040000e-03,5.010135e-01,3.300000e+00,-5.597178e+00
2.050000e-03,6.094219e+00,3.300000e+00,5.599299e+00
2.060000e-03,5.054846e-01,3.300000e+00,-5.588229e+00
2.070000e-03,6.089752e+00,3.300000e+00,5.590357e+00
2.080000e-03,5.099485e-01,3.300000e+00,-5.579294e+00
2.090000e-03,6.085293e+00,3.300000e+00,5.581430e+00
2.100000e-03,5.144053e-01,3.300000e+00,-5.570373e+00
2.110000e-03,6.080841e+00,3.300000e+00,5.572516e+00
2.120000e-03,5.188549e-01,3.300000e+00,-5.561467e+00
2.130000e-03,6.076396e+00,3.300000e+00,5.563617e+00
2.140000e-03,5.232974e-01,3.300000e+00,-5.552575e+00
2.150000e-03,6.071958e+00,3.300000e+00,5.554732e+00
2.160000e-03,5.277329e-01,3.300000e+00,-5.543697e+00
2.170000e-03,6.067527e+00,3.300000e+00,5.545861e+00
2.180000e-03,5.321612e-01,3.300000e+00,-5.534833e+00
2.190000e-03,6.063103e+00,3.300000e+00,5.537005e+00
2.200000e-03,5.365825e-01,3.300000e+00,-5.525984e+00
2.210000e-03,6.058686e+00,3.300000e+00,5.528162e+00
2.220000e-03,5.409967e-01,3.300000e+00,-5.517148e+00
2.230000e-03,6.054276e+00,3.300000e+00,5.519334e+00
2.240000e-03,5.454039e-01,3.300000e+00,-5.508327e+00
2.250000e-03,6.049874e+00,3.300000e+00,5.510520e+00
2.260000e-03,5.498040e-01,3.300000e+00,-5.499520e+00
2.270000e-03,6.045478e+00,3.300000e+00,5.501720e+00
2.280000e-03,5.541971e-01,3.300000e+00,-5.490727e+00
2.290000e-03,6.041090e+00,3.300000e+00,5.492934e+00
2.300000e-03,5.585832e-01,3.300000e+00,-5.481948e+00
2.310000e-03,6.036708e+00,3.300000e+00,5.484162e+00
2.320000e-03,5.629622e-01,3.300000e+00,-5.473183e+00
2.330000e-03,6.032334e+00,3.300000e+00,5.475404e+00
2.340000e-03,5.673343e-01,3.300000e+00,-5.464432e+00
2.350000e-03,6.027966e+00,3.300000e+00,5.466660e+00
2.360000e-03,5.716994e-01,3.300000e+00,-5.455695e+00
2.370000e-03,6.023605e+00,3.300000e+00,5.457930e+00
2.380000e-03,5.760575e-01,3.300000e+00,-5.446972e+00
2.390000e-03,6.019252e+00,3.300000e+00,5.449214e+00
2.400000e-03,5.804086e-01,3.300000e+00,-5.438263e+00
2.410000e-03,6.014905e+00,3.300000e+00,5.440511e+00
2.420000e-03,5.847528e-01,3.300000e+00,-5.429568e+00
2.430000e-03,6.010565e+00,3.300000e+00,5.431823e+00
2.440000e-03,5.890901e-01,3.300000e+00,-5.420886e+00
2.450000e-03,6.006233e+00,3.300000e+00,5.423149e+00
2.460000e-03,5.934204e-01,3.300000e+00,-5.412219e+00
2.470000e-03,6.001907e+00,3.300000e+00,5.414488e+00
2.480000e-03,5.977438e-01,3.300000e+00,-5.403565e+00
2.490000e-03,5.997588e+00,3.300000e+00,5.405842e+00
2.500000e-03,6.020603e-01,3.300000e+00,-5.394925e+00
2.510000e-03,5.993276e+00,3.300000e+00,5.397209e+00
2.520000e-03,6.063699e-01,3.300000e+00,-5.386300e+00
2.530000e-03,5.988971e+00,3.300000e+00,5.388590e+00
2.540000e-03,6.106726e-01,3.300000e+00,-5.377687e+00
2.550000e-03,5.984672e+00,3.300000e+00,5.379984e+00
2.560000e-03,6.149684e-01,3.300000e+00,-5.369089e+00
2.570000e-03,5.980381e+00,3.300000e+00,5.371393e+00
2.580000e-03,6.192574e-01,3.300000e+00,-5.360504e+00
2.590000e-03,5.976096e+00,3.300000e+00,5.362815e+00
2.600000e-03,6.235395e-01,3.300000e+00,-5.351933e+00
2.610000e-03,5.971819e+00,3.300000e+00,5.354251e+00
2.620000e-03,6.278148e-01,3.300000e+00,-5.343376e+00
2.630000e-03,5.967548e+00,3.300000e+00,5.345701e+00
2.640000e-03,6.320832e-01,3.300000e+00,-5.334833e+00
2.650000e-03,5.963284e+00,3.300000e+00,5.337164e+00
2.660000e-03,6.363449e-01,3.300000e+00,-5.326303e+00
2.670000e-03,5.959027e+00,3.300000e+00,5.328641e+00
2.680000e-03,6.405997e-01,3.300000e+00,-5.317786e+00
2.690000e-03,5.954776e+00,3.300000e+00,5.320131e+00
2.700000e-03,6.448477e-01,3.300000e+00,-5.309284e+00
2.710000e-03,5.950533e+00,3.300000e+00,5.311635e+00
2.720000e-03,6.490889e-01,3.300000e+00,-5.300795e+00
2.730000e-03,5.946296e+00,3.300000e+00,5.303153e+00
2.740000e-03,6.533234e-01,3.300000e+00,-5.292319e+00
2.750000e-03,5.942066e+00,3.300000e+00,5.294684e+00
2.760000e-03,6.575511e-01,3.300000e+00,-5.283857e+00
2.770000e-03,5.937842e+00,3.300000e+00,5.286229e+00
2.780000e-03,6.617720e-01,3.300000e+00,-5.275409e+00
2.790000e-03,5.933626e+00,3.300000e+00,5.277787e+00
2.800000e-03,6.659862e-01,3.300000e+00,-5.266974e+00
2.810000e-03,5.929416e+00,3.300000e+00,5.269359e+00
2.820000e-03,6.701936e-01,3.300000e+00,-5.258552e+00
2.830000e-03,5.925213e+00,3.300000e+00,5.260944e+00
2.840000e-03,6.743944e-01,3.300000e+00,-5.250144e+00
2.850000e-03,5.921016e+00,3.300000e+00,5.252543e+00
2.860000e-03,6.785884e-01,3.300000e+00,-5.241749e+00
2.870000e-03,5.916827e+00,3.300000e+00,5.244155e+00
2.880000e-03,6.827757e-01,3.300000e+00,-5.233368e+00
2.890000e-03,5.912644e+00,3.300000e+00,5.235781e+00
2.900000e-03,6.869563e-01,3.300000e+00,-5.225001e+00
2.910000e-03,5.908468e+00,3.300000e+00,5.227420e+00
2.920000e-03,6.911303e-01,3.300000e+00,-5.216646e+00
2.930000e-03,5.904298e+00,3.300000e+00,5.219072e+00
2.940000e-03,6.952976e-01,3.300000e+00,-5.208305e+00
2.950000e-03,5.900135e+00,3.300000e+00,5.210737e+00
2.960000e-03,6.994582e-01,3.300000e+00,-5.199977e+00
2.970000e-03,5.895979e+00,3.300000e+00,5.202416e+00
2.980000e-03,7.036122e-01,3.300000e+00,-5.191663e+00
2.990000e-03,5.891829e+00,3.300000e+00,5.194109e+00
3.000000e-03,7.077595e-01,3.300000e+00,-5.183362e+00
3.010000e-03,5.887686e+00,3.300000e+00,5.185814e+00
3.020000e-03,7.119002e-01,3.300000e+00,-5.175074e+00
3.030000e-03,5.883550e+00,3.300000e+00,5.177533e+00
3.040000e-03,7.160343e-01,3.300000e+00,-5.166799e+00
3.050000e-03,5.879420e+00,3.300000e+00,5.169265e+00
3.060000e-03,7.201618e-01,3.300000e+00,-5.158538e+00
3.070000e-03,5.875297e+00,3.300000e+00,5.161010e+00
3.080000e-03,7.242827e-01,3.300000e+00,-5.150290e+00
3.090000e-03,5.871180e+00,3.300000e+00,5.152768e+00
3.100000e-03,7.283970e-01,3.300000e+00,-5.142055e+00
3.110000e-03,5.867070e+00,3.300000e+00,5.144540e+00
3.120000e-03,7.325048e-01,3.300000e+00,-5.133833e+00
3.130000e-03,5.862966e+00,3.300000e+00,5.136325e+00
3.140000e-03,7.366059e-01,3.300000e+00,-5.125624e+00
3.150000e-03,5.858870e+00,3.300000e+00,5.128122e+00
3.160000e-03,7.407006e-01,3.300000e+00,-5.117428e+00
3.170000e-03,5.854779e+00,3.300000e+00,5.119933e+00
3.180000e-03,7.447886e-01,3.300000e+00,-5.109246e+00
3.190000e-03,5.850695e+00,3.300000e+00,5.111757e+00
3.200000e-03,7.488702e-01,3.300000e+00,-5.101076e+00
3.210000e-03,5.846618e+00,3.300000e+00,5.103594e+00
3.220000e-03,7.529452e-01,3.300000e+00,-5.092920e+00
3.230000e-03,5.842547e+00,3.300000e+00,5.095445e+00
3.240000e-03,7.570137e-01,3.300000e+00,-5.084777e+00
3.250000e-03,5.838483e+00,3.300000e+00,5.087308e+00
3.260000e-03,7.610757e-01,3.300000e+00,-5.076646e+00
3.270000e-03,5.834425e+00,3.300000e+00,5.079184e+00
3.280000e-03,7.651313e-01,3.300000e+00,-5.068529e+00
3.290000e-03,5.830374e+00,3.300000e+00,5.071073e+00
3.300000e-03,7.691803e-01,3.300000e+00,-5.060424e+00
3.310000e-03,5.826329e+00,3.300000e+00,5.062975e+00
3.320000e-03,7.732229e-01,3.300000e+00,-5.052333e+00
3.330000e-03,5.822291e+00,3.300000e+00,5.054890e+00
3.340000e-03,7.772590e-01,3.300000e+00,-5.044254e+00
3.350000e-03,5.818259e+00,3.300000e+00,5.046818e+00
3.360000e-03,7.812887e-01,3.300000e+00,-5.036189e+00
3.370000e-03,5.814233e+00,3.300000e+00,5.038759e+00
3.380000e-03,7.853119e-01,3.300000e+00,-5.028136e+00
3.390000e-03,5.810214e+00,3.300000e+00,5.030713e+00
3.400000e-03,7.893287e-01,3.300000e+00,-5.020096e+00
3.410000e-03,5.806202e+00,3.300000e+00,5.022679e+00
3.420000e-03,7.933391e-01,3.300000e+00,-5.012069e+00
3.430000e-03,5.802196e+00,3.300000e+00,5.014659e+00
3.440000e-03,7.973430e-01,3.300000e+00,-5.004055e+00
3.450000e-03,5.798196e+00,3.300000e+00,5.006651e+00
3.460000e-03,8.013406e-01,3.300000e+00,-4.996054e+00
3.470000e-03,5.794202e+00,3.300000e+00,4.998656e+00
3.480000e-03,8.053318e-01,3.300000e+00,-4.988065e+00
3.490000e-03,5.790215e+00,3.300000e+00,4.990674e+00
3.500000e-03,8.093166e-01,3.300000e+00,-4.980089e+00
3.510000e-03,5.786235e+00,3.300000e+00,4.982704e+00
3.520000e-03,8.132951e-01,3.300000e+00,-4.972126e+00
3.530000e-03,5.782260e+00,3.300000e+00,4.974748e+00
3.540000e-03,8.172672e-01,3.300000e+00,-4.964176e+00
3.550000e-03,5.778292e+00,3.300000e+00,4.966804e+00
3.560000e-03,8.212329e-01,3.300000e+00,-4.956238e+00
3.570000e-03,5.774331e+00,3.300000e+00,4.958872e+00
3.580000e-03,8.251923e-01,3.300000e+00,-4.948313e+00
3.590000e-03,5.770376e+00,3.300000e+00,4.950954e+00
3.600000e-03,8.291454e-01,3.300000e+00,-4.940401e+00
3.610000e-03,5.766427e+00,3.300000e+00,4.943048e+00
3.620000e-03,8.330921e-01,3.300000e+00,-4.932501e+00
3.630000e-03,5.762484e+00,3.300000e+00,4.935154e+00
3.640000e-03,8.370326e-01,3.300000e+00,-4.924614e+00
3.650000e-03,5.758548e+00,3.300000e+00,4.927274e+00
3.660000e-03,8.409668e-01,3.300000e+00,-4.916740e+00
3.670000e-03,5.754618e+00,3.300000e+00,4.919406e+00
3.680000e-03,8.448946e-01,3.300000e+00,-4.908878e+00
3.690000e-03,5.750694e+00,3.300000e+00,4.911550e+00
3.700000e-03,8.488162e-01,3.300000e+00,-4.901029e+00
3.710000e-03,5.746776e+00,3.300000e+00,4.903707e+00
3.720000e-03,8.527316e-01,3.300000e+00,-4.893192e+00
3.730000e-03,5.742865e+00,3.300000e+00,4.895877e+00
3.740000e-03,8.566407e-01,3.300000e+00,-4.885368e+00
3.750000e-03,5.738960e+00,3.300000e+00,4.888059e+00
3.760000e-03,8.605435e-01,3.300000e+00,-4.877556e+00
3.770000e-03,5.735062e+00,3.300000e+00,4.880253e+00
3.780000e-03,8.644401e-01,3.300000e+00,-4.869757e+00
3.790000e-03,5.731169e+00,3.300000e+00,4.872460e+00
3.800000e-03,8.683305e-01,3.300000e+00,-4.861970e+00
3.810000e-03,5.727283e+00,3.300000e+00,4.864680e+00
3.820000e-03,8.722146e-01,3.300000e+00,-4.854196e+00
3.830000e-03,5.723403e+00,3.300000e+00,4.856911e+00
3.840000e-03,8.760926e-01,3.300000e+00,-4.846434e+00
3.850000e-03,5.719529e+00,3.300000e+00,4.849156e+00
3.860000e-03,8.799643e-01,3.300000e+00,-4.838685e+00
3.870000e-03,5.715661e+00,3.300000e+00,4.841412e+00
3.880000e-03,8.838299e-01,3.300000e+00,-4.830947e+00
3.890000e-03,5.711800e+00,3.300000e+00,4.833682e+00
3.900000e-03,8.876893e-01,3.300000e+00,-4.823223e+00
3.910000e-03,5.707944e+00,3.300000e+00,4.825963e+00
3.920000e-03,8.915425e-01,3.300000e+00,-4.815510e+00
3.930000e-03,5.704095e+00,3.300000e+00,4.818257e+00
3.940000e-03,8.953896e-01,3.300000e+00,-4.807810e+00
3.950000e-03,5.700252e+00,3.300000e+00,4.810563e+00
3.960000e-03,8.992305e-01,3.300000e+00,-4.800122e+00
3.970000e-03,5.696415e+00,3.300000e+00,4.802881e+00
3.980000e-03,9.030653e-01,3.300000e+00,-4.792447e+00
3.990000e-03,5.692584e+00,3.300000e+00,4.795212e+00
4.000000e-03,9.068939e-01,3.300000e+00,-4.784784e+00
4.010000e-03,5.688760e+00,3.300000e+00,4.787555e+00
4.020000e-03,9.107165e-01,3.300000e+00,-4.777133e+00
4.030000e-03,5.684941e+00,3.300000e+00,4.779910e+00
4.040000e-03,9.145329e-01,3.300000e+00,-4.769494e+00
4.050000e-03,5.681129e+00,3.300000e+00,4.772277e+00
4.060000e-03,9.183432e-01,3.300000e+00,-4.761867e+00
4.070000e-03,5.677323e+00,3.300000e+00,4.764657e+00
4.080000e-03,9.221475e-01,3.300000e+00,-4.754253e+00
4.090000e-03,5.673522e+00,3.300000e+00,4.757048e+00
4.100000e-03,9.259456e-01,3.300000e+00,-4.746651e+00
4.110000e-03,5.669728e+00,3.300000e+00,4.749452e+00
4.120000e-03,9.297377e-01,3.300000e+00,-4.739061e+00
4.130000e-03,5.665940e+00,3.300000e+00,4.741868e+00
4.140000e-03,9.335238e-01,3.300000e+00,-4.731483e+00
4.150000e-03,5.662158e+00,3.300000e+00,4.734296e+00
4.160000e-03,9.373038e-01,3.300000e+00,-4.723917e+00
4.170000e-03,5.658382e+00,3.300000e+00,4.726737e+00
4.180000e-03,9.410777e-01,3.300000e+00,-4.716363e+00
4.190000e-03,5.654612e+00,3.300000e+00,4.719189e+00
4.200000e-03,9.448456e-01,3.300000e+00,-4.708822e+00
4.210000e-03,5.650848e+00,3.300000e+00,4.711653e+00
4.220000e-03,9.486075e-01,3.300000e+00,-4.701292e+00
4.230000e-03,5.647090e+00,3.300000e+00,4.704130e+00
4.240000e-03,9.523634e-01,3.300000e+00,-4.693774e+00
4.250000e-03,5.643338e+00,3.300000e+00,4.696618e+00
4.260000e-03,9.561133e-01,3.300000e+00,-4.686269e+00
4.270000e-03,5.639592e+00,3.300000e+00,4.689119e+00
4.280000e-03,9.598572e-01,3.300000e+00,-4.678775e+00
4.290000e-03,5.635852e+00,3.300000e+00,4.681631e+00
4.300000e-03,9.635951e-01,3.300000e+00,-4.671294e+00
4.310000e-03,5.632118e+00,3.300000e+00,4.674155e+00
4.320000e-03,9.673271e-01,3.300000e+00,-4.663824e+00
4.330000e-03,5.628390e+00,3.300000e+00,4.666692e+00
4.340000e-03,9.710531e-01,3.300000e+00,-4.656366e+00
4.350000e-03,5.624668e+00,3.300000e+00,4.659240e+00
4.360000e-03,9.747731e-01,3.300000e+00,-4.648921e+00
4.370000e-03,5.620952e+00,3.300000e+00,4.651800e+00
4.380000e-03,9.784872e-01,3.300000e+00,-4.641487e+00
4.390000e-03,5.617242e+00,3.300000e+00,4.644372e+00
4.400000e-03,9.821953e-01,3.300000e+00,-4.634065e+00
4.410000e-03,5.613538e+00,3.300000e+00,4.636956e+00
4.420000e-03,9.858976e-01,3.300000e+00,-4.626655e+00
4.430000e-03,5.609840e+00,3.300000e+00,4.629552e+00
4.440000e-03,9.895939e-01,3.300000e+00,-4.619256e+00
4.450000e-03,5.606147e+00,3.300000e+00,4.622160e+00
4.460000e-03,9.932843e-01,3.300000e+00,-4.611870e+00
4.470000e-03,5.602461e+00,3.300000e+00,4.614779e+00
4.480000e-03,9.969688e-01,3.300000e+00,-4.604495e+00
4.490000e-03,5.598780e+00,3.300000e+00,4.607410e+00
4.500000e-03,1.000647e+00,3.300000e+00,-4.597132e+00
4.510000e-03,5.595106e+00,3.300000e+00,4.600053e+00
4.520000e-03,1.004320e+00,3.300000e+00,-4.589781e+00
4.530000e-03,5.591437e+00,3.300000e+00,4.592708e+00
4.540000e-03,1.007987e+00,3.300000e+00,-4.582442e+00
4.550000e-03,5.587774e+00,3.300000e+00,4.585374e+00
4.560000e-03,1.011648e+00,3.300000e+00,-4.575114e+00
4.570000e-03,5.584117e+00,3.300000e+00,4.578053e+00
4.580000e-03,1.015303e+00,3.300000e+00,-4.567798e+00
4.590000e-03,5.580465e+00,3.300000e+00,4.570743e+00
4.600000e-03,1.018953e+00,3.300000e+00,-4.560494e+00
4.610000e-03,5.576820e+00,3.300000e+00,4.563444e+00
4.620000e-03,1.022596e+00,3.300000e+00,-4.553201e+00
4.630000e-03,5.573180e+00,3.300000e+00,4.556157e+00
4.640000e-03,1.026234e+00,3.300000e+00,-4.545920e+00
4.650000e-03,5.569546e+00,3.300000e+00,4.548882e+00
4.660000e-03,1.029866e+00,3.300000e+00,-4.538651e+00
4.670000e-03,5.565918e+00,3.300000e+00,4.541619e+00
4.680000e-03,1.033492e+00,3.300000e+00,-4.531393e+00
4.690000e-03,5.562296e+00,3.300000e+00,4.534367e+00
4.700000e-03,1.037112e+00,3.300000e+00,-4.524147e+00
4.710000e-03,5.558680e+00,3.300000e+00,4.527127e+00
4.720000e-03,1.040726e+00,3.300000e+00,-4.516913e+00
4.730000e-03,5.555069e+00,3.300000e+00,4.519898e+00
4.740000e-03,1.044335e+00,3.300000e+00,-4.509690e+00
4.750000e-03,5.551464e+00,3.300000e+00,4.512681e+00
4.760000e-03,1.047938e+00,3.300000e+00,-4.502478e+00
4.770000e-03,5.547865e+00,3.300000e+00,4.505475e+00
4.780000e-03,1.051535e+00,3.300000e+00,-4.495278e+00
4.790000e-03,5.544272e+00,3.300000e+00,4.498281e+00
4.800000e-03,1.055127e+00,3.300000e+00,-4.488090e+00
4.810000e-03,5.540684e+00,3.300000e+00,4.491098e+00
4.820000e-03,1.058712e+00,3.300000e+00,-4.480913e+00
4.830000e-03,5.537102e+00,3.300000e+00,4.483927e+00
4.840000e-03,1.062292e+00,3.300000e+00,-4.473748e+00
4.850000e-03,5.533526e+00,3.300000e+00,4.476767e+00
4.860000e-03,1.065867e+00,3.300000e+00,-4.466594e+00
4.870000e-03,5.529956e+00,3.300000e+00,4.469619e+00
4.880000e-03,1.069435e+00,3.300000e+00,-4.459451e+00
4.890000e-03,5.526391e+00,3.300000e+00,4.462482e+00
4.900000e-03,1.072998e+00,3.300000e+00,-4.452320e+00
4.910000e-03,5.522832e+00,3.300000e+00,4.455357e+00
4.920000e-03,1.076555e+00,3.300000e+00,-4.445200e+00
4.930000e-03,5.519279e+00,3.300000e+00,4.448243e+00
4.940000e-03,1.080107e+00,3.300000e+00,-4.438092e+00
4.950000e-03,5.515731e+00,3.300000e+00,4.441140e+00
4.960000e-03,1.083652e+00,3.300000e+00,-4.430995e+00
4.970000e-03,5.512189e+00,3.300000e+00,4.434049e+00
4.980000e-03,1.087192e+00,3.300000e+00,-4.423909e+00
4.990000e-03,5.508653e+00,3.300000e+00,4.426969e+00
5.000000e-03,1.090727e+00,3.300000e+00,-4.416835e+00
5.010000e-03,5.505122e+00,3.300000e+00,4.419900e+00
5.020000e-03,1.094256e+00,3.300000e+00,-4.409772e+00
5.030000e-03,5.501597e+00,3.300000e+00,4.412843e+00
5.040000e-03,1.097779e+00,3.300000e+00,-4.402720e+00
5.050000e-03,5.498078e+00,3.300000e+00,4.405797e+00
5.060000e-03,1.101296e+00,3.300000e+00,-4.395680e+00
5.070000e-03,5.494564e+00,3.300000e+00,4.398762e+00
5.080000e-03,1.104808e+00,3.300000e+00,-4.388651e+00
5.090000e-03,5.491056e+00,3.300000e+00,4.391738e+00
5.100000e-03,1.108315e+00,3.300000e+00,-4.381633e+00
5.110000e-03,5.487553e+00,3.300000e+00,4.384726e+00
5.120000e-03,1.111815e+00,3.300000e+00,-4.374626e+00
5.130000e-03,5.484056e+00,3.300000e+00,4.377725e+00
5.140000e-03,1.115311e+00,3.300000e+00,-4.367630e+00
5.150000e-03,5.480565e+00,3.300000e+00,4.370735e+00
5.160000e-03,1.118800e+00,3.300000e+00,-4.360646e+00
5.170000e-03,5.477079e+00,3.300000e+00,4.363756e+00
5.180000e-03,1.122284e+00,3.300000e+00,-4.353673e+00
5.190000e-03,5.473599e+00,3.300000e+00,4.356788e+00
5.200000e-03,1.125762e+00,3.300000e+00,-4.346710e+00
5.210000e-03,5.470124e+00,3.300000e+00,4.349832e+00
5.220000e-03,1.129235e+00,3.300000e+00,-4.339759e+00
5.230000e-03,5.466655e+00,3.300000e+00,4.342886e+00
5.240000e-03,1.132703e+00,3.300000e+00,-4.332820e+00
5.250000e-03,5.463191e+00,3.300000e+00,4.335952e+00
5.260000e-03,1.136164e+00,3.300000e+00,-4.325891e+00
5.270000e-03,5.459733e+00,3.300000e+00,4.329029e+00
5.280000e-03,1.139621e+00,3.300000e+00,-4.318973e+00
5.290000e-03,5.456281e+00,3.300000e+00,4.322116e+00
5.300000e-03,1.143071e+00,3.300000e+00,-4.312066e+00
5.310000e-03,5.452834e+00,3.300000e+00,4.315215e+00
5.320000e-03,1.146516e+00,3.300000e+00,-4.305171e+00
5.330000e-03,5.449392e+00,3.300000e+00,4.308325e+00
5.340000e-03,1.149956e+00,3.300000e+00,-4.298286e+00
5.350000e-03,5.445956e+00,3.300000e+00,4.301446e+00
5.360000e-03,1.153390e+00,3.300000e+00,-4.291413e+00
5.370000e-03,5.442526e+00,3.300000e+00,4.294578e+00
5.380000e-03,1.156819e+00,3.300000e+00,-4.284550e+00
5.390000e-03,5.439101e+00,3.300000e+00,4.287721e+00
5.400000e-03,1.160242e+00,3.300000e+00,-4.277698e+00
5.410000e-03,5.435681e+00,3.300000e+00,4.280875e+00
5.420000e-03,1.163660e+00,3.300000e+00,-4.270858e+00
5.430000e-03,5.432267e+00,3.300000e+00,4.274039e+00
5.440000e-03,1.167072e+00,3.300000e+00,-4.264028e+00
5.450000e-03,5.428859e+00,3.300000e+00,4.267215e+00
5.460000e-03,1.170479e+00,3.300000e+00,-4.257209e+00
5.470000e-03,5.425455e+00,3.300000e+00,4.260402e+00
5.480000e-03,1.173880e+00,3.300000e+00,-4.250401e+00
5.490000e-03,5.422058e+00,3.300000e+00,4.253599e+00
5.500000e-03,1.177276e+00,3.300000e+00,-4.243604e+00
5.510000e-03,5.418665e+00,3.300000e+00,4.246808e+00
5.520000e-03,1.180667e+00,3.300000e+00,-4.236818e+00
5.530000e-03,5.415278e+00,3.300000e+00,4.240027e+00
5.540000e-03,1.184052e+00,3.300000e+00,-4.230042e+00
5.550000e-03,5.411897e+00,3.300000e+00,4.233257e+00
5.560000e-03,1.187432e+00,3.300000e+00,-4.223278e+00
5.570000e-03,5.408521e+00,3.300000e+00,4.226498e+00
5.580000e-03,1.190806e+00,3.300000e+00,-4.216524e+00
5.590000e-03,5.405150e+00,3.300000e+00,4.219749e+00
5.600000e-03,1.194175e+00,3.300000e+00,-4.209781e+00
5.610000e-03,5.401785e+00,3.300000e+00,4.213012e+00
5.620000e-03,1.197539e+00,3.300000e+00,-4.203049e+00
5.630000e-03,5.398425e+00,3.300000e+00,4.206285e+00
5.640000e-03,1.200897e+00,3.300000e+00,-4.196328e+00
5.650000e-03,5.395071e+00,3.300000e+00,4.199569e+00
5.660000e-03,1.204249e+00,3.300000e+00,-4.189617e+00
5.670000e-03,5.391721e+00,3.300000e+00,4.192864e+00
5.680000e-03,1.207597e+00,3.300000e+00,-4.182917e+00
5.690000e-03,5.388378e+00,3.300000e+00,4.186169e+00
5.700000e-03,1.210939e+00,3.300000e+00,-4.176228e+00
5.710000e-03,5.385039e+00,3.300000e+00,4.179485e+00
5.720000e-03,1.214276e+00,3.300000e+00,-4.169549e+00
5.730000e-03,5.381706e+00,3.300000e+00,4.172812e+00
5.740000e-03,1.217607e+00,3.300000e+00,-4.162881e+00
5.750000e-03,5.378378e+00,3.300000e+00,4.166149e+00
5.760000e-03,1.220933e+00,3.300000e+00,-4.156224e+00
5.770000e-03,5.375056e+00,3.300000e+00,4.159497e+00
5.780000e-03,1.224254e+00,3.300000e+00,-4.149577e+00
5.790000e-03,5.371738e+00,3.300000e+00,4.152856e+00
5.800000e-03,1.227570e+00,3.300000e+00,-4.142941e+00
5.810000e-03,5.368427e+00,3.300000e+00,4.146225e+00
5.820000e-03,1.230880e+00,3.300000e+00,-4.136316e+00
5.830000e-03,5.365120e+00,3.300000e+00,4.139605e+00
5.840000e-03,1.234185e+00,3.300000e+00,-4.129701e+00
5.850000e-03,5.361819e+00,3.300000e+00,4.132996e+00
5.860000e-03,1.237484e+00,3.300000e+00,-4.123097e+00
5.870000e-03,5.358523e+00,3.300000e+00,4.126397e+00
5.880000e-03,1.240779e+00,3.300000e+00,-4.116503e+00
5.890000e-03,5.355232e+00,3.300000e+00,4.119809e+00
5.900000e-03,1.244068e+00,3.300000e+00,-4.109920e+00
5.910000e-03,5.351946e+00,3.300000e+00,4.113231e+00
5.920000e-03,1.247351e+00,3.300000e+00,-4.103348e+00
5.930000e-03,5.348666e+00,3.300000e+00,4.106663e+00
5.940000e-03,1.250630e+00,3.300000e+00,-4.096786e+00
5.950000e-03,5.345391e+00,3.300000e+00,4.100107e+00
5.960000e-03,1.253903e+00,3.300000e+00,-4.090234e+00
5.970000e-03,5.342121e+00,3.300000e+00,4.093560e+00
5.980000e-03,1.257171e+00,3.300000e+00,-4.083693e+00
5.990000e-03,5.338857e+00,3.300000e+00,4.087024e+00
6.000000e-03,1.260434e+00,3.300000e+00,-4.077162e+00
6.010000e-03,5.335597e+00,3.300000e+00,4.080499e+00
6.020000e-03,1.263692e+00,3.300000e+00,-4.070642e+00
6.030000e-03,5.332343e+00,3.300000e+00,4.073984e+00
6.040000e-03,1.266944e+00,3.300000e+00,-4.064132e+00
6.050000e-03,5.329094e+00,3.300000e+00,4.067479e+00
6.060000e-03,1.270192e+00,3.300000e+00,-4.057633e+00
6.070000e-03,5.325851e+00,3.300000e+00,4.060985e+00
6.080000e-03,1.273434e+00,3.300000e+00,-4.051143e+00
6.090000e-03,5.322612e+00,3.300000e+00,4.054501e+00
6.100000e-03,1.276671e+00,3.300000e+00,-4.044665e+00
6.110000e-03,5.319379e+00,3.300000e+00,4.048027e+00
6.120000e-03,1.279902e+00,3.300000e+00,-4.038196e+00
6.130000e-03,5.316150e+00,3.300000e+00,4.041564e+00
6.140000e-03,1.283129e+00,3.300000e+00,-4.031738e+00
6.150000e-03,5.312927e+00,3.300000e+00,4.035111e+00
6.160000e-03,1.286350e+00,3.300000e+00,-4.025291e+00
6.170000e-03,5.309710e+00,3.300000e+00,4.028669e+00
6.180000e-03,1.289567e+00,3.300000e+00,-4.018853e+00
6.190000e-03,5.306497e+00,3.300000e+00,4.022237e+00
6.200000e-03,1.292778e+00,3.300000e+00,-4.012426e+00
6.210000e-03,5.303289e+00,3.300000e+00,4.015815e+00
6.220000e-03,1.295984e+00,3.300000e+00,-4.006009e+00
6.230000e-03,5.300087e+00,3.300000e+00,4.009403e+00
6.240000e-03,1.299185e+00,3.300000e+00,-3.999603e+00
6.250000e-03,5.296889e+00,3.300000e+00,4.003002e+00
6.260000e-03,1.302380e+00,3.300000e+00,-3.993207e+00
6.270000e-03,5.293697e+00,3.300000e+00,3.996610e+00
6.280000e-03,1.305571e+00,3.300000e+00,-3.986820e+00
6.290000e-03,5.290510e+00,3.300000e+00,3.990229e+00
6.300000e-03,1.308757e+00,3.300000e+00,-3.980445e+00
6.310000e-03,5.287328e+00,3.300000e+00,3.983859e+00
6.320000e-03,1.311937e+00,3.300000e+00,-3.974079e+00
6.330000e-03,5.284151e+00,3.300000e+00,3.977498e+00
6.340000e-03,1.315112e+00,3.300000e+00,-3.967723e+00
6.350000e-03,5.280979e+00,3.300000e+00,3.971147e+00
6.360000e-03,1.318283e+00,3.300000e+00,-3.961378e+00
6.370000e-03,5.277812e+00,3.300000e+00,3.964807e+00
6.380000e-03,1.321448e+00,3.300000e+00,-3.955043e+00
6.390000e-03,5.274650e+00,3.300000e+00,3.958477e+00
6.400000e-03,1.324608e+00,3.300000e+00,-3.948718e+00
6.410000e-03,5.271494e+00,3.300000e+00,3.952157e+00
6.420000e-03,1.327763e+00,3.300000e+00,-3.942403e+00
6.430000e-03,5.268342e+00,3.300000e+00,3.945847e+00
6.440000e-03,1.330913e+00,3.300000e+00,-3.936098e+00
6.450000e-03,5.265195e+00,3.300000e+00,3.939547e+00
6.460000e-03,1.334058e+00,3.300000e+00,-3.929803e+00
6.470000e-03,5.262054e+00,3.300000e+00,3.933257e+00
6.480000e-03,1.337198e+00,3.300000e+00,-3.923518e+00
6.490000e-03,5.258917e+00,3.300000e+00,3.926977e+00
6.500000e-03,1.340333e+00,3.300000e+00,-3.917243e+00
6.510000e-03,5.255785e+00,3.300000e+00,3.920708e+00
6.520000e-03,1.343463e+00,3.300000e+00,-3.910979e+00
6.530000e-03,5.252659e+00,3.300000e+00,3.914448e+00
6.540000e-03,1.346588e+00,3.300000e+00,-3.904724e+00
6.550000e-03,5.249537e+00,3.300000e+00,3.908198e+00
6.560000e-03,1.349708e+00,3.300000e+00,-3.898479e+00
6.570000e-03,5.246421e+00,3.300000e+00,3.901959e+00
6.580000e-03,1.352823e+00,3.300000e+00,-3.892244e+00
6.590000e-03,5.243309e+00,3.300000e+00,3.895729e+00
6.600000e-03,1.355934e+00,3.300000e+00,-3.886020e+00
6.610000e-03,5.240202e+00,3.300000e+00,3.889509e+00
6.620000e-03,1.359039e+00,3.300000e+00,-3.879805e+00
6.630000e-03,5.237101e+00,3.300000e+00,3.883299e+00
6.640000e-03,1.362139e+00,3.300000e+00,-3.873600e+00
6.650000e-03,5.234004e+00,3.300000e+00,3.877099e+00
6.660000e-03,1.365234e+00,3.300000e+00,-3.867405e+00
6.670000e-03,5.230912e+00,3.300000e+00,3.870909e+00
6.680000e-03,1.368324e+00,3.300000e+00,-3.861220e+00
6.690000e-03,5.227825e+00,3.300000e+00,3.864729e+00
6.700000e-03,1.371409e+00,3.300000e+00,-3.855045e+00
6.710000e-03,5.224743e+00,3.300000e+00,3.858559e+00
6.720000e-03,1.374490e+00,3.300000e+00,-3.848879e+00
6.730000e-03,5.221667e+00,3.300000e+00,3.852398e+00
6.740000e-03,1.377565e+00,3.300000e+00,-3.842724e+00
6.750000e-03,5.218594e+00,3.300000e+00,3.846248e+00
6.760000e-03,1.380636e+00,3.300000e+00,-3.836578e+00
6.770000e-03,5.215527e+00,3.300000e+00,3.840107e+00
6.780000e-03,1.383701e+00,3.300000e+00,-3.830442e+00
6.790000e-03,5.212465e+00,3.300000e+00,3.833976e+00
6.800000e-03,1.386762e+00,3.300000e+00,-3.824316e+00
6.810000e-03,5.209408e+00,3.300000e+00,3.827855e+00
6.820000e-03,1.389818e+00,3.300000e+00,-3.818200e+00
6.830000e-03,5.206355e+00,3.300000e+00,3.821744e+00
6.840000e-03,1.392869e+00,3.300000e+00,-3.812094e+00
6.850000e-03,5.203308e+00,3.300000e+00,3.815642e+00
6.860000e-03,1.395915e+00,3.300000e+00,-3.805997e+00
6.870000e-03,5.200265e+00,3.300000e+00,3.809550e+00
6.880000e-03,1.398956e+00,3.300000e+00,-3.799910e+00
6.890000e-03,5.197227e+00,3.300000e+00,3.803468e+00
6.900000e-03,1.401992e+00,3.300000e+00,-3.793833e+00
6.910000e-03,5.194194e+00,3.300000e+00,3.797396e+00
6.920000e-03,1.405024e+00,3.300000e+00,-3.787765e+00
6.930000e-03,5.191166e+00,3.300000e+00,3.791333e+00
6.940000e-03,1.408051e+00,3.300000e+00,-3.781707e+00
6.950000e-03,5.188143e+00,3.300000e+00,3.785280e+00
6.960000e-03,1.411072e+00,3.300000e+00,-3.775659e+00
6.970000e-03,5.185124e+00,3.300000e+00,3.779237e+00
6.980000e-03,1.414089e+00,3.300000e+00,-3.769621e+00
6.990000e-03,5.182110e+00,3.300000e+00,3.773203e+00
7.000000e-03,1.417102e+00,3.300000e+00,-3.763592e+00
7.010000e-03,5.179102e+00,3.300000e+00,3.767179e+00
7.020000e-03,1.420109e+00,3.300000e+00,-3.757573e+00
7.030000e-03,5.176098e+00,3.300000e+00,3.761165e+00
7.040000e-03,1.423111e+00,3.300000e+00,-3.751563e+00
7.050000e-03,5.173098e+00,3.300000e+00,3.755160e+00
7.060000e-03,1.426109e+00,3.300000e+00,-3.745563e+00
7.070000e-03,5.170104e+00,3.300000e+00,3.749165e+00
7.080000e-03,1.429102e+00,3.300000e+00,-3.739573e+00
7.090000e-03,5.167114e+00,3.300000e+00,3.743179e+00
7.100000e-03,1.432090e+00,3.300000e+00,-3.733592e+00
7.110000e-03,5.164129e+00,3.300000e+00,3.737203e+00
7.120000e-03,1.435074e+00,3.300000e+00,-3.727621e+00
7.130000e-03,5.161149e+00,3.300000e+00,3.731237e+00
7.140000e-03,1.438052e+00,3.300000e+00,-3.721659e+00
7.150000e-03,5.158174e+00,3.300000e+00,3.725280e+00
7.160000e-03,1.441026e+00,3.300000e+00,-3.715707e+00
7.170000e-03,5.155203e+00,3.300000e+00,3.719332e+00
7.180000e-03,1.443995e+00,3.300000e+00,-3.709764e+00
7.190000e-03,5.152238e+00,3.300000e+00,3.713394e+00
7.200000e-03,1.446960e+00,3.300000e+00,-3.703831e+00
7.210000e-03,5.149276e+00,3.300000e+00,3.707466e+00
7.220000e-03,1.449919e+00,3.300000e+00,-3.697907e+00
7.230000e-03,5.146320e+00,3.300000e+00,3.701547e+00
7.240000e-03,1.452874e+00,3.300000e+00,-3.691993e+00
7.250000e-03,5.143368e+00,3.300000e+00,3.695637e+00
7.260000e-03,1.455825e+00,3.300000e+00,-3.686088e+00
7.270000e-03,5.140422e+00,3.300000e+00,3.689737e+00
7.280000e-03,1.458770e+00,3.300000e+00,-3.680193e+00
7.290000e-03,5.137479e+00,3.300000e+00,3.683847e+00
7.300000e-03,1.461711e+00,3.300000e+00,-3.674307e+00
7.310000e-03,5.134542e+00,3.300000e+00,3.677966e+00
7.320000e-03,1.464647e+00,3.300000e+00,-3.668430e+00
7.330000e-03,5.131609e+00,3.300000e+00,3.672094e+00
7.340000e-03,1.467578e+00,3.300000e+00,-3.662563e+00
7.350000e-03,5.128681e+00,3.300000e+00,3.666231e+00
7.360000e-03,1.470505e+00,3.300000e+00,-3.656705e+00
7.370000e-03,5.125757e+00,3.300000e+00,3.660378e+00
7.380000e-03,1.473427e+00,3.300000e+00,-3.650857e+00
7.390000e-03,5.122839e+00,3.300000e+00,3.654534e+00
7.400000e-03,1.476344e+00,3.300000e+00,-3.645018e+00
7.410000e-03,5.119924e+00,3.300000e+00,3.648700e+00
7.420000e-03,1.479257e+00,3.300000e+00,-3.639188e+00
7.430000e-03,5.117015e+00,3.300000e+00,3.642875e+00
7.440000e-03,1.482165e+00,3.300000e+00,-3.633368e+00
7.450000e-03,5.114110e+00,3.300000e+00,3.637059e+00
7.460000e-03,1.485068e+00,3.300000e+00,-3.627557e+00
7.470000e-03,5.111210e+00,3.300000e+00,3.631253e+00
7.480000e-03,1.487967e+00,3.300000e+00,-3.621755e+00
7.490000e-03,5.108314e+00,3.300000e+00,3.625456e+00
7.500000e-03,1.490861e+00,3.300000e+00,-3.615962e+00
7.510000e-03,5.105424e+00,3.300000e+00,3.619668e+00
7.520000e-03,1.493751e+00,3.300000e+00,-3.610179e+00
7.530000e-03,5.102537e+00,3.300000e+00,3.613889e+00
7.540000e-03,1.496636e+00,3.300000e+00,-3.604405e+00
7.550000e-03,5.099656e+00,3.300000e+00,3.608120e+00
7.560000e-03,1.499516e+00,3.300000e+00,-3.598640e+00
7.570000e-03,5.096779e+00,3.300000e+00,3.602359e+00
7.580000e-03,1.502392e+00,3.300000e+00,-3.592884e+00
7.590000e-03,5.093906e+00,3.300000e+00,3.596608e+00
7.600000e-03,1.505263e+00,3.300000e+00,-3.587138e+00
7.610000e-03,5.091038e+00,3.300000e+00,3.590866e+00
7.620000e-03,1.508129e+00,3.300000e+00,-3.581401e+00
7.630000e-03,5.088175e+00,3.300000e+00,3.585134e+00
7.640000e-03,1.510991e+00,3.300000e+00,-3.575673e+00
7.650000e-03,5.085316e+00,3.300000e+00,3.579410e+00
7.660000e-03,1.513849e+00,3.300000e+00,-3.569954e+00
7.670000e-03,5.082462e+00,3.300000e+00,3.573696e+00
7.680000e-03,1.516701e+00,3.300000e+00,-3.564244e+00
7.690000e-03,5.079612e+00,3.300000e+00,3.567991e+00
7.700000e-03,1.519550e+00,3.300000e+00,-3.558543e+00
7.710000e-03,5.076767e+00,3.300000e+00,3.562295e+00
7.720000e-03,1.522393e+00,3.300000e+00,-3.552852e+00
7.730000e-03,5.073927e+00,3.300000e+00,3.556608e+00
7.740000e-03,1.525232e+00,3.300000e+00,-3.547169e+00
7.750000e-03,5.071091e+00,3.300000e+00,3.550930e+00
7.760000e-03,1.528067e+00,3.300000e+00,-3.541496e+00
7.770000e-03,5.068260e+00,3.300000e+00,3.545261e+00
7.780000e-03,1.530897e+00,3.300000e+00,-3.535832e+00
7.790000e-03,5.065433e+00,3.300000e+00,3.539601e+00
7.800000e-03,1.533723e+00,3.300000e+00,-3.530176e+00
7.810000e-03,5.062610e+00,3.300000e+00,3.533950e+00
7.820000e-03,1.536544e+00,3.300000e+00,-3.524530e+00
7.830000e-03,5.059792e+00,3.300000e+00,3.528309e+00
7.840000e-03,1.539360e+00,3.300000e+00,-3.518893e+00
7.850000e-03,5.056979e+00,3.300000e+00,3.522676e+00
7.860000e-03,1.542172e+00,3.300000e+00,-3.513265e+00
7.870000e-03,5.054170e+00,3.300000e+00,3.517052e+00
7.880000e-03,1.544980e+00,3.300000e+00,-3.507646e+00
7.890000e-03,5.051366e+00,3.300000e+00,3.511438e+00
7.900000e-03,1.547783e+00,3.300000e+00,-3.502035e+00
7.910000e-03,5.048566e+00,3.300000e+00,3.505832e+00
7.920000e-03,1.550581e+00,3.300000e+00,-3.496434e+00
7.930000e-03,5.045770e+00,3.300000e+00,3.500235e+00
7.940000e-03,1.553375e+00,3.300000e+00,-3.490842e+00
7.950000e-03,5.042980e+00,3.300000e+00,3.494647e+00
7.960000e-03,1.556165e+00,3.300000e+00,-3.485258e+00
7.970000e-03,5.040193e+00,3.300000e+00,3.489068e+00
7.980000e-03,1.558950e+00,3.300000e+00,-3.479684e+00
7.990000e-03,5.037411e+00,3.300000e+00,3.483498e+00
8.000000e-03,1.561731e+00,3.300000e+00,-3.474118e+00
8.010000e-03,5.034633e+00,3.300000e+00,3.477937e+00
8.020000e-03,1.564507e+00,3.300000e+00,-3.468562e+00
8.030000e-03,5.031860e+00,3.300000e+00,3.472385e+00
8.040000e-03,1.567279e+00,3.300000e+00,-3.463014e+00
8.050000e-03,5.029092e+00,3.300000e+00,3.466842e+00
8.060000e-03,1.570046e+00,3.300000e+00,-3.457475e+00
8.070000e-03,5.026327e+00,3.300000e+00,3.461307e+00
8.080000e-03,1.572809e+00,3.300000e+00,-3.451945e+00
8.090000e-03,5.023567e+00,3.300000e+00,3.455782e+00
8.100000e-03,1.575568e+00,3.300000e+00,-3.446424e+00
8.110000e-03,5.020812e+00,3.300000e+00,3.450265e+00
8.120000e-03,1.578322e+00,3.300000e+00,-3.440912e+00
8.130000e-03,5.018061e+00,3.300000e+00,3.444757e+00
8.140000e-03,1.581072e+00,3.300000e+00,-3.435408e+00
8.150000e-03,5.015314e+00,3.300000e+00,3.439258e+00
8.160000e-03,1.583817e+00,3.300000e+00,-3.429913e+00
8.170000e-03,5.012572e+00,3.300000e+00,3.433767e+00
8.180000e-03,1.586558e+00,3.300000e+00,-3.424427e+00
8.190000e-03,5.009834e+00,3.300000e+00,3.428286e+00
8.200000e-03,1.589295e+00,3.300000e+00,-3.418950e+00
8.210000e-03,5.007100e+00,3.300000e+00,3.422813e+00
8.220000e-03,1.592027e+00,3.300000e+00,-3.413481e+00
8.230000e-03,5.004371e+00,3.300000e+00,3.417349e+00
8.240000e-03,1.594755e+00,3.300000e+00,-3.408022e+00
8.250000e-03,5.001646e+00,3.300000e+00,3.411893e+00
8.260000e-03,1.597478e+00,3.300000e+00,-3.402571e+00
8.270000e-03,4.998926e+00,3.300000e+00,3.406447e+00
8.280000e-03,1.600198e+00,3.300000e+00,-3.397128e+00
8.290000e-03,4.996210e+00,3.300000e+00,3.401009e+00
8.300000e-03,1.602912e+00,3.300000e+00,-3.391695e+00
8.310000e-03,4.993498e+00,3.300000e+00,3.395579e+00
8.320000e-03,1.605623e+00,3.300000e+00,-3.386270e+00
8.330000e-03,4.990791e+00,3.300000e+00,3.390159e+00
8.340000e-03,1.608329e+00,3.300000e+00,-3.380853e+00
8.350000e-03,4.988088e+00,3.300000e+00,3.384747e+00
8.360000e-03,1.611031e+00,3.300000e+00,-3.375446e+00
8.370000e-03,4.985389e+00,3.300000e+00,3.379344e+00
8.380000e-03,1.613728e+00,3.300000e+00,-3.370047e+00
8.390000e-03,4.982694e+00,3.300000e+00,3.373949e+00
8.400000e-03,1.616421e+00,3.300000e+00,-3.364657e+00
8.410000e-03,4.980004e+00,3.300000e+00,3.368563e+00
8.420000e-03,1.619110e+00,3.300000e+00,-3.359275e+00
8.430000e-03,4.977318e+00,3.300000e+00,3.363185e+00
8.440000e-03,1.621795e+00,3.300000e+00,-3.353902e+00
8.450000e-03,4.974637e+00,3.300000e+00,3.357817e+00
8.460000e-03,1.624475e+00,3.300000e+00,-3.348537e+00
8.470000e-03,4.971960e+00,3.300000e+00,3.352456e+00
8.480000e-03,1.627151e+00,3.300000e+00,-3.343181e+00
8.490000e-03,4.969287e+00,3.300000e+00,3.347105e+00
8.500000e-03,1.629823e+00,3.300000e+00,-3.337834e+00
8.510000e-03,4.966618e+00,3.300000e+00,3.341761e+00
8.520000e-03,1.632491e+00,3.300000e+00,-3.332495e+00
8.530000e-03,4.963953e+00,3.300000e+00,3.336427e+00
8.540000e-03,1.635154e+00,3.300000e+00,-3.327165e+00
8.550000e-03,4.961293e+00,3.300000e+00,3.331101e+00
8.560000e-03,1.637813e+00,3.300000e+00,-3.321843e+00
8.570000e-03,4.958637e+00,3.300000e+00,3.325783e+00
8.580000e-03,1.640467e+00,3.300000e+00,-3.316529e+00
8.590000e-03,4.955986e+00,3.300000e+00,3.320474e+00
8.600000e-03,1.643118e+00,3.300000e+00,-3.311225e+00
8.610000e-03,4.953338e+00,3.300000e+00,3.315174e+00
8.620000e-03,1.645764e+00,3.300000e+00,-3.305928e+00
8.630000e-03,4.950695e+00,3.300000e+00,3.309881e+00
8.640000e-03,1.648406e+00,3.300000e+00,-3.300640e+00
8.650000e-03,4.948056e+00,3.300000e+00,3.304598e+00
8.660000e-03,1.651044e+00,3.300000e+00,-3.295361e+00
8.670000e-03,4.945421e+00,3.300000e+00,3.299323e+00
8.680000e-03,1.653678e+00,3.300000e+00,-3.290090e+00
8.690000e-03,4.942790e+00,3.300000e+00,3.294056e+00
8.700000e-03,1.656307e+00,3.300000e+00,-3.284827e+00
8.710000e-03,4.940164e+00,3.300000e+00,3.288797e+00
8.720000e-03,1.658932e+00,3.300000e+00,-3.279573e+00
8.730000e-03,4.937542e+00,3.300000e+00,3.283547e+00
8.740000e-03,1.661553e+00,3.300000e+00,-3.274327e+00
8.750000e-03,4.934924e+00,3.300000e+00,3.278306e+00
8.760000e-03,1.664170e+00,3.300000e+00,-3.269090e+00
8.770000e-03,4.932310e+00,3.300000e+00,3.273073e+00
8.780000e-03,1.666782e+00,3.300000e+00,-3.263861e+00
8.790000e-03,4.929700e+00,3.300000e+00,3.267848e+00
8.800000e-03,1.669391e+00,3.300000e+00,-3.258640e+00
8.810000e-03,4.927095e+00,3.300000e+00,3.262631e+00
8.820000e-03,1.671995e+00,3.300000e+00,-3.253428e+00
8.830000e-03,4.924494e+00,3.300000e+00,3.257423e+00
8.840000e-03,1.674595e+00,3.300000e+00,-3.248224e+00
8.850000e-03,4.921897e+00,3.300000e+00,3.252223e+00
8.860000e-03,1.677191e+00,3.300000e+00,-3.243028e+00
8.870000e-03,4.919304e+00,3.300000e+00,3.247032e+00
8.880000e-03,1.679783e+00,3.300000e+00,-3.237841e+00
8.890000e-03,4.916715e+00,3.300000e+00,3.241849e+00
8.900000e-03,1.682371e+00,3.300000e+00,-3.232662e+00
8.910000e-03,4.914130e+00,3.300000e+00,3.236674e+00
8.920000e-03,1.684954e+00,3.300000e+00,-3.227491e+00
8.930000e-03,4.911549e+00,3.300000e+00,3.231507e+00
8.940000e-03,1.687534e+00,3.300000e+00,-3.222328e+00
8.950000e-03,4.908973e+00,3.300000e+00,3.226348e+00
8.960000e-03,1.690109e+00,3.300000e+00,-3.217174e+00
8.970000e-03,4.906401e+00,3.300000e+00,3.221198e+00
8.980000e-03,1.692680e+00,3.300000e+00,-3.212028e+00
8.990000e-03,4.903832e+00,3.300000e+00,3.216056e+00
9.000000e-03,1.695247e+00,3.300000e+00,-3.206890e+00
9.010000e-03,4.901268e+00,3.300000e+00,3.210923e+00
9.020000e-03,1.697810e+00,3.300000e+00,-3.201761e+00
9.030000e-03,4.898708e+00,3.300000e+00,3.205797e+00
9.040000e-03,1.700369e+00,3.300000e+00,-3.196639e+00
9.050000e-03,4.896152e+00,3.300000e+00,3.200680e+00
9.060000e-03,1.702924e+00,3.300000e+00,-3.191526e+00
9.070000e-03,4.893601e+00,3.300000e+00,3.195571e+00
9.080000e-03,1.705474e+00,3.300000e+00,-3.186421e+00
9.090000e-03,4.891053e+00,3.300000e+00,3.190470e+00
9.100000e-03,1.708021e+00,3.300000e+00,-3.181324e+00
9.110000e-03,4.888509e+00,3.300000e+00,3.185377e+00
9.120000e-03,1.710563e+00,3.300000e+00,-3.176235e+00
9.130000e-03,4.885969e+00,3.300000e+00,3.180292e+00
9.140000e-03,1.713102e+00,3.300000e+00,-3.171154e+00
9.150000e-03,4.883434e+00,3.300000e+00,3.175215e+00
9.160000e-03,1.715636e+00,3.300000e+00,-3.166082e+00
9.170000e-03,4.880902e+00,3.300000e+00,3.170147e+00
9.180000e-03,1.718167e+00,3.300000e+00,-3.161017e+00
9.190000e-03,4.878375e+00,3.300000e+00,3.165087e+00
9.200000e-03,1.720693e+00,3.300000e+00,-3.155961e+00
9.210000e-03,4.875851e+00,3.300000e+00,3.160034e+00
9.220000e-03,1.723215e+00,3.300000e+00,-3.150913e+00
9.230000e-03,4.873332e+00,3.300000e+00,3.154990e+00
9.240000e-03,1.725734e+00,3.300000e+00,-3.145873e+00
9.250000e-03,4.870817e+00,3.300000e+00,3.149954e+00
9.260000e-03,1.728248e+00,3.300000e+00,-3.140841e+00
9.270000e-03,4.868305e+00,3.300000e+00,3.144926e+00
9.280000e-03,1.730758e+00,3.300000e+00,-3.135816e+00
9.290000e-03,4.865798e+00,3.300000e+00,3.139906e+00
9.300000e-03,1.733264e+00,3.300000e+00,-3.130800e+00
9.310000e-03,4.863295e+00,3.300000e+00,3.134894e+00
9.320000e-03,1.735766e+00,3.300000e+00,-3.125792e+00
9.330000e-03,4.860795e+00,3.300000e+00,3.129890e+00
9.340000e-03,1.738265e+00,3.300000e+00,-3.120792e+00
9.350000e-03,4.858300e+00,3.300000e+00,3.124894e+00
9.360000e-03,1.740759e+00,3.300000e+00,-3.115800e+00
9.370000e-03,4.855809e+00,3.300000e+00,3.119905e+00
9.380000e-03,1.743249e+00,3.300000e+00,-3.110816e+00
9.390000e-03,4.853321e+00,3.300000e+00,3.114925e+00
9.400000e-03,1.745735e+00,3.300000e+00,-3.105840e+00
9.410000e-03,4.850838e+00,3.300000e+00,3.109953e+00
9.420000e-03,1.748218e+00,3.300000e+00,-3.100872e+00
9.430000e-03,4.848358e+00,3.300000e+00,3.104989e+00
9.440000e-03,1.750696e+00,3.300000e+00,-3.095912e+00
9.450000e-03,4.845883e+00,3.300000e+00,3.100033e+00
9.460000e-03,1.753170e+00,3.300000e+00,-3.090959e+00
9.470000e-03,4.843411e+00,3.300000e+00,3.095084e+00
9.480000e-03,1.755641e+00,3.300000e+00,-3.086015e+00
9.490000e-03,4.840944e+00,3.300000e+00,3.090144e+00
9.500000e-03,1.758107e+00,3.300000e+00,-3.081079e+00
9.510000e-03,4.838480e+00,3.300000e+00,3.085211e+00
9.520000e-03,1.760570e+00,3.300000e+00,-3.076150e+00
9.530000e-03,4.836021e+00,3.300000e+00,3.080287e+00
9.540000e-03,1.763028e+00,3.300000e+00,-3.071229e+00
9.550000e-03,4.833565e+00,3.300000e+00,3.075370e+00
9.560000e-03,1.765483e+00,3.300000e+00,-3.066316e+00
9.570000e-03,4.831113e+00,3.300000e+00,3.070461e+00
9.580000e-03,1.767934e+00,3.300000e+00,-3.061411e+00
9.590000e-03,4.828665e+00,3.300000e+00,3.065560e+00
9.600000e-03,1.770381e+00,3.300000e+00,-3.056514e+00
9.610000e-03,4.826221e+00,3.300000e+00,3.060667e+00
9.620000e-03,1.772823e+00,3.300000e+00,-3.051625e+00
9.630000e-03,4.823781e+00,3.300000e+00,3.055781e+00
9.640000e-03,1.775262e+00,3.300000e+00,-3.046743e+00
9.650000e-03,4.821345e+00,3.300000e+00,3.050904e+00
9.660000e-03,1.777698e+00,3.300000e+00,-3.041870e+00
9.670000e-03,4.818913e+00,3.300000e+00,3.046034e+00
9.680000e-03,1.780129e+00,3.300000e+00,-3.037004e+00
9.690000e-03,4.816484e+00,3.300000e+00,3.041172e+00
9.700000e-03,1.782556e+00,3.300000e+00,-3.032145e+00
9.710000e-03,4.814060e+00,3.300000e+00,3.036318e+00
9.720000e-03,1.784980e+00,3.300000e+00,-3.027295e+00
9.730000e-03,4.811639e+00,3.300000e+00,3.031471e+00
9.740000e-03,1.787399e+00,3.300000e+00,-3.022452e+00
9.750000e-03,4.809222e+00,3.300000e+00,3.026632e+00
9.760000e-03,1.789815e+00,3.300000e+00,-3.017617e+00
9.770000e-03,4.806809e+00,3.300000e+00,3.021801e+00
9.780000e-03,1.792227e+00,3.300000e+00,-3.012790e+00
9.790000e-03,4.804400e+00,3.300000e+00,3.016978e+00
9.800000e-03,1.794635e+00,3.300000e+00,-3.007971e+00
9.810000e-03,4.801995e+00,3.300000e+00,3.012162e+00
9.820000e-03,1.797039e+00,3.300000e+00,-3.003159e+00
9.830000e-03,4.799594e+00,3.300000e+00,3.007354e+00
9.840000e-03,1.799439e+00,3.300000e+00,-2.998355e+00
9.850000e-03,4.797196e+00,3.300000e+00,3.002554e+00
9.860000e-03,1.801836e+00,3.300000e+00,-2.993559e+00
9.870000e-03,4.794802e+00,3.300000e+00,2.997761e+00
9.880000e-03,1.804228e+00,3.300000e+00,-2.988770e+00
9.890000e-03,4.792412e+00,3.300000e+00,2.992977e+00
9.900000e-03,1.806617e+00,3.300000e+00,-2.983989e+00
9.910000e-03,4.790026e+00,3.300000e+00,2.988199e+00
9.920000e-03,1.809002e+00,3.300000e+00,-2.979215e+00
9.930000e-03,4.787644e+00,3.300000e+00,2.983430e+00
9.940000e-03,1.811383e+00,3.300000e+00,-2.974449e+00
9.950000e-03,4.785266e+00,3.300000e+00,2.978668e+00
9.960000e-03,1.813761e+00,3.300000e+00,-2.969691e+00
9.970000e-03,4.782891e+00,3.300000e+00,2.973913e+00
9.980000e-03,1.816134e+00,3.300000e+00,-2.964941e+00
9.990000e-03,4.780520e+00,3.300000e+00,2.969166e+00
1.000000e-02,1.818504e+00,3.300000e+00,-2.960198e+00
1.001000e-02,4.778153e+00,3.300000e+00,2.964427e+00
1.002000e-02,1.820870e+00,3.300000e+00,-2.955462e+00
1.003000e-02,4.775790e+00,3.300000e+00,2.959696e+00
1.004000e-02,1.823232e+00,3.300000e+00,-2.950734e+00
1.005000e-02,4.773430e+00,3.300000e+00,2.954971e+00
1.006000e-02,1.825591e+00,3.300000e+00,-2.946014e+00
1.007000e-02,4.771075e+00,3.300000e+00,2.950255e+00
1.008000e-02,1.827946e+00,3.300000e+00,-2.941301e+00
1.009000e-02,4.768723e+00,3.300000e+00,2.945546e+00
1.010000e-02,1.830297e+00,3.300000e+00,-2.936596e+00
1.011000e-02,4.766375e+00,3.300000e+00,2.940844e+00
1.012000e-02,1.832644e+00,3.300000e+00,-2.931898e+00
1.013000e-02,4.764030e+00,3.300000e+00,2.936150e+00
1.014000e-02,1.834987e+00,3.300000e+00,-2.927208e+00
1.015000e-02,4.761689e+00,3.300000e+00,2.931464e+00
1.016000e-02,1.837327e+00,3.300000e+00,-2.922525e+00
1.017000e-02,4.759353e+00,3.300000e+00,2.926785e+00
1.018000e-02,1.839663e+00,3.300000e+00,-2.917850e+00
1.019000e-02,4.757019e+00,3.300000e+00,2.922113e+00
1.020000e-02,1.841995e+00,3.300000e+00,-2.913182e+00
1.021000e-02,4.754690e+00,3.300000e+00,2.917449e+00
1.022000e-02,1.844324e+00,3.300000e+00,-2.908522e+00
1.023000e-02,4.752364e+00,3.300000e+00,2.912793e+00
1.024000e-02,1.846648e+00,3.300000e+00,-2.903869e+00
1.025000e-02,4.750042e+00,3.300000e+00,2.908144e+00
1.026000e-02,1.848969e+00,3.300000e+00,-2.899224e+00
1.027000e-02,4.747724e+00,3.300000e+00,2.903502e+00
1.028000e-02,1.851287e+00,3.300000e+00,-2.894586e+00
1.029000e-02,4.745409e+00,3.300000e+00,2.898868e+00
1.030000e-02,1.853600e+00,3.300000e+00,-2.889955e+00
1.031000e-02,4.743098e+00,3.300000e+00,2.894241e+00
1.032000e-02,1.855910e+00,3.300000e+00,-2.885332e+00
1.033000e-02,4.740791e+00,3.300000e+00,2.889621e+00
1.034000e-02,1.858217e+00,3.300000e+00,-2.880716e+00
1.035000e-02,4.738487e+00,3.300000e+00,2.885009e+00
1.036000e-02,1.860519e+00,3.300000e+00,-2.876108e+00
1.037000e-02,4.736187e+00,3.300000e+00,2.880404e+00
1.038000e-02,1.862818e+00,3.300000e+00,-2.871507e+00
1.039000e-02,4.733891e+00,3.300000e+00,2.875807e+00
1.040000e-02,1.865113e+00,3.300000e+00,-2.866913e+00
1.041000e-02,4.731599e+00,3.300000e+00,2.871217e+00
1.042000e-02,1.867405e+00,3.300000e+00,-2.862326e+00
1.043000e-02,4.729310e+00,3.300000e+00,2.866634e+00
1.044000e-02,1.869693e+00,3.300000e+00,-2.857747e+00
1.045000e-02,4.727025e+00,3.300000e+00,2.862059e+00
1.046000e-02,1.871977e+00,3.300000e+00,-2.853176e+00
1.047000e-02,4.724743e+00,3.300000e+00,2.857491e+00
1.048000e-02,1.874258e+00,3.300000e+00,-2.848611e+00
1.049000e-02,4.722465e+00,3.300000e+00,2.852930e+00
1.050000e-02,1.876534e+00,3.300000e+00,-2.844054e+00
1.051000e-02,4.720191e+00,3.300000e+00,2.848377e+00
1.052000e-02,1.878808e+00,3.300000e+00,-2.839504e+00
1.053000e-02,4.717920e+00,3.300000e+00,2.843830e+00
1.054000e-02,1.881077e+00,3.300000e+00,-2.834962e+00
1.055000e-02,4.715653e+00,3.300000e+00,2.839291e+00
1.056000e-02,1.883343e+00,3.300000e+00,-2.830426e+00
1.057000e-02,4.713390e+00,3.300000e+00,2.834760e+00
1.058000e-02,1.885606e+00,3.300000e+00,-2.825898e+00
1.059000e-02,4.711130e+00,3.300000e+00,2.830235e+00
1.060000e-02,1.887865e+00,3.300000e+00,-2.821377e+00
1.061000e-02,4.708874e+00,3.300000e+00,2.825718e+00
1.062000e-02,1.890120e+00,3.300000e+00,-2.816864e+00
1.063000e-02,4.706621e+00,3.300000e+00,2.821208e+00
1.064000e-02,1.892372e+00,3.300000e+00,-2.812357e+00
1.065000e-02,4.704372e+00,3.300000e+00,2.816705e+00
1.066000e-02,1.894620e+00,3.300000e+00,-2.807858e+00
1.067000e-02,4.702127e+00,3.300000e+00,2.812210e+00
1.068000e-02,1.896864e+00,3.300000e+00,-2.803366e+00
1.069000e-02,4.699885e+00,3.300000e+00,2.807721e+00
1.070000e-02,1.899105e+00,3.300000e+00,-2.798881e+00
1.071000e-02,4.697647e+00,3.300000e+00,2.803240e+00
1.072000e-02,1.901342e+00,3.300000e+00,-2.794404e+00
1.073000e-02,4.695412e+00,3.300000e+00,2.798766e+00
1.074000e-02,1.903576e+00,3.300000e+00,-2.789933e+00
1.075000e-02,4.693181e+00,3.300000e+00,2.794299e+00
1.076000e-02,1.905806e+00,3.300000e+00,-2.785470e+00
1.077000e-02,4.690954e+00,3.300000e+00,2.789839e+00
1.078000e-02,1.908032e+00,3.300000e+00,-2.781014e+00
1.079000e-02,4.688730e+00,3.300000e+00,2.785386e+00
1.080000e-02,1.910255e+00,3.300000e+00,-2.776564e+00
1.081000e-02,4.686510e+00,3.300000e+00,2.780941e+00
1.082000e-02,1.912475e+00,3.300000e+00,-2.772122e+00
1.083000e-02,4.684293e+00,3.300000e+00,2.776502e+00
1.084000e-02,1.914691e+00,3.300000e+00,-2.767688e+00
1.085000e-02,4.682080e+00,3.300000e+00,2.772071e+00
1.086000e-02,1.916903e+00,3.300000e+00,-2.763260e+00
1.087000e-02,4.679870e+00,3.300000e+00,2.767647e+00
1.088000e-02,1.919112e+00,3.300000e+00,-2.758839e+00
1.089000e-02,4.677664e+00,3.300000e+00,2.763230e+00
1.090000e-02,1.921317e+00,3.300000e+00,-2.754425e+00
1.091000e-02,4.675461e+00,3.300000e+00,2.758819e+00
1.092000e-02,1.923519e+00,3.300000e+00,-2.750019e+00
1.093000e-02,4.673262e+00,3.300000e+00,2.754416e+00
1.094000e-02,1.925717e+00,3.300000e+00,-2.745619e+00
1.095000e-02,4.671066e+00,3.300000e+00,2.750020e+00
1.096000e-02,1.927912e+00,3.300000e+00,-2.741227e+00
1.097000e-02,4.668874e+00,3.300000e+00,2.745631e+00
1.098000e-02,1.930103e+00,3.300000e+00,-2.736841e+00
1.099000e-02,4.666685e+00,3.300000e+00,2.741249e+00
1.100000e-02,1.932291e+00,3.300000e+00,-2.732462e+00
1.101000e-02,4.664500e+00,3.300000e+00,2.736874e+00
1.102000e-02,1.934475e+00,3.300000e+00,-2.728091e+00
1.103000e-02,4.662319e+00,3.300000e+00,2.732506e+00
1.104000e-02,1.936656e+00,3.300000e+00,-2.723726e+00
1.105000e-02,4.660141e+00,3.300000e+00,2.728145e+00
1.106000e-02,1.938833e+00,3.300000e+00,-2.719369e+00
1.107000e-02,4.657966e+00,3.300000e+00,2.723791e+00
1.108000e-02,1.941007e+00,3.300000e+00,-2.715018e+00
1.109000e-02,4.655795e+00,3.300000e+00,2.719444e+00
1.110000e-02,1.943177e+00,3.300000e+00,-2.710675e+00
1.111000e-02,4.653627e+00,3.300000e+00,2.715104e+00
1.112000e-02,1.945344e+00,3.300000e+00,-2.706338e+00
1.113000e-02,4.651463e+00,3.300000e+00,2.710770e+00
1.114000e-02,1.947507e+00,3.300000e+00,-2.702008e+00
1.115000e-02,4.649302e+00,3.300000e+00,2.706444e+00
1.116000e-02,1.949667e+00,3.300000e+00,-2.697685e+00
1.117000e-02,4.647145e+00,3.300000e+00,2.702125e+00
1.118000e-02,1.951824e+00,3.300000e+00,-2.693369e+00
1.119000e-02,4.644991e+00,3.300000e+00,2.697812e+00
1.120000e-02,1.953977e+00,3.300000e+00,-2.689060e+00
1.121000e-02,4.642840e+00,3.300000e+00,2.693506e+00
1.122000e-02,1.956126e+00,3.300000e+00,-2.684758e+00
1.123000e-02,4.640693e+00,3.300000e+00,2.689208e+00
1.124000e-02,1.958272e+00,3.300000e+00,-2.680463e+00
1.125000e-02,4.638550e+00,3.300000e+00,2.684916e+00
1.126000e-02,1.960415e+00,3.300000e+00,-2.676174e+00
1.127000e-02,4.636409e+00,3.300000e+00,2.680631e+00
1.128000e-02,1.962554e+00,3.300000e+00,-2.671893e+00
1.129000e-02,4.634273e+00,3.300000e+00,2.676353e+00
1.130000e-02,1.964690e+00,3.300000e+00,-2.667618e+00
1.131000e-02,4.632139e+00,3.300000e+00,2.672081e+00
1.132000e-02,1.966823e+00,3.300000e+00,-2.663350e+00
1.133000e-02,4.630010e+00,3.300000e+00,2.667817e+00
1.134000e-02,1.968952e+00,3.300000e+00,-2.659089e+00
1.135000e-02,4.627883e+00,3.300000e+00,2.663559e+00
1.136000e-02,1.971077e+00,3.300000e+00,-2.654835e+00
1.137000e-02,4.625760e+00,3.300000e+00,2.659308e+00
1.138000e-02,1.973200e+00,3.300000e+00,-2.650587e+00
1.139000e-02,4.623640e+00,3.300000e+00,2.655064e+00
1.140000e-02,1.975319e+00,3.300000e+00,-2.646346e+00
1.141000e-02,4.621524e+00,3.300000e+00,2.650827e+00
1.142000e-02,1.977434e+00,3.300000e+00,-2.642112e+00
1.143000e-02,4.619411e+00,3.300000e+00,2.646596e+00
1.144000e-02,1.979546e+00,3.300000e+00,-2.637885e+00
1.145000e-02,4.617301e+00,3.300000e+00,2.642373e+00
1.146000e-02,1.981655e+00,3.300000e+00,-2.633665e+00
1.147000e-02,4.615195e+00,3.300000e+00,2.638155e+00
1.148000e-02,1.983760e+00,3.300000e+00,-2.629451e+00
1.149000e-02,4.613092e+00,3.300000e+00,2.633945e+00
1.150000e-02,1.985862e+00,3.300000e+00,-2.625244e+00
1.151000e-02,4.610993e+00,3.300000e+00,2.629742e+00
1.152000e-02,1.987961e+00,3.300000e+00,-2.621044e+00
1.153000e-02,4.608897e+00,3.300000e+00,2.625545e+00
1.154000e-02,1.990056e+00,3.300000e+00,-2.616851e+00
1.155000e-02,4.606804e+00,3.300000e+00,2.621355e+00
1.156000e-02,1.992148e+00,3.300000e+00,-2.612664e+00
1.157000e-02,4.604714e+00,3.300000e+00,2.617171e+00
1.158000e-02,1.994237e+00,3.300000e+00,-2.608484e+00
1.159000e-02,4.602628e+00,3.300000e+00,2.612994e+00
1.160000e-02,1.996322e+00,3.300000e+00,-2.604310e+00
1.161000e-02,4.600546e+00,3.300000e+00,2.608824e+00
1.162000e-02,1.998404e+00,3.300000e+00,-2.600143e+00
1.163000e-02,4.598466e+00,3.300000e+00,2.604661e+00
1.164000e-02,2.000482e+00,3.300000e+00,-2.595983e+00
1.165000e-02,4.596390e+00,3.300000e+00,2.600504e+00
1.166000e-02,2.002558e+00,3.300000e+00,-2.591830e+00
1.167000e-02,4.594317e+00,3.300000e+00,2.596354e+00
1.168000e-02,2.004630e+00,3.300000e+00,-2.587683e+00
1.169000e-02,4.592248e+00,3.300000e+00,2.592210e+00
1.170000e-02,2.006698e+00,3.300000e+00,-2.583543e+00
1.171000e-02,4.590182e+00,3.300000e+00,2.588074e+00
1.172000e-02,2.008764e+00,3.300000e+00,-2.579409e+00
1.173000e-02,4.588119e+00,3.300000e+00,2.583943e+00
1.174000e-02,2.010826e+00,3.300000e+00,-2.575282e+00
1.175000e-02,4.586059e+00,3.300000e+00,2.579820e+00
1.176000e-02,2.012884e+00,3.300000e+00,-2.571162e+00
1.177000e-02,4.584003e+00,3.300000e+00,2.575703e+00
1.178000e-02,2.014940e+00,3.300000e+00,-2.567048e+00
1.179000e-02,4.581950e+00,3.300000e+00,2.571592e+00
1.180000e-02,2.016992e+00,3.300000e+00,-2.562941e+00
1.181000e-02,4.579900e+00,3.300000e+00,2.567488e+00
1.182000e-02,2.019041e+00,3.300000e+00,-2.558840e+00
1.183000e-02,4.577854e+00,3.300000e+00,2.563391e+00
1.184000e-02,2.021087e+00,3.300000e+00,-2.554746e+00
1.185000e-02,4.575811e+00,3.300000e+00,2.559300e+00
1.186000e-02,2.023129e+00,3.300000e+00,-2.550659e+00
1.187000e-02,4.573771e+00,3.300000e+00,2.555216e+00
1.188000e-02,2.025168e+00,3.300000e+00,-2.546578e+00
1.189000e-02,4.571734e+00,3.300000e+00,2.551138e+00
1.190000e-02,2.027204e+00,3.300000e+00,-2.542503e+00
1.191000e-02,4.569701e+00,3.300000e+00,2.547067e+00
1.192000e-02,2.029236e+00,3.300000e+00,-2.538435e+00
1.193000e-02,4.567671e+00,3.300000e+00,2.543002e+00
1.194000e-02,2.031266e+00,3.300000e+00,-2.534374e+00
1.195000e-02,4.565644e+00,3.300000e+00,2.538944e+00
1.196000e-02,2.033292e+00,3.300000e+00,-2.530319e+00
1.197000e-02,4.563620e+00,3.300000e+00,2.534892e+00
1.198000e-02,2.035315e+00,3.300000e+00,-2.526270e+00
1.199000e-02,4.561600e+00,3.300000e+00,2.530847e+00
1.200000e-02,2.037334e+00,3.300000e+00,-2.522228e+00
1.201000e-02,4.559583e+00,3.300000e+00,2.526808e+00
1.202000e-02,2.039351e+00,3.300000e+00,-2.518192e+00
1.203000e-02,4.557569e+00,3.300000e+00,2.522775e+00
1.204000e-02,2.041364e+00,3.300000e+00,-2.514163e+00
1.205000e-02,4.555558e+00,3.300000e+00,2.518749e+00
1.206000e-02,2.043374e+00,3.300000e+00,-2.510141e+00
1.207000e-02,4.553550e+00,3.300000e+00,2.514730e+00
1.208000e-02,2.045381e+00,3.300000e+00,-2.506124e+00
1.209000e-02,4.551546e+00,3.300000e+00,2.510717e+00
1.210000e-02,2.047384e+00,3.300000e+00,-2.502114e+00
1.211000e-02,4.549545e+00,3.300000e+00,2.506710e+00
1.212000e-02,2.049385e+00,3.300000e+00,-2.498111e+00
1.213000e-02,4.547547e+00,3.300000e+00,2.502710e+00
1.214000e-02,2.051382e+00,3.300000e+00,-2.494114e+00
1.215000e-02,4.545552e+00,3.300000e+00,2.498716e+00
1.216000e-02,2.053376e+00,3.300000e+00,-2.490123e+00
1.217000e-02,4.543561e+00,3.300000e+00,2.494729e+00
1.218000e-02,2.055366e+00,3.300000e+00,-2.486139e+00
1.219000e-02,4.541572e+00,3.300000e+00,2.490748e+00
1.220000e-02,2.057354e+00,3.300000e+00,-2.482161e+00
1.221000e-02,4.539587e+00,3.300000e+00,2.486773e+00
1.222000e-02,2.059338e+00,3.300000e+00,-2.478189e+00
1.223000e-02,4.537605e+00,3.300000e+00,2.482804e+00
1.224000e-02,2.061320e+00,3.300000e+00,-2.474224e+00
1.225000e-02,4.535626e+00,3.300000e+00,2.478842e+00
1.226000e-02,2.063298e+00,3.300000e+00,-2.470265e+00
1.227000e-02,4.533651e+00,3.300000e+00,2.474887e+00
1.228000e-02,2.065273e+00,3.300000e+00,-2.466313e+00
1.229000e-02,4.531678e+00,3.300000e+00,2.470937e+00
1.230000e-02,2.067244e+00,3.300000e+00,-2.462367e+00
1.231000e-02,4.529709e+00,3.300000e+00,2.466994e+00
1.232000e-02,2.069213e+00,3.300000e+00,-2.458427e+00
1.233000e-02,4.527743e+00,3.300000e+00,2.463057e+00
1.234000e-02,2.071179e+00,3.300000e+00,-2.454493e+00
1.235000e-02,4.525780e+00,3.300000e+00,2.459127e+00
1.236000e-02,2.073141e+00,3.300000e+00,-2.450566e+00
1.237000e-02,4.523820e+00,3.300000e+00,2.455203e+00
1.238000e-02,2.075100e+00,3.300000e+00,-2.446644e+00
1.239000e-02,4.521863e+00,3.300000e+00,2.451285e+00
1.240000e-02,2.077056e+00,3.300000e+00,-2.442730e+00
1.241000e-02,4.519909e+00,3.300000e+00,2.447373e+00
1.242000e-02,2.079009e+00,3.300000e+00,-2.438821e+00
1.243000e-02,4.517959e+00,3.300000e+00,2.443468e+00
1.244000e-02,2.080959e+00,3.300000e+00,-2.434919e+00
1.245000e-02,4.516011e+00,3.300000e+00,2.439568e+00
1.246000e-02,2.082906e+00,3.300000e+00,-2.431023e+00
1.247000e-02,4.514067e+00,3.300000e+00,2.435675e+00
1.248000e-02,2.084849e+00,3.300000e+00,-2.427133e+00
1.249000e-02,4.512126e+00,3.300000e+00,2.431789e+00
1.250000e-02,2.086790e+00,3.300000e+00,-2.423249e+00
1.251000e-02,4.510187e+00,3.300000e+00,2.427908e+00
1.252000e-02,2.088727e+00,3.300000e+00,-2.419372e+00
1.253000e-02,4.508252e+00,3.300000e+00,2.424034e+00
1.254000e-02,2.090661e+00,3.300000e+00,-2.415501e+00
1.255000e-02,4.506321e+00,3.300000e+00,2.420166e+00
1.256000e-02,2.092592e+00,3.300000e+00,-2.411635e+00
1.257000e-02,4.504392e+00,3.300000e+00,2.416304e+00
1.258000e-02,2.094521e+00,3.300000e+00,-2.407777e+00
1.259000e-02,4.502466e+00,3.300000e+00,2.412448e+00
1.260000e-02,2.096446e+00,3.300000e+00,-2.403924e+00
1.261000e-02,4.500543e+00,3.300000e+00,2.408598e+00
1.262000e-02,2.098368e+00,3.300000e+00,-2.400077e+00
1.263000e-02,4.498624e+00,3.300000e+00,2.404755e+00
1.264000e-02,2.100286e+00,3.300000e+00,-2.396237e+00
1.265000e-02,4.496707e+00,3.300000e+00,2.400917e+00
1.266000e-02,2.102202e+00,3.300000e+00,-2.392403e+00
1.267000e-02,4.494794e+00,3.300000e+00,2.397086e+00
1.268000e-02,2.104115e+00,3.300000e+00,-2.388574e+00
1.269000e-02,4.492883e+00,3.300000e+00,2.393261e+00
1.270000e-02,2.106025e+00,3.300000e+00,-2.384752e+00
1.271000e-02,4.490976e+00,3.300000e+00,2.389442e+00
1.272000e-02,2.107931e+00,3.300000e+00,-2.380937e+00
1.273000e-02,4.489072e+00,3.300000e+00,2.385629e+00
1.274000e-02,2.109835e+00,3.300000e+00,-2.377127e+00
1.275000e-02,4.487170e+00,3.300000e+00,2.381822e+00
1.276000e-02,2.111736e+00,3.300000e+00,-2.373323e+00
1.277000e-02,4.485272e+00,3.300000e+00,2.378022e+00
1.278000e-02,2.113633e+00,3.300000e+00,-2.369525e+00
1.279000e-02,4.483377e+00,3.300000e+00,2.374227e+00
1.280000e-02,2.115528e+00,3.300000e+00,-2.365734e+00
1.281000e-02,4.481485e+00,3.300000e+00,2.370439e+00
1.282000e-02,2.117419e+00,3.300000e+00,-2.361948e+00
1.283000e-02,4.479596e+00,3.300000e+00,2.366656e+00
1.284000e-02,2.119308e+00,3.300000e+00,-2.358169e+00
1.285000e-02,4.477709e+00,3.300000e+00,2.362880e+00
1.286000e-02,2.121193e+00,3.300000e+00,-2.354395e+00
1.287000e-02,4.475826e+00,3.300000e+00,2.359109e+00
1.288000e-02,2.123075e+00,3.300000e+00,-2.350628e+00
1.289000e-02,4.473946e+00,3.300000e+00,2.355345e+00
1.290000e-02,2.124955e+00,3.300000e+00,-2.346866e+00
1.291000e-02,4.472069e+00,3.300000e+00,2.351586e+00
1.292000e-02,2.126831e+00,3.300000e+00,-2.343111e+00
1.293000e-02,4.470195e+00,3.300000e+00,2.347834e+00
1.294000e-02,2.128705e+00,3.300000e+00,-2.339362e+00
1.295000e-02,4.468324e+00,3.300000e+00,2.344088e+00
1.296000e-02,2.130575e+00,3.300000e+00,-2.335618e+00
1.297000e-02,4.466456e+00,3.300000e+00,2.340347e+00
1.298000e-02,2.132442e+00,3.300000e+00,-2.331881e+00
1.299000e-02,4.464591e+00,3.300000e+00,2.336613e+00
1.300000e-02,2.134307e+00,3.300000e+00,-2.328149e+00
1.301000e-02,4.462729e+00,3.300000e+00,2.332884e+00
1.302000e-02,2.136168e+00,3.300000e+00,-2.324424e+00
1.303000e-02,4.460869e+00,3.300000e+00,2.329162e+00
1.304000e-02,2.138027e+00,3.300000e+00,-2.320704e+00
1.305000e-02,4.459013e+00,3.300000e+00,2.325445e+00
1.306000e-02,2.139882e+00,3.300000e+00,-2.316991e+00
1.307000e-02,4.457160e+00,3.300000e+00,2.321735e+00
1.308000e-02,2.141735e+00,3.300000e+00,-2.313283e+00
1.309000e-02,4.455310e+00,3.300000e+00,2.318030e+00
1.310000e-02,2.143585e+00,3.300000e+00,-2.309582e+00
1.311000e-02,4.453462e+00,3.300000e+00,2.314331e+00
1.312000e-02,2.145431e+00,3.300000e+00,-2.305886e+00
1.313000e-02,4.451618e+00,3.300000e+00,2.310638e+00
1.314000e-02,2.147275e+00,3.300000e+00,-2.302196e+00
1.315000e-02,4.449777e+00,3.300000e+00,2.306951e+00
1.316000e-02,2.149116e+00,3.300000e+00,-2.298512e+00
1.317000e-02,4.447938e+00,3.300000e+00,2.303270e+00
1.318000e-02,2.150953e+00,3.300000e+00,-2.294834e+00
1.319000e-02,4.446103e+00,3.300000e+00,2.299595e+00
1.320000e-02,2.152788e+00,3.300000e+00,-2.291161e+00
1.321000e-02,4.444270e+00,3.300000e+00,2.295926e+00
1.322000e-02,2.154620e+00,3.300000e+00,-2.287495e+00
1.323000e-02,4.442440e+00,3.300000e+00,2.292262e+00
1.324000e-02,2.156449e+00,3.300000e+00,-2.283835e+00
1.325000e-02,4.440614e+00,3.300000e+00,2.288605e+00
1.326000e-02,2.158275e+00,3.300000e+00,-2.280180e+00
1.327000e-02,4.438790e+00,3.300000e+00,2.284953e+00
1.328000e-02,2.160099e+00,3.300000e+00,-2.276531e+00
1.329000e-02,4.436969e+00,3.300000e+00,2.281307e+00
1.330000e-02,2.161919e+00,3.300000e+00,-2.272888e+00
1.331000e-02,4.435151e+00,3.300000e+00,2.277667e+00
1.332000e-02,2.163736e+00,3.300000e+00,-2.269251e+00
1.333000e-02,4.433336e+00,3.300000e+00,2.274033e+00
1.334000e-02,2.165551e+00,3.300000e+00,-2.265620e+00
1.335000e-02,4.431524e+00,3.300000e+00,2.270404e+00
1.336000e-02,2.167362e+00,3.300000e+00,-2.261994e+00
1.337000e-02,4.429714e+00,3.300000e+00,2.266782e+00
1.338000e-02,2.169171e+00,3.300000e+00,-2.258374e+00
1.339000e-02,4.427908e+00,3.300000e+00,2.263165e+00
1.340000e-02,2.170977e+00,3.300000e+00,-2.254760e+00
1.341000e-02,4.426104e+00,3.300000e+00,2.259554e+00
1.342000e-02,2.172780e+00,3.300000e+00,-2.251152e+00
1.343000e-02,4.424304e+00,3.300000e+00,2.255949e+00
1.344000e-02,2.174580e+00,3.300000e+00,-2.247550e+00
1.345000e-02,4.422506e+00,3.300000e+00,2.252349e+00
1.346000e-02,2.176377e+00,3.300000e+00,-2.243953e+00
1.347000e-02,4.420711e+00,3.300000e+00,2.248755e+00
1.348000e-02,2.178171e+00,3.300000e+00,-2.240362e+00
1.349000e-02,4.418919e+00,3.300000e+00,2.245167e+00
1.350000e-02,2.179962e+00,3.300000e+00,-2.236777e+00
1.351000e-02,4.417130e+00,3.300000e+00,2.241585e+00
1.352000e-02,2.181751e+00,3.300000e+00,-2.233197e+00
1.353000e-02,4.415344e+00,3.300000e+00,2.238008e+00
1.354000e-02,2.183536e+00,3.300000e+00,-2.229624e+00
1.355000e-02,4.413560e+00,3.300000e+00,2.234437e+00
1.356000e-02,2.185319e+00,3.300000e+00,-2.226056e+00
1.357000e-02,4.411780e+00,3.300000e+00,2.230872e+00
1.358000e-02,2.187099e+00,3.300000e+00,-2.222493e+00
1.359000e-02,4.410002e+00,3.300000e+00,2.227313e+00
1.360000e-02,2.188876e+00,3.300000e+00,-2.218937e+00
1.361000e-02,4.408227e+00,3.300000e+00,2.223759e+00
1.362000e-02,2.190651e+00,3.300000e+00,-2.215386e+00
1.363000e-02,4.406455e+00,3.300000e+00,2.220211e+00
1.364000e-02,2.192422e+00,3.300000e+00,-2.211840e+00
1.365000e-02,4.404686e+00,3.300000e+00,2.216668e+00
1.366000e-02,2.194191e+00,3.300000e+00,-2.208301e+00
1.367000e-02,4.402919e+00,3.300000e+00,2.213131e+00
1.368000e-02,2.195957e+00,3.300000e+00,-2.204767e+00
1.369000e-02,4.401156e+00,3.300000e+00,2.209600e+00
1.370000e-02,2.197720e+00,3.300000e+00,-2.201238e+00
1.371000e-02,4.399395e+00,3.300000e+00,2.206075e+00
1.372000e-02,2.199480e+00,3.300000e+00,-2.197716e+00
1.373000e-02,4.397637e+00,3.300000e+00,2.202555e+00
1.374000e-02,2.201237e+00,3.300000e+00,-2.194199e+00
1.375000e-02,4.395882e+00,3.300000e+00,2.199041e+00
1.376000e-02,2.202992e+00,3.300000e+00,-2.190687e+00
1.377000e-02,4.394129e+00,3.300000e+00,2.195532e+00
1.378000e-02,2.204743e+00,3.300000e+00,-2.187181e+00
1.379000e-02,4.392380e+00,3.300000e+00,2.192029e+00
1.380000e-02,2.206492e+00,3.300000e+00,-2.183681e+00
1.381000e-02,4.390633e+00,3.300000e+00,2.188532e+00
1.382000e-02,2.208238e+00,3.300000e+00,-2.180187e+00
1.383000e-02,4.388889e+00,3.300000e+00,2.185040e+00
1.384000e-02,2.209982e+00,3.300000e+00,-2.176698e+00
1.385000e-02,4.387148e+00,3.300000e+00,2.181554e+00
1.386000e-02,2.211722e+00,3.300000e+00,-2.173214e+00
1.387000e-02,4.385410e+00,3.300000e+00,2.178073e+00
1.388000e-02,2.213460e+00,3.300000e+00,-2.169736e+00
1.389000e-02,4.383674e+00,3.300000e+00,2.174598e+00
1.390000e-02,2.215195e+00,3.300000e+00,-2.166264e+00
1.391000e-02,4.381941e+00,3.300000e+00,2.171128e+00
1.392000e-02,2.216927e+00,3.300000e+00,-2.162797e+00
1.393000e-02,4.380211e+00,3.300000e+00,2.167664e+00
1.394000e-02,2.218657e+00,3.300000e+00,-2.159336e+00
1.395000e-02,4.378484e+00,3.300000e+00,2.164206e+00
1.396000e-02,2.220384e+00,3.300000e+00,-2.155880e+00
1.397000e-02,4.376759e+00,3.300000e+00,2.160753e+00
1.398000e-02,2.222107e+00,3.300000e+00,-2.152430e+00
1.399000e-02,4.375038e+00,3.300000e+00,2.157305e+00
1.400000e-02,2.223829e+00,3.300000e+00,-2.148985e+00
1.401000e-02,4.373319e+00,3.300000e+00,2.153863e+00
1.402000e-02,2.225547e+00,3.300000e+00,-2.145546e+00
1.403000e-02,4.371602e+00,3.300000e+00,2.150427e+00
1.404000e-02,2.227263e+00,3.300000e+00,-2.142112e+00
1.405000e-02,4.369889e+00,3.300000e+00,2.146996e+00
1.406000e-02,2.228976e+00,3.300000e+00,-2.138684e+00
1.407000e-02,4.368178e+00,3.300000e+00,2.143570e+00
1.408000e-02,2.230686e+00,3.300000e+00,-2.135261e+00
1.409000e-02,4.366470e+00,3.300000e+00,2.140150e+00
1.410000e-02,2.232393e+00,3.300000e+00,-2.131844e+00
1.411000e-02,4.364765e+00,3.300000e+00,2.136736e+00
1.412000e-02,2.234098e+00,3.300000e+00,-2.128432e+00
1.413000e-02,4.363062e+00,3.300000e+00,2.133327e+00
1.414000e-02,2.235800e+00,3.300000e+00,-2.125026e+00
1.415000e-02,4.361362e+00,3.300000e+00,2.129923e+00
1.416000e-02,2.237500e+00,3.300000e+00,-2.121625e+00
1.417000e-02,4.359665e+00,3.300000e+00,2.126525e+00
1.418000e-02,2.239196e+00,3.300000e+00,-2.118230e+00
1.419000e-02,4.357971e+00,3.300000e+00,2.123132e+00
1.420000e-02,2.240890e+00,3.300000e+00,-2.114840e+00
1.421000e-02,4.356279e+00,3.300000e+00,2.119745e+00
1.422000e-02,2.242581e+00,3.300000e+00,-2.111455e+00
1.423000e-02,4.354590e+00,3.300000e+00,2.116363e+00
1.424000e-02,2.244270e+00,3.300000e+00,-2.108076e+00
1.425000e-02,4.352903e+00,3.300000e+00,2.112987e+00
1.426000e-02,2.245956e+00,3.300000e+00,-2.104702e+00
1.427000e-02,4.351220e+00,3.300000e+00,2.109615e+00
1.428000e-02,2.247639e+00,3.300000e+00,-2.101334e+00
1.429000e-02,4.349539e+00,3.300000e+00,2.106250e+00
1.430000e-02,2.249319e+00,3.300000e+00,-2.097970e+00
1.431000e-02,4.347861e+00,3.300000e+00,2.102889e+00
1.432000e-02,2.250997e+00,3.300000e+00,-2.094613e+00
1.433000e-02,4.346185e+00,3.300000e+00,2.099534e+00
1.434000e-02,2.252672e+00,3.300000e+00,-2.091261e+00
1.435000e-02,4.344512e+00,3.300000e+00,2.096185e+00
1.436000e-02,2.254344e+00,3.300000e+00,-2.087914e+00
1.437000e-02,4.342842e+00,3.300000e+00,2.092841e+00
1.438000e-02,2.256014e+00,3.300000e+00,-2.084572e+00
1.439000e-02,4.341174e+00,3.300000e+00,2.089502e+00
1.440000e-02,2.257681e+00,3.300000e+00,-2.081236e+00
1.441000e-02,4.339509e+00,3.300000e+00,2.086168e+00
1.442000e-02,2.259345e+00,3.300000e+00,-2.077905e+00
1.443000e-02,4.337847e+00,3.300000e+00,2.082840e+00
1.444000e-02,2.261007e+00,3.300000e+00,-2.074579e+00
1.445000e-02,4.336188e+00,3.300000e+00,2.079517e+00
1.446000e-02,2.262666e+00,3.300000e+00,-2.071259e+00
1.447000e-02,4.334531e+00,3.300000e+00,2.076199e+00
1.448000e-02,2.264322e+00,3.300000e+00,-2.067944e+00
1.449000e-02,4.332876e+00,3.300000e+00,2.072887e+00
1.450000e-02,2.265976e+00,3.300000e+00,-2.064634e+00
1.451000e-02,4.331225e+00,3.300000e+00,2.069580e+00
1.452000e-02,2.267627e+00,3.300000e+00,-2.061330e+00
1.453000e-02,4.329576e+00,3.300000e+00,2.066278e+00
1.454000e-02,2.269276e+00,3.300000e+00,-2.058031e+00
1.455000e-02,4.327929e+00,3.300000e+00,2.062982e+00
1.456000e-02,2.270922e+00,3.300000e+00,-2.054737e+00
1.457000e-02,4.326286e+00,3.300000e+00,2.059690e+00
1.458000e-02,2.272565e+00,3.300000e+00,-2.051448e+00
1.459000e-02,4.324644e+00,3.300000e+00,2.056404e+00
1.460000e-02,2.274205e+00,3.300000e+00,-2.048165e+00
1.461000e-02,4.323006e+00,3.300000e+00,2.053124e+00
1.462000e-02,2.275843e+00,3.300000e+00,-2.044887e+00
1.463000e-02,4.321370e+00,3.300000e+00,2.049848e+00
1.464000e-02,2.277479e+00,3.300000e+00,-2.041614e+00
1.465000e-02,4.319737e+00,3.300000e+00,2.046578e+00
1.466000e-02,2.279111e+00,3.300000e+00,-2.038346e+00
1.467000e-02,4.318106e+00,3.300000e+00,2.043313e+00
1.468000e-02,2.280741e+00,3.300000e+00,-2.035084e+00
1.469000e-02,4.316478e+00,3.300000e+00,2.040053e+00
1.470000e-02,2.282369e+00,3.300000e+00,-2.031827e+00
1.471000e-02,4.314853e+00,3.300000e+00,2.036799e+00
1.472000e-02,2.283994e+00,3.300000e+00,-2.028575e+00
1.473000e-02,4.313230e+00,3.300000e+00,2.033549e+00
1.474000e-02,2.285616e+00,3.300000e+00,-2.025328e+00
1.475000e-02,4.311610e+00,3.300000e+00,2.030305e+00
1.476000e-02,2.287236e+00,3.300000e+00,-2.022086e+00
1.477000e-02,4.309992e+00,3.300000e+00,2.027066e+00
1.478000e-02,2.288853e+00,3.300000e+00,-2.018850e+00
1.479000e-02,4.308377e+00,3.300000e+00,2.023832e+00
1.480000e-02,2.290468e+00,3.300000e+00,-2.015619e+00
1.481000e-02,4.306764e+00,3.300000e+00,2.020604e+00
1.482000e-02,2.292080e+00,3.300000e+00,-2.012393e+00
1.483000e-02,4.305155e+00,3.300000e+00,2.017380e+00
1.484000e-02,2.293689e+00,3.300000e+00,-2.009172e+00
1.485000e-02,4.303547e+00,3.300000e+00,2.014162e+00
1.486000e-02,2.295296e+00,3.300000e+00,-2.005956e+00
1.487000e-02,4.301942e+00,3.300000e+00,2.010949e+00
1.488000e-02,2.296900e+00,3.300000e+00,-2.002745e+00
1.489000e-02,4.300340e+00,3.300000e+00,2.007740e+00
1.490000e-02,2.298502e+00,3.300000e+00,-1.999540e+00
1.491000e-02,4.298741e+00,3.300000e+00,2.004538e+00
1.492000e-02,2.300101e+00,3.300000e+00,-1.996340e+00
1.493000e-02,4.297144e+00,3.300000e+00,2.001340e+00
1.494000e-02,2.301698e+00,3.300000e+00,-1.993144e+00
1.495000e-02,4.295549e+00,3.300000e+00,1.998147e+00
1.496000e-02,2.303292e+00,3.300000e+00,-1.989954e+00
1.497000e-02,4.293957e+00,3.300000e+00,1.994959e+00
1.498000e-02,2.304883e+00,3.300000e+00,-1.986769e+00
1.499000e-02,4.292368e+00,3.300000e+00,1.991777e+00
1.500000e-02,2.306472e+00,3.300000e+00,-1.983589e+00
1.501000e-02,4.290781e+00,3.300000e+00,1.988599e+00
1.502000e-02,2.308058e+00,3.300000e+00,-1.980414e+00
1.503000e-02,4.289196e+00,3.300000e+00,1.985427e+00
1.504000e-02,2.309642e+00,3.300000e+00,-1.977244e+00
1.505000e-02,4.287615e+00,3.300000e+00,1.982260e+00
1.506000e-02,2.311224e+00,3.300000e+00,-1.974080e+00
1.507000e-02,4.286035e+00,3.300000e+00,1.979098e+00
1.508000e-02,2.312803e+00,3.300000e+00,-1.970920e+00
1.509000e-02,4.284458e+00,3.300000e+00,1.975940e+00
1.510000e-02,2.314379e+00,3.300000e+00,-1.967765e+00
1.511000e-02,4.282884e+00,3.300000e+00,1.972788e+00
1.512000e-02,2.315953e+00,3.300000e+00,-1.964616e+00
1.513000e-02,4.281312e+00,3.300000e+00,1.969641e+00
1.514000e-02,2.317524e+00,3.300000e+00,-1.961471e+00
1.515000e-02,4.279743e+00,3.300000e+00,1.966499e+00
1.516000e-02,2.319093e+00,3.300000e+00,-1.958332e+00
1.517000e-02,4.278177e+00,3.300000e+00,1.963362e+00
1.518000e-02,2.320659e+00,3.300000e+00,-1.955197e+00
1.519000e-02,4.276612e+00,3.300000e+00,1.960230e+00
1.520000e-02,2.322223e+00,3.300000e+00,-1.952067e+00
1.521000e-02,4.275051e+00,3.300000e+00,1.957103e+00
1.522000e-02,2.323784e+00,3.300000e+00,-1.948943e+00
1.523000e-02,4.273491e+00,3.300000e+00,1.953981e+00
1.524000e-02,2.325343e+00,3.300000e+00,-1.945823e+00
1.525000e-02,4.271935e+00,3.300000e+00,1.950864e+00
1.526000e-02,2.326899e+00,3.300000e+00,-1.942709e+00
1.527000e-02,4.270380e+00,3.300000e+00,1.947752e+00
1.528000e-02,2.328453e+00,3.300000e+00,-1.939599e+00
1.529000e-02,4.268829e+00,3.300000e+00,1.944645e+00
1.530000e-02,2.330004e+00,3.300000e+00,-1.936495e+00
1.531000e-02,4.267279e+00,3.300000e+00,1.941543e+00
1.532000e-02,2.331553e+00,3.300000e+00,-1.933395e+00
1.533000e-02,4.265733e+00,3.300000e+00,1.938446e+00
1.534000e-02,2.333099e+00,3.300000e+00,-1.930300e+00
1.535000e-02,4.264188e+00,3.300000e+00,1.935353e+00
1.536000e-02,2.334643e+00,3.300000e+00,-1.927211e+00
1.537000e-02,4.262646e+00,3.300000e+00,1.932266e+00
1.538000e-02,2.336184e+00,3.300000e+00,-1.924126e+00
1.539000e-02,4.261107e+00,3.300000e+00,1.929184e+00
1.540000e-02,2.337723e+00,3.300000e+00,-1.921046e+00
1.541000e-02,4.259570e+00,3.300000e+00,1.926106e+00
1.542000e-02,2.339260e+00,3.300000e+00,-1.917971e+00
1.543000e-02,4.258036e+00,3.300000e+00,1.923034e+00
1.544000e-02,2.340794e+00,3.300000e+00,-1.914901e+00
1.545000e-02,4.256504e+00,3.300000e+00,1.919966e+00
1.546000e-02,2.342325e+00,3.300000e+00,-1.911836e+00
1.547000e-02,4.254974e+00,3.300000e+00,1.916904e+00
1.548000e-02,2.343854e+00,3.300000e+00,-1.908776e+00
1.549000e-02,4.253447e+00,3.300000e+00,1.913846e+00
1.550000e-02,2.345381e+00,3.300000e+00,-1.905720e+00
1.551000e-02,4.251922e+00,3.300000e+00,1.910793e+00
1.552000e-02,2.346905e+00,3.300000e+00,-1.902670e+00
1.553000e-02,4.250400e+00,3.300000e+00,1.907745e+00
1.554000e-02,2.348427e+00,3.300000e+00,-1.899624e+00
1.555000e-02,4.248880e+00,3.300000e+00,1.904702e+00
1.556000e-02,2.349947e+00,3.300000e+00,-1.896583e+00
1.557000e-02,4.247363e+00,3.300000e+00,1.901663e+00
1.558000e-02,2.351464e+00,3.300000e+00,-1.893548e+00
1.559000e-02,4.245848e+00,3.300000e+00,1.898630e+00
1.560000e-02,2.352978e+00,3.300000e+00,-1.890517e+00
1.561000e-02,4.244335e+00,3.300000e+00,1.895601e+00
1.562000e-02,2.354490e+00,3.300000e+00,-1.887490e+00
1.563000e-02,4.242825e+00,3.300000e+00,1.892578e+00
1.564000e-02,2.356000e+00,3.300000e+00,-1.884469e+00
1.565000e-02,4.241317e+00,3.300000e+00,1.889559e+00
1.566000e-02,2.357507e+00,3.300000e+00,-1.881453e+00
1.567000e-02,4.239812e+00,3.300000e+00,1.886545e+00
1.568000e-02,2.359012e+00,3.300000e+00,-1.878441e+00
1.569000e-02,4.238309e+00,3.300000e+00,1.883535e+00
1.570000e-02,2.360515e+00,3.300000e+00,-1.875434e+00
1.571000e-02,4.236809e+00,3.300000e+00,1.880531e+00
1.572000e-02,2.362015e+00,3.300000e+00,-1.872432e+00
1.573000e-02,4.235310e+00,3.300000e+00,1.877531e+00
1.574000e-02,2.363512e+00,3.300000e+00,-1.869435e+00
1.575000e-02,4.233815e+00,3.300000e+00,1.874536e+00
1.576000e-02,2.365008e+00,3.300000e+00,-1.866442e+00
1.577000e-02,4.232321e+00,3.300000e+00,1.871546e+00
1.578000e-02,2.366500e+00,3.300000e+00,-1.863454e+00
1.579000e-02,4.230831e+00,3.300000e+00,1.868561e+00
1.580000e-02,2.367991e+00,3.300000e+00,-1.860472e+00
1.581000e-02,4.229342e+00,3.300000e+00,1.865580e+00
1.582000e-02,2.369479e+00,3.300000e+00,-1.857493e+00
1.583000e-02,4.227856e+00,3.300000e+00,1.862605e+00
1.584000e-02,2.370965e+00,3.300000e+00,-1.854520e+00
1.585000e-02,4.226372e+00,3.300000e+00,1.859634e+00
1.586000e-02,2.372448e+00,3.300000e+00,-1.851551e+00
1.587000e-02,4.224891e+00,3.300000e+00,1.856667e+00
1.588000e-02,2.373929e+00,3.300000e+00,-1.848587e+00
1.589000e-02,4.223412e+00,3.300000e+00,1.853706e+00
1.590000e-02,2.375408e+00,3.300000e+00,-1.845628e+00
1.591000e-02,4.221935e+00,3.300000e+00,1.850749e+00
1.592000e-02,2.376884e+00,3.300000e+00,-1.842674e+00
1.593000e-02,4.220460e+00,3.300000e+00,1.847797e+00
1.594000e-02,2.378358e+00,3.300000e+00,-1.839724e+00
1.595000e-02,4.218989e+00,3.300000e+00,1.844849e+00
1.596000e-02,2.379830e+00,3.300000e+00,-1.836779e+00
1.597000e-02,4.217519e+00,3.300000e+00,1.841907e+00
1.598000e-02,2.381299e+00,3.300000e+00,-1.833839e+00
1.599000e-02,4.216052e+00,3.300000e+00,1.838969e+00
1.600000e-02,2.382766e+00,3.300000e+00,-1.830903e+00
1.601000e-02,4.214587e+00,3.300000e+00,1.836036e+00
1.602000e-02,2.384230e+00,3.300000e+00,-1.827972e+00
1.603000e-02,4.213124e+00,3.300000e+00,1.833107e+00
1.604000e-02,2.385692e+00,3.300000e+00,-1.825046e+00
1.605000e-02,4.211664e+00,3.300000e+00,1.830183e+00
1.606000e-02,2.387152e+00,3.300000e+00,-1.822124e+00
1.607000e-02,4.210206e+00,3.300000e+00,1.827264e+00
1.608000e-02,2.388610e+00,3.300000e+00,-1.819208e+00
1.609000e-02,4.208750e+00,3.300000e+00,1.824349e+00
1.610000e-02,2.390065e+00,3.300000e+00,-1.816295e+00
1.611000e-02,4.207297e+00,3.300000e+00,1.821439e+00
1.612000e-02,2.391518e+00,3.300000e+00,-1.813388e+00
1.613000e-02,4.205846e+00,3.300000e+00,1.818534e+00
1.614000e-02,2.392968e+00,3.300000e+00,-1.810485e+00
1.615000e-02,4.204398e+00,3.300000e+00,1.815634e+00
1.616000e-02,2.394417e+00,3.300000e+00,-1.807587e+00
1.617000e-02,4.202951e+00,3.300000e+00,1.812738e+00
1.618000e-02,2.395862e+00,3.300000e+00,-1.804693e+00
1.619000e-02,4.201507e+00,3.300000e+00,1.809846e+00
1.620000e-02,2.397306e+00,3.300000e+00,-1.801804e+00
1.621000e-02,4.200066e+00,3.300000e+00,1.806960e+00
1.622000e-02,2.398747e+00,3.300000e+00,-1.798919e+00
1.623000e-02,4.198626e+00,3.300000e+00,1.804077e+00
1.624000e-02,2.400186e+00,3.300000e+00,-1.796040e+00
1.625000e-02,4.197189e+00,3.300000e+00,1.801200e+00
1.626000e-02,2.401623e+00,3.300000e+00,-1.793164e+00
1.627000e-02,4.195754e+00,3.300000e+00,1.798327e+00
1.628000e-02,2.403057e+00,3.300000e+00,-1.790294e+00
1.629000e-02,4.194322e+00,3.300000e+00,1.795459e+00
1.630000e-02,2.404490e+00,3.300000e+00,-1.787428e+00
1.631000e-02,4.192892e+00,3.300000e+00,1.792595e+00
1.632000e-02,2.405919e+00,3.300000e+00,-1.784566e+00
1.633000e-02,4.191464e+00,3.300000e+00,1.789736e+00
1.634000e-02,2.407347e+00,3.300000e+00,-1.781710e+00
1.635000e-02,4.190038e+00,3.300000e+00,1.786881e+00
1.636000e-02,2.408772e+00,3.300000e+00,-1.778857e+00
1.637000e-02,4.188615e+00,3.300000e+00,1.784031e+00
1.638000e-02,2.410195e+00,3.300000e+00,-1.776009e+00
1.639000e-02,4.187194e+00,3.300000e+00,1.781186e+00
1.640000e-02,2.411616e+00,3.300000e+00,-1.773166e+00
1.641000e-02,4.185775e+00,3.300000e+00,1.778345e+00
1.642000e-02,2.413034e+00,3.300000e+00,-1.770328e+00
1.643000e-02,4.184358e+00,3.300000e+00,1.775508e+00
1.644000e-02,2.414450e+00,3.300000e+00,-1.767493e+00
1.645000e-02,4.182944e+00,3.300000e+00,1.772677e+00
1.646000e-02,2.415864e+00,3.300000e+00,-1.764664e+00
1.647000e-02,4.181532e+00,3.300000e+00,1.769849e+00
1.648000e-02,2.417276e+00,3.300000e+00,-1.761839e+00
1.649000e-02,4.180122e+00,3.300000e+00,1.767026e+00
1.650000e-02,2.418685e+00,3.300000e+00,-1.759018e+00
1.651000e-02,4.178715e+00,3.300000e+00,1.764208e+00
1.652000e-02,2.420092e+00,3.300000e+00,-1.756202e+00
1.653000e-02,4.177310e+00,3.300000e+00,1.761394e+00
1.654000e-02,2.421497e+00,3.300000e+00,-1.753391e+00
1.655000e-02,4.175907e+00,3.300000e+00,1.758585e+00
1.656000e-02,2.422900e+00,3.300000e+00,-1.750584e+00
1.657000e-02,4.174506e+00,3.300000e+00,1.755780e+00
1.658000e-02,2.424300e+00,3.300000e+00,-1.747781e+00
1.659000e-02,4.173107e+00,3.300000e+00,1.752980e+00
1.660000e-02,2.425699e+00,3.300000e+00,-1.744983e+00
1.661000e-02,4.171711e+00,3.300000e+00,1.750184e+00
1.662000e-02,2.427095e+00,3.300000e+00,-1.742189e+00
1.663000e-02,4.170317e+00,3.300000e+00,1.747393e+00
1.664000e-02,2.428488e+00,3.300000e+00,-1.739400e+00
1.665000e-02,4.168925e+00,3.300000e+00,1.744606e+00
1.666000e-02,2.429880e+00,3.300000e+00,-1.736615e+00
1.667000e-02,4.167535e+00,3.300000e+00,1.741823e+00
1.668000e-02,2.431269e+00,3.300000e+00,-1.733835e+00
1.669000e-02,4.166148e+00,3.300000e+00,1.739045e+00
1.670000e-02,2.432656e+00,3.300000e+00,-1.731059e+00
1.671000e-02,4.164763e+00,3.300000e+00,1.736272e+00
1.672000e-02,2.434041e+00,3.300000e+00,-1.728288e+00
1.673000e-02,4.163380e+00,3.300000e+00,1.733503e+00
1.674000e-02,2.435423e+00,3.300000e+00,-1.725521e+00
1.675000e-02,4.161999e+00,3.300000e+00,1.730738e+00
1.676000e-02,2.436804e+00,3.300000e+00,-1.722759e+00
1.677000e-02,4.160621e+00,3.300000e+00,1.727977e+00
1.678000e-02,2.438182e+00,3.300000e+00,-1.720000e+00
1.679000e-02,4.159244e+00,3.300000e+00,1.725222e+00
1.680000e-02,2.439558e+00,3.300000e+00,-1.717247e+00
1.681000e-02,4.157870e+00,3.300000e+00,1.722470e+00
1.682000e-02,2.440932e+00,3.300000e+00,-1.714497e+00
1.683000e-02,4.156498e+00,3.300000e+00,1.719723e+00
1.684000e-02,2.442303e+00,3.300000e+00,-1.711753e+00
1.685000e-02,4.155129e+00,3.300000e+00,1.716980e+00
1.686000e-02,2.443673e+00,3.300000e+00,-1.709012e+00
1.687000e-02,4.153761e+00,3.300000e+00,1.714242e+00
1.688000e-02,2.445040e+00,3.300000e+00,-1.706276e+00
1.689000e-02,4.152396e+00,3.300000e+00,1.711508e+00
1.690000e-02,2.446405e+00,3.300000e+00,-1.703544e+00
1.691000e-02,4.151032e+00,3.300000e+00,1.708778e+00
1.692000e-02,2.447768e+00,3.300000e+00,-1.700817e+00
1.693000e-02,4.149671e+00,3.300000e+00,1.706053e+00
1.694000e-02,2.449129e+00,3.300000e+00,-1.698094e+00
1.695000e-02,4.148313e+00,3.300000e+00,1.703332e+00
1.696000e-02,2.450487e+00,3.300000e+00,-1.695375e+00
1.697000e-02,4.146956e+00,3.300000e+00,1.700616e+00
1.698000e-02,2.451843e+00,3.300000e+00,-1.692661e+00
1.699000e-02,4.145601e+00,3.300000e+00,1.697904e+00
1.700000e-02,2.453198e+00,3.300000e+00,-1.689951e+00
1.701000e-02,4.144249e+00,3.300000e+00,1.695196e+00
1.702000e-02,2.454550e+00,3.300000e+00,-1.687245e+00
1.703000e-02,4.142899e+00,3.300000e+00,1.692492e+00
1.704000e-02,2.455899e+00,3.300000e+00,-1.684544e+00
1.705000e-02,4.141551e+00,3.300000e+00,1.689793e+00
1.706000e-02,2.457247e+00,3.300000e+00,-1.681847e+00
1.707000e-02,4.140205e+00,3.300000e+00,1.687098e+00
1.708000e-02,2.458593e+00,3.300000e+00,-1.679154e+00
1.709000e-02,4.138861e+00,3.300000e+00,1.684408e+00
1.710000e-02,2.459936e+00,3.300000e+00,-1.676465e+00
1.711000e-02,4.137520e+00,3.300000e+00,1.681721e+00
1.712000e-02,2.461277e+00,3.300000e+00,-1.673781e+00
1.713000e-02,4.136180e+00,3.300000e+00,1.679039e+00
1.714000e-02,2.462616e+00,3.300000e+00,-1.671101e+00
1.715000e-02,4.134843e+00,3.300000e+00,1.676362e+00
1.716000e-02,2.463953e+00,3.300000e+00,-1.668426e+00
1.717000e-02,4.133508e+00,3.300000e+00,1.673688e+00
1.718000e-02,2.465288e+00,3.300000e+00,-1.665755e+00
1.719000e-02,4.132175e+00,3.300000e+00,1.671019e+00
1.720000e-02,2.466621e+00,3.300000e+00,-1.663088e+00
1.721000e-02,4.130844e+00,3.300000e+00,1.668354e+00
1.722000e-02,2.467951e+00,3.300000e+00,-1.660425e+00
1.723000e-02,4.129515e+00,3.300000e+00,1.665694e+00
1.724000e-02,2.469280e+00,3.300000e+00,-1.657766e+00
1.725000e-02,4.128189e+00,3.300000e+00,1.663037e+00
1.726000e-02,2.470606e+00,3.300000e+00,-1.655112e+00
1.727000e-02,4.126864e+00,3.300000e+00,1.660385e+00
1.728000e-02,2.471930e+00,3.300000e+00,-1.652462e+00
1.729000e-02,4.125542e+00,3.300000e+00,1.657737e+00
1.730000e-02,2.473252e+00,3.300000e+00,-1.649816e+00
1.731000e-02,4.124222e+00,3.300000e+00,1.655093e+00
1.732000e-02,2.474572e+00,3.300000e+00,-1.647175e+00
1.733000e-02,4.122903e+00,3.300000e+00,1.652454e+00
1.734000e-02,2.475890e+00,3.300000e+00,-1.644537e+00
1.735000e-02,4.121587e+00,3.300000e+00,1.649819e+00
1.736000e-02,2.477206e+00,3.300000e+00,-1.641904e+00
1.737000e-02,4.120273e+00,3.300000e+00,1.647188e+00
1.738000e-02,2.478520e+00,3.300000e+00,-1.639275e+00
1.739000e-02,4.118962e+00,3.300000e+00,1.644561e+00
1.740000e-02,2.479831e+00,3.300000e+00,-1.636651e+00
1.741000e-02,4.117652e+00,3.300000e+00,1.641938e+00
1.742000e-02,2.481141e+00,3.300000e+00,-1.634030e+00
1.743000e-02,4.116344e+00,3.300000e+00,1.639320e+00
1.744000e-02,2.482448e+00,3.300000e+00,-1.631414e+00
1.745000e-02,4.115039e+00,3.300000e+00,1.636706e+00
1.746000e-02,2.483753e+00,3.300000e+00,-1.628802e+00
1.747000e-02,4.113735e+00,3.300000e+00,1.634096e+00
1.748000e-02,2.485056e+00,3.300000e+00,-1.626194e+00
1.749000e-02,4.112434e+00,3.300000e+00,1.631490e+00
1.750000e-02,2.486357e+00,3.300000e+00,-1.623590e+00
1.751000e-02,4.111134e+00,3.300000e+00,1.628888e+00
1.752000e-02,2.487656e+00,3.300000e+00,-1.620990e+00
1.753000e-02,4.109837e+00,3.300000e+00,1.626290e+00
1.754000e-02,2.488953e+00,3.300000e+00,-1.618395e+00
1.755000e-02,4.108542e+00,3.300000e+00,1.623697e+00
1.756000e-02,2.490248e+00,3.300000e+00,-1.615803e+00
1.757000e-02,4.107249e+00,3.300000e+00,1.621108e+00
1.758000e-02,2.491541e+00,3.300000e+00,-1.613216e+00
1.759000e-02,4.105958e+00,3.300000e+00,1.618523e+00
1.760000e-02,2.492832e+00,3.300000e+00,-1.610633e+00
1.761000e-02,4.104669e+00,3.300000e+00,1.615942e+00
1.762000e-02,2.494121e+00,3.300000e+00,-1.608054e+00
1.763000e-02,4.103382e+00,3.300000e+00,1.613365e+00
1.764000e-02,2.495407e+00,3.300000e+00,-1.605479e+00
1.765000e-02,4.102097e+00,3.300000e+00,1.610792e+00
1.766000e-02,2.496692e+00,3.300000e+00,-1.602909e+00
1.767000e-02,4.100814e+00,3.300000e+00,1.608223e+00
1.768000e-02,2.497974e+00,3.300000e+00,-1.600342e+00
1.769000e-02,4.099534e+00,3.300000e+00,1.605659e+00
1.770000e-02,2.499255e+00,3.300000e+00,-1.597780e+00
1.771000e-02,4.098255e+00,3.300000e+00,1.603098e+00
1.772000e-02,2.500533e+00,3.300000e+00,-1.595221e+00
1.773000e-02,4.096978e+00,3.300000e+00,1.600542e+00
1.774000e-02,2.501809e+00,3.300000e+00,-1.592667e+00
1.775000e-02,4.095704e+00,3.300000e+00,1.597990e+00
1.776000e-02,2.503084e+00,3.300000e+00,-1.590117e+00
1.777000e-02,4.094431e+00,3.300000e+00,1.595442e+00
1.778000e-02,2.504356e+00,3.300000e+00,-1.587570e+00
1.779000e-02,4.093160e+00,3.300000e+00,1.592897e+00
1.780000e-02,2.505626e+00,3.300000e+00,-1.585028e+00
1.781000e-02,4.091892e+00,3.300000e+00,1.590357e+00
1.782000e-02,2.506895e+00,3.300000e+00,-1.582490e+00
1.783000e-02,4.090625e+00,3.300000e+00,1.587821e+00
1.784000e-02,2.508161e+00,3.300000e+00,-1.579956e+00
1.785000e-02,4.089361e+00,3.300000e+00,1.585289e+00
1.786000e-02,2.509425e+00,3.300000e+00,-1.577426e+00
1.787000e-02,4.088098e+00,3.300000e+00,1.582762e+00
1.788000e-02,2.510687e+00,3.300000e+00,-1.574901e+00
1.789000e-02,4.086838e+00,3.300000e+00,1.580238e+00
1.790000e-02,2.511947e+00,3.300000e+00,-1.572379e+00
1.791000e-02,4.085580e+00,3.300000e+00,1.577718e+00
1.792000e-02,2.513205e+00,3.300000e+00,-1.569861e+00
1.793000e-02,4.084323e+00,3.300000e+00,1.575202e+00
1.794000e-02,2.514462e+00,3.300000e+00,-1.567347e+00
1.795000e-02,4.083069e+00,3.300000e+00,1.572690e+00
1.796000e-02,2.515716e+00,3.300000e+00,-1.564837e+00
1.797000e-02,4.081816e+00,3.300000e+00,1.570183e+00
1.798000e-02,2.516968e+00,3.300000e+00,-1.562332e+00
1.799000e-02,4.080566e+00,3.300000e+00,1.567679e+00
1.800000e-02,2.518218e+00,3.300000e+00,-1.559830e+00
1.801000e-02,4.079318e+00,3.300000e+00,1.565179e+00
1.802000e-02,2.519466e+00,3.300000e+00,-1.557332e+00
1.803000e-02,4.078071e+00,3.300000e+00,1.562683e+00
1.804000e-02,2.520712e+00,3.300000e+00,-1.554838e+00
1.805000e-02,4.076827e+00,3.300000e+00,1.560191e+00
1.806000e-02,2.521956e+00,3.300000e+00,-1.552349e+00
1.807000e-02,4.075585e+00,3.300000e+00,1.557704e+00
1.808000e-02,2.523199e+00,3.300000e+00,-1.549863e+00
1.809000e-02,4.074344e+00,3.300000e+00,1.555220e+00
1.810000e-02,2.524439e+00,3.300000e+00,-1.547381e+00
1.811000e-02,4.073106e+00,3.300000e+00,1.552740e+00
1.812000e-02,2.525677e+00,3.300000e+00,-1.544903e+00
1.813000e-02,4.071869e+00,3.300000e+00,1.550264e+00
1.814000e-02,2.526913e+00,3.300000e+00,-1.542429e+00
1.815000e-02,4.070635e+00,3.300000e+00,1.547792e+00
1.816000e-02,2.528147e+00,3.300000e+00,-1.539959e+00
1.817000e-02,4.069402e+00,3.300000e+00,1.545324e+00
1.818000e-02,2.529380e+00,3.300000e+00,-1.537493e+00
1.819000e-02,4.068172e+00,3.300000e+00,1.542860e+00
1.820000e-02,2.530610e+00,3.300000e+00,-1.535031e+00
1.821000e-02,4.066943e+00,3.300000e+00,1.540400e+00
1.822000e-02,2.531838e+00,3.300000e+00,-1.532573e+00
1.823000e-02,4.065716e+00,3.300000e+00,1.537944e+00
1.824000e-02,2.533065e+00,3.300000e+00,-1.530119e+00
1.825000e-02,4.064492e+00,3.300000e+00,1.535492e+00
1.826000e-02,2.534289e+00,3.300000e+00,-1.527668e+00
1.827000e-02,4.063269e+00,3.300000e+00,1.533043e+00
1.828000e-02,2.535511e+00,3.300000e+00,-1.525222e+00
1.829000e-02,4.062048e+00,3.300000e+00,1.530599e+00
1.830000e-02,2.536732e+00,3.300000e+00,-1.522780e+00
1.831000e-02,4.060830e+00,3.300000e+00,1.528158e+00
1.832000e-02,2.537950e+00,3.300000e+00,-1.520341e+00
1.833000e-02,4.059613e+00,3.300000e+00,1.525722e+00
1.834000e-02,2.539167e+00,3.300000e+00,-1.517906e+00
1.835000e-02,4.058398e+00,3.300000e+00,1.523289e+00
1.836000e-02,2.540382e+00,3.300000e+00,-1.515476e+00
1.837000e-02,4.057185e+00,3.300000e+00,1.520860e+00
1.838000e-02,2.541594e+00,3.300000e+00,-1.513049e+00
1.839000e-02,4.055974e+00,3.300000e+00,1.518435e+00
1.840000e-02,2.542805e+00,3.300000e+00,-1.510626e+00
1.841000e-02,4.054765e+00,3.300000e+00,1.516014e+00
1.842000e-02,2.544014e+00,3.300000e+00,-1.508207e+00
1.843000e-02,4.053558e+00,3.300000e+00,1.513597e+00
1.844000e-02,2.545221e+00,3.300000e+00,-1.505791e+00
1.845000e-02,4.052352e+00,3.300000e+00,1.511184e+00
1.846000e-02,2.546426e+00,3.300000e+00,-1.503380e+00
1.847000e-02,4.051149e+00,3.300000e+00,1.508774e+00
1.848000e-02,2.547629e+00,3.300000e+00,-1.500972e+00
1.849000e-02,4.049948e+00,3.300000e+00,1.506369e+00
1.850000e-02,2.548830e+00,3.300000e+00,-1.498569e+00
1.851000e-02,4.048748e+00,3.300000e+00,1.503967e+00
1.852000e-02,2.550029e+00,3.300000e+00,-1.496169e+00
1.853000e-02,4.047551e+00,3.300000e+00,1.501569e+00
1.854000e-02,2.551227e+00,3.300000e+00,-1.493773e+00
1.855000e-02,4.046355e+00,3.300000e+00,1.499175e+00
1.856000e-02,2.552422e+00,3.300000e+00,-1.491381e+00
1.857000e-02,4.045161e+00,3.300000e+00,1.496784e+00
1.858000e-02,2.553616e+00,3.300000e+00,-1.488992e+00
1.859000e-02,4.043970e+00,3.300000e+00,1.494398e+00
1.860000e-02,2.554807e+00,3.300000e+00,-1.486608e+00
1.861000e-02,4.042780e+00,3.300000e+00,1.492015e+00
1.862000e-02,2.555997e+00,3.300000e+00,-1.484227e+00
1.863000e-02,4.041592e+00,3.300000e+00,1.489636e+00
1.864000e-02,2.557185e+00,3.300000e+00,-1.481850e+00
1.865000e-02,4.040406e+00,3.300000e+00,1.487261e+00
1.866000e-02,2.558370e+00,3.300000e+00,-1.479477e+00
1.867000e-02,4.039221e+00,3.300000e+00,1.484890e+00
1.868000e-02,2.559554e+00,3.300000e+00,-1.477107e+00
1.869000e-02,4.038039e+00,3.300000e+00,1.482523e+00
1.870000e-02,2.560737e+00,3.300000e+00,-1.474742e+00
1.871000e-02,4.036859e+00,3.300000e+00,1.480159e+00
1.872000e-02,2.561917e+00,3.300000e+00,-1.472380e+00
1.873000e-02,4.035680e+00,3.300000e+00,1.477799e+00
1.874000e-02,2.563095e+00,3.300000e+00,-1.470022e+00
1.875000e-02,4.034504e+00,3.300000e+00,1.475443e+00
1.876000e-02,2.564271e+00,3.300000e+00,-1.467668e+00
1.877000e-02,4.033329e+00,3.300000e+00,1.473091e+00
1.878000e-02,2.565446e+00,3.300000e+00,-1.465317e+00
1.879000e-02,4.032156e+00,3.300000e+00,1.470742e+00
1.880000e-02,2.566619e+00,3.300000e+00,-1.462971e+00
1.881000e-02,4.030985e+00,3.300000e+00,1.468397e+00
1.882000e-02,2.567790e+00,3.300000e+00,-1.460628e+00
1.883000e-02,4.029816e+00,3.300000e+00,1.466056e+00
1.884000e-02,2.568958e+00,3.300000e+00,-1.458288e+00
1.885000e-02,4.028648e+00,3.300000e+00,1.463719e+00
1.886000e-02,2.570125e+00,3.300000e+00,-1.455953e+00
1.887000e-02,4.027483e+00,3.300000e+00,1.461385e+00
1.888000e-02,2.571291e+00,3.300000e+00,-1.453621e+00
1.889000e-02,4.026319e+00,3.300000e+00,1.459055e+00
1.890000e-02,2.572454e+00,3.300000e+00,-1.451293e+00
1.891000e-02,4.025158e+00,3.300000e+00,1.456729e+00
1.892000e-02,2.573616e+00,3.300000e+00,-1.448969e+00
1.893000e-02,4.023998e+00,3.300000e+00,1.454406e+00
1.894000e-02,2.574775e+00,3.300000e+00,-1.446648e+00
1.895000e-02,4.022840e+00,3.300000e+00,1.452088e+00
1.896000e-02,2.575933e+00,3.300000e+00,-1.444331e+00
1.897000e-02,4.021684e+00,3.300000e+00,1.449773e+00
1.898000e-02,2.577089e+00,3.300000e+00,-1.442018e+00
1.899000e-02,4.020530e+00,3.300000e+00,1.447461e+00
1.900000e-02,2.578243e+00,3.300000e+00,-1.439708e+00
1.901000e-02,4.019377e+00,3.300000e+00,1.445154e+00
1.902000e-02,2.579395e+00,3.300000e+00,-1.437403e+00
1.903000e-02,4.018227e+00,3.300000e+00,1.442850e+00
1.904000e-02,2.580546e+00,3.300000e+00,-1.435101e+00
1.905000e-02,4.017078e+00,3.300000e+00,1.440549e+00
1.906000e-02,2.581694e+00,3.300000e+00,-1.432802e+00
1.907000e-02,4.015931e+00,3.300000e+00,1.438253e+00
1.908000e-02,2.582841e+00,3.300000e+00,-1.430507e+00
1.909000e-02,4.014786e+00,3.300000e+00,1.435960e+00
1.910000e-02,2.583986e+00,3.300000e+00,-1.428216e+00
1.911000e-02,4.013643e+00,3.300000e+00,1.433671e+00
1.912000e-02,2.585129e+00,3.300000e+00,-1.425929e+00
1.913000e-02,4.012501e+00,3.300000e+00,1.431385e+00
1.914000e-02,2.586270e+00,3.300000e+00,-1.423645e+00
1.915000e-02,4.011362e+00,3.300000e+00,1.429103e+00
1.916000e-02,2.587409e+00,3.300000e+00,-1.421365e+00
1.917000e-02,4.010224e+00,3.300000e+00,1.426825e+00
1.918000e-02,2.588547e+00,3.300000e+00,-1.419088e+00
1.919000e-02,4.009088e+00,3.300000e+00,1.424550e+00
1.920000e-02,2.589683e+00,3.300000e+00,-1.416815e+00
1.921000e-02,4.007954e+00,3.300000e+00,1.422279e+00
1.922000e-02,2.590817e+00,3.300000e+00,-1.414546e+00
1.923000e-02,4.006821e+00,3.300000e+00,1.420011e+00
1.924000e-02,2.591949e+00,3.300000e+00,-1.412281e+00
1.925000e-02,4.005691e+00,3.300000e+00,1.417748e+00
1.926000e-02,2.593079e+00,3.300000e+00,-1.410019e+00
1.927000e-02,4.004562e+00,3.300000e+00,1.415488e+00
1.928000e-02,2.594208e+00,3.300000e+00,-1.407760e+00
1.929000e-02,4.003435e+00,3.300000e+00,1.413231e+00
1.930000e-02,2.595334e+00,3.300000e+00,-1.405505e+00
1.931000e-02,4.002310e+00,3.300000e+00,1.410978e+00
1.932000e-02,2.596459e+00,3.300000e+00,-1.403254e+00
1.933000e-02,4.001187e+00,3.300000e+00,1.408729e+00
1.934000e-02,2.597582e+00,3.300000e+00,-1.401007e+00
1.935000e-02,4.000065e+00,3.300000e+00,1.406483e+00
1.936000e-02,2.598704e+00,3.300000e+00,-1.398763e+00
1.937000e-02,3.998946e+00,3.300000e+00,1.404241e+00
1.938000e-02,2.599823e+00,3.300000e+00,-1.396522e+00
1.939000e-02,3.997828e+00,3.300000e+00,1.402002e+00
1.940000e-02,2.600941e+00,3.300000e+00,-1.394286e+00
1.941000e-02,3.996711e+00,3.300000e+00,1.399767e+00
1.942000e-02,2.602057e+00,3.300000e+00,-1.392052e+00
1.943000e-02,3.995597e+00,3.300000e+00,1.397536e+00
1.944000e-02,2.603171e+00,3.300000e+00,-1.389823e+00
1.945000e-02,3.994485e+00,3.300000e+00,1.395308e+00
1.946000e-02,2.604284e+00,3.300000e+00,-1.387597e+00
1.947000e-02,3.993374e+00,3.300000e+00,1.393083e+00
1.948000e-02,2.605394e+00,3.300000e+00,-1.385374e+00
1.949000e-02,3.992265e+00,3.300000e+00,1.390863e+00
1.950000e-02,2.606503e+00,3.300000e+00,-1.383155e+00
1.951000e-02,3.991157e+00,3.300000e+00,1.388645e+00
1.952000e-02,2.607610e+00,3.300000e+00,-1.380940e+00
1.953000e-02,3.990052e+00,3.300000e+00,1.386432e+00
1.954000e-02,2.608716e+00,3.300000e+00,-1.378728e+00
1.955000e-02,3.988948e+00,3.300000e+00,1.384222e+00
1.956000e-02,2.609819e+00,3.300000e+00,-1.376519e+00
1.957000e-02,3.987846e+00,3.300000e+00,1.382015e+00
1.958000e-02,2.610921e+00,3.300000e+00,-1.374314e+00
1.959000e-02,3.986746e+00,3.300000e+00,1.379812e+00
1.960000e-02,2.612021e+00,3.300000e+00,-1.372113e+00
1.961000e-02,3.985648e+00,3.300000e+00,1.377612e+00
1.962000e-02,2.613119e+00,3.300000e+00,-1.369915e+00
1.963000e-02,3.984551e+00,3.300000e+00,1.375416e+00
1.964000e-02,2.614216e+00,3.300000e+00,-1.367721e+00
1.965000e-02,3.983456e+00,3.300000e+00,1.373224e+00
1.966000e-02,2.615310e+00,3.300000e+00,-1.365530e+00
1.967000e-02,3.982363e+00,3.300000e+00,1.371035e+00
1.968000e-02,2.616403e+00,3.300000e+00,-1.363343e+00
1.969000e-02,3.981271e+00,3.300000e+00,1.368849e+00
1.970000e-02,2.617495e+00,3.300000e+00,-1.361159e+00
1.971000e-02,3.980182e+00,3.300000e+00,1.366667e+00
1.972000e-02,2.618584e+00,3.300000e+00,-1.358979e+00
1.973000e-02,3.979094e+00,3.300000e+00,1.364489e+00
1.974000e-02,2.619672e+00,3.300000e+00,-1.356802e+00
1.975000e-02,3.978008e+00,3.300000e+00,1.362314e+00
1.976000e-02,2.620758e+00,3.300000e+00,-1.354629e+00
1.977000e-02,3.976923e+00,3.300000e+00,1.360142e+00
1.978000e-02,2.621842e+00,3.300000e+00,-1.352459e+00
1.979000e-02,3.975840e+00,3.300000e+00,1.357974e+00
1.980000e-02,2.622925e+00,3.300000e+00,-1.350292e+00
1.981000e-02,3.974759e+00,3.300000e+00,1.355809e+00
1.982000e-02,2.624006e+00,3.300000e+00,-1.348130e+00
1.983000e-02,3.973680e+00,3.300000e+00,1.353648e+00
1.984000e-02,2.625085e+00,3.300000e+00,-1.345970e+00
1.985000e-02,3.972603e+00,3.300000e+00,1.351490e+00
1.986000e-02,2.626162e+00,3.300000e+00,-1.343814e+00
1.987000e-02,3.971527e+00,3.300000e+00,1.349336e+00
1.988000e-02,2.627238e+00,3.300000e+00,-1.341661e+00
1.989000e-02,3.970453e+00,3.300000e+00,1.347185e+00
1.990000e-02,2.628312e+00,3.300000e+00,-1.339512e+00
1.991000e-02,3.969380e+00,3.300000e+00,1.345038e+00
1.992000e-02,2.629384e+00,3.300000e+00,-1.337367e+00
1.993000e-02,3.968310e+00,3.300000e+00,1.342894e+00
1.994000e-02,2.630455e+00,3.300000e+00,-1.335224e+00
1.995000e-02,3.967241e+00,3.300000e+00,1.340753e+00
1.996000e-02,2.631524e+00,3.300000e+00,-1.333085e+00
1.997000e-02,3.966173e+00,3.300000e+00,1.338616e+00
1.998000e-02,2.632591e+00,3.300000e+00,-1.330950e+00
1.999000e-02,3.965108e+00,3.300000e+00,1.336482e+00
2.000000e-02,2.633656e+00,3.300000e+00,-1.328818e+00
2.001000e-02,3.964044e+00,3.300000e+00,1.334352e+00
2.002000e-02,2.634720e+00,3.300000e+00,-1.326689e+00
2.003000e-02,3.962982e+00,3.300000e+00,1.332225e+00
2.004000e-02,2.635782e+00,3.300000e+00,-1.324564e+00
2.005000e-02,3.961921e+00,3.300000e+00,1.330101e+00
2.006000e-02,2.636842e+00,3.300000e+00,-1.322442e+00
2.007000e-02,3.960863e+00,3.300000e+00,1.327981e+00
2.008000e-02,2.637901e+00,3.300000e+00,-1.320324e+00
2.009000e-02,3.959805e+00,3.300000e+00,1.325865e+00
2.010000e-02,2.638958e+00,3.300000e+00,-1.318209e+00
2.011000e-02,3.958750e+00,3.300000e+00,1.323751e+00
2.012000e-02,2.640013e+00,3.300000e+00,-1.316097e+00
2.013000e-02,3.957696e+00,3.300000e+00,1.321641e+00
2.014000e-02,2.641066e+00,3.300000e+00,-1.313989e+00
2.015000e-02,3.956644e+00,3.300000e+00,1.319535e+00
2.016000e-02,2.642118e+00,3.300000e+00,-1.311884e+00
2.017000e-02,3.955594e+00,3.300000e+00,1.317431e+00
2.018000e-02,2.643169e+00,3.300000e+00,-1.309782e+00
2.019000e-02,3.954545e+00,3.300000e+00,1.315331e+00
2.020000e-02,2.644217e+00,3.300000e+00,-1.307684e+00
2.021000e-02,3.953498e+00,3.300000e+00,1.313235e+00
2.022000e-02,2.645264e+00,3.300000e+00,-1.305589e+00
2.023000e-02,3.952453e+00,3.300000e+00,1.311142e+00
2.024000e-02,2.646309e+00,3.300000e+00,-1.303498e+00
2.025000e-02,3.951410e+00,3.300000e+00,1.309052e+00
2.026000e-02,2.647353e+00,3.300000e+00,-1.301410e+00
2.027000e-02,3.950368e+00,3.300000e+00,1.306965e+00
2.028000e-02,2.648394e+00,3.300000e+00,-1.299325e+00
2.029000e-02,3.949327e+00,3.300000e+00,1.304882e+00
2.030000e-02,2.649435e+00,3.300000e+00,-1.297243e+00
2.031000e-02,3.948289e+00,3.300000e+00,1.302802e+00
2.032000e-02,2.650473e+00,3.300000e+00,-1.295165e+00
2.033000e-02,3.947252e+00,3.300000e+00,1.300726e+00
2.034000e-02,2.651510e+00,3.300000e+00,-1.293090e+00
2.035000e-02,3.946216e+00,3.300000e+00,1.298653e+00
2.036000e-02,2.652545e+00,3.300000e+00,-1.291019e+00
2.037000e-02,3.945183e+00,3.300000e+00,1.296583e+00
2.038000e-02,2.653579e+00,3.300000e+00,-1.288951e+00
2.039000e-02,3.944151e+00,3.300000e+00,1.294516e+00
2.040000e-02,2.654610e+00,3.300000e+00,-1.286886e+00
2.041000e-02,3.943120e+00,3.300000e+00,1.292453e+00
2.042000e-02,2.655641e+00,3.300000e+00,-1.284824e+00
2.043000e-02,3.942092e+00,3.300000e+00,1.290393e+00
2.044000e-02,2.656669e+00,3.300000e+00,-1.282766e+00
2.045000e-02,3.941065e+00,3.300000e+00,1.288336e+00
2.046000e-02,2.657696e+00,3.300000e+00,-1.280711e+00
2.047000e-02,3.940039e+00,3.300000e+00,1.286283e+00
2.048000e-02,2.658722e+00,3.300000e+00,-1.278659e+00
2.049000e-02,3.939015e+00,3.300000e+00,1.284233e+00
2.050000e-02,2.659745e+00,3.300000e+00,-1.276610e+00
2.051000e-02,3.937993e+00,3.300000e+00,1.282186e+00
2.052000e-02,2.660767e+00,3.300000e+00,-1.274565e+00
2.053000e-02,3.936973e+00,3.300000e+00,1.280143e+00
2.054000e-02,2.661788e+00,3.300000e+00,-1.272523e+00
2.055000e-02,3.935954e+00,3.300000e+00,1.278102e+00
2.056000e-02,2.662806e+00,3.300000e+00,-1.270485e+00
2.057000e-02,3.934937e+00,3.300000e+00,1.276065e+00
2.058000e-02,2.663824e+00,3.300000e+00,-1.268449e+00
2.059000e-02,3.933921e+00,3.300000e+00,1.274031e+00
2.060000e-02,2.664839e+00,3.300000e+00,-1.266417e+00
2.061000e-02,3.932907e+00,3.300000e+00,1.272001e+00
2.062000e-02,2.665853e+00,3.300000e+00,-1.264388e+00
2.063000e-02,3.931895e+00,3.300000e+00,1.269974e+00
2.064000e-02,2.666865e+00,3.300000e+00,-1.262363e+00
2.065000e-02,3.930884e+00,3.300000e+00,1.267950e+00
2.066000e-02,2.667876e+00,3.300000e+00,-1.260340e+00
2.067000e-02,3.929875e+00,3.300000e+00,1.265929e+00
2.068000e-02,2.668885e+00,3.300000e+00,-1.258321e+00
2.069000e-02,3.928867e+00,3.300000e+00,1.263911e+00
2.070000e-02,2.669892e+00,3.300000e+00,-1.256305e+00
2.071000e-02,3.927861e+00,3.300000e+00,1.261897e+00
2.072000e-02,2.670898e+00,3.300000e+00,-1.254292e+00
2.073000e-02,3.926857e+00,3.300000e+00,1.259886e+00
2.074000e-02,2.671902e+00,3.300000e+00,-1.252283e+00
2.075000e-02,3.925854e+00,3.300000e+00,1.257878e+00
2.076000e-02,2.672905e+00,3.300000e+00,-1.250276e+00
2.077000e-02,3.924853e+00,3.300000e+00,1.255873e+00
2.078000e-02,2.673906e+00,3.300000e+00,-1.248273e+00
2.079000e-02,3.923854e+00,3.300000e+00,1.253871e+00
2.080000e-02,2.674905e+00,3.300000e+00,-1.246273e+00
2.081000e-02,3.922856e+00,3.300000e+00,1.251873e+00
2.082000e-02,2.675903e+00,3.300000e+00,-1.244277e+00
2.083000e-02,3.921859e+00,3.300000e+00,1.249878e+00
2.084000e-02,2.676899e+00,3.300000e+00,-1.242283e+00
2.085000e-02,3.920865e+00,3.300000e+00,1.247886e+00
2.086000e-02,2.677894e+00,3.300000e+00,-1.240293e+00
2.087000e-02,3.919872e+00,3.300000e+00,1.245897e+00
2.088000e-02,2.678887e+00,3.300000e+00,-1.238306e+00
2.089000e-02,3.918880e+00,3.300000e+00,1.243912e+00
2.090000e-02,2.679879e+00,3.300000e+00,-1.236322e+00
2.091000e-02,3.917890e+00,3.300000e+00,1.241929e+00
2.092000e-02,2.680868e+00,3.300000e+00,-1.234341e+00
2.093000e-02,3.916902e+00,3.300000e+00,1.239950e+00
2.094000e-02,2.681857e+00,3.300000e+00,-1.232363e+00
2.095000e-02,3.915915e+00,3.300000e+00,1.237974e+00
2.096000e-02,2.682843e+00,3.300000e+00,-1.230389e+00
2.097000e-02,3.914930e+00,3.300000e+00,1.236001e+00
2.098000e-02,2.683828e+00,3.300000e+00,-1.228417e+00
2.099000e-02,3.913946e+00,3.300000e+00,1.234031e+00
2.100000e-02,2.684812e+00,3.300000e+00,-1.226449e+00
2.101000e-02,3.912964e+00,3.300000e+00,1.232065e+00
2.102000e-02,2.685794e+00,3.300000e+00,-1.224484e+00
2.103000e-02,3.911983e+00,3.300000e+00,1.230101e+00
2.104000e-02,2.686774e+00,3.300000e+00,-1.222522e+00
2.105000e-02,3.911004e+00,3.300000e+00,1.228141e+00
2.106000e-02,2.687753e+00,3.300000e+00,-1.220563e+00
2.107000e-02,3.910027e+00,3.300000e+00,1.226184e+00
2.108000e-02,2.688731e+00,3.300000e+00,-1.218608e+00
2.109000e-02,3.909051e+00,3.300000e+00,1.224230e+00
2.110000e-02,2.689706e+00,3.300000e+00,-1.216655e+00
2.111000e-02,3.908077e+00,3.300000e+00,1.222279e+00
2.112000e-02,2.690680e+00,3.300000e+00,-1.214706e+00
2.113000e-02,3.907104e+00,3.300000e+00,1.220331e+00
2.114000e-02,2.691653e+00,3.300000e+00,-1.212760e+00
2.115000e-02,3.906133e+00,3.300000e+00,1.218386e+00
2.116000e-02,2.692624e+00,3.300000e+00,-1.210816e+00
2.117000e-02,3.905164e+00,3.300000e+00,1.216445e+00
2.118000e-02,2.693594e+00,3.300000e+00,-1.208876e+00
2.119000e-02,3.904196e+00,3.300000e+00,1.214506e+00
2.120000e-02,2.694562e+00,3.300000e+00,-1.206939e+00
2.121000e-02,3.903229e+00,3.300000e+00,1.212571e+00
2.122000e-02,2.695528e+00,3.300000e+00,-1.205005e+00
2.123000e-02,3.902264e+00,3.300000e+00,1.210638e+00
2.124000e-02,2.696493e+00,3.300000e+00,-1.203075e+00
2.125000e-02,3.901301e+00,3.300000e+00,1.208709e+00
2.126000e-02,2.697456e+00,3.300000e+00,-1.201147e+00
2.127000e-02,3.900339e+00,3.300000e+00,1.206783e+00
2.128000e-02,2.698418e+00,3.300000e+00,-1.199222e+00
2.129000e-02,3.899378e+00,3.300000e+00,1.204860e+00
2.130000e-02,2.699378e+00,3.300000e+00,-1.197301e+00
2.131000e-02,3.898420e+00,3.300000e+00,1.202940e+00
2.132000e-02,2.700337e+00,3.300000e+00,-1.195382e+00
2.133000e-02,3.897462e+00,3.300000e+00,1.201023e+00
2.134000e-02,2.701294e+00,3.300000e+00,-1.193467e+00
2.135000e-02,3.896507e+00,3.300000e+00,1.199109e+00
2.136000e-02,2.702250e+00,3.300000e+00,-1.191555e+00
2.137000e-02,3.895552e+00,3.300000e+00,1.197198e+00
2.138000e-02,2.703204e+00,3.300000e+00,-1.189645e+00
2.139000e-02,3.894600e+00,3.300000e+00,1.195291e+00
2.140000e-02,2.704157e+00,3.300000e+00,-1.187739e+00
2.141000e-02,3.893649e+00,3.300000e+00,1.193386e+00
2.142000e-02,2.705108e+00,3.300000e+00,-1.185836e+00
2.143000e-02,3.892699e+00,3.300000e+00,1.191484e+00
2.144000e-02,2.706057e+00,3.300000e+00,-1.183936e+00
2.145000e-02,3.891751e+00,3.300000e+00,1.189585e+00
2.146000e-02,2.707005e+00,3.300000e+00,-1.182039e+00
2.147000e-02,3.890804e+00,3.300000e+00,1.187690e+00
2.148000e-02,2.707952e+00,3.300000e+00,-1.180145e+00
2.149000e-02,3.889859e+00,3.300000e+00,1.185797e+00
2.150000e-02,2.708897e+00,3.300000e+00,-1.178254e+00
2.151000e-02,3.888916e+00,3.300000e+00,1.183908e+00
2.152000e-02,2.709840e+00,3.300000e+00,-1.176366e+00
2.153000e-02,3.887974e+00,3.300000e+00,1.182021e+00
2.154000e-02,2.710782e+00,3.300000e+00,-1.174481e+00
2.155000e-02,3.887033e+00,3.300000e+00,1.180138e+00
2.156000e-02,2.711723e+00,3.300000e+00,-1.172599e+00
2.157000e-02,3.886094e+00,3.300000e+00,1.178257e+00
2.158000e-02,2.712662e+00,3.300000e+00,-1.170720e+00
2.159000e-02,3.885156e+00,3.300000e+00,1.176380e+00
2.160000e-02,2.713599e+00,3.300000e+00,-1.168844e+00
2.161000e-02,3.884220e+00,3.300000e+00,1.174505e+00
2.162000e-02,2.714535e+00,3.300000e+00,-1.166971e+00
2.163000e-02,3.883286e+00,3.300000e+00,1.172634e+00
2.164000e-02,2.715470e+00,3.300000e+00,-1.165101e+00
2.165000e-02,3.882353e+00,3.300000e+00,1.170765e+00
2.166000e-02,2.716403e+00,3.300000e+00,-1.163234e+00
2.167000e-02,3.881421e+00,3.300000e+00,1.168900e+00
2.168000e-02,2.717334e+00,3.300000e+00,-1.161370e+00
2.169000e-02,3.880491e+00,3.300000e+00,1.167037e+00
2.170000e-02,2.718264e+00,3.300000e+00,-1.159508e+00
2.171000e-02,3.879562e+00,3.300000e+00,1.165178e+00
2.172000e-02,2.719193e+00,3.300000e+00,-1.157650e+00
2.173000e-02,3.878635e+00,3.300000e+00,1.163321e+00
2.174000e-02,2.720120e+00,3.300000e+00,-1.155795e+00
2.175000e-02,3.877710e+00,3.300000e+00,1.161467e+00
2.176000e-02,2.721045e+00,3.300000e+00,-1.153943e+00
2.177000e-02,3.876786e+00,3.300000e+00,1.159617e+00
2.178000e-02,2.721970e+00,3.300000e+00,-1.152094e+00
2.179000e-02,3.875863e+00,3.300000e+00,1.157769e+00
2.180000e-02,2.722892e+00,3.300000e+00,-1.150248e+00
2.181000e-02,3.874942e+00,3.300000e+00,1.155924e+00
2.182000e-02,2.723813e+00,3.300000e+00,-1.148404e+00
2.183000e-02,3.874022e+00,3.300000e+00,1.154083e+00
2.184000e-02,2.724733e+00,3.300000e+00,-1.146564e+00
2.185000e-02,3.873104e+00,3.300000e+00,1.152244e+00
2.186000e-02,2.725651e+00,3.300000e+00,-1.144727e+00
2.187000e-02,3.872187e+00,3.300000e+00,1.150408e+00
2.188000e-02,2.726568e+00,3.300000e+00,-1.142892e+00
2.189000e-02,3.871271e+00,3.300000e+00,1.148575e+00
2.190000e-02,2.727483e+00,3.300000e+00,-1.141061e+00
2.191000e-02,3.870358e+00,3.300000e+00,1.146745e+00
2.192000e-02,2.728397e+00,3.300000e+00,-1.139232e+00
2.193000e-02,3.869445e+00,3.300000e+00,1.144918e+00
2.194000e-02,2.729309e+00,3.300000e+00,-1.137406e+00
2.195000e-02,3.868534e+00,3.300000e+00,1.143093e+00
2.196000e-02,2.730220e+00,3.300000e+00,-1.135584e+00
2.197000e-02,3.867625e+00,3.300000e+00,1.141272e+00
2.198000e-02,2.731130e+00,3.300000e+00,-1.133764e+00
2.199000e-02,3.866717e+00,3.300000e+00,1.139454e+00
2.200000e-02,2.732038e+00,3.300000e+00,-1.131947e+00
2.201000e-02,3.865810e+00,3.300000e+00,1.137638e+00
2.202000e-02,2.732944e+00,3.300000e+00,-1.130133e+00
2.203000e-02,3.864905e+00,3.300000e+00,1.135826e+00
2.204000e-02,2.733849e+00,3.300000e+00,-1.128322e+00
2.205000e-02,3.864001e+00,3.300000e+00,1.134016e+00
2.206000e-02,2.734753e+00,3.300000e+00,-1.126513e+00
2.207000e-02,3.863099e+00,3.300000e+00,1.132209e+00
2.208000e-02,2.735655e+00,3.300000e+00,-1.124708e+00
2.209000e-02,3.862198e+00,3.300000e+00,1.130405e+00
2.210000e-02,2.736556e+00,3.300000e+00,-1.122906e+00
2.211000e-02,3.861299e+00,3.300000e+00,1.128604e+00
2.212000e-02,2.737455e+00,3.300000e+00,-1.121106e+00
2.213000e-02,3.860401e+00,3.300000e+00,1.126806e+00
2.214000e-02,2.738353e+00,3.300000e+00,-1.119309e+00
2.215000e-02,3.859504e+00,3.300000e+00,1.125011e+00
2.216000e-02,2.739250e+00,3.300000e+00,-1.117516e+00
2.217000e-02,3.858609e+00,3.300000e+00,1.123218e+00
2.218000e-02,2.740145e+00,3.300000e+00,-1.115725e+00
2.219000e-02,3.857716e+00,3.300000e+00,1.121429e+00
2.220000e-02,2.741038e+00,3.300000e+00,-1.113936e+00
2.221000e-02,3.856824e+00,3.300000e+00,1.119642e+00
2.222000e-02,2.741930e+00,3.300000e+00,-1.112151e+00
2.223000e-02,3.855933e+00,3.300000e+00,1.117858e+00
2.224000e-02,2.742821e+00,3.300000e+00,-1.110369e+00
2.225000e-02,3.855043e+00,3.300000e+00,1.116077e+00
2.226000e-02,2.743711e+00,3.300000e+00,-1.108589e+00
2.227000e-02,3.854156e+00,3.300000e+00,1.114299e+00
2.228000e-02,2.744598e+00,3.300000e+00,-1.106812e+00
2.229000e-02,3.853269e+00,3.300000e+00,1.112524e+00
2.230000e-02,2.745485e+00,3.300000e+00,-1.105039e+00
2.231000e-02,3.852384e+00,3.300000e+00,1.110751e+00
2.232000e-02,2.746370e+00,3.300000e+00,-1.103268e+00
2.233000e-02,3.851500e+00,3.300000e+00,1.108982e+00
2.234000e-02,2.747254e+00,3.300000e+00,-1.101499e+00
2.235000e-02,3.850618e+00,3.300000e+00,1.107215e+00
2.236000e-02,2.748136e+00,3.300000e+00,-1.099734e+00
2.237000e-02,3.849737e+00,3.300000e+00,1.105451e+00
2.238000e-02,2.749017e+00,3.300000e+00,-1.097971e+00
2.239000e-02,3.848858e+00,3.300000e+00,1.103690e+00
2.240000e-02,2.749896e+00,3.300000e+00,-1.096212e+00
2.241000e-02,3.847980e+00,3.300000e+00,1.101932e+00
2.242000e-02,2.750774e+00,3.300000e+00,-1.094455e+00
2.243000e-02,3.847103e+00,3.300000e+00,1.100176e+00
2.244000e-02,2.751651e+00,3.300000e+00,-1.092701e+00
2.245000e-02,3.846228e+00,3.300000e+00,1.098423e+00
2.246000e-02,2.752526e+00,3.300000e+00,-1.090949e+00
2.247000e-02,3.845354e+00,3.300000e+00,1.096673e+00
2.248000e-02,2.753400e+00,3.300000e+00,-1.089201e+00
2.249000e-02,3.844481e+00,3.300000e+00,1.094926e+00
2.250000e-02,2.754272e+00,3.300000e+00,-1.087455e+00
2.251000e-02,3.843610e+00,3.300000e+00,1.093182e+00
2.252000e-02,2.755143e+00,3.300000e+00,-1.085712e+00
2.253000e-02,3.842741e+00,3.300000e+00,1.091440e+00
2.254000e-02,2.756013e+00,3.300000e+00,-1.083972e+00
2.255000e-02,3.841873e+00,3.300000e+00,1.089702e+00
2.256000e-02,2.756881e+00,3.300000e+00,-1.082235e+00
2.257000e-02,3.841006e+00,3.300000e+00,1.087966e+00
2.258000e-02,2.757748e+00,3.300000e+00,-1.080500e+00
2.259000e-02,3.840140e+00,3.300000e+00,1.086232e+00
2.260000e-02,2.758613e+00,3.300000e+00,-1.078768e+00
2.261000e-02,3.839276e+00,3.300000e+00,1.084502e+00
2.262000e-02,2.759477e+00,3.300000e+00,-1.077039e+00
2.263000e-02,3.838413e+00,3.300000e+00,1.082774e+00
2.264000e-02,2.760340e+00,3.300000e+00,-1.075313e+00
2.265000e-02,3.837552e+00,3.300000e+00,1.081049e+00
2.266000e-02,2.761202e+00,3.300000e+00,-1.073589e+00
2.267000e-02,3.836692e+00,3.300000e+00,1.079327e+00
2.268000e-02,2.762061e+00,3.300000e+00,-1.071868e+00
2.269000e-02,3.835833e+00,3.300000e+00,1.077608e+00
2.270000e-02,2.762920e+00,3.300000e+00,-1.070150e+00
2.271000e-02,3.834976e+00,3.300000e+00,1.075891e+00
2.272000e-02,2.763777e+00,3.300000e+00,-1.068435e+00
2.273000e-02,3.834120e+00,3.300000e+00,1.074177e+00
2.274000e-02,2.764633e+00,3.300000e+00,-1.066723e+00
2.275000e-02,3.833266e+00,3.300000e+00,1.072466e+00
2.276000e-02,2.765488e+00,3.300000e+00,-1.065013e+00
2.277000e-02,3.832413e+00,3.300000e+00,1.070758e+00
2.278000e-02,2.766341e+00,3.300000e+00,-1.063306e+00
2.279000e-02,3.831561e+00,3.300000e+00,1.069052e+00
2.280000e-02,2.767192e+00,3.300000e+00,-1.061601e+00
2.281000e-02,3.830711e+00,3.300000e+00,1.067349e+00
2.282000e-02,2.768043e+00,3.300000e+00,-1.059900e+00
2.283000e-02,3.829862e+00,3.300000e+00,1.065649e+00
2.284000e-02,2.768892e+00,3.300000e+00,-1.058201e+00
2.285000e-02,3.829014e+00,3.300000e+00,1.063951e+00
2.286000e-02,2.769740e+00,3.300000e+00,-1.056505e+00
2.287000e-02,3.828168e+00,3.300000e+00,1.062256e+00
2.288000e-02,2.770586e+00,3.300000e+00,-1.054811e+00
2.289000e-02,3.827323e+00,3.300000e+00,1.060564e+00
2.290000e-02,2.771431e+00,3.300000e+00,-1.053120e+00
2.291000e-02,3.826479e+00,3.300000e+00,1.058875e+00
2.292000e-02,2.772274e+00,3.300000e+00,-1.051432e+00
2.293000e-02,3.825637e+00,3.300000e+00,1.057188e+00
2.294000e-02,2.773117e+00,3.300000e+00,-1.049747e+00
2.295000e-02,3.824796e+00,3.300000e+00,1.055504e+00
2.296000e-02,2.773958e+00,3.300000e+00,-1.048064e+00
2.297000e-02,3.823956e+00,3.300000e+00,1.053823e+00
2.298000e-02,2.774797e+00,3.300000e+00,-1.046384e+00
2.299000e-02,3.823118e+00,3.300000e+00,1.052144e+00
2.300000e-02,2.775635e+00,3.300000e+00,-1.044707e+00
2.301000e-02,3.822281e+00,3.300000e+00,1.050468e+00
2.302000e-02,2.776472e+00,3.300000e+00,-1.043032e+00
2.303000e-02,3.821445e+00,3.300000e+00,1.048795e+00
2.304000e-02,2.777308e+00,3.300000e+00,-1.041360e+00
2.305000e-02,3.820611e+00,3.300000e+00,1.047124e+00
2.306000e-02,2.778142e+00,3.300000e+00,-1.039691e+00
2.307000e-02,3.819778e+00,3.300000e+00,1.045456e+00
2.308000e-02,2.778975e+00,3.300000e+00,-1.038024e+00
2.309000e-02,3.818947e+00,3.300000e+00,1.043791e+00
2.310000e-02,2.779807e+00,3.300000e+00,-1.036360e+00
2.311000e-02,3.818117e+00,3.300000e+00,1.042128e+00
2.312000e-02,2.780637e+00,3.300000e+00,-1.034699e+00
2.313000e-02,3.817288e+00,3.300000e+00,1.040468e+00
2.314000e-02,2.781466e+00,3.300000e+00,-1.033041e+00
2.315000e-02,3.816460e+00,3.300000e+00,1.038811e+00
2.316000e-02,2.782293e+00,3.300000e+00,-1.031385e+00
2.317000e-02,3.815634e+00,3.300000e+00,1.037156e+00
2.318000e-02,2.783120e+00,3.300000e+00,-1.029731e+00
2.319000e-02,3.814809e+00,3.300000e+00,1.035504e+00
2.320000e-02,2.783944e+00,3.300000e+00,-1.028080e+00
2.321000e-02,3.813985e+00,3.300000e+00,1.033855e+00
2.322000e-02,2.784768e+00,3.300000e+00,-1.026432e+00
2.323000e-02,3.813163e+00,3.300000e+00,1.032208e+00
2.324000e-02,2.785590e+00,3.300000e+00,-1.024787e+00
2.325000e-02,3.812342e+00,3.300000e+00,1.030564e+00
2.326000e-02,2.786411e+00,3.300000e+00,-1.023144e+00
2.327000e-02,3.811522e+00,3.300000e+00,1.028922e+00
2.328000e-02,2.787231e+00,3.300000e+00,-1.021504e+00
2.329000e-02,3.810704e+00,3.300000e+00,1.027284e+00
2.330000e-02,2.788049e+00,3.300000e+00,-1.019866e+00
2.331000e-02,3.809887e+00,3.300000e+00,1.025647e+00
2.332000e-02,2.788866e+00,3.300000e+00,-1.018231e+00
2.333000e-02,3.809071e+00,3.300000e+00,1.024014e+00
2.334000e-02,2.789682e+00,3.300000e+00,-1.016599e+00
2.335000e-02,3.808257e+00,3.300000e+00,1.022383e+00
2.336000e-02,2.790497e+00,3.300000e+00,-1.014969e+00
2.337000e-02,3.807444e+00,3.300000e+00,1.020754e+00
2.338000e-02,2.791310e+00,3.300000e+00,-1.013342e+00
2.339000e-02,3.806632e+00,3.300000e+00,1.019128e+00
2.340000e-02,2.792122e+00,3.300000e+00,-1.011718e+00
2.341000e-02,3.805821e+00,3.300000e+00,1.017505e+00
2.342000e-02,2.792932e+00,3.300000e+00,-1.010096e+00
2.343000e-02,3.805012e+00,3.300000e+00,1.015885e+00
2.344000e-02,2.793742e+00,3.300000e+00,-1.008477e+00
2.345000e-02,3.804204e+00,3.300000e+00,1.014267e+00
2.346000e-02,2.794550e+00,3.300000e+00,-1.006860e+00
2.347000e-02,3.803397e+00,3.300000e+00,1.012651e+00
2.348000e-02,2.795356e+00,3.300000e+00,-1.005246e+00
2.349000e-02,3.802592e+00,3.300000e+00,1.011038e+00
2.350000e-02,2.796162e+00,3.300000e+00,-1.003634e+00
2.351000e-02,3.801788e+00,3.300000e+00,1.009428e+00
2.352000e-02,2.796966e+00,3.300000e+00,-1.002025e+00
2.353000e-02,3.800985e+00,3.300000e+00,1.007820e+00
2.354000e-02,2.797769e+00,3.300000e+00,-1.000419e+00
2.355000e-02,3.800183e+00,3.300000e+00,1.006215e+00
2.356000e-02,2.798570e+00,3.300000e+00,-9.988148e-01
2.357000e-02,3.799383e+00,3.300000e+00,1.004613e+00
2.358000e-02,2.799370e+00,3.300000e+00,-9.972135e-01
2.359000e-02,3.798584e+00,3.300000e+00,1.003012e+00
2.360000e-02,2.800169e+00,3.300000e+00,-9.956148e-01
2.361000e-02,3.797787e+00,3.300000e+00,1.001415e+00
2.362000e-02,2.800967e+00,3.300000e+00,-9.940186e-01
2.363000e-02,3.796990e+00,3.300000e+00,9.998201e-01
2.364000e-02,2.801763e+00,3.300000e+00,-9.924249e-01
2.365000e-02,3.796195e+00,3.300000e+00,9.982278e-01
2.366000e-02,2.802559e+00,3.300000e+00,-9.908338e-01
2.367000e-02,3.795401e+00,3.300000e+00,9.966379e-01
2.368000e-02,2.803352e+00,3.300000e+00,-9.892453e-01
2.369000e-02,3.794609e+00,3.300000e+00,9.950507e-01
2.370000e-02,2.804145e+00,3.300000e+00,-9.876593e-01
2.371000e-02,3.793817e+00,3.300000e+00,9.934659e-01
2.372000e-02,2.804936e+00,3.300000e+00,-9.860758e-01
2.373000e-02,3.793027e+00,3.300000e+00,9.918837e-01
2.374000e-02,2.805727e+00,3.300000e+00,-9.844949e-01
2.375000e-02,3.792238e+00,3.300000e+00,9.903040e-01
2.376000e-02,2.806515e+00,3.300000e+00,-9.829165e-01
2.377000e-02,3.791451e+00,3.300000e+00,9.887269e-01
2.378000e-02,2.807303e+00,3.300000e+00,-9.813406e-01
2.379000e-02,3.790665e+00,3.300000e+00,9.871522e-01
2.380000e-02,2.808089e+00,3.300000e+00,-9.797672e-01
2.381000e-02,3.789879e+00,3.300000e+00,9.855801e-01
2.382000e-02,2.808874e+00,3.300000e+00,-9.781963e-01
2.383000e-02,3.789096e+00,3.300000e+00,9.840105e-01
2.384000e-02,2.809658e+00,3.300000e+00,-9.766280e-01
2.385000e-02,3.788313e+00,3.300000e+00,9.824434e-01
2.386000e-02,2.810441e+00,3.300000e+00,-9.750621e-01
2.387000e-02,3.787532e+00,3.300000e+00,9.808788e-01
2.388000e-02,2.811222e+00,3.300000e+00,-9.734988e-01
2.389000e-02,3.786752e+00,3.300000e+00,9.793167e-01
2.390000e-02,2.812002e+00,3.300000e+00,-9.719379e-01
2.391000e-02,3.785973e+00,3.300000e+00,9.777571e-01
2.392000e-02,2.812781e+00,3.300000e+00,-9.703796e-01
2.393000e-02,3.785196e+00,3.300000e+00,9.762000e-01
2.394000e-02,2.813558e+00,3.300000e+00,-9.688237e-01
2.395000e-02,3.784419e+00,3.300000e+00,9.746454e-01
2.396000e-02,2.814335e+00,3.300000e+00,-9.672703e-01
2.397000e-02,3.783644e+00,3.300000e+00,9.730933e-01
2.398000e-02,2.815110e+00,3.300000e+00,-9.657194e-01
2.399000e-02,3.782870e+00,3.300000e+00,9.715436e-01
2.400000e-02,2.815884e+00,3.300000e+00,-9.641710e-01
2.401000e-02,3.782098e+00,3.300000e+00,9.699964e-01
2.402000e-02,2.816656e+00,3.300000e+00,-9.626251e-01
2.403000e-02,3.781327e+00,3.300000e+00,9.684517e-01
2.404000e-02,2.817428e+00,3.300000e+00,-9.610816e-01
2.405000e-02,3.780556e+00,3.300000e+00,9.669095e-01
2.406000e-02,2.818198e+00,3.300000e+00,-9.595406e-01
2.407000e-02,3.779788e+00,3.300000e+00,9.653697e-01
2.408000e-02,2.818967e+00,3.300000e+00,-9.580020e-01
2.409000e-02,3.779020e+00,3.300000e+00,9.638324e-01
2.410000e-02,2.819734e+00,3.300000e+00,-9.564660e-01
2.411000e-02,3.778254e+00,3.300000e+00,9.622975e-01
2.412000e-02,2.820501e+00,3.300000e+00,-9.549323e-01
2.413000e-02,3.777488e+00,3.300000e+00,9.607651e-01
2.414000e-02,2.821266e+00,3.300000e+00,-9.534011e-01
2.415000e-02,3.776724e+00,3.300000e+00,9.592352e-01
2.416000e-02,2.822030e+00,3.300000e+00,-9.518724e-01
2.417000e-02,3.775962e+00,3.300000e+00,9.577077e-01
2.418000e-02,2.822793e+00,3.300000e+00,-9.503461e-01
2.419000e-02,3.775200e+00,3.300000e+00,9.561826e-01
2.420000e-02,2.823554e+00,3.300000e+00,-9.488223e-01
2.421000e-02,3.774440e+00,3.300000e+00,9.546600e-01
2.422000e-02,2.824315e+00,3.300000e+00,-9.473009e-01
2.423000e-02,3.773681e+00,3.300000e+00,9.531398e-01
2.424000e-02,2.825074e+00,3.300000e+00,-9.457819e-01
2.425000e-02,3.772923e+00,3.300000e+00,9.516220e-01
2.426000e-02,2.825832e+00,3.300000e+00,-9.442653e-01
2.427000e-02,3.772166e+00,3.300000e+00,9.501066e-01
2.428000e-02,2.826588e+00,3.300000e+00,-9.427512e-01
2.429000e-02,3.771411e+00,3.300000e+00,9.485937e-01
2.430000e-02,2.827344e+00,3.300000e+00,-9.412395e-01
2.431000e-02,3.770656e+00,3.300000e+00,9.470832e-01
2.432000e-02,2.828098e+00,3.300000e+00,-9.397302e-01
2.433000e-02,3.769903e+00,3.300000e+00,9.455751e-01
2.434000e-02,2.828851e+00,3.300000e+00,-9.382233e-01
2.435000e-02,3.769152e+00,3.300000e+00,9.440694e-01
2.436000e-02,2.829603e+00,3.300000e+00,-9.367188e-01
2.437000e-02,3.768401e+00,3.300000e+00,9.425662e-01
2.438000e-02,2.830354e+00,3.300000e+00,-9.352167e-01
2.439000e-02,3.767652e+00,3.300000e+00,9.410653e-01
2.440000e-02,2.831103e+00,3.300000e+00,-9.337170e-01
2.441000e-02,3.766903e+00,3.300000e+00,9.395668e-01
2.442000e-02,2.831852e+00,3.300000e+00,-9.322198e-01
2.443000e-02,3.766156e+00,3.300000e+00,9.380707e-01
2.444000e-02,2.832599e+00,3.300000e+00,-9.307249e-01
2.445000e-02,3.765410e+00,3.300000e+00,9.365770e-01
2.446000e-02,2.833345e+00,3.300000e+00,-9.292324e-01
2.447000e-02,3.764666e+00,3.300000e+00,9.350857e-01
2.448000e-02,2.834089e+00,3.300000e+00,-9.277423e-01
2.449000e-02,3.763922e+00,3.300000e+00,9.335968e-01
2.450000e-02,2.834833e+00,3.300000e+00,-9.262545e-01
2.451000e-02,3.763180e+00,3.300000e+00,9.321103e-01
2.452000e-02,2.835575e+00,3.300000e+00,-9.247692e-01
2.453000e-02,3.762439e+00,3.300000e+00,9.306261e-01
2.454000e-02,2.836316e+00,3.300000e+00,-9.232862e-01
2.455000e-02,3.761699e+00,3.300000e+00,9.291443e-01
2.456000e-02,2.837056e+00,3.300000e+00,-9.218056e-01
2.457000e-02,3.760960e+00,3.300000e+00,9.276649e-01
2.458000e-02,2.837795e+00,3.300000e+00,-9.203273e-01
2.459000e-02,3.760223e+00,3.300000e+00,9.261878e-01
2.460000e-02,2.838533e+00,3.300000e+00,-9.188514e-01
2.461000e-02,3.759486e+00,3.300000e+00,9.247131e-01
2.462000e-02,2.839269e+00,3.300000e+00,-9.173779e-01
2.463000e-02,3.758751e+00,3.300000e+00,9.232407e-01
2.464000e-02,2.840004e+00,3.300000e+00,-9.159067e-01
2.465000e-02,3.758017e+00,3.300000e+00,9.217708e-01
2.466000e-02,2.840738e+00,3.300000e+00,-9.144379e-01
2.467000e-02,3.757284e+00,3.300000e+00,9.203031e-01
2.468000e-02,2.841471e+00,3.300000e+00,-9.129715e-01
2.469000e-02,3.756553e+00,3.300000e+00,9.188378e-01
2.470000e-02,2.842203e+00,3.300000e+00,-9.115073e-01
2.471000e-02,3.755822e+00,3.300000e+00,9.173748e-01
2.472000e-02,2.842934e+00,3.300000e+00,-9.100455e-01
2.473000e-02,3.755093e+00,3.300000e+00,9.159142e-01
2.474000e-02,2.843663e+00,3.300000e+00,-9.085861e-01
2.475000e-02,3.754365e+00,3.300000e+00,9.144559e-01
2.476000e-02,2.844391e+00,3.300000e+00,-9.071290e-01
2.477000e-02,3.753638e+00,3.300000e+00,9.130000e-01
2.478000e-02,2.845118e+00,3.300000e+00,-9.056742e-01
2.479000e-02,3.752912e+00,3.300000e+00,9.115464e-01
2.480000e-02,2.845844e+00,3.300000e+00,-9.042217e-01
2.481000e-02,3.752187e+00,3.300000e+00,9.100950e-01
2.482000e-02,2.846569e+00,3.300000e+00,-9.027715e-01
2.483000e-02,3.751464e+00,3.300000e+00,9.086461e-01
2.484000e-02,2.847293e+00,3.300000e+00,-9.013237e-01
2.485000e-02,3.750741e+00,3.300000e+00,9.071994e-01
2.486000e-02,2.848015e+00,3.300000e+00,-8.998782e-01
2.487000e-02,3.750020e+00,3.300000e+00,9.057550e-01
2.488000e-02,2.848736e+00,3.300000e+00,-8.984350e-01
2.489000e-02,3.749300e+00,3.300000e+00,9.043130e-01
2.490000e-02,2.849456e+00,3.300000e+00,-8.969941e-01
2.491000e-02,3.748581e+00,3.300000e+00,9.028732e-01
2.492000e-02,2.850175e+00,3.300000e+00,-8.955555e-01
2.493000e-02,3.747863e+00,3.300000e+00,9.014358e-01
2.494000e-02,2.850893e+00,3.300000e+00,-8.941192e-01
2.495000e-02,3.747147e+00,3.300000e+00,9.000006e-01
2.496000e-02,2.851610e+00,3.300000e+00,-8.926852e-01
2.497000e-02,3.746431e+00,3.300000e+00,8.985678e-01
2.498000e-02,2.852325e+00,3.300000e+00,-8.912535e-01
2.499000e-02,3.745717e+00,3.300000e+00,8.971372e-01
2.500000e-02,2.853040e+00,3.300000e+00,-8.898240e-01
2.501000e-02,3.745004e+00,3.300000e+00,8.957089e-01
2.502000e-02,2.853753e+00,3.300000e+00,-8.883969e-01
2.503000e-02,3.744292e+00,3.300000e+00,8.942829e-01
2.504000e-02,2.854465e+00,3.300000e+00,-8.869720e-01
2.505000e-02,3.743581e+00,3.300000e+00,8.928592e-01
2.506000e-02,2.855176e+00,3.300000e+00,-8.855495e-01
2.507000e-02,3.742871e+00,3.300000e+00,8.914377e-01
2.508000e-02,2.855886e+00,3.300000e+00,-8.841291e-01
2.509000e-02,3.742162e+00,3.300000e+00,8.900186e-01
2.510000e-02,2.856595e+00,3.300000e+00,-8.827111e-01
2.511000e-02,3.741455e+00,3.300000e+00,8.886016e-01
2.512000e-02,2.857302e+00,3.300000e+00,-8.812953e-01
2.513000e-02,3.740749e+00,3.300000e+00,8.871870e-01
2.514000e-02,2.858009e+00,3.300000e+00,-8.798818e-01
2.515000e-02,3.740043e+00,3.300000e+00,8.857746e-01
2.516000e-02,2.858714e+00,3.300000e+00,-8.784706e-01
2.517000e-02,3.739339e+00,3.300000e+00,8.843645e-01
2.518000e-02,2.859418e+00,3.300000e+00,-8.770616e-01
2.519000e-02,3.738636e+00,3.300000e+00,8.829566e-01
2.520000e-02,2.860121e+00,3.300000e+00,-8.756548e-01
2.521000e-02,3.737934e+00,3.300000e+00,8.815510e-01
2.522000e-02,2.860823e+00,3.300000e+00,-8.742503e-01
2.523000e-02,3.737234e+00,3.300000e+00,8.801476e-01
2.524000e-02,2.861524e+00,3.300000e+00,-8.728480e-01
2.525000e-02,3.736534e+00,3.300000e+00,8.787465e-01
2.526000e-02,2.862224e+00,3.300000e+00,-8.714480e-01
2.527000e-02,3.735835e+00,3.300000e+00,8.773476e-01
2.528000e-02,2.862922e+00,3.300000e+00,-8.700502e-01
2.529000e-02,3.735138e+00,3.300000e+00,8.759509e-01
2.530000e-02,2.863620e+00,3.300000e+00,-8.686547e-01
2.531000e-02,3.734442e+00,3.300000e+00,8.745565e-01
2.532000e-02,2.864316e+00,3.300000e+00,-8.672614e-01
2.533000e-02,3.733747e+00,3.300000e+00,8.731643e-01
2.534000e-02,2.865011e+00,3.300000e+00,-8.658703e-01
2.535000e-02,3.733053e+00,3.300000e+00,8.717743e-01
2.536000e-02,2.865705e+00,3.300000e+00,-8.644814e-01
2.537000e-02,3.732360e+00,3.300000e+00,8.703866e-01
2.538000e-02,2.866398e+00,3.300000e+00,-8.630948e-01
2.539000e-02,3.731668e+00,3.300000e+00,8.690010e-01
2.540000e-02,2.867090e+00,3.300000e+00,-8.617104e-01
2.541000e-02,3.730977e+00,3.300000e+00,8.676177e-01
2.542000e-02,2.867781e+00,3.300000e+00,-8.603281e-01
2.543000e-02,3.730287e+00,3.300000e+00,8.662366e-01
2.544000e-02,2.868471e+00,3.300000e+00,-8.589481e-01
2.545000e-02,3.729599e+00,3.300000e+00,8.648577e-01
2.546000e-02,2.869159e+00,3.300000e+00,-8.575703e-01
2.547000e-02,3.728912e+00,3.300000e+00,8.634810e-01
2.548000e-02,2.869847e+00,3.300000e+00,-8.561947e-01
2.549000e-02,3.728225e+00,3.300000e+00,8.621065e-01
2.550000e-02,2.870533e+00,3.300000e+00,-8.548213e-01
2.551000e-02,3.727540e+00,3.300000e+00,8.607342e-01
2.552000e-02,2.871219e+00,3.300000e+00,-8.534501e-01
2.553000e-02,3.726856e+00,3.300000e+00,8.593641e-01
2.554000e-02,2.871903e+00,3.300000e+00,-8.520811e-01
2.555000e-02,3.726173e+00,3.300000e+00,8.579961e-01
2.556000e-02,2.872586e+00,3.300000e+00,-8.507143e-01
2.557000e-02,3.725491e+00,3.300000e+00,8.566304e-01
2.558000e-02,2.873268e+00,3.300000e+00,-8.493496e-01
2.559000e-02,3.724810e+00,3.300000e+00,8.552668e-01
2.560000e-02,2.873949e+00,3.300000e+00,-8.479871e-01
2.561000e-02,3.724130e+00,3.300000e+00,8.539055e-01
2.562000e-02,2.874629e+00,3.300000e+00,-8.466268e-01
2.563000e-02,3.723452e+00,3.300000e+00,8.525463e-01
2.564000e-02,2.875308e+00,3.300000e+00,-8.452687e-01
2.565000e-02,3.722774e+00,3.300000e+00,8.511892e-01
2.566000e-02,2.875985e+00,3.300000e+00,-8.439128e-01
2.567000e-02,3.722098e+00,3.300000e+00,8.498344e-01
2.568000e-02,2.876662e+00,3.300000e+00,-8.425590e-01
2.569000e-02,3.721422e+00,3.300000e+00,8.484817e-01
2.570000e-02,2.877337e+00,3.300000e+00,-8.412074e-01
2.571000e-02,3.720748e+00,3.300000e+00,8.471311e-01
2.572000e-02,2.878012e+00,3.300000e+00,-8.398579e-01
2.573000e-02,3.720075e+00,3.300000e+00,8.457828e-01
2.574000e-02,2.878685e+00,3.300000e+00,-8.385106e-01
2.575000e-02,3.719402e+00,3.300000e+00,8.444365e-01
2.576000e-02,2.879357e+00,3.300000e+00,-8.371655e-01
2.577000e-02,3.718731e+00,3.300000e+00,8.430925e-01
2.578000e-02,2.880029e+00,3.300000e+00,-8.358225e-01
2.579000e-02,3.718061e+00,3.300000e+00,8.417505e-01
2.580000e-02,2.880699e+00,3.300000e+00,-8.344816e-01
2.581000e-02,3.717392e+00,3.300000e+00,8.404108e-01
2.582000e-02,2.881368e+00,3.300000e+00,-8.331429e-01
2.583000e-02,3.716724e+00,3.300000e+00,8.390731e-01
2.584000e-02,2.882036e+00,3.300000e+00,-8.318064e-01
2.585000e-02,3.716057e+00,3.300000e+00,8.377376e-01
2.586000e-02,2.882703e+00,3.300000e+00,-8.304719e-01
2.587000e-02,3.715392e+00,3.300000e+00,8.364042e-01
2.588000e-02,2.883369e+00,3.300000e+00,-8.291396e-01
2.589000e-02,3.714727e+00,3.300000e+00,8.350730e-01
2.590000e-02,2.884033e+00,3.300000e+00,-8.278094e-01
2.591000e-02,3.714063e+00,3.300000e+00,8.337439e-01
2.592000e-02,2.884697e+00,3.300000e+00,-8.264814e-01
2.593000e-02,3.713401e+00,3.300000e+00,8.324169e-01
2.594000e-02,2.885360e+00,3.300000e+00,-8.251555e-01
2.595000e-02,3.712739e+00,3.300000e+00,8.310920e-01
2.596000e-02,2.886022e+00,3.300000e+00,-8.238317e-01
2.597000e-02,3.712079e+00,3.300000e+00,8.297693e-01
2.598000e-02,2.886682e+00,3.300000e+00,-8.225100e-01
2.599000e-02,3.711419e+00,3.300000e+00,8.284487e-01
2.600000e-02,2.887342e+00,3.300000e+00,-8.211904e-01
2.601000e-02,3.710761e+00,3.300000e+00,8.271301e-01
2.602000e-02,2.888000e+00,3.300000e+00,-8.198729e-01
2.603000e-02,3.710104e+00,3.300000e+00,8.258137e-01
2.604000e-02,2.888657e+00,3.300000e+00,-8.185576e-01
2.605000e-02,3.709447e+00,3.300000e+00,8.244994e-01
2.606000e-02,2.889314e+00,3.300000e+00,-8.172443e-01
2.607000e-02,3.708792e+00,3.300000e+00,8.231872e-01
2.608000e-02,2.889969e+00,3.300000e+00,-8.159331e-01
2.609000e-02,3.708138e+00,3.300000e+00,8.218771e-01
2.610000e-02,2.890623e+00,3.300000e+00,-8.146241e-01
2.611000e-02,3.707485e+00,3.300000e+00,8.205691e-01
2.612000e-02,2.891277e+00,3.300000e+00,-8.133171e-01
2.613000e-02,3.706833e+00,3.300000e+00,8.192631e-01
2.614000e-02,2.891929e+00,3.300000e+00,-8.120122e-01
2.615000e-02,3.706182e+00,3.300000e+00,8.179593e-01
2.616000e-02,2.892580e+00,3.300000e+00,-8.107094e-01
2.617000e-02,3.705532e+00,3.300000e+00,8.166575e-01
2.618000e-02,2.893230e+00,3.300000e+00,-8.094087e-01
2.619000e-02,3.704883e+00,3.300000e+00,8.153578e-01
2.620000e-02,2.893879e+00,3.300000e+00,-8.081100e-01
2.621000e-02,3.704235e+00,3.300000e+00,8.140602e-01
2.622000e-02,2.894527e+00,3.300000e+00,-8.068134e-01
2.623000e-02,3.703588e+00,3.300000e+00,8.127647e-01
2.624000e-02,2.895174e+00,3.300000e+00,-8.055189e-01
2.625000e-02,3.702942e+00,3.300000e+00,8.114712e-01
2.626000e-02,2.895820e+00,3.300000e+00,-8.042265e-01
2.627000e-02,3.702298e+00,3.300000e+00,8.101798e-01
2.628000e-02,2.896465e+00,3.300000e+00,-8.029362e-01
2.629000e-02,3.701654e+00,3.300000e+00,8.088905e-01
2.630000e-02,2.897109e+00,3.300000e+00,-8.016479e-01
2.631000e-02,3.701011e+00,3.300000e+00,8.076032e-01
2.632000e-02,2.897752e+00,3.300000e+00,-8.003616e-01
2.633000e-02,3.700369e+00,3.300000e+00,8.063180e-01
2.634000e-02,2.898393e+00,3.300000e+00,-7.990774e-01
2.635000e-02,3.699729e+00,3.300000e+00,8.050349e-01
2.636000e-02,2.899034e+00,3.300000e+00,-7.977953e-01
2.637000e-02,3.699089e+00,3.300000e+00,8.037537e-01
2.638000e-02,2.899674e+00,3.300000e+00,-7.965152e-01
2.639000e-02,3.698450e+00,3.300000e+00,8.024747e-01
2.640000e-02,2.900313e+00,3.300000e+00,-7.952372e-01
2.641000e-02,3.697813e+00,3.300000e+00,8.011977e-01
2.642000e-02,2.900951e+00,3.300000e+00,-7.939612e-01
2.643000e-02,3.697176e+00,3.300000e+00,7.999227e-01
2.644000e-02,2.901587e+00,3.300000e+00,-7.926872e-01
2.645000e-02,3.696540e+00,3.300000e+00,7.986497e-01
2.646000e-02,2.902223e+00,3.300000e+00,-7.914153e-01
2.647000e-02,3.695906e+00,3.300000e+00,7.973788e-01
2.648000e-02,2.902858e+00,3.300000e+00,-7.901454e-01
2.649000e-02,3.695272e+00,3.300000e+00,7.961099e-01
2.650000e-02,2.903491e+00,3.300000e+00,-7.888775e-01
2.651000e-02,3.694640e+00,3.300000e+00,7.948431e-01
2.652000e-02,2.904124e+00,3.300000e+00,-7.876117e-01
2.653000e-02,3.694008e+00,3.300000e+00,7.935783e-01
2.654000e-02,2.904756e+00,3.300000e+00,-7.863479e-01
2.655000e-02,3.693378e+00,3.300000e+00,7.923155e-01
2.656000e-02,2.905386e+00,3.300000e+00,-7.850861e-01
2.657000e-02,3.692748e+00,3.300000e+00,7.910547e-01
2.658000e-02,2.906016e+00,3.300000e+00,-7.838263e-01
2.659000e-02,3.692120e+00,3.300000e+00,7.897959e-01
2.660000e-02,2.906645e+00,3.300000e+00,-7.825685e-01
2.661000e-02,3.691492e+00,3.300000e+00,7.885392e-01
2.662000e-02,2.907272e+00,3.300000e+00,-7.813128e-01
2.663000e-02,3.690866e+00,3.300000e+00,7.872844e-01
2.664000e-02,2.907899e+00,3.300000e+00,-7.800590e-01
2.665000e-02,3.690240e+00,3.300000e+00,7.860317e-01
2.666000e-02,2.908524e+00,3.300000e+00,-7.788073e-01
2.667000e-02,3.689616e+00,3.300000e+00,7.847809e-01
2.668000e-02,2.909149e+00,3.300000e+00,-7.775575e-01
2.669000e-02,3.688992e+00,3.300000e+00,7.835322e-01
2.670000e-02,2.909773e+00,3.300000e+00,-7.763098e-01
2.671000e-02,3.688370e+00,3.300000e+00,7.822854e-01
2.672000e-02,2.910395e+00,3.300000e+00,-7.750640e-01
2.673000e-02,3.687748e+00,3.300000e+00,7.810407e-01
2.674000e-02,2.911017e+00,3.300000e+00,-7.738203e-01
2.675000e-02,3.687128e+00,3.300000e+00,7.797979e-01
2.676000e-02,2.911638e+00,3.300000e+00,-7.725785e-01
2.677000e-02,3.686508e+00,3.300000e+00,7.785571e-01
2.678000e-02,2.912257e+00,3.300000e+00,-7.713387e-01
2.679000e-02,3.685890e+00,3.300000e+00,7.773183e-01
2.680000e-02,2.912876e+00,3.300000e+00,-7.701009e-01
2.681000e-02,3.685272e+00,3.300000e+00,7.760815e-01
2.682000e-02,2.913493e+00,3.300000e+00,-7.688650e-01
2.683000e-02,3.684655e+00,3.300000e+00,7.748466e-01
2.684000e-02,2.914110e+00,3.300000e+00,-7.676312e-01
2.685000e-02,3.684040e+00,3.300000e+00,7.736138e-01
2.686000e-02,2.914726e+00,3.300000e+00,-7.663993e-01
2.687000e-02,3.683425e+00,3.300000e+00,7.723829e-01
2.688000e-02,2.915341e+00,3.300000e+00,-7.651694e-01
2.689000e-02,3.682812e+00,3.300000e+00,7.711539e-01
2.690000e-02,2.915954e+00,3.300000e+00,-7.639414e-01
2.691000e-02,3.682199e+00,3.300000e+00,7.699269e-01
2.692000e-02,2.916567e+00,3.300000e+00,-7.627154e-01
2.693000e-02,3.681587e+00,3.300000e+00,7.687019e-01
2.694000e-02,2.917179e+00,3.300000e+00,-7.614914e-01
2.695000e-02,3.680977e+00,3.300000e+00,7.674789e-01
2.696000e-02,2.917790e+00,3.300000e+00,-7.602693e-01
2.697000e-02,3.680367e+00,3.300000e+00,7.662578e-01
2.698000e-02,2.918399e+00,3.300000e+00,-7.590492e-01
2.699000e-02,3.679758e+00,3.300000e+00,7.650386e-01
2.700000e-02,2.919008e+00,3.300000e+00,-7.578310e-01
2.701000e-02,3.679151e+00,3.300000e+00,7.638214e-01
2.702000e-02,2.919616e+00,3.300000e+00,-7.566148e-01
2.703000e-02,3.678544e+00,3.300000e+00,7.626062e-01
2.704000e-02,2.920223e+00,3.300000e+00,-7.554005e-01
2.705000e-02,3.677938e+00,3.300000e+00,7.613929e-01
2.706000e-02,2.920829e+00,3.300000e+00,-7.541882e-01
2.707000e-02,3.677333e+00,3.300000e+00,7.601815e-01
2.708000e-02,2.921434e+00,3.300000e+00,-7.529778e-01
2.709000e-02,3.676729e+00,3.300000e+00,7.589721e-01
2.710000e-02,2.922038e+00,3.300000e+00,-7.517693e-01
2.711000e-02,3.676126e+00,3.300000e+00,7.577645e-01
2.712000e-02,2.922641e+00,3.300000e+00,-7.505627e-01
2.713000e-02,3.675524e+00,3.300000e+00,7.565590e-01
2.714000e-02,2.923243e+00,3.300000e+00,-7.493581e-01
2.715000e-02,3.674923e+00,3.300000e+00,7.553553e-01
2.716000e-02,2.923844e+00,3.300000e+00,-7.481554e-01
2.717000e-02,3.674323e+00,3.300000e+00,7.541536e-01
2.718000e-02,2.924444e+00,3.300000e+00,-7.469547e-01
2.719000e-02,3.673724e+00,3.300000e+00,7.529538e-01
2.720000e-02,2.925044e+00,3.300000e+00,-7.457558e-01
2.721000e-02,3.673126e+00,3.300000e+00,7.517559e-01
2.722000e-02,2.925642e+00,3.300000e+00,-7.445589e-01
2.723000e-02,3.672529e+00,3.300000e+00,7.505599e-01
2.724000e-02,2.926239e+00,3.300000e+00,-7.433639e-01
2.725000e-02,3.671933e+00,3.300000e+00,7.493659e-01
2.726000e-02,2.926835e+00,3.300000e+00,-7.421708e-01
2.727000e-02,3.671338e+00,3.300000e+00,7.481737e-01
2.728000e-02,2.927431e+00,3.300000e+00,-7.409796e-01
2.729000e-02,3.670743e+00,3.300000e+00,7.469834e-01
2.730000e-02,2.928025e+00,3.300000e+00,-7.397903e-01
2.731000e-02,3.670150e+00,3.300000e+00,7.457951e-01
2.732000e-02,2.928619e+00,3.300000e+00,-7.386029e-01
2.733000e-02,3.669558e+00,3.300000e+00,7.446086e-01
2.734000e-02,2.929211e+00,3.300000e+00,-7.374174e-01
2.735000e-02,3.668966e+00,3.300000e+00,7.434241e-01
2.736000e-02,2.929803e+00,3.300000e+00,-7.362337e-01
2.737000e-02,3.668376e+00,3.300000e+00,7.422414e-01
2.738000e-02,2.930393e+00,3.300000e+00,-7.350520e-01
2.739000e-02,3.667786e+00,3.300000e+00,7.410607e-01
2.740000e-02,2.930983e+00,3.300000e+00,-7.338722e-01
2.741000e-02,3.667198e+00,3.300000e+00,7.398818e-01
2.742000e-02,2.931572e+00,3.300000e+00,-7.326943e-01
2.743000e-02,3.666610e+00,3.300000e+00,7.387048e-01
2.744000e-02,2.932160e+00,3.300000e+00,-7.315182e-01
2.745000e-02,3.666023e+00,3.300000e+00,7.375297e-01
2.746000e-02,2.932746e+00,3.300000e+00,-7.303440e-01
2.747000e-02,3.665437e+00,3.300000e+00,7.363564e-01
2.748000e-02,2.933332e+00,3.300000e+00,-7.291717e-01
2.749000e-02,3.664853e+00,3.300000e+00,7.351850e-01
2.750000e-02,2.933917e+00,3.300000e+00,-7.280013e-01
2.751000e-02,3.664269e+00,3.300000e+00,7.340155e-01
2.752000e-02,2.934501e+00,3.300000e+00,-7.268327e-01
2.753000e-02,3.663686e+00,3.300000e+00,7.328479e-01
2.754000e-02,2.935085e+00,3.300000e+00,-7.256660e-01
2.755000e-02,3.663104e+00,3.300000e+00,7.316822e-01
2.756000e-02,2.935667e+00,3.300000e+00,-7.245012e-01
2.757000e-02,3.662523e+00,3.300000e+00,7.305183e-01
2.758000e-02,2.936248e+00,3.300000e+00,-7.233382e-01
2.759000e-02,3.661942e+00,3.300000e+00,7.293562e-01
2.760000e-02,2.936828e+00,3.300000e+00,-7.221771e-01
2.761000e-02,3.661363e+00,3.300000e+00,7.281960e-01
2.762000e-02,2.937408e+00,3.300000e+00,-7.210179e-01
2.763000e-02,3.660785e+00,3.300000e+00,7.270377e-01
2.764000e-02,2.937986e+00,3.300000e+00,-7.198605e-01
2.765000e-02,3.660207e+00,3.300000e+00,7.258812e-01
2.766000e-02,2.938564e+00,3.300000e+00,-7.187049e-01
2.767000e-02,3.659631e+00,3.300000e+00,7.247266e-01
2.768000e-02,2.939140e+00,3.300000e+00,-7.175512e-01
2.769000e-02,3.659055e+00,3.300000e+00,7.235738e-01
2.770000e-02,2.939716e+00,3.300000e+00,-7.163993e-01
2.771000e-02,3.658481e+00,3.300000e+00,7.224229e-01
2.772000e-02,2.940291e+00,3.300000e+00,-7.152493e-01
2.773000e-02,3.657907e+00,3.300000e+00,7.212738e-01
2.774000e-02,2.940865e+00,3.300000e+00,-7.141011e-01
2.775000e-02,3.657334e+00,3.300000e+00,7.201265e-01
2.776000e-02,2.941438e+00,3.300000e+00,-7.129548e-01
2.777000e-02,3.656762e+00,3.300000e+00,7.189811e-01
2.778000e-02,2.942010e+00,3.300000e+00,-7.118103e-01
2.779000e-02,3.656191e+00,3.300000e+00,7.178375e-01
2.780000e-02,2.942581e+00,3.300000e+00,-7.106676e-01
2.781000e-02,3.655621e+00,3.300000e+00,7.166957e-01
2.782000e-02,2.943151e+00,3.300000e+00,-7.095267e-01
2.783000e-02,3.655052e+00,3.300000e+00,7.155557e-01
2.784000e-02,2.943721e+00,3.300000e+00,-7.083877e-01
2.785000e-02,3.654484e+00,3.300000e+00,7.144176e-01
2.786000e-02,2.944289e+00,3.300000e+00,-7.072504e-01
2.787000e-02,3.653916e+00,3.300000e+00,7.132813e-01
2.788000e-02,2.944856e+00,3.300000e+00,-7.061150e-01
2.789000e-02,3.653350e+00,3.300000e+00,7.121468e-01
2.790000e-02,2.945423e+00,3.300000e+00,-7.049814e-01
2.791000e-02,3.652784e+00,3.300000e+00,7.110141e-01
2.792000e-02,2.945989e+00,3.300000e+00,-7.038497e-01
2.793000e-02,3.652220e+00,3.300000e+00,7.098832e-01
2.794000e-02,2.946554e+00,3.300000e+00,-7.027197e-01
2.795000e-02,3.651656e+00,3.300000e+00,7.087542e-01
2.796000e-02,2.947117e+00,3.300000e+00,-7.015915e-01
2.797000e-02,3.651093e+00,3.300000e+00,7.076269e-01
2.798000e-02,2.947680e+00,3.300000e+00,-7.004652e-01
2.799000e-02,3.650531e+00,3.300000e+00,7.065015e-01
2.800000e-02,2.948242e+00,3.300000e+00,-6.993406e-01
2.801000e-02,3.649970e+00,3.300000e+00,7.053778e-01
2.802000e-02,2.948804e+00,3.300000e+00,-6.982178e-01
2.803000e-02,3.649410e+00,3.300000e+00,7.042559e-01
2.804000e-02,2.949364e+00,3.300000e+00,-6.970969e-01
2.805000e-02,3.648851e+00,3.300000e+00,7.031359e-01
2.806000e-02,2.949923e+00,3.300000e+00,-6.959777e-01
2.807000e-02,3.648293e+00,3.300000e+00,7.020176e-01
2.808000e-02,2.950482e+00,3.300000e+00,-6.948603e-01
2.809000e-02,3.647735e+00,3.300000e+00,7.009011e-01
2.810000e-02,2.951039e+00,3.300000e+00,-6.937447e-01
2.811000e-02,3.647179e+00,3.300000e+00,6.997864e-01
2.812000e-02,2.951596e+00,3.300000e+00,-6.926309e-01
2.813000e-02,3.646623e+00,3.300000e+00,6.986734e-01
2.814000e-02,2.952152e+00,3.300000e+00,-6.915188e-01
2.815000e-02,3.646068e+00,3.300000e+00,6.975623e-01
2.816000e-02,2.952707e+00,3.300000e+00,-6.904086e-01
2.817000e-02,3.645514e+00,3.300000e+00,6.964529e-01
2.818000e-02,2.953261e+00,3.300000e+00,-6.893001e-01
2.819000e-02,3.644961e+00,3.300000e+00,6.953453e-01
2.820000e-02,2.953814e+00,3.300000e+00,-6.881934e-01
2.821000e-02,3.644409e+00,3.300000e+00,6.942395e-01
2.822000e-02,2.954366e+00,3.300000e+00,-6.870884e-01
2.823000e-02,3.643858e+00,3.300000e+00,6.931354e-01
2.824000e-02,2.954918e+00,3.300000e+00,-6.859852e-01
2.825000e-02,3.643308e+00,3.300000e+00,6.920331e-01
2.826000e-02,2.955468e+00,3.300000e+00,-6.848838e-01
2.827000e-02,3.642758e+00,3.300000e+00,6.909325e-01
2.828000e-02,2.956018e+00,3.300000e+00,-6.837841e-01
2.829000e-02,3.642209e+00,3.300000e+00,6.898338e-01
2.830000e-02,2.956567e+00,3.300000e+00,-6.826862e-01
2.831000e-02,3.641662e+00,3.300000e+00,6.887367e-01
2.832000e-02,2.957115e+00,3.300000e+00,-6.815901e-01
2.833000e-02,3.641115e+00,3.300000e+00,6.876415e-01
2.834000e-02,2.957662e+00,3.300000e+00,-6.804957e-01
2.835000e-02,3.640569e+00,3.300000e+00,6.865479e-01
2.836000e-02,2.958208e+00,3.300000e+00,-6.794030e-01
2.837000e-02,3.640024e+00,3.300000e+00,6.854561e-01
2.838000e-02,2.958753e+00,3.300000e+00,-6.783121e-01
2.839000e-02,3.639480e+00,3.300000e+00,6.843661e-01
2.840000e-02,2.959297e+00,3.300000e+00,-6.772229e-01
2.841000e-02,3.638936e+00,3.300000e+00,6.832778e-01
2.842000e-02,2.959841e+00,3.300000e+00,-6.761355e-01
2.843000e-02,3.638394e+00,3.300000e+00,6.821913e-01
2.844000e-02,2.960383e+00,3.300000e+00,-6.750498e-01
2.845000e-02,3.637852e+00,3.300000e+00,6.811065e-01
2.846000e-02,2.960925e+00,3.300000e+00,-6.739659e-01
2.847000e-02,3.637311e+00,3.300000e+00,6.800234e-01
2.848000e-02,2.961466e+00,3.300000e+00,-6.728837e-01
2.849000e-02,3.636771e+00,3.300000e+00,6.789420e-01
2.850000e-02,2.962006e+00,3.300000e+00,-6.718032e-01
2.851000e-02,3.636232e+00,3.300000e+00,6.778624e-01
2.852000e-02,2.962545e+00,3.300000e+00,-6.707244e-01
2.853000e-02,3.635694e+00,3.300000e+00,6.767845e-01
2.854000e-02,2.963084e+00,3.300000e+00,-6.696474e-01
2.855000e-02,3.635157e+00,3.300000e+00,6.757083e-01
2.856000e-02,2.963621e+00,3.300000e+00,-6.685721e-01
2.857000e-02,3.634620e+00,3.300000e+00,6.746339e-01
2.858000e-02,2.964158e+00,3.300000e+00,-6.674985e-01
2.859000e-02,3.634085e+00,3.300000e+00,6.735611e-01
2.860000e-02,2.964694e+00,3.300000e+00,-6.664266e-01
2.861000e-02,3.633550e+00,3.300000e+00,6.724901e-01
2.862000e-02,2.965229e+00,3.300000e+00,-6.653564e-01
2.863000e-02,3.633016e+00,3.300000e+00,6.714208e-01
2.864000e-02,2.965763e+00,3.300000e+00,-6.642880e-01
2.865000e-02,3.632483e+00,3.300000e+00,6.703532e-01
2.866000e-02,2.966296e+00,3.300000e+00,-6.632212e-01
2.867000e-02,3.631951e+00,3.300000e+00,6.692873e-01
2.868000e-02,2.966828e+00,3.300000e+00,-6.621562e-01
2.869000e-02,3.631420e+00,3.300000e+00,6.682231e-01
2.870000e-02,2.967360e+00,3.300000e+00,-6.610928e-01
2.871000e-02,3.630889e+00,3.300000e+00,6.671606e-01
2.872000e-02,2.967890e+00,3.300000e+00,-6.600312e-01
2.873000e-02,3.630360e+00,3.300000e+00,6.660998e-01
2.874000e-02,2.968420e+00,3.300000e+00,-6.589712e-01
2.875000e-02,3.629831e+00,3.300000e+00,6.650407e-01
2.876000e-02,2.968949e+00,3.300000e+00,-6.579129e-01
2.877000e-02,3.629303e+00,3.300000e+00,6.639833e-01
2.878000e-02,2.969477e+00,3.300000e+00,-6.568564e-01
2.879000e-02,3.628776e+00,3.300000e+00,6.629275e-01
2.880000e-02,2.970004e+00,3.300000e+00,-6.558015e-01
2.881000e-02,3.628250e+00,3.300000e+00,6.618735e-01
2.882000e-02,2.970531e+00,3.300000e+00,-6.547483e-01
2.883000e-02,3.627724e+00,3.300000e+00,6.608212e-01
2.884000e-02,2.971056e+00,3.300000e+00,-6.536968e-01
2.885000e-02,3.627200e+00,3.300000e+00,6.597705e-01
2.886000e-02,2.971581e+00,3.300000e+00,-6.526470e-01
2.887000e-02,3.626676e+00,3.300000e+00,6.587215e-01
2.888000e-02,2.972105e+00,3.300000e+00,-6.515988e-01
2.889000e-02,3.626153e+00,3.300000e+00,6.576742e-01
2.890000e-02,2.972628e+00,3.300000e+00,-6.505523e-01
2.891000e-02,3.625631e+00,3.300000e+00,6.566286e-01
2.892000e-02,2.973150e+00,3.300000e+00,-6.495075e-01
2.893000e-02,3.625110e+00,3.300000e+00,6.555846e-01
2.894000e-02,2.973672e+00,3.300000e+00,-6.484644e-01
2.895000e-02,3.624589e+00,3.300000e+00,6.545423e-01
2.896000e-02,2.974192e+00,3.300000e+00,-6.474229e-01
2.897000e-02,3.624070e+00,3.300000e+00,6.535016e-01
2.898000e-02,2.974712e+00,3.300000e+00,-6.463831e-01
2.899000e-02,3.623551e+00,3.300000e+00,6.524627e-01
2.900000e-02,2.975231e+00,3.300000e+00,-6.453450e-01
2.901000e-02,3.623033e+00,3.300000e+00,6.514254e-01
2.902000e-02,2.975749e+00,3.300000e+00,-6.443085e-01
2.903000e-02,3.622516e+00,3.300000e+00,6.503897e-01
2.904000e-02,2.976266e+00,3.300000e+00,-6.432737e-01
2.905000e-02,3.622000e+00,3.300000e+00,6.493557e-01
2.906000e-02,2.976783e+00,3.300000e+00,-6.422405e-01
2.907000e-02,3.621484e+00,3.300000e+00,6.483234e-01
2.908000e-02,2.977298e+00,3.300000e+00,-6.412090e-01
2.909000e-02,3.620970e+00,3.300000e+00,6.472927e-01
2.910000e-02,2.977813e+00,3.300000e+00,-6.401791e-01
2.911000e-02,3.620456e+00,3.300000e+00,6.462636e-01
2.912000e-02,2.978327e+00,3.300000e+00,-6.391509e-01
2.913000e-02,3.619943e+00,3.300000e+00,6.452362e-01
2.914000e-02,2.978840e+00,3.300000e+00,-6.381243e-01
2.915000e-02,3.619431e+00,3.300000e+00,6.442104e-01
2.916000e-02,2.979352e+00,3.300000e+00,-6.370993e-01
2.917000e-02,3.618920e+00,3.300000e+00,6.431863e-01
2.918000e-02,2.979864e+00,3.300000e+00,-6.360760e-01
2.919000e-02,3.618409e+00,3.300000e+00,6.421638e-01
2.920000e-02,2.980375e+00,3.300000e+00,-6.350544e-01
2.921000e-02,3.617900e+00,3.300000e+00,6.411430e-01
2.922000e-02,2.980884e+00,3.300000e+00,-6.340343e-01
2.923000e-02,3.617391e+00,3.300000e+00,6.401237e-01
2.924000e-02,2.981393e+00,3.300000e+00,-6.330159e-01
2.925000e-02,3.616883e+00,3.300000e+00,6.391061e-01
2.926000e-02,2.981902e+00,3.300000e+00,-6.319991e-01
2.927000e-02,3.616375e+00,3.300000e+00,6.380902e-01
2.928000e-02,2.982409e+00,3.300000e+00,-6.309840e-01
2.929000e-02,3.615869e+00,3.300000e+00,6.370758e-01
2.930000e-02,2.982916e+00,3.300000e+00,-6.299704e-01
2.931000e-02,3.615363e+00,3.300000e+00,6.360631e-01
2.932000e-02,2.983421e+00,3.300000e+00,-6.289585e-01
2.933000e-02,3.614859e+00,3.300000e+00,6.350520e-01
2.934000e-02,2.983926e+00,3.300000e+00,-6.279482e-01
2.935000e-02,3.614355e+00,3.300000e+00,6.340425e-01
2.936000e-02,2.984431e+00,3.300000e+00,-6.269395e-01
2.937000e-02,3.613851e+00,3.300000e+00,6.330346e-01
2.938000e-02,2.984934e+00,3.300000e+00,-6.259325e-01
2.939000e-02,3.613349e+00,3.300000e+00,6.320284e-01
2.940000e-02,2.985437e+00,3.300000e+00,-6.249270e-01
2.941000e-02,3.612847e+00,3.300000e+00,6.310237e-01
2.942000e-02,2.985938e+00,3.300000e+00,-6.239231e-01
2.943000e-02,3.612347e+00,3.300000e+00,6.300206e-01
2.944000e-02,2.986439e+00,3.300000e+00,-6.229209e-01
2.945000e-02,3.611847e+00,3.300000e+00,6.290192e-01
2.946000e-02,2.986939e+00,3.300000e+00,-6.219202e-01
2.947000e-02,3.611347e+00,3.300000e+00,6.280193e-01
2.948000e-02,2.987439e+00,3.300000e+00,-6.209212e-01
2.949000e-02,3.610849e+00,3.300000e+00,6.270211e-01
2.950000e-02,2.987937e+00,3.300000e+00,-6.199237e-01
2.951000e-02,3.610351e+00,3.300000e+00,6.260244e-01
2.952000e-02,2.988435e+00,3.300000e+00,-6.189279e-01
2.953000e-02,3.609855e+00,3.300000e+00,6.250294e-01
2.954000e-02,2.988932e+00,3.300000e+00,-6.179336e-01
2.955000e-02,3.609359e+00,3.300000e+00,6.240359e-01
2.956000e-02,2.989428e+00,3.300000e+00,-6.169409e-01
2.957000e-02,3.608863e+00,3.300000e+00,6.230440e-01
2.958000e-02,2.989924e+00,3.300000e+00,-6.159498e-01
2.959000e-02,3.608369e+00,3.300000e+00,6.220537e-01
2.960000e-02,2.990418e+00,3.300000e+00,-6.149603e-01
2.961000e-02,3.607875e+00,3.300000e+00,6.210650e-01
2.962000e-02,2.990912e+00,3.300000e+00,-6.139724e-01
2.963000e-02,3.607383e+00,3.300000e+00,6.200778e-01
2.964000e-02,2.991405e+00,3.300000e+00,-6.129860e-01
2.965000e-02,3.606891e+00,3.300000e+00,6.190923e-01
2.966000e-02,2.991897e+00,3.300000e+00,-6.120012e-01
2.967000e-02,3.606399e+00,3.300000e+00,6.181083e-01
2.968000e-02,2.992389e+00,3.300000e+00,-6.110180e-01
2.969000e-02,3.605909e+00,3.300000e+00,6.171259e-01
2.970000e-02,2.992880e+00,3.300000e+00,-6.100364e-01
2.971000e-02,3.605419e+00,3.300000e+00,6.161450e-01
2.972000e-02,2.993369e+00,3.300000e+00,-6.090563e-01
2.973000e-02,3.604930e+00,3.300000e+00,6.151657e-01
2.974000e-02,2.993859e+00,3.300000e+00,-6.080778e-01
2.975000e-02,3.604442e+00,3.300000e+00,6.141880e-01
2.976000e-02,2.994347e+00,3.300000e+00,-6.071009e-01
2.977000e-02,3.603955e+00,3.300000e+00,6.132119e-01
2.978000e-02,2.994834e+00,3.300000e+00,-6.061255e-01
2.979000e-02,3.603468e+00,3.300000e+00,6.122373e-01
2.980000e-02,2.995321e+00,3.300000e+00,-6.051517e-01
2.981000e-02,3.602982e+00,3.300000e+00,6.112642e-01
2.982000e-02,2.995807e+00,3.300000e+00,-6.041795e-01
2.983000e-02,3.602497e+00,3.300000e+00,6.102928e-01
2.984000e-02,2.996292e+00,3.300000e+00,-6.032088e-01
2.985000e-02,3.602013e+00,3.300000e+00,6.093228e-01
2.986000e-02,2.996777e+00,3.300000e+00,-6.022396e-01
2.987000e-02,3.601530e+00,3.300000e+00,6.083545e-01
2.988000e-02,2.997260e+00,3.300000e+00,-6.012720e-01
2.989000e-02,3.601047e+00,3.300000e+00,6.073876e-01
2.990000e-02,2.997743e+00,3.300000e+00,-6.003059e-01
2.991000e-02,3.600565e+00,3.300000e+00,6.064223e-01
2.992000e-02,2.998225e+00,3.300000e+00,-5.993414e-01
2.993000e-02,3.600084e+00,3.300000e+00,6.054586e-01
2.994000e-02,2.998707e+00,3.300000e+00,-5.983785e-01
2.995000e-02,3.599604e+00,3.300000e+00,6.044964e-01
2.996000e-02,2.999187e+00,3.300000e+00,-5.974170e-01
2.997000e-02,3.599124e+00,3.300000e+00,6.035357e-01
2.998000e-02,2.999667e+00,3.300000e+00,-5.964571e-01
2.999000e-02,3.598645e+00,3.300000e+00,6.025766e-01
3.000000e-02,3.000146e+00,3.300000e+00,-5.954988e-01
3.001000e-02,3.598167e+00,3.300000e+00,6.016190e-01
3.002000e-02,3.000624e+00,3.300000e+00,-5.945419e-01
3.003000e-02,3.597690e+00,3.300000e+00,6.006629e-01
3.004000e-02,3.001102e+00,3.300000e+00,-5.935866e-01
3.005000e-02,3.597213e+00,3.300000e+00,5.997084e-01
3.006000e-02,3.001579e+00,3.300000e+00,-5.926328e-01
3.007000e-02,3.596737e+00,3.300000e+00,5.987554e-01
3.008000e-02,3.002055e+00,3.300000e+00,-5.916806e-01
3.009000e-02,3.596262e+00,3.300000e+00,5.978039e-01
3.010000e-02,3.002530e+00,3.300000e+00,-5.907299e-01
3.011000e-02,3.595788e+00,3.300000e+00,5.968539e-01
3.012000e-02,3.003004e+00,3.300000e+00,-5.897806e-01
3.013000e-02,3.595315e+00,3.300000e+00,5.959055e-01
3.014000e-02,3.003478e+00,3.300000e+00,-5.888330e-01
3.015000e-02,3.594842e+00,3.300000e+00,5.949585e-01
3.016000e-02,3.003951e+00,3.300000e+00,-5.878868e-01
3.017000e-02,3.594370e+00,3.300000e+00,5.940131e-01
3.018000e-02,3.004423e+00,3.300000e+00,-5.869421e-01
3.019000e-02,3.593899e+00,3.300000e+00,5.930692e-01
3.020000e-02,3.004895e+00,3.300000e+00,-5.859989e-01
3.021000e-02,3.593428e+00,3.300000e+00,5.921268e-01
3.022000e-02,3.005365e+00,3.300000e+00,-5.850573e-01
3.023000e-02,3.592958e+00,3.300000e+00,5.911859e-01
3.024000e-02,3.005835e+00,3.300000e+00,-5.841171e-01
3.025000e-02,3.592489e+00,3.300000e+00,5.902465e-01
3.026000e-02,3.006305e+00,3.300000e+00,-5.831785e-01
3.027000e-02,3.592021e+00,3.300000e+00,5.893086e-01
3.028000e-02,3.006773e+00,3.300000e+00,-5.822413e-01
3.029000e-02,3.591554e+00,3.300000e+00,5.883722e-01
3.030000e-02,3.007241e+00,3.300000e+00,-5.813057e-01
3.031000e-02,3.591087e+00,3.300000e+00,5.874373e-01
3.032000e-02,3.007708e+00,3.300000e+00,-5.803715e-01
3.033000e-02,3.590621e+00,3.300000e+00,5.865039e-01
3.034000e-02,3.008174e+00,3.300000e+00,-5.794389e-01
3.035000e-02,3.590156e+00,3.300000e+00,5.855720e-01
3.036000e-02,3.008639e+00,3.300000e+00,-5.785077e-01
3.037000e-02,3.589691e+00,3.300000e+00,5.846415e-01
3.038000e-02,3.009104e+00,3.300000e+00,-5.775780e-01
3.039000e-02,3.589227e+00,3.300000e+00,5.837126e-01
3.040000e-02,3.009568e+00,3.300000e+00,-5.766498e-01
3.041000e-02,3.588764e+00,3.300000e+00,5.827851e-01
3.042000e-02,3.010031e+00,3.300000e+00,-5.757231e-01
3.043000e-02,3.588302e+00,3.300000e+00,5.818592e-01
3.044000e-02,3.010494e+00,3.300000e+00,-5.747979e-01
3.045000e-02,3.587840e+00,3.300000e+00,5.809347e-01
3.046000e-02,3.010955e+00,3.300000e+00,-5.738741e-01
3.047000e-02,3.587380e+00,3.300000e+00,5.800117e-01
3.048000e-02,3.011416e+00,3.300000e+00,-5.729518e-01
3.049000e-02,3.586920e+00,3.300000e+00,5.790901e-01
3.050000e-02,3.011877e+00,3.300000e+00,-5.720310e-01
3.051000e-02,3.586460e+00,3.300000e+00,5.781700e-01
3.052000e-02,3.012336e+00,3.300000e+00,-5.711117e-01
3.053000e-02,3.586002e+00,3.300000e+00,5.772514e-01
3.054000e-02,3.012795e+00,3.300000e+00,-5.701938e-01
3.055000e-02,3.585544e+00,3.300000e+00,5.763343e-01
3.056000e-02,3.013253e+00,3.300000e+00,-5.692774e-01
3.057000e-02,3.585087e+00,3.300000e+00,5.754187e-01
3.058000e-02,3.013710e+00,3.300000e+00,-5.683625e-01
3.059000e-02,3.584630e+00,3.300000e+00,5.745044e-01
3.060000e-02,3.014167e+00,3.300000e+00,-5.674490e-01
3.061000e-02,3.584175e+00,3.300000e+00,5.735917e-01
3.062000e-02,3.014623e+00,3.300000e+00,-5.665370e-01
3.063000e-02,3.583720e+00,3.300000e+00,5.726804e-01
3.064000e-02,3.015078e+00,3.300000e+00,-5.656265e-01
3.065000e-02,3.583265e+00,3.300000e+00,5.717706e-01
3.066000e-02,3.015533e+00,3.300000e+00,-5.647174e-01
3.067000e-02,3.582812e+00,3.300000e+00,5.708622e-01
3.068000e-02,3.015986e+00,3.300000e+00,-5.638097e-01
3.069000e-02,3.582359e+00,3.300000e+00,5.699553e-01
3.070000e-02,3.016439e+00,3.300000e+00,-5.629035e-01
3.071000e-02,3.581907e+00,3.300000e+00,5.690498e-01
3.072000e-02,3.016891e+00,3.300000e+00,-5.619988e-01
3.073000e-02,3.581456e+00,3.300000e+00,5.681458e-01
3.074000e-02,3.017343e+00,3.300000e+00,-5.610955e-01
3.075000e-02,3.581005e+00,3.300000e+00,5.672432e-01
3.076000e-02,3.017794e+00,3.300000e+00,-5.601936e-01
3.077000e-02,3.580555e+00,3.300000e+00,5.663421e-01
3.078000e-02,3.018244e+00,3.300000e+00,-5.592932e-01
3.079000e-02,3.580106e+00,3.300000e+00,5.654424e-01
3.080000e-02,3.018693e+00,3.300000e+00,-5.583942e-01
3.081000e-02,3.579658e+00,3.300000e+00,5.645441e-01
3.082000e-02,3.019142e+00,3.300000e+00,-5.574967e-01
3.083000e-02,3.579210e+00,3.300000e+00,5.636473e-01
3.084000e-02,3.019590e+00,3.300000e+00,-5.566006e-01
3.085000e-02,3.578763e+00,3.300000e+00,5.627519e-01
3.086000e-02,3.020037e+00,3.300000e+00,-5.557059e-01
3.087000e-02,3.578317e+00,3.300000e+00,5.618580e-01
3.088000e-02,3.020484e+00,3.300000e+00,-5.548126e-01
3.089000e-02,3.577871e+00,3.300000e+00,5.609654e-01
3.090000e-02,3.020929e+00,3.300000e+00,-5.539208e-01
3.091000e-02,3.577426e+00,3.300000e+00,5.600743e-01
3.092000e-02,3.021374e+00,3.300000e+00,-5.530304e-01
3.093000e-02,3.576982e+00,3.300000e+00,5.591846e-01
3.094000e-02,3.021819e+00,3.300000e+00,-5.521415e-01
3.095000e-02,3.576539e+00,3.300000e+00,5.582964e-01
3.096000e-02,3.022262e+00,3.300000e+00,-5.512539e-01
3.097000e-02,3.576096e+00,3.300000e+00,5.574095e-01
3.098000e-02,3.022705e+00,3.300000e+00,-5.503678e-01
3.099000e-02,3.575654e+00,3.300000e+00,5.565241e-01
3.100000e-02,3.023148e+00,3.300000e+00,-5.494831e-01
3.101000e-02,3.575213e+00,3.300000e+00,5.556401e-01
3.102000e-02,3.023589e+00,3.300000e+00,-5.485998e-01
3.103000e-02,3.574772e+00,3.300000e+00,5.547575e-01
3.104000e-02,3.024030e+00,3.300000e+00,-5.477179e-01
3.105000e-02,3.574332e+00,3.300000e+00,5.538763e-01
3.106000e-02,3.024470e+00,3.300000e+00,-5.468374e-01
3.107000e-02,3.573893e+00,3.300000e+00,5.529965e-01
3.108000e-02,3.024910e+00,3.300000e+00,-5.459583e-01
3.109000e-02,3.573454e+00,3.300000e+00,5.521182e-01
3.110000e-02,3.025348e+00,3.300000e+00,-5.450806e-01
3.111000e-02,3.573016e+00,3.300000e+00,5.512412e-01
3.112000e-02,3.025786e+00,3.300000e+00,-5.442044e-01
3.113000e-02,3.572579e+00,3.300000e+00,5.503656e-01
3.114000e-02,3.026224e+00,3.300000e+00,-5.433295e-01
3.115000e-02,3.572143e+00,3.300000e+00,5.494914e-01
3.116000e-02,3.026660e+00,3.300000e+00,-5.424560e-01
3.117000e-02,3.571707e+00,3.300000e+00,5.486187e-01
3.118000e-02,3.027096e+00,3.300000e+00,-5.415839e-01
3.119000e-02,3.571272e+00,3.300000e+00,5.477473e-01
3.120000e-02,3.027531e+00,3.300000e+00,-5.407133e-01
3.121000e-02,3.570838e+00,3.300000e+00,5.468773e-01
3.122000e-02,3.027966e+00,3.300000e+00,-5.398440e-01
3.123000e-02,3.570404e+00,3.300000e+00,5.460087e-01
3.124000e-02,3.028400e+00,3.300000e+00,-5.389761e-01
3.125000e-02,3.569971e+00,3.300000e+00,5.451415e-01
3.126000e-02,3.028833e+00,3.300000e+00,-5.381096e-01
3.127000e-02,3.569539e+00,3.300000e+00,5.442757e-01
3.128000e-02,3.029265e+00,3.300000e+00,-5.372444e-01
3.129000e-02,3.569108e+00,3.300000e+00,5.434113e-01
3.130000e-02,3.029697e+00,3.300000e+00,-5.363807e-01
3.131000e-02,3.568677e+00,3.300000e+00,5.425482e-01
3.132000e-02,3.030128e+00,3.300000e+00,-5.355183e-01
3.133000e-02,3.568247e+00,3.300000e+00,5.416865e-01
3.134000e-02,3.030559e+00,3.300000e+00,-5.346573e-01
3.135000e-02,3.567817e+00,3.300000e+00,5.408262e-01
3.136000e-02,3.030988e+00,3.300000e+00,-5.337977e-01
3.137000e-02,3.567388e+00,3.300000e+00,5.399673e-01
3.138000e-02,3.031417e+00,3.300000e+00,-5.329395e-01
3.139000e-02,3.566960e+00,3.300000e+00,5.391097e-01
3.140000e-02,3.031846e+00,3.300000e+00,-5.320826e-01
3.141000e-02,3.566533e+00,3.300000e+00,5.382536e-01
3.142000e-02,3.032273e+00,3.300000e+00,-5.312271e-01
3.143000e-02,3.566106e+00,3.300000e+00,5.373987e-01
3.144000e-02,3.032700e+00,3.300000e+00,-5.303730e-01
3.145000e-02,3.565680e+00,3.300000e+00,5.365453e-01
3.146000e-02,3.033127e+00,3.300000e+00,-5.295202e-01
3.147000e-02,3.565255e+00,3.300000e+00,5.356932e-01
3.148000e-02,3.033552e+00,3.300000e+00,-5.286688e-01
3.149000e-02,3.564830e+00,3.300000e+00,5.348425e-01
3.150000e-02,3.033977e+00,3.300000e+00,-5.278188e-01
3.151000e-02,3.564406e+00,3.300000e+00,5.339931e-01
3.152000e-02,3.034401e+00,3.300000e+00,-5.269701e-01
3.153000e-02,3.563983e+00,3.300000e+00,5.331451e-01
3.154000e-02,3.034825e+00,3.300000e+00,-5.261227e-01
3.155000e-02,3.563560e+00,3.300000e+00,5.322985e-01
3.156000e-02,3.035248e+00,3.300000e+00,-5.252768e-01
3.157000e-02,3.563138e+00,3.300000e+00,5.314532e-01
3.158000e-02,3.035670e+00,3.300000e+00,-5.244321e-01
3.159000e-02,3.562717e+00,3.300000e+00,5.306092e-01
3.160000e-02,3.036092e+00,3.300000e+00,-5.235889e-01
3.161000e-02,3.562296e+00,3.300000e+00,5.297666e-01
3.162000e-02,3.036512e+00,3.300000e+00,-5.227469e-01
3.163000e-02,3.561876e+00,3.300000e+00,5.289254e-01
3.164000e-02,3.036933e+00,3.300000e+00,-5.219064e-01
3.165000e-02,3.561457e+00,3.300000e+00,5.280854e-01
3.166000e-02,3.037352e+00,3.300000e+00,-5.210671e-01
3.167000e-02,3.561038e+00,3.300000e+00,5.272469e-01
3.168000e-02,3.037771e+00,3.300000e+00,-5.202292e-01
3.169000e-02,3.560620e+00,3.300000e+00,5.264097e-01
3.170000e-02,3.038189e+00,3.300000e+00,-5.193927e-01
3.171000e-02,3.560203e+00,3.300000e+00,5.255738e-01
3.172000e-02,3.038607e+00,3.300000e+00,-5.185574e-01
3.173000e-02,3.559786e+00,3.300000e+00,5.247392e-01
3.174000e-02,3.039024e+00,3.300000e+00,-5.177236e-01
3.175000e-02,3.559370e+00,3.300000e+00,5.239060e-01
3.176000e-02,3.039440e+00,3.300000e+00,-5.168910e-01
3.177000e-02,3.558955e+00,3.300000e+00,5.230741e-01
3.178000e-02,3.039855e+00,3.300000e+00,-5.160598e-01
3.179000e-02,3.558540e+00,3.300000e+00,5.222435e-01
3.180000e-02,3.040270e+00,3.300000e+00,-5.152299e-01
3.181000e-02,3.558126e+00,3.300000e+00,5.214143e-01
3.182000e-02,3.040684e+00,3.300000e+00,-5.144013e-01
3.183000e-02,3.557713e+00,3.300000e+00,5.205864e-01
3.184000e-02,3.041098e+00,3.300000e+00,-5.135741e-01
3.185000e-02,3.557300e+00,3.300000e+00,5.197598e-01
3.186000e-02,3.041511e+00,3.300000e+00,-5.127481e-01
3.187000e-02,3.556888e+00,3.300000e+00,5.189346e-01
3.188000e-02,3.041923e+00,3.300000e+00,-5.119235e-01
3.189000e-02,3.556477e+00,3.300000e+00,5.181106e-01
3.190000e-02,3.042334e+00,3.300000e+00,-5.111002e-01
3.191000e-02,3.556066e+00,3.300000e+00,5.172880e-01
3.192000e-02,3.042745e+00,3.300000e+00,-5.102783e-01
3.193000e-02,3.555656e+00,3.300000e+00,5.164667e-01
3.194000e-02,3.043156e+00,3.300000e+00,-5.094576e-01
3.195000e-02,3.555247e+00,3.300000e+00,5.156467e-01
3.196000e-02,3.043565e+00,3.300000e+00,-5.086383e-01
3.197000e-02,3.554838e+00,3.300000e+00,5.148280e-01
3.198000e-02,3.043974e+00,3.300000e+00,-5.078202e-01
3.199000e-02,3.554430e+00,3.300000e+00,5.140106e-01
3.200000e-02,3.044382e+00,3.300000e+00,-5.070035e-01
3.201000e-02,3.554023e+00,3.300000e+00,5.131945e-01
3.202000e-02,3.044790e+00,3.300000e+00,-5.061881e-01
3.203000e-02,3.553616e+00,3.300000e+00,5.123797e-01
3.204000e-02,3.045197e+00,3.300000e+00,-5.053740e-01
3.205000e-02,3.553210e+00,3.300000e+00,5.115663e-01
3.206000e-02,3.045603e+00,3.300000e+00,-5.045611e-01
3.207000e-02,3.552805e+00,3.300000e+00,5.107541e-01
3.208000e-02,3.046009e+00,3.300000e+00,-5.037496e-01
3.209000e-02,3.552400e+00,3.300000e+00,5.099432e-01
3.210000e-02,3.046414e+00,3.300000e+00,-5.029394e-01
3.211000e-02,3.551996e+00,3.300000e+00,5.091337e-01
3.212000e-02,3.046818e+00,3.300000e+00,-5.021305e-01
3.213000e-02,3.551592e+00,3.300000e+00,5.083254e-01
3.214000e-02,3.047222e+00,3.300000e+00,-5.013228e-01
3.215000e-02,3.551189e+00,3.300000e+00,5.075184e-01
3.216000e-02,3.047625e+00,3.300000e+00,-5.005165e-01
3.217000e-02,3.550787e+00,3.300000e+00,5.067127e-01
3.218000e-02,3.048028e+00,3.300000e+00,-4.997114e-01
3.219000e-02,3.550386e+00,3.300000e+00,5.059083e-01
3.220000e-02,3.048429e+00,3.300000e+00,-4.989076e-01
3.221000e-02,3.549985e+00,3.300000e+00,5.051051e-01
3.222000e-02,3.048831e+00,3.300000e+00,-4.981052e-01
3.223000e-02,3.549584e+00,3.300000e+00,5.043033e-01
3.224000e-02,3.049231e+00,3.300000e+00,-4.973039e-01
3.225000e-02,3.549185e+00,3.300000e+00,5.035027e-01
3.226000e-02,3.049631e+00,3.300000e+00,-4.965040e-01
3.227000e-02,3.548786e+00,3.300000e+00,5.027034e-01
3.228000e-02,3.050030e+00,3.300000e+00,-4.957054e-01
3.229000e-02,3.548387e+00,3.300000e+00,5.019054e-01
3.230000e-02,3.050429e+00,3.300000e+00,-4.949080e-01
3.231000e-02,3.547990e+00,3.300000e+00,5.011087e-01
3.232000e-02,3.050827e+00,3.300000e+00,-4.941119e-01
3.233000e-02,3.547592e+00,3.300000e+00,5.003132e-01
3.234000e-02,3.051224e+00,3.300000e+00,-4.933171e-01
3.235000e-02,3.547196e+00,3.300000e+00,4.995190e-01
3.236000e-02,3.051621e+00,3.300000e+00,-4.925235e-01
3.237000e-02,3.546800e+00,3.300000e+00,4.987261e-01
3.238000e-02,3.052017e+00,3.300000e+00,-4.917312e-01
3.239000e-02,3.546405e+00,3.300000e+00,4.979345e-01
3.240000e-02,3.052412e+00,3.300000e+00,-4.909402e-01
3.241000e-02,3.546010e+00,3.300000e+00,4.971441e-01
3.242000e-02,3.052807e+00,3.300000e+00,-4.901505e-01
3.243000e-02,3.545616e+00,3.300000e+00,4.963550e-01
3.244000e-02,3.053201e+00,3.300000e+00,-4.893620e-01
3.245000e-02,3.545223e+00,3.300000e+00,4.955671e-01
3.246000e-02,3.053595e+00,3.300000e+00,-4.885747e-01
3.247000e-02,3.544831e+00,3.300000e+00,4.947805e-01
3.248000e-02,3.053988e+00,3.300000e+00,-4.877888e-01
3.249000e-02,3.544438e+00,3.300000e+00,4.939951e-01
3.250000e-02,3.054380e+00,3.300000e+00,-4.870040e-01
3.251000e-02,3.544047e+00,3.300000e+00,4.932110e-01
3.252000e-02,3.054772e+00,3.300000e+00,-4.862206e-01
3.253000e-02,3.543656e+00,3.300000e+00,4.924282e-01
3.254000e-02,3.055163e+00,3.300000e+00,-4.854384e-01
3.255000e-02,3.543266e+00,3.300000e+00,4.916466e-01
3.256000e-02,3.055553e+00,3.300000e+00,-4.846574e-01
3.257000e-02,3.542877e+00,3.300000e+00,4.908663e-01
3.258000e-02,3.055943e+00,3.300000e+00,-4.838777e-01
3.259000e-02,3.542488e+00,3.300000e+00,4.900872e-01
3.260000e-02,3.056332e+00,3.300000e+00,-4.830992e-01
3.261000e-02,3.542099e+00,3.300000e+00,4.893093e-01
3.262000e-02,3.056721e+00,3.300000e+00,-4.823220e-01
3.263000e-02,3.541712e+00,3.300000e+00,4.885327e-01
3.264000e-02,3.057109e+00,3.300000e+00,-4.815460e-01
3.265000e-02,3.541325e+00,3.300000e+00,4.877574e-01
3.266000e-02,3.057496e+00,3.300000e+00,-4.807712e-01
3.267000e-02,3.540938e+00,3.300000e+00,4.869832e-01
3.268000e-02,3.057883e+00,3.300000e+00,-4.799977e-01
3.269000e-02,3.540552e+00,3.300000e+00,4.862103e-01
3.270000e-02,3.058269e+00,3.300000e+00,-4.792255e-01
3.271000e-02,3.540167e+00,3.300000e+00,4.854387e-01
3.272000e-02,3.058654e+00,3.300000e+00,-4.784544e-01
3.273000e-02,3.539783e+00,3.300000e+00,4.846683e-01
3.274000e-02,3.059039e+00,3.300000e+00,-4.776846e-01
3.275000e-02,3.539399e+00,3.300000e+00,4.838991e-01
3.276000e-02,3.059423e+00,3.300000e+00,-4.769160e-01
3.277000e-02,3.539015e+00,3.300000e+00,4.831311e-01
3.278000e-02,3.059807e+00,3.300000e+00,-4.761487e-01
3.279000e-02,3.538632e+00,3.300000e+00,4.823644e-01
3.280000e-02,3.060190e+00,3.300000e+00,-4.753826e-01
3.281000e-02,3.538250e+00,3.300000e+00,4.815989e-01
3.282000e-02,3.060572e+00,3.300000e+00,-4.746177e-01
3.283000e-02,3.537869e+00,3.300000e+00,4.808346e-01
3.284000e-02,3.060954e+00,3.300000e+00,-4.738540e-01
3.285000e-02,3.537488e+00,3.300000e+00,4.800715e-01
3.286000e-02,3.061335e+00,3.300000e+00,-4.730915e-01
3.287000e-02,3.537108e+00,3.300000e+00,4.793097e-01
3.288000e-02,3.061716e+00,3.300000e+00,-4.723303e-01
3.289000e-02,3.536728e+00,3.300000e+00,4.785491e-01
3.290000e-02,3.062095e+00,3.300000e+00,-4.715703e-01
3.291000e-02,3.536349e+00,3.300000e+00,4.777896e-01
3.292000e-02,3.062475e+00,3.300000e+00,-4.708115e-01
3.293000e-02,3.535970e+00,3.300000e+00,4.770314e-01
3.294000e-02,3.062854e+00,3.300000e+00,-4.700539e-01
3.295000e-02,3.535592e+00,3.300000e+00,4.762745e-01
3.296000e-02,3.063232e+00,3.300000e+00,-4.692975e-01
3.297000e-02,3.535215e+00,3.300000e+00,4.755187e-01
3.298000e-02,3.063609e+00,3.300000e+00,-4.685423e-01
3.299000e-02,3.534838e+00,3.300000e+00,4.747641e-01
3.300000e-02,3.063986e+00,3.300000e+00,-4.677884e-01
3.301000e-02,3.534462e+00,3.300000e+00,4.740107e-01
3.302000e-02,3.064362e+00,3.300000e+00,-4.670356e-01
3.303000e-02,3.534087e+00,3.300000e+00,4.732586e-01
3.304000e-02,3.064738e+00,3.300000e+00,-4.662840e-01
3.305000e-02,3.533712e+00,3.300000e+00,4.725076e-01
3.306000e-02,3.065113e+00,3.300000e+00,-4.655337e-01
3.307000e-02,3.533338e+00,3.300000e+00,4.717579e-01
3.308000e-02,3.065488e+00,3.300000e+00,-4.647845e-01
3.309000e-02,3.532964e+00,3.300000e+00,4.710093e-01
3.310000e-02,3.065862e+00,3.300000e+00,-4.640366e-01
3.311000e-02,3.532591e+00,3.300000e+00,4.702619e-01
3.312000e-02,3.066235e+00,3.300000e+00,-4.632898e-01
3.313000e-02,3.532219e+00,3.300000e+00,4.695158e-01
3.314000e-02,3.066608e+00,3.300000e+00,-4.625442e-01
3.315000e-02,3.531847e+00,3.300000e+00,4.687708e-01
3.316000e-02,3.066980e+00,3.300000e+00,-4.617998e-01
3.317000e-02,3.531475e+00,3.300000e+00,4.680270e-01
3.318000e-02,3.067351e+00,3.300000e+00,-4.610567e-01
3.319000e-02,3.531105e+00,3.300000e+00,4.672844e-01
3.320000e-02,3.067722e+00,3.300000e+00,-4.603146e-01
3.321000e-02,3.530735e+00,3.300000e+00,4.665430e-01
3.322000e-02,3.068093e+00,3.300000e+00,-4.595738e-01
3.323000e-02,3.530365e+00,3.300000e+00,4.658028e-01
3.324000e-02,3.068462e+00,3.300000e+00,-4.588342e-01
3.325000e-02,3.529996e+00,3.300000e+00,4.650637e-01
3.326000e-02,3.068832e+00,3.300000e+00,-4.580957e-01
3.327000e-02,3.529628e+00,3.300000e+00,4.643259e-01
3.328000e-02,3.069200e+00,3.300000e+00,-4.573585e-01
3.329000e-02,3.529260e+00,3.300000e+00,4.635892e-01
3.330000e-02,3.069568e+00,3.300000e+00,-4.566224e-01
3.331000e-02,3.528893e+00,3.300000e+00,4.628537e-01
3.332000e-02,3.069936e+00,3.300000e+00,-4.558874e-01
3.333000e-02,3.528526e+00,3.300000e+00,4.621193e-01
3.334000e-02,3.070302e+00,3.300000e+00,-4.551537e-01
3.335000e-02,3.528160e+00,3.300000e+00,4.613862e-01
3.336000e-02,3.070669e+00,3.300000e+00,-4.544211e-01
3.337000e-02,3.527795e+00,3.300000e+00,4.606542e-01
3.338000e-02,3.071034e+00,3.300000e+00,-4.536897e-01
3.339000e-02,3.527430e+00,3.300000e+00,4.599234e-01
3.340000e-02,3.071399e+00,3.300000e+00,-4.529595e-01
3.341000e-02,3.527066e+00,3.300000e+00,4.591937e-01
3.342000e-02,3.071764e+00,3.300000e+00,-4.522304e-01
3.343000e-02,3.526702e+00,3.300000e+00,4.584652e-01
3.344000e-02,3.072128e+00,3.300000e+00,-4.515025e-01
3.345000e-02,3.526339e+00,3.300000e+00,4.577379e-01
3.346000e-02,3.072491e+00,3.300000e+00,-4.507758e-01
3.347000e-02,3.525977e+00,3.300000e+00,4.570118e-01
3.348000e-02,3.072854e+00,3.300000e+00,-4.500502e-01
3.349000e-02,3.525615e+00,3.300000e+00,4.562868e-01
3.350000e-02,3.073216e+00,3.300000e+00,-4.493258e-01
3.351000e-02,3.525254e+00,3.300000e+00,4.555629e-01
3.352000e-02,3.073577e+00,3.300000e+00,-4.486025e-01
3.353000e-02,3.524893e+00,3.300000e+00,4.548403e-01
3.354000e-02,3.073938e+00,3.300000e+00,-4.478804e-01
3.355000e-02,3.524533e+00,3.300000e+00,4.541187e-01
3.356000e-02,3.074299e+00,3.300000e+00,-4.471595e-01
3.357000e-02,3.524173e+00,3.300000e+00,4.533984e-01
3.358000e-02,3.074659e+00,3.300000e+00,-4.464397e-01
3.359000e-02,3.523814e+00,3.300000e+00,4.526791e-01
3.360000e-02,3.075018e+00,3.300000e+00,-4.457210e-01
3.361000e-02,3.523456e+00,3.300000e+00,4.519611e-01
3.362000e-02,3.075377e+00,3.300000e+00,-4.450035e-01
3.363000e-02,3.523098e+00,3.300000e+00,4.512441e-01
3.364000e-02,3.075735e+00,3.300000e+00,-4.442872e-01
3.365000e-02,3.522740e+00,3.300000e+00,4.505284e-01
3.366000e-02,3.076092e+00,3.300000e+00,-4.435720e-01
3.367000e-02,3.522384e+00,3.300000e+00,4.498137e-01
3.368000e-02,3.076449e+00,3.300000e+00,-4.428579e-01
3.369000e-02,3.522028e+00,3.300000e+00,4.491002e-01
3.370000e-02,3.076806e+00,3.300000e+00,-4.421450e-01
3.371000e-02,3.521672e+00,3.300000e+00,4.483879e-01
3.372000e-02,3.077162e+00,3.300000e+00,-4.414332e-01
3.373000e-02,3.521317e+00,3.300000e+00,4.476766e-01
3.374000e-02,3.077517e+00,3.300000e+00,-4.407225e-01
3.375000e-02,3.520962e+00,3.300000e+00,4.469666e-01
3.376000e-02,3.077872e+00,3.300000e+00,-4.400130e-01
3.377000e-02,3.520609e+00,3.300000e+00,4.462576e-01
3.378000e-02,3.078226e+00,3.300000e+00,-4.393046e-01
3.379000e-02,3.520255e+00,3.300000e+00,4.455498e-01
3.380000e-02,3.078579e+00,3.300000e+00,-4.385974e-01
3.381000e-02,3.519902e+00,3.300000e+00,4.448431e-01
3.382000e-02,3.078932e+00,3.300000e+00,-4.378913e-01
3.383000e-02,3.519550e+00,3.300000e+00,4.441376e-01
3.384000e-02,3.079285e+00,3.300000e+00,-4.371863e-01
3.385000e-02,3.519199e+00,3.300000e+00,4.434332e-01
3.386000e-02,3.079637e+00,3.300000e+00,-4.364824e-01
3.387000e-02,3.518848e+00,3.300000e+00,4.427299e-01
3.388000e-02,3.079988e+00,3.300000e+00,-4.357797e-01
3.389000e-02,3.518497e+00,3.300000e+00,4.420277e-01
3.390000e-02,3.080339e+00,3.300000e+00,-4.350781e-01
3.391000e-02,3.518147e+00,3.300000e+00,4.413266e-01
3.392000e-02,3.080689e+00,3.300000e+00,-4.343776e-01
3.393000e-02,3.517798e+00,3.300000e+00,4.406267e-01
3.394000e-02,3.081039e+00,3.300000e+00,-4.336782e-01
3.395000e-02,3.517449e+00,3.300000e+00,4.399279e-01
3.396000e-02,3.081388e+00,3.300000e+00,-4.329800e-01
3.397000e-02,3.517101e+00,3.300000e+00,4.392302e-01
3.398000e-02,3.081736e+00,3.300000e+00,-4.322828e-01
3.399000e-02,3.516753e+00,3.300000e+00,4.385336e-01
3.400000e-02,3.082084e+00,3.300000e+00,-4.315868e-01
3.401000e-02,3.516406e+00,3.300000e+00,4.378381e-01
3.402000e-02,3.082432e+00,3.300000e+00,-4.308919e-01
3.403000e-02,3.516059e+00,3.300000e+00,4.371438e-01
3.404000e-02,3.082778e+00,3.300000e+00,-4.301981e-01
3.405000e-02,3.515713e+00,3.300000e+00,4.364505e-01
3.406000e-02,3.083125e+00,3.300000e+00,-4.295054e-01
3.407000e-02,3.515368e+00,3.300000e+00,4.357584e-01
3.408000e-02,3.083470e+00,3.300000e+00,-4.288138e-01
3.409000e-02,3.515023e+00,3.300000e+00,4.350673e-01
3.410000e-02,3.083816e+00,3.300000e+00,-4.281233e-01
3.411000e-02,3.514678e+00,3.300000e+00,4.343774e-01
3.412000e-02,3.084160e+00,3.300000e+00,-4.274339e-01
3.413000e-02,3.514335e+00,3.300000e+00,4.336886e-01
3.414000e-02,3.084504e+00,3.300000e+00,-4.267456e-01
3.415000e-02,3.513991e+00,3.300000e+00,4.330008e-01
3.416000e-02,3.084848e+00,3.300000e+00,-4.260585e-01
3.417000e-02,3.513648e+00,3.300000e+00,4.323142e-01
3.418000e-02,3.085191e+00,3.300000e+00,-4.253724e-01
3.419000e-02,3.513306e+00,3.300000e+00,4.316287e-01
3.420000e-02,3.085533e+00,3.300000e+00,-4.246874e-01
3.421000e-02,3.512965e+00,3.300000e+00,4.309443e-01
3.422000e-02,3.085875e+00,3.300000e+00,-4.240035e-01
3.423000e-02,3.512624e+00,3.300000e+00,4.302609e-01
3.424000e-02,3.086217e+00,3.300000e+00,-4.233207e-01
3.425000e-02,3.512283e+00,3.300000e+00,4.295787e-01
3.426000e-02,3.086557e+00,3.300000e+00,-4.226390e-01
3.427000e-02,3.511943e+00,3.300000e+00,4.288975e-01
3.428000e-02,3.086898e+00,3.300000e+00,-4.219584e-01
3.429000e-02,3.511604e+00,3.300000e+00,4.282174e-01
3.430000e-02,3.087237e+00,3.300000e+00,-4.212789e-01
3.431000e-02,3.511265e+00,3.300000e+00,4.275384e-01
3.432000e-02,3.087577e+00,3.300000e+00,-4.206004e-01
3.433000e-02,3.510926e+00,3.300000e+00,4.268605e-01
3.434000e-02,3.087915e+00,3.300000e+00,-4.199231e-01
3.435000e-02,3.510588e+00,3.300000e+00,4.261837e-01
3.436000e-02,3.088253e+00,3.300000e+00,-4.192468e-01
3.437000e-02,3.510251e+00,3.300000e+00,4.255080e-01
3.438000e-02,3.088591e+00,3.300000e+00,-4.185716e-01
3.439000e-02,3.509914e+00,3.300000e+00,4.248333e-01
3.440000e-02,3.088928e+00,3.300000e+00,-4.178975e-01
3.441000e-02,3.509578e+00,3.300000e+00,4.241597e-01
3.442000e-02,3.089264e+00,3.300000e+00,-4.172244e-01
3.443000e-02,3.509242e+00,3.300000e+00,4.234872e-01
3.444000e-02,3.089600e+00,3.300000e+00,-4.165525e-01
3.445000e-02,3.508907e+00,3.300000e+00,4.228158e-01
3.446000e-02,3.089936e+00,3.300000e+00,-4.158816e-01
3.447000e-02,3.508573e+00,3.300000e+00,4.221455e-01
3.448000e-02,3.090271e+00,3.300000e+00,-4.152117e-01
3.449000e-02,3.508239e+00,3.300000e+00,4.214762e-01
3.450000e-02,3.090605e+00,3.300000e+00,-4.145430e-01
3.451000e-02,3.507905e+00,3.300000e+00,4.208080e-01
3.452000e-02,3.090939e+00,3.300000e+00,-4.138753e-01
3.453000e-02,3.507572e+00,3.300000e+00,4.201408e-01
3.454000e-02,3.091272e+00,3.300000e+00,-4.132087e-01
3.455000e-02,3.507240e+00,3.300000e+00,4.194747e-01
3.456000e-02,3.091605e+00,3.300000e+00,-4.125432e-01
3.457000e-02,3.506908e+00,3.300000e+00,4.188097e-01
3.458000e-02,3.091937e+00,3.300000e+00,-4.118787e-01
3.459000e-02,3.506576e+00,3.300000e+00,4.181458e-01
3.460000e-02,3.092269e+00,3.300000e+00,-4.112153e-01
3.461000e-02,3.506245e+00,3.300000e+00,4.174829e-01
3.462000e-02,3.092600e+00,3.300000e+00,-4.105529e-01
3.463000e-02,3.505915e+00,3.300000e+00,4.168210e-01
3.464000e-02,3.092930e+00,3.300000e+00,-4.098916e-01
3.465000e-02,3.505585e+00,3.300000e+00,4.161603e-01
3.466000e-02,3.093261e+00,3.300000e+00,-4.092313e-01
3.467000e-02,3.505256e+00,3.300000e+00,4.155006e-01
3.468000e-02,3.093590e+00,3.300000e+00,-4.085721e-01
3.469000e-02,3.504927e+00,3.300000e+00,4.148419e-01
3.470000e-02,3.093919e+00,3.300000e+00,-4.079140e-01
3.471000e-02,3.504599e+00,3.300000e+00,4.141843e-01
3.472000e-02,3.094248e+00,3.300000e+00,-4.072569e-01
3.473000e-02,3.504271e+00,3.300000e+00,4.135277e-01
3.474000e-02,3.094576e+00,3.300000e+00,-4.066009e-01
3.475000e-02,3.503944e+00,3.300000e+00,4.128722e-01
3.476000e-02,3.094903e+00,3.300000e+00,-4.059459e-01
3.477000e-02,3.503617e+00,3.300000e+00,4.122177e-01
3.478000e-02,3.095230e+00,3.300000e+00,-4.052919e-01
3.479000e-02,3.503291e+00,3.300000e+00,4.115643e-01
3.480000e-02,3.095556e+00,3.300000e+00,-4.046391e-01
3.481000e-02,3.502965e+00,3.300000e+00,4.109119e-01
3.482000e-02,3.095882e+00,3.300000e+00,-4.039872e-01
3.483000e-02,3.502640e+00,3.300000e+00,4.102606e-01
3.484000e-02,3.096208e+00,3.300000e+00,-4.033364e-01
3.485000e-02,3.502316e+00,3.300000e+00,4.096103e-01
3.486000e-02,3.096533e+00,3.300000e+00,-4.026866e-01
3.487000e-02,3.501992e+00,3.300000e+00,4.089611e-01
3.488000e-02,3.096857e+00,3.300000e+00,-4.020379e-01
3.489000e-02,3.501668e+00,3.300000e+00,4.083128e-01
3.490000e-02,3.097181e+00,3.300000e+00,-4.013902e-01
3.491000e-02,3.501345e+00,3.300000e+00,4.076657e-01
3.492000e-02,3.097504e+00,3.300000e+00,-4.007435e-01
3.493000e-02,3.501023e+00,3.300000e+00,4.070195e-01
3.494000e-02,3.097827e+00,3.300000e+00,-4.000979e-01
3.495000e-02,3.500701e+00,3.300000e+00,4.063744e-01
3.496000e-02,3.098149e+00,3.300000e+00,-3.994533e-01
3.497000e-02,3.500379e+00,3.300000e+00,4.057303e-01
3.498000e-02,3.098471e+00,3.300000e+00,-3.988097e-01
3.499000e-02,3.500058e+00,3.300000e+00,4.050873e-01
3.500000e-02,3.098792e+00,3.300000e+00,-3.981672e-01
3.501000e-02,3.499738e+00,3.300000e+00,4.044452e-01
3.502000e-02,3.099113e+00,3.300000e+00,-3.975257e-01
3.503000e-02,3.499418e+00,3.300000e+00,4.038042e-01
3.504000e-02,3.099433e+00,3.300000e+00,-3.968852e-01
3.505000e-02,3.499098e+00,3.300000e+00,4.031643e-01
3.506000e-02,3.099753e+00,3.300000e+00,-3.962457e-01
3.507000e-02,3.498779e+00,3.300000e+00,4.025253e-01
3.508000e-02,3.100072e+00,3.300000e+00,-3.956073e-01
3.509000e-02,3.498461e+00,3.300000e+00,4.018874e-01
3.510000e-02,3.100391e+00,3.300000e+00,-3.949699e-01
3.511000e-02,3.498143e+00,3.300000e+00,4.012505e-01
3.512000e-02,3.100709e+00,3.300000e+00,-3.943334e-01
3.513000e-02,3.497826e+00,3.300000e+00,4.006146e-01
3.514000e-02,3.101026e+00,3.300000e+00,-3.936981e-01
3.515000e-02,3.497509e+00,3.300000e+00,3.999797e-01
3.516000e-02,3.101344e+00,3.300000e+00,-3.930637e-01
3.517000e-02,3.497192e+00,3.300000e+00,3.993458e-01
3.518000e-02,3.101660e+00,3.300000e+00,-3.924303e-01
3.519000e-02,3.496876e+00,3.300000e+00,3.987130e-01
3.520000e-02,3.101976e+00,3.300000e+00,-3.917980e-01
3.521000e-02,3.496561e+00,3.300000e+00,3.980811e-01
3.522000e-02,3.102292e+00,3.300000e+00,-3.911666e-01
3.523000e-02,3.496246e+00,3.300000e+00,3.974503e-01
3.524000e-02,3.102607e+00,3.300000e+00,-3.905363e-01
3.525000e-02,3.495932e+00,3.300000e+00,3.968205e-01
3.526000e-02,3.102922e+00,3.300000e+00,-3.899070e-01
3.527000e-02,3.495618e+00,3.300000e+00,3.961917e-01
3.528000e-02,3.103236e+00,3.300000e+00,-3.892787e-01
3.529000e-02,3.495305e+00,3.300000e+00,3.955639e-01
3.530000e-02,3.103550e+00,3.300000e+00,-3.886514e-01
3.531000e-02,3.494992e+00,3.300000e+00,3.949371e-01
3.532000e-02,3.103863e+00,3.300000e+00,-3.880251e-01
3.533000e-02,3.494679e+00,3.300000e+00,3.943113e-01
3.534000e-02,3.104175e+00,3.300000e+00,-3.873998e-01
3.535000e-02,3.494367e+00,3.300000e+00,3.936864e-01
3.536000e-02,3.104488e+00,3.300000e+00,-3.867755e-01
3.537000e-02,3.494056e+00,3.300000e+00,3.930626e-01
3.538000e-02,3.104799e+00,3.300000e+00,-3.861521e-01
3.539000e-02,3.493745e+00,3.300000e+00,3.924398e-01
3.540000e-02,3.105110e+00,3.300000e+00,-3.855298e-01
3.541000e-02,3.493435e+00,3.300000e+00,3.918180e-01
3.542000e-02,3.105421e+00,3.300000e+00,-3.849085e-01
3.543000e-02,3.493125e+00,3.300000e+00,3.911972e-01
3.544000e-02,3.105731e+00,3.300000e+00,-3.842882e-01
3.545000e-02,3.492816e+00,3.300000e+00,3.905774e-01
3.546000e-02,3.106041e+00,3.300000e+00,-3.836689e-01
3.547000e-02,3.492507e+00,3.300000e+00,3.899585e-01
3.548000e-02,3.106350e+00,3.300000e+00,-3.830505e-01
3.549000e-02,3.492198e+00,3.300000e+00,3.893407e-01
3.550000e-02,3.106659e+00,3.300000e+00,-3.824332e-01
3.551000e-02,3.491890e+00,3.300000e+00,3.887238e-01
3.552000e-02,3.106967e+00,3.300000e+00,-3.818168e-01
3.553000e-02,3.491583e+00,3.300000e+00,3.881079e-01
3.554000e-02,3.107274e+00,3.300000e+00,-3.812014e-01
3.555000e-02,3.491276e+00,3.300000e+00,3.874930e-01
3.556000e-02,3.107582e+00,3.300000e+00,-3.805870e-01
3.557000e-02,3.490970e+00,3.300000e+00,3.868791e-01
3.558000e-02,3.107888e+00,3.300000e+00,-3.799736e-01
3.559000e-02,3.490664e+00,3.300000e+00,3.862662e-01
3.560000e-02,3.108194e+00,3.300000e+00,-3.793611e-01
3.561000e-02,3.490358e+00,3.300000e+00,3.856542e-01
3.562000e-02,3.108500e+00,3.300000e+00,-3.787497e-01
3.563000e-02,3.490053e+00,3.300000e+00,3.850433e-01
3.564000e-02,3.108805e+00,3.300000e+00,-3.781392e-01
3.565000e-02,3.489749e+00,3.300000e+00,3.844333e-01
3.566000e-02,3.109110e+00,3.300000e+00,-3.775297e-01
3.567000e-02,3.489445e+00,3.300000e+00,3.838242e-01
3.568000e-02,3.109414e+00,3.300000e+00,-3.769211e-01
3.569000e-02,3.489141e+00,3.300000e+00,3.832162e-01
3.570000e-02,3.109718e+00,3.300000e+00,-3.763136e-01
3.571000e-02,3.488838e+00,3.300000e+00,3.826091e-01
3.572000e-02,3.110021e+00,3.300000e+00,-3.757070e-01
3.573000e-02,3.488536e+00,3.300000e+00,3.820030e-01
3.574000e-02,3.110324e+00,3.300000e+00,-3.751014e-01
3.575000e-02,3.488234e+00,3.300000e+00,3.813979e-01
3.576000e-02,3.110627e+00,3.300000e+00,-3.744967e-01
3.577000e-02,3.487932e+00,3.300000e+00,3.807937e-01
3.578000e-02,3.110928e+00,3.300000e+00,-3.738930e-01
3.579000e-02,3.487631e+00,3.300000e+00,3.801905e-01
3.580000e-02,3.111230e+00,3.300000e+00,-3.732903e-01
3.581000e-02,3.487331e+00,3.300000e+00,3.795883e-01
3.582000e-02,3.111531e+00,3.300000e+00,-3.726885e-01
3.583000e-02,3.487031e+00,3.300000e+00,3.789870e-01
3.584000e-02,3.111831e+00,3.300000e+00,-3.720877e-01
3.585000e-02,3.486731e+00,3.300000e+00,3.783867e-01
3.586000e-02,3.112131e+00,3.300000e+00,-3.714879e-01
3.587000e-02,3.486432e+00,3.300000e+00,3.777873e-01
3.588000e-02,3.112430e+00,3.300000e+00,-3.708890e-01
3.589000e-02,3.486133e+00,3.300000e+00,3.771889e-01
3.590000e-02,3.112729e+00,3.300000e+00,-3.702911e-01
3.591000e-02,3.485835e+00,3.300000e+00,3.765914e-01
3.592000e-02,3.113028e+00,3.300000e+00,-3.696941e-01
3.593000e-02,3.485537e+00,3.300000e+00,3.759950e-01
3.594000e-02,3.113326e+00,3.300000e+00,-3.690981e-01
3.595000e-02,3.485240e+00,3.300000e+00,3.753994e-01
3.596000e-02,3.113623e+00,3.300000e+00,-3.685030e-01
3.597000e-02,3.484943e+00,3.300000e+00,3.748048e-01
3.598000e-02,3.113920e+00,3.300000e+00,-3.679089e-01
3.599000e-02,3.484647e+00,3.300000e+00,3.742112e-01
3.600000e-02,3.114217e+00,3.300000e+00,-3.673158e-01
3.601000e-02,3.484351e+00,3.300000e+00,3.736185e-01
3.602000e-02,3.114513e+00,3.300000e+00,-3.667235e-01
3.603000e-02,3.484056e+00,3.300000e+00,3.730268e-01
3.604000e-02,3.114809e+00,3.300000e+00,-3.661323e-01
3.605000e-02,3.483761e+00,3.300000e+00,3.724360e-01
3.606000e-02,3.115104e+00,3.300000e+00,-3.655420e-01
3.607000e-02,3.483466e+00,3.300000e+00,3.718461e-01
3.608000e-02,3.115398e+00,3.300000e+00,-3.649526e-01
3.609000e-02,3.483172e+00,3.300000e+00,3.712572e-01
3.610000e-02,3.115693e+00,3.300000e+00,-3.643641e-01
3.611000e-02,3.482879e+00,3.300000e+00,3.706692e-01
3.612000e-02,3.115986e+00,3.300000e+00,-3.637766e-01
3.613000e-02,3.482586e+00,3.300000e+00,3.700822e-01
3.614000e-02,3.116280e+00,3.300000e+00,-3.631901e-01
3.615000e-02,3.482294e+00,3.300000e+00,3.694961e-01
3.616000e-02,3.116572e+00,3.300000e+00,-3.626045e-01
3.617000e-02,3.482001e+00,3.300000e+00,3.689110e-01
3.618000e-02,3.116865e+00,3.300000e+00,-3.620198e-01
3.619000e-02,3.481710e+00,3.300000e+00,3.683268e-01
3.620000e-02,3.117157e+00,3.300000e+00,-3.614360e-01
3.621000e-02,3.481419e+00,3.300000e+00,3.677435e-01
3.622000e-02,3.117448e+00,3.300000e+00,-3.608532e-01
3.623000e-02,3.481128e+00,3.300000e+00,3.671611e-01
3.624000e-02,3.117739e+00,3.300000e+00,-3.602713e-01
3.625000e-02,3.480838e+00,3.300000e+00,3.665797e-01
3.626000e-02,3.118029e+00,3.300000e+00,-3.596904e-01
3.627000e-02,3.480548e+00,3.300000e+00,3.659992e-01
3.628000e-02,3.118320e+00,3.300000e+00,-3.591103e-01
3.629000e-02,3.480259e+00,3.300000e+00,3.654196e-01
3.630000e-02,3.118609e+00,3.300000e+00,-3.585312e-01
3.631000e-02,3.479970e+00,3.300000e+00,3.648410e-01
3.632000e-02,3.118898e+00,3.300000e+00,-3.579530e-01
3.633000e-02,3.479682e+00,3.300000e+00,3.642633e-01
3.634000e-02,3.119187e+00,3.300000e+00,-3.573758e-01
3.635000e-02,3.479394e+00,3.300000e+00,3.636865e-01
3.636000e-02,3.119475e+00,3.300000e+00,-3.567995e-01
3.637000e-02,3.479106e+00,3.300000e+00,3.631106e-01
3.638000e-02,3.119763e+00,3.300000e+00,-3.562240e-01
3.639000e-02,3.478819e+00,3.300000e+00,3.625357e-01
3.640000e-02,3.120050e+00,3.300000e+00,-3.556496e-01
3.641000e-02,3.478533e+00,3.300000e+00,3.619616e-01
3.642000e-02,3.120337e+00,3.300000e+00,-3.550760e-01
3.643000e-02,3.478247e+00,3.300000e+00,3.613885e-01
3.644000e-02,3.120623e+00,3.300000e+00,-3.545033e-01
3.645000e-02,3.477961e+00,3.300000e+00,3.608163e-01
3.646000e-02,3.120909e+00,3.300000e+00,-3.539316e-01
3.647000e-02,3.477676e+00,3.300000e+00,3.602450e-01
3.648000e-02,3.121194e+00,3.300000e+00,-3.533608e-01
3.649000e-02,3.477392e+00,3.300000e+00,3.596747e-01
3.650000e-02,3.121479e+00,3.300000e+00,-3.527908e-01
3.651000e-02,3.477107e+00,3.300000e+00,3.591052e-01
3.652000e-02,3.121764e+00,3.300000e+00,-3.522218e-01
3.653000e-02,3.476824e+00,3.300000e+00,3.585367e-01
3.654000e-02,3.122048e+00,3.300000e+00,-3.516537e-01
3.655000e-02,3.476540e+00,3.300000e+00,3.579690e-01
3.656000e-02,3.122331e+00,3.300000e+00,-3.510866e-01
3.657000e-02,3.476257e+00,3.300000e+00,3.574023e-01
3.658000e-02,3.122614e+00,3.300000e+00,-3.505203e-01
3.659000e-02,3.475975e+00,3.300000e+00,3.568365e-01
3.660000e-02,3.122897e+00,3.300000e+00,-3.499549e-01
3.661000e-02,3.475693e+00,3.300000e+00,3.562715e-01
3.662000e-02,3.123179e+00,3.300000e+00,-3.493904e-01
3.663000e-02,3.475412e+00,3.300000e+00,3.557075e-01
3.664000e-02,3.123461e+00,3.300000e+00,-3.488268e-01
3.665000e-02,3.475130e+00,3.300000e+00,3.551444e-01
3.666000e-02,3.123743e+00,3.300000e+00,-3.482642e-01
3.667000e-02,3.474850e+00,3.300000e+00,3.545822e-01
3.668000e-02,3.124023e+00,3.300000e+00,-3.477024e-01
3.669000e-02,3.474570e+00,3.300000e+00,3.540208e-01
3.670000e-02,3.124304e+00,3.300000e+00,-3.471415e-01
3.671000e-02,3.474290e+00,3.300000e+00,3.534604e-01
3.672000e-02,3.124584e+00,3.300000e+00,-3.465816e-01
3.673000e-02,3.474011e+00,3.300000e+00,3.529009e-01
3.674000e-02,3.124863e+00,3.300000e+00,-3.460225e-01
3.675000e-02,3.473732e+00,3.300000e+00,3.523423e-01
3.676000e-02,3.125142e+00,3.300000e+00,-3.454643e-01
3.677000e-02,3.473454e+00,3.300000e+00,3.517845e-01
3.678000e-02,3.125421e+00,3.300000e+00,-3.449070e-01
3.679000e-02,3.473176e+00,3.300000e+00,3.512277e-01
3.680000e-02,3.125699e+00,3.300000e+00,-3.443506e-01
3.681000e-02,3.472898e+00,3.300000e+00,3.506717e-01
3.682000e-02,3.125977e+00,3.300000e+00,-3.437951e-01
3.683000e-02,3.472621e+00,3.300000e+00,3.501166e-01
3.684000e-02,3.126254e+00,3.300000e+00,-3.432404e-01
3.685000e-02,3.472345e+00,3.300000e+00,3.495624e-01
3.686000e-02,3.126531e+00,3.300000e+00,-3.426867e-01
3.687000e-02,3.472068e+00,3.300000e+00,3.490091e-01
3.688000e-02,3.126808e+00,3.300000e+00,-3.421338e-01
3.689000e-02,3.471793e+00,3.300000e+00,3.484567e-01
3.690000e-02,3.127084e+00,3.300000e+00,-3.415818e-01
3.691000e-02,3.471517e+00,3.300000e+00,3.479052e-01
3.692000e-02,3.127359e+00,3.300000e+00,-3.410308e-01
3.693000e-02,3.471243e+00,3.300000e+00,3.473545e-01
3.694000e-02,3.127634e+00,3.300000e+00,-3.404805e-01
3.695000e-02,3.470968e+00,3.300000e+00,3.468048e-01
3.696000e-02,3.127909e+00,3.300000e+00,-3.399312e-01
3.697000e-02,3.470694e+00,3.300000e+00,3.462559e-01
3.698000e-02,3.128183e+00,3.300000e+00,-3.393828e-01
3.699000e-02,3.470421e+00,3.300000e+00,3.457078e-01
3.700000e-02,3.128457e+00,3.300000e+00,-3.388352e-01
3.701000e-02,3.470148e+00,3.300000e+00,3.451607e-01
3.702000e-02,3.128730e+00,3.300000e+00,-3.382885e-01
3.703000e-02,3.469875e+00,3.300000e+00,3.446144e-01
3.704000e-02,3.129003e+00,3.300000e+00,-3.377426e-01
3.705000e-02,3.469603e+00,3.300000e+00,3.440690e-01
3.706000e-02,3.129276e+00,3.300000e+00,-3.371977e-01
3.707000e-02,3.469331e+00,3.300000e+00,3.435245e-01
3.708000e-02,3.129548e+00,3.300000e+00,-3.366536e-01
3.709000e-02,3.469060e+00,3.300000e+00,3.429809e-01
3.710000e-02,3.129820e+00,3.300000e+00,-3.361104e-01
3.711000e-02,3.468789e+00,3.300000e+00,3.424381e-01
3.712000e-02,3.130091e+00,3.300000e+00,-3.355680e-01
3.713000e-02,3.468518e+00,3.300000e+00,3.418962e-01
3.714000e-02,3.130361e+00,3.300000e+00,-3.350265e-01
3.715000e-02,3.468248e+00,3.300000e+00,3.413551e-01
3.716000e-02,3.130632e+00,3.300000e+00,-3.344859e-01
3.717000e-02,3.467979e+00,3.300000e+00,3.408149e-01
3.718000e-02,3.130902e+00,3.300000e+00,-3.339462e-01
3.719000e-02,3.467710e+00,3.300000e+00,3.402756e-01
3.720000e-02,3.131171e+00,3.300000e+00,-3.334073e-01
3.721000e-02,3.467441e+00,3.300000e+00,3.397371e-01
3.722000e-02,3.131440e+00,3.300000e+00,-3.328692e-01
3.723000e-02,3.467173e+00,3.300000e+00,3.391995e-01
3.724000e-02,3.131709e+00,3.300000e+00,-3.323321e-01
3.725000e-02,3.466905e+00,3.300000e+00,3.386628e-01
3.726000e-02,3.131977e+00,3.300000e+00,-3.317958e-01
3.727000e-02,3.466637e+00,3.300000e+00,3.381269e-01
3.728000e-02,3.132245e+00,3.300000e+00,-3.312603e-01
3.729000e-02,3.466370e+00,3.300000e+00,3.375919e-01
3.730000e-02,3.132512e+00,3.300000e+00,-3.307257e-01
3.731000e-02,3.466104e+00,3.300000e+00,3.370577e-01
3.732000e-02,3.132779e+00,3.300000e+00,-3.301919e-01
3.733000e-02,3.465837e+00,3.300000e+00,3.365244e-01
3.734000e-02,3.133045e+00,3.300000e+00,-3.296591e-01
3.735000e-02,3.465572e+00,3.300000e+00,3.359919e-01
3.736000e-02,3.133311e+00,3.300000e+00,-3.291270e-01
3.737000e-02,3.465306e+00,3.300000e+00,3.354603e-01
3.738000e-02,3.133577e+00,3.300000e+00,-3.285958e-01
3.739000e-02,3.465041e+00,3.300000e+00,3.349295e-01
3.740000e-02,3.133842e+00,3.300000e+00,-3.280655e-01
3.741000e-02,3.464777e+00,3.300000e+00,3.343996e-01
3.742000e-02,3.134107e+00,3.300000e+00,-3.275360e-01
3.743000e-02,3.464513e+00,3.300000e+00,3.338706e-01
3.744000e-02,3.134371e+00,3.300000e+00,-3.270073e-01
3.745000e-02,3.464249e+00,3.300000e+00,3.333423e-01
3.746000e-02,3.134635e+00,3.300000e+00,-3.264795e-01
3.747000e-02,3.463986e+00,3.300000e+00,3.328149e-01
3.748000e-02,3.134899e+00,3.300000e+00,-3.259526e-01
3.749000e-02,3.463723e+00,3.300000e+00,3.322884e-01
3.750000e-02,3.135162e+00,3.300000e+00,-3.254264e-01
3.751000e-02,3.463461e+00,3.300000e+00,3.317627e-01
3.752000e-02,3.135424e+00,3.300000e+00,-3.249012e-01
3.753000e-02,3.463199e+00,3.300000e+00,3.312378e-01
3.754000e-02,3.135687e+00,3.300000e+00,-3.243767e-01
3.755000e-02,3.462937e+00,3.300000e+00,3.307138e-01
3.756000e-02,3.135948e+00,3.300000e+00,-3.238531e-01
3.757000e-02,3.462676e+00,3.300000e+00,3.301906e-01
3.758000e-02,3.136210e+00,3.300000e+00,-3.233304e-01
3.759000e-02,3.462416e+00,3.300000e+00,3.296683e-01
3.760000e-02,3.136471e+00,3.300000e+00,-3.228084e-01
3.761000e-02,3.462155e+00,3.300000e+00,3.291468e-01
3.762000e-02,3.136731e+00,3.300000e+00,-3.222873e-01
3.763000e-02,3.461896e+00,3.300000e+00,3.286261e-01
3.764000e-02,3.136991e+00,3.300000e+00,-3.217671e-01
3.765000e-02,3.461636e+00,3.300000e+00,3.281063e-01
3.766000e-02,3.137251e+00,3.300000e+00,-3.212476e-01
3.767000e-02,3.461377e+00,3.300000e+00,3.275872e-01
3.768000e-02,3.137511e+00,3.300000e+00,-3.207290e-01
3.769000e-02,3.461118e+00,3.300000e+00,3.270691e-01
3.770000e-02,3.137769e+00,3.300000e+00,-3.202113e-01
3.771000e-02,3.460860e+00,3.300000e+00,3.265517e-01
3.772000e-02,3.138028e+00,3.300000e+00,-3.196943e-01
3.773000e-02,3.460602e+00,3.300000e+00,3.260352e-01
3.774000e-02,3.138286e+00,3.300000e+00,-3.191782e-01
3.775000e-02,3.460345e+00,3.300000e+00,3.255195e-01
3.776000e-02,3.138544e+00,3.300000e+00,-3.186629e-01
3.777000e-02,3.460088e+00,3.300000e+00,3.250046e-01
3.778000e-02,3.138801e+00,3.300000e+00,-3.181484e-01
3.779000e-02,3.459832e+00,3.300000e+00,3.244905e-01
3.780000e-02,3.139058e+00,3.300000e+00,-3.176348e-01
3.781000e-02,3.459575e+00,3.300000e+00,3.239773e-01
3.782000e-02,3.139314e+00,3.300000e+00,-3.171220e-01
3.783000e-02,3.459320e+00,3.300000e+00,3.234649e-01
3.784000e-02,3.139570e+00,3.300000e+00,-3.166100e-01
3.785000e-02,3.459064e+00,3.300000e+00,3.229533e-01
3.786000e-02,3.139826e+00,3.300000e+00,-3.160988e-01
3.787000e-02,3.458809e+00,3.300000e+00,3.224425e-01
3.788000e-02,3.140081e+00,3.300000e+00,-3.155884e-01
3.789000e-02,3.458555e+00,3.300000e+00,3.219325e-01
3.790000e-02,3.140336e+00,3.300000e+00,-3.150788e-01
3.791000e-02,3.458301e+00,3.300000e+00,3.214234e-01
3.792000e-02,3.140590e+00,3.300000e+00,-3.145701e-01
3.793000e-02,3.458047e+00,3.300000e+00,3.209150e-01
3.794000e-02,3.140844e+00,3.300000e+00,-3.140622e-01
3.795000e-02,3.457794e+00,3.300000e+00,3.204075e-01
3.796000e-02,3.141098e+00,3.300000e+00,-3.135550e-01
3.797000e-02,3.457541e+00,3.300000e+00,3.199008e-01
3.798000e-02,3.141351e+00,3.300000e+00,-3.130487e-01
3.799000e-02,3.457289e+00,3.300000e+00,3.193949e-01
3.800000e-02,3.141604e+00,3.300000e+00,-3.125432e-01
3.801000e-02,3.457036e+00,3.300000e+00,3.188898e-01
3.802000e-02,3.141856e+00,3.300000e+00,-3.120385e-01
3.803000e-02,3.456785e+00,3.300000e+00,3.183855e-01
3.804000e-02,3.142108e+00,3.300000e+00,-3.115346e-01
3.805000e-02,3.456534e+00,3.300000e+00,3.178820e-01
3.806000e-02,3.142360e+00,3.300000e+00,-3.110316e-01
3.807000e-02,3.456283e+00,3.300000e+00,3.173793e-01
3.808000e-02,3.142611e+00,3.300000e+00,-3.105293e-01
3.809000e-02,3.456032e+00,3.300000e+00,3.168775e-01
3.810000e-02,3.142861e+00,3.300000e+00,-3.100278e-01
3.811000e-02,3.455782e+00,3.300000e+00,3.163764e-01
3.812000e-02,3.143112e+00,3.300000e+00,-3.095271e-01
3.813000e-02,3.455532e+00,3.300000e+00,3.158761e-01
3.814000e-02,3.143362e+00,3.300000e+00,-3.090273e-01
3.815000e-02,3.455283e+00,3.300000e+00,3.153766e-01
3.816000e-02,3.143611e+00,3.300000e+00,-3.085282e-01
3.817000e-02,3.455034e+00,3.300000e+00,3.148780e-01
3.818000e-02,3.143861e+00,3.300000e+00,-3.080299e-01
3.819000e-02,3.454786e+00,3.300000e+00,3.143801e-01
3.820000e-02,3.144109e+00,3.300000e+00,-3.075324e-01
3.821000e-02,3.454538e+00,3.300000e+00,3.138830e-01
3.822000e-02,3.144358e+00,3.300000e+00,-3.070358e-01
3.823000e-02,3.454290e+00,3.300000e+00,3.133867e-01
3.824000e-02,3.144606e+00,3.300000e+00,-3.065399e-01
3.825000e-02,3.454043e+00,3.300000e+00,3.128912e-01
3.826000e-02,3.144853e+00,3.300000e+00,-3.060448e-01
3.827000e-02,3.453796e+00,3.300000e+00,3.123965e-01
3.828000e-02,3.145100e+00,3.300000e+00,-3.055505e-01
3.829000e-02,3.453549e+00,3.300000e+00,3.119026e-01
3.830000e-02,3.145347e+00,3.300000e+00,-3.050569e-01
3.831000e-02,3.453303e+00,3.300000e+00,3.114095e-01
3.832000e-02,3.145594e+00,3.300000e+00,-3.045642e-01
3.833000e-02,3.453058e+00,3.300000e+00,3.109172e-01
3.834000e-02,3.145840e+00,3.300000e+00,-3.040723e-01
3.835000e-02,3.452812e+00,3.300000e+00,3.104256e-01
3.836000e-02,3.146085e+00,3.300000e+00,-3.035811e-01
3.837000e-02,3.452567e+00,3.300000e+00,3.099348e-01
3.838000e-02,3.146330e+00,3.300000e+00,-3.030907e-01
3.839000e-02,3.452323e+00,3.300000e+00,3.094449e-01
3.840000e-02,3.146575e+00,3.300000e+00,-3.026011e-01
3.841000e-02,3.452079e+00,3.300000e+00,3.089557e-01
3.842000e-02,3.146820e+00,3.300000e+00,-3.021123e-01
3.843000e-02,3.451835e+00,3.300000e+00,3.084672e-01
3.844000e-02,3.147064e+00,3.300000e+00,-3.016243e-01
3.845000e-02,3.451592e+00,3.300000e+00,3.079796e-01
3.846000e-02,3.147307e+00,3.300000e+00,-3.011371e-01
3.847000e-02,3.451349e+00,3.300000e+00,3.074928e-01
3.848000e-02,3.147551e+00,3.300000e+00,-3.006506e-01
3.849000e-02,3.451106e+00,3.300000e+00,3.070067e-01
3.850000e-02,3.147793e+00,3.300000e+00,-3.001649e-01
3.851000e-02,3.450864e+00,3.300000e+00,3.065214e-01
3.852000e-02,3.148036e+00,3.300000e+00,-2.996800e-01
3.853000e-02,3.450622e+00,3.300000e+00,3.060369e-01
3.854000e-02,3.148278e+00,3.300000e+00,-2.991959e-01
3.855000e-02,3.450381e+00,3.300000e+00,3.055531e-01
3.856000e-02,3.148520e+00,3.300000e+00,-2.987125e-01
3.857000e-02,3.450140e+00,3.300000e+00,3.050701e-01
3.858000e-02,3.148761e+00,3.300000e+00,-2.982299e-01
3.859000e-02,3.449899e+00,3.300000e+00,3.045879e-01
3.860000e-02,3.149002e+00,3.300000e+00,-2.977481e-01
3.861000e-02,3.449659e+00,3.300000e+00,3.041065e-01
3.862000e-02,3.149243e+00,3.300000e+00,-2.972670e-01
3.863000e-02,3.449419e+00,3.300000e+00,3.036258e-01
3.864000e-02,3.149483e+00,3.300000e+00,-2.967868e-01
3.865000e-02,3.449179e+00,3.300000e+00,3.031459e-01
3.866000e-02,3.149722e+00,3.300000e+00,-2.963072e-01
3.867000e-02,3.448940e+00,3.300000e+00,3.026668e-01
3.868000e-02,3.149962e+00,3.300000e+00,-2.958285e-01
3.869000e-02,3.448702e+00,3.300000e+00,3.021884e-01
3.870000e-02,3.150201e+00,3.300000e+00,-2.953505e-01
3.871000e-02,3.448463e+00,3.300000e+00,3.017108e-01
3.872000e-02,3.150440e+00,3.300000e+00,-2.948733e-01
3.873000e-02,3.448225e+00,3.300000e+00,3.012340e-01
3.874000e-02,3.150678e+00,3.300000e+00,-2.943968e-01
3.875000e-02,3.447988e+00,3.300000e+00,3.007579e-01
3.876000e-02,3.150916e+00,3.300000e+00,-2.939211e-01
3.877000e-02,3.447751e+00,3.300000e+00,3.002826e-01
3.878000e-02,3.151153e+00,3.300000e+00,-2.934462e-01
3.879000e-02,3.447514e+00,3.300000e+00,2.998080e-01
3.880000e-02,3.151390e+00,3.300000e+00,-2.929720e-01
3.881000e-02,3.447277e+00,3.300000e+00,2.993342e-01
3.882000e-02,3.151627e+00,3.300000e+00,-2.924986e-01
3.883000e-02,3.447041e+00,3.300000e+00,2.988612e-01
3.884000e-02,3.151863e+00,3.300000e+00,-2.920259e-01
3.885000e-02,3.446805e+00,3.300000e+00,2.983889e-01
3.886000e-02,3.152099e+00,3.300000e+00,-2.915540e-01
3.887000e-02,3.446570e+00,3.300000e+00,2.979174e-01
3.888000e-02,3.152335e+00,3.300000e+00,-2.910829e-01
3.889000e-02,3.446335e+00,3.300000e+00,2.974466e-01
3.890000e-02,3.152570e+00,3.300000e+00,-2.906125e-01
3.891000e-02,3.446101e+00,3.300000e+00,2.969766e-01
3.892000e-02,3.152805e+00,3.300000e+00,-2.901428e-01
3.893000e-02,3.445867e+00,3.300000e+00,2.965073e-01
3.894000e-02,3.153040e+00,3.300000e+00,-2.896739e-01
3.895000e-02,3.445633e+00,3.300000e+00,2.960388e-01
3.896000e-02,3.153274e+00,3.300000e+00,-2.892058e-01
3.897000e-02,3.445399e+00,3.300000e+00,2.955710e-01
3.898000e-02,3.153507e+00,3.300000e+00,-2.887384e-01
3.899000e-02,3.445166e+00,3.300000e+00,2.951040e-01
3.900000e-02,3.153741e+00,3.300000e+00,-2.882717e-01
3.901000e-02,3.444934e+00,3.300000e+00,2.946377e-01
3.902000e-02,3.153974e+00,3.300000e+00,-2.878058e-01
3.903000e-02,3.444701e+00,3.300000e+00,2.941722e-01
3.904000e-02,3.154206e+00,3.300000e+00,-2.873407e-01
3.905000e-02,3.444469e+00,3.300000e+00,2.937074e-01
3.906000e-02,3.154439e+00,3.300000e+00,-2.868762e-01
3.907000e-02,3.444238e+00,3.300000e+00,2.932433e-01
3.908000e-02,3.154670e+00,3.300000e+00,-2.864126e-01
3.909000e-02,3.444006e+00,3.300000e+00,2.927800e-01
3.910000e-02,3.154902e+00,3.300000e+00,-2.859496e-01
3.911000e-02,3.443776e+00,3.300000e+00,2.923175e-01
3.912000e-02,3.155133e+00,3.300000e+00,-2.854874e-01
3.913000e-02,3.443545e+00,3.300000e+00,2.918556e-01
3.914000e-02,3.155364e+00,3.300000e+00,-2.850260e-01
3.915000e-02,3.443315e+00,3.300000e+00,2.913945e-01
3.916000e-02,3.155594e+00,3.300000e+00,-2.845652e-01
3.917000e-02,3.443085e+00,3.300000e+00,2.909342e-01
3.918000e-02,3.155824e+00,3.300000e+00,-2.841053e-01
3.919000e-02,3.442856e+00,3.300000e+00,2.904746e-01
3.920000e-02,3.156054e+00,3.300000e+00,-2.836460e-01
3.921000e-02,3.442627e+00,3.300000e+00,2.900157e-01
3.922000e-02,3.156283e+00,3.300000e+00,-2.831875e-01
3.923000e-02,3.442398e+00,3.300000e+00,2.895575e-01
3.924000e-02,3.156512e+00,3.300000e+00,-2.827297e-01
3.925000e-02,3.442170e+00,3.300000e+00,2.891001e-01
3.926000e-02,3.156741e+00,3.300000e+00,-2.822726e-01
3.927000e-02,3.441942e+00,3.300000e+00,2.886434e-01
3.928000e-02,3.156969e+00,3.300000e+00,-2.818163e-01
3.929000e-02,3.441715e+00,3.300000e+00,2.881875e-01
3.930000e-02,3.157197e+00,3.300000e+00,-2.813607e-01
3.931000e-02,3.441487e+00,3.300000e+00,2.877322e-01
3.932000e-02,3.157424e+00,3.300000e+00,-2.809059e-01
3.933000e-02,3.441261e+00,3.300000e+00,2.872777e-01
3.934000e-02,3.157651e+00,3.300000e+00,-2.804517e-01
3.935000e-02,3.441034e+00,3.300000e+00,2.868240e-01
3.936000e-02,3.157878e+00,3.300000e+00,-2.799983e-01
3.937000e-02,3.440808e+00,3.300000e+00,2.863709e-01
3.938000e-02,3.158104e+00,3.300000e+00,-2.795456e-01
3.939000e-02,3.440582e+00,3.300000e+00,2.859186e-01
3.940000e-02,3.158330e+00,3.300000e+00,-2.790937e-01
3.941000e-02,3.440357e+00,3.300000e+00,2.854670e-01
3.942000e-02,3.158556e+00,3.300000e+00,-2.786424e-01
3.943000e-02,3.440132e+00,3.300000e+00,2.850161e-01
3.944000e-02,3.158781e+00,3.300000e+00,-2.781919e-01
3.945000e-02,3.439907e+00,3.300000e+00,2.845659e-01
3.946000e-02,3.159006e+00,3.300000e+00,-2.777421e-01
3.947000e-02,3.439683e+00,3.300000e+00,2.841165e-01
3.948000e-02,3.159231e+00,3.300000e+00,-2.772930e-01
3.949000e-02,3.439459e+00,3.300000e+00,2.836678e-01
3.950000e-02,3.159455e+00,3.300000e+00,-2.768446e-01
3.951000e-02,3.439236e+00,3.300000e+00,2.832198e-01
3.952000e-02,3.159679e+00,3.300000e+00,-2.763970e-01
3.953000e-02,3.439012e+00,3.300000e+00,2.827725e-01
3.954000e-02,3.159903e+00,3.300000e+00,-2.759501e-01
3.955000e-02,3.438790e+00,3.300000e+00,2.823259e-01
3.956000e-02,3.160126e+00,3.300000e+00,-2.755038e-01
3.957000e-02,3.438567e+00,3.300000e+00,2.818800e-01
3.958000e-02,3.160348e+00,3.300000e+00,-2.750583e-01
3.959000e-02,3.438345e+00,3.300000e+00,2.814349e-01
3.960000e-02,3.160571e+00,3.300000e+00,-2.746135e-01
3.961000e-02,3.438123e+00,3.300000e+00,2.809905e-01
3.962000e-02,3.160793e+00,3.300000e+00,-2.741695e-01
3.963000e-02,3.437902e+00,3.300000e+00,2.805467e-01
3.964000e-02,3.161015e+00,3.300000e+00,-2.737261e-01
3.965000e-02,3.437681e+00,3.300000e+00,2.801037e-01
3.966000e-02,3.161236e+00,3.300000e+00,-2.732834e-01
3.967000e-02,3.437460e+00,3.300000e+00,2.796614e-01
3.968000e-02,3.161457e+00,3.300000e+00,-2.728415e-01
3.969000e-02,3.437240e+00,3.300000e+00,2.792198e-01
3.970000e-02,3.161678e+00,3.300000e+00,-2.724002e-01
3.971000e-02,3.437020e+00,3.300000e+00,2.787789e-01
3.972000e-02,3.161898e+00,3.300000e+00,-2.719597e-01
3.973000e-02,3.436800e+00,3.300000e+00,2.783387e-01
3.974000e-02,3.162118e+00,3.300000e+00,-2.715198e-01
3.975000e-02,3.436581e+00,3.300000e+00,2.778992e-01
3.976000e-02,3.162338e+00,3.300000e+00,-2.710807e-01
3.977000e-02,3.436362e+00,3.300000e+00,2.774604e-01
3.978000e-02,3.162557e+00,3.300000e+00,-2.706422e-01
3.979000e-02,3.436143e+00,3.300000e+00,2.770223e-01
3.980000e-02,3.162776e+00,3.300000e+00,-2.702045e-01
3.981000e-02,3.435925e+00,3.300000e+00,2.765849e-01
3.982000e-02,3.162994e+00,3.300000e+00,-2.697675e-01
3.983000e-02,3.435707e+00,3.300000e+00,2.761483e-01
3.984000e-02,3.163213e+00,3.300000e+00,-2.693311e-01
3.985000e-02,3.435489e+00,3.300000e+00,2.757123e-01
3.986000e-02,3.163430e+00,3.300000e+00,-2.688955e-01
3.987000e-02,3.435272e+00,3.300000e+00,2.752770e-01
3.988000e-02,3.163648e+00,3.300000e+00,-2.684605e-01
3.989000e-02,3.435055e+00,3.300000e+00,2.748424e-01
3.990000e-02,3.163865e+00,3.300000e+00,-2.680263e-01
3.991000e-02,3.434839e+00,3.300000e+00,2.744085e-01
3.992000e-02,3.164082e+00,3.300000e+00,-2.675927e-01
3.993000e-02,3.434623e+00,3.300000e+00,2.739753e-01
3.994000e-02,3.164298e+00,3.300000e+00,-2.671599e-01
3.995000e-02,3.434407e+00,3.300000e+00,2.735427e-01
3.996000e-02,3.164515e+00,3.300000e+00,-2.667277e-01
3.997000e-02,3.434191e+00,3.300000e+00,2.731109e-01
3.998000e-02,3.164730e+00,3.300000e+00,-2.662962e-01
3.999000e-02,3.433976e+00,3.300000e+00,2.726798e-01
4.000000e-02,3.164946e+00,3.300000e+00,-2.658654e-01
4.001000e-02,3.433761e+00,3.300000e+00,2.722493e-01
4.002000e-02,3.165161e+00,3.300000e+00,-2.654353e-01
4.003000e-02,3.433547e+00,3.300000e+00,2.718196e-01
4.004000e-02,3.165376e+00,3.300000e+00,-2.650059e-01
4.005000e-02,3.433333e+00,3.300000e+00,2.713905e-01
4.006000e-02,3.165590e+00,3.300000e+00,-2.645772e-01
4.007000e-02,3.433119e+00,3.300000e+00,2.709621e-01
4.008000e-02,3.165804e+00,3.300000e+00,-2.641491e-01
4.009000e-02,3.432906e+00,3.300000e+00,2.705344e-01
4.010000e-02,3.166018e+00,3.300000e+00,-2.637217e-01
4.011000e-02,3.432693e+00,3.300000e+00,2.701074e-01
4.012000e-02,3.166231e+00,3.300000e+00,-2.632951e-01
4.013000e-02,3.432480e+00,3.300000e+00,2.696810e-01
4.014000e-02,3.166444e+00,3.300000e+00,-2.628691e-01
4.015000e-02,3.432267e+00,3.300000e+00,2.692554e-01
4.016000e-02,3.166657e+00,3.300000e+00,-2.624438e-01
4.017000e-02,3.432055e+00,3.300000e+00,2.688304e-01
4.018000e-02,3.166869e+00,3.300000e+00,-2.620191e-01
4.019000e-02,3.431844e+00,3.300000e+00,2.684061e-01
4.020000e-02,3.167081e+00,3.300000e+00,-2.615952e-01
4.021000e-02,3.431632e+00,3.300000e+00,2.679825e-01
4.022000e-02,3.167293e+00,3.300000e+00,-2.611719e-01
4.023000e-02,3.431421e+00,3.300000e+00,2.675595e-01
4.024000e-02,3.167504e+00,3.300000e+00,-2.607493e-01
4.025000e-02,3.431210e+00,3.300000e+00,2.671373e-01
4.026000e-02,3.167715e+00,3.300000e+00,-2.603273e-01
4.027000e-02,3.431000e+00,3.300000e+00,2.667157e-01
4.028000e-02,3.167926e+00,3.300000e+00,-2.599061e-01
4.029000e-02,3.430790e+00,3.300000e+00,2.662948e-01
4.030000e-02,3.168136e+00,3.300000e+00,-2.594855e-01
4.031000e-02,3.430580e+00,3.300000e+00,2.658745e-01
4.032000e-02,3.168346e+00,3.300000e+00,-2.590656e-01
4.033000e-02,3.430371e+00,3.300000e+00,2.654549e-01
4.034000e-02,3.168556e+00,3.300000e+00,-2.586464e-01
4.035000e-02,3.430162e+00,3.300000e+00,2.650360e-01
4.036000e-02,3.168765e+00,3.300000e+00,-2.582278e-01
4.037000e-02,3.429953e+00,3.300000e+00,2.646178e-01
4.038000e-02,3.168974e+00,3.300000e+00,-2.578099e-01
4.039000e-02,3.429745e+00,3.300000e+00,2.642002e-01
4.040000e-02,3.169183e+00,3.300000e+00,-2.573927e-01
4.041000e-02,3.429537e+00,3.300000e+00,2.637833e-01
4.042000e-02,3.169391e+00,3.300000e+00,-2.569761e-01
4.043000e-02,3.429329e+00,3.300000e+00,2.633671e-01
4.044000e-02,3.169599e+00,3.300000e+00,-2.565602e-01
4.045000e-02,3.429122e+00,3.300000e+00,2.629515e-01
4.046000e-02,3.169807e+00,3.300000e+00,-2.561450e-01
4.047000e-02,3.428915e+00,3.300000e+00,2.625366e-01
4.048000e-02,3.170014e+00,3.300000e+00,-2.557304e-01
4.049000e-02,3.428708e+00,3.300000e+00,2.621224e-01
4.050000e-02,3.170221e+00,3.300000e+00,-2.553165e-01
4.051000e-02,3.428502e+00,3.300000e+00,2.617088e-01
4.052000e-02,3.170428e+00,3.300000e+00,-2.549032e-01
4.053000e-02,3.428296e+00,3.300000e+00,2.612959e-01
4.054000e-02,3.170634e+00,3.300000e+00,-2.544906e-01
4.055000e-02,3.428090e+00,3.300000e+00,2.608836e-01
4.056000e-02,3.170840e+00,3.300000e+00,-2.540787e-01
4.057000e-02,3.427885e+00,3.300000e+00,2.604720e-01
4.058000e-02,3.171046e+00,3.300000e+00,-2.536674e-01
4.059000e-02,3.427680e+00,3.300000e+00,2.600611e-01
4.060000e-02,3.171251e+00,3.300000e+00,-2.532568e-01
4.061000e-02,3.427475e+00,3.300000e+00,2.596508e-01
4.062000e-02,3.171457e+00,3.300000e+00,-2.528469e-01
4.063000e-02,3.427270e+00,3.300000e+00,2.592412e-01
4.064000e-02,3.171661e+00,3.300000e+00,-2.524376e-01
4.065000e-02,3.427066e+00,3.300000e+00,2.588322e-01
4.066000e-02,3.171866e+00,3.300000e+00,-2.520289e-01
4.067000e-02,3.426863e+00,3.300000e+00,2.584239e-01
4.068000e-02,3.172070e+00,3.300000e+00,-2.516209e-01
4.069000e-02,3.426659e+00,3.300000e+00,2.580162e-01
4.070000e-02,3.172273e+00,3.300000e+00,-2.512136e-01
4.071000e-02,3.426456e+00,3.300000e+00,2.576092e-01
4.072000e-02,3.172477e+00,3.300000e+00,-2.508069e-01
4.073000e-02,3.426253e+00,3.300000e+00,2.572028e-01
4.074000e-02,3.172680e+00,3.300000e+00,-2.504008e-01
4.075000e-02,3.426051e+00,3.300000e+00,2.567971e-01
4.076000e-02,3.172883e+00,3.300000e+00,-2.499954e-01
4.077000e-02,3.425849e+00,3.300000e+00,2.563921e-01
4.078000e-02,3.173085e+00,3.300000e+00,-2.495907e-01
4.079000e-02,3.425647e+00,3.300000e+00,2.559876e-01
4.080000e-02,3.173287e+00,3.300000e+00,-2.491866e-01
4.081000e-02,3.425446e+00,3.300000e+00,2.555839e-01
4.082000e-02,3.173489e+00,3.300000e+00,-2.487831e-01
4.083000e-02,3.425244e+00,3.300000e+00,2.551807e-01
4.084000e-02,3.173690e+00,3.300000e+00,-2.483803e-01
4.085000e-02,3.425044e+00,3.300000e+00,2.547782e-01
4.086000e-02,3.173891e+00,3.300000e+00,-2.479782e-01
4.087000e-02,3.424843e+00,3.300000e+00,2.543764e-01
4.088000e-02,3.174092e+00,3.300000e+00,-2.475766e-01
4.089000e-02,3.424643e+00,3.300000e+00,2.539752e-01
4.090000e-02,3.174293e+00,3.300000e+00,-2.471758e-01
4.091000e-02,3.424443e+00,3.300000e+00,2.535746e-01
4.092000e-02,3.174493e+00,3.300000e+00,-2.467755e-01
4.093000e-02,3.424243e+00,3.300000e+00,2.531747e-01
4.094000e-02,3.174693e+00,3.300000e+00,-2.463759e-01
4.095000e-02,3.424044e+00,3.300000e+00,2.527754e-01
4.096000e-02,3.174892e+00,3.300000e+00,-2.459770e-01
4.097000e-02,3.423845e+00,3.300000e+00,2.523768e-01
4.098000e-02,3.175092e+00,3.300000e+00,-2.455786e-01
4.099000e-02,3.423647e+00,3.300000e+00,2.519788e-01
4.100000e-02,3.175290e+00,3.300000e+00,-2.451810e-01
4.101000e-02,3.423448e+00,3.300000e+00,2.515814e-01
4.102000e-02,3.175489e+00,3.300000e+00,-2.447839e-01
4.103000e-02,3.423250e+00,3.300000e+00,2.511847e-01
4.104000e-02,3.175687e+00,3.300000e+00,-2.443875e-01
4.105000e-02,3.423053e+00,3.300000e+00,2.507886e-01
4.106000e-02,3.175885e+00,3.300000e+00,-2.439917e-01
4.107000e-02,3.422855e+00,3.300000e+00,2.503931e-01
4.108000e-02,3.176083e+00,3.300000e+00,-2.435965e-01
4.109000e-02,3.422658e+00,3.300000e+00,2.499983e-01
4.110000e-02,3.176280e+00,3.300000e+00,-2.432020e-01
4.111000e-02,3.422462e+00,3.300000e+00,2.496041e-01
4.112000e-02,3.176477e+00,3.300000e+00,-2.428081e-01
4.113000e-02,3.422265e+00,3.300000e+00,2.492105e-01
4.114000e-02,3.176674e+00,3.300000e+00,-2.424149e-01
4.115000e-02,3.422069e+00,3.300000e+00,2.488175e-01
4.116000e-02,3.176870e+00,3.300000e+00,-2.420222e-01
4.117000e-02,3.421874e+00,3.300000e+00,2.484252e-01
4.118000e-02,3.177066e+00,3.300000e+00,-2.416302e-01
4.119000e-02,3.421678e+00,3.300000e+00,2.480335e-01
4.120000e-02,3.177262e+00,3.300000e+00,-2.412389e-01
4.121000e-02,3.421483e+00,3.300000e+00,2.476425e-01
4.122000e-02,3.177457e+00,3.300000e+00,-2.408481e-01
4.123000e-02,3.421288e+00,3.300000e+00,2.472520e-01
4.124000e-02,3.177653e+00,3.300000e+00,-2.404580e-01
4.125000e-02,3.421094e+00,3.300000e+00,2.468622e-01
4.126000e-02,3.177847e+00,3.300000e+00,-2.400685e-01
4.127000e-02,3.420900e+00,3.300000e+00,2.464730e-01
4.128000e-02,3.178042e+00,3.300000e+00,-2.396796e-01
4.129000e-02,3.420706e+00,3.300000e+00,2.460844e-01
4.130000e-02,3.178236e+00,3.300000e+00,-2.392913e-01
4.131000e-02,3.420512e+00,3.300000e+00,2.456965e-01
4.132000e-02,3.178430e+00,3.300000e+00,-2.389037e-01
4.133000e-02,3.420319e+00,3.300000e+00,2.453092e-01
4.134000e-02,3.178624e+00,3.300000e+00,-2.385167e-01
4.135000e-02,3.420126e+00,3.300000e+00,2.449225e-01
4.136000e-02,3.178817e+00,3.300000e+00,-2.381303e-01
4.137000e-02,3.419933e+00,3.300000e+00,2.445364e-01
4.138000e-02,3.179010e+00,3.300000e+00,-2.377445e-01
4.139000e-02,3.419741e+00,3.300000e+00,2.441509e-01
4.140000e-02,3.179202e+00,3.300000e+00,-2.373593e-01
4.141000e-02,3.419549e+00,3.300000e+00,2.437660e-01
4.142000e-02,3.179395e+00,3.300000e+00,-2.369747e-01
4.143000e-02,3.419357e+00,3.300000e+00,2.433818e-01
4.144000e-02,3.179587e+00,3.300000e+00,-2.365908e-01
4.145000e-02,3.419166e+00,3.300000e+00,2.429981e-01
4.146000e-02,3.179778e+00,3.300000e+00,-2.362075e-01
4.147000e-02,3.418975e+00,3.300000e+00,2.426151e-01
4.148000e-02,3.179970e+00,3.300000e+00,-2.358248e-01
4.149000e-02,3.418784e+00,3.300000e+00,2.422327e-01
4.150000e-02,3.180161e+00,3.300000e+00,-2.354427e-01
4.151000e-02,3.418593e+00,3.300000e+00,2.418509e-01
4.152000e-02,3.180352e+00,3.300000e+00,-2.350612e-01
4.153000e-02,3.418403e+00,3.300000e+00,2.414697e-01
4.154000e-02,3.180542e+00,3.300000e+00,-2.346803e-01
4.155000e-02,3.418213e+00,3.300000e+00,2.410892e-01
4.156000e-02,3.180732e+00,3.300000e+00,-2.343000e-01
4.157000e-02,3.418024e+00,3.300000e+00,2.407092e-01
4.158000e-02,3.180922e+00,3.300000e+00,-2.339203e-01
4.159000e-02,3.417834e+00,3.300000e+00,2.403298e-01
4.160000e-02,3.181112e+00,3.300000e+00,-2.335413e-01
4.161000e-02,3.417645e+00,3.300000e+00,2.399511e-01
4.162000e-02,3.181301e+00,3.300000e+00,-2.331628e-01
4.163000e-02,3.417457e+00,3.300000e+00,2.395729e-01
4.164000e-02,3.181490e+00,3.300000e+00,-2.327850e-01
4.165000e-02,3.417268e+00,3.300000e+00,2.391954e-01
4.166000e-02,3.181679e+00,3.300000e+00,-2.324077e-01
4.167000e-02,3.417080e+00,3.300000e+00,2.388184e-01
4.168000e-02,3.181867e+00,3.300000e+00,-2.320311e-01
4.169000e-02,3.416892e+00,3.300000e+00,2.384421e-01
4.170000e-02,3.182055e+00,3.300000e+00,-2.316551e-01
4.171000e-02,3.416705e+00,3.300000e+00,2.380663e-01
4.172000e-02,3.182243e+00,3.300000e+00,-2.312796e-01
4.173000e-02,3.416518e+00,3.300000e+00,2.376912e-01
4.174000e-02,3.182431e+00,3.300000e+00,-2.309048e-01
4.175000e-02,3.416331e+00,3.300000e+00,2.373167e-01
4.176000e-02,3.182618e+00,3.300000e+00,-2.305305e-01
4.177000e-02,3.416144e+00,3.300000e+00,2.369427e-01
4.178000e-02,3.182805e+00,3.300000e+00,-2.301569e-01
4.179000e-02,3.415958e+00,3.300000e+00,2.365694e-01
4.180000e-02,3.182991e+00,3.300000e+00,-2.297838e-01
4.181000e-02,3.415772e+00,3.300000e+00,2.361966e-01
4.182000e-02,3.183178e+00,3.300000e+00,-2.294114e-01
4.183000e-02,3.415586e+00,3.300000e+00,2.358245e-01
4.184000e-02,3.183364e+00,3.300000e+00,-2.290395e-01
4.185000e-02,3.415401e+00,3.300000e+00,2.354529e-01
4.186000e-02,3.183549e+00,3.300000e+00,-2.286683e-01
4.187000e-02,3.415216e+00,3.300000e+00,2.350820e-01
4.188000e-02,3.183735e+00,3.300000e+00,-2.282976e-01
4.189000e-02,3.415031e+00,3.300000e+00,2.347116e-01
4.190000e-02,3.183920e+00,3.300000e+00,-2.279275e-01
4.191000e-02,3.414847e+00,3.300000e+00,2.343418e-01
4.192000e-02,3.184105e+00,3.300000e+00,-2.275581e-01
4.193000e-02,3.414663e+00,3.300000e+00,2.339726e-01
4.194000e-02,3.184289e+00,3.300000e+00,-2.271892e-01
4.195000e-02,3.414479e+00,3.300000e+00,2.336040e-01
4.196000e-02,3.184473e+00,3.300000e+00,-2.268209e-01
4.197000e-02,3.414295e+00,3.300000e+00,2.332360e-01
4.198000e-02,3.184657e+00,3.300000e+00,-2.264532e-01
4.199000e-02,3.414112e+00,3.300000e+00,2.328686e-01
4.200000e-02,3.184841e+00,3.300000e+00,-2.260860e-01
4.201000e-02,3.413929e+00,3.300000e+00,2.325018e-01
4.202000e-02,3.185024e+00,3.300000e+00,-2.257195e-01
4.203000e-02,3.413746e+00,3.300000e+00,2.321355e-01
4.204000e-02,3.185207e+00,3.300000e+00,-2.253535e-01
4.205000e-02,3.413563e+00,3.300000e+00,2.317699e-01
4.206000e-02,3.185390e+00,3.300000e+00,-2.249882e-01
4.207000e-02,3.413381e+00,3.300000e+00,2.314048e-01
4.208000e-02,3.185572e+00,3.300000e+00,-2.246234e-01
4.209000e-02,3.413199e+00,3.300000e+00,2.310403e-01
4.210000e-02,3.185755e+00,3.300000e+00,-2.242592e-01
4.211000e-02,3.413018e+00,3.300000e+00,2.306764e-01
4.212000e-02,3.185936e+00,3.300000e+00,-2.238955e-01
4.213000e-02,3.412837e+00,3.300000e+00,2.303130e-01
4.214000e-02,3.186118e+00,3.300000e+00,-2.235325e-01
4.215000e-02,3.412656e+00,3.300000e+00,2.299503e-01
4.216000e-02,3.186299e+00,3.300000e+00,-2.231700e-01
4.217000e-02,3.412475e+00,3.300000e+00,2.295881e-01
4.218000e-02,3.186480e+00,3.300000e+00,-2.228082e-01
4.219000e-02,3.412295e+00,3.300000e+00,2.292265e-01
4.220000e-02,3.186661e+00,3.300000e+00,-2.224469e-01
4.221000e-02,3.412114e+00,3.300000e+00,2.288655e-01
4.222000e-02,3.186841e+00,3.300000e+00,-2.220861e-01
4.223000e-02,3.411935e+00,3.300000e+00,2.285051e-01
4.224000e-02,3.187022e+00,3.300000e+00,-2.217260e-01
4.225000e-02,3.411755e+00,3.300000e+00,2.281452e-01
4.226000e-02,3.187201e+00,3.300000e+00,-2.213664e-01
4.227000e-02,3.411576e+00,3.300000e+00,2.277859e-01
4.228000e-02,3.187381e+00,3.300000e+00,-2.210074e-01
4.229000e-02,3.411397e+00,3.300000e+00,2.274272e-01
4.230000e-02,3.187560e+00,3.300000e+00,-2.206490e-01
4.231000e-02,3.411218e+00,3.300000e+00,2.270691e-01
4.232000e-02,3.187739e+00,3.300000e+00,-2.202911e-01
4.233000e-02,3.411040e+00,3.300000e+00,2.267115e-01
4.234000e-02,3.187918e+00,3.300000e+00,-2.199339e-01
4.235000e-02,3.410862e+00,3.300000e+00,2.263545e-01
4.236000e-02,3.188096e+00,3.300000e+00,-2.195771e-01
4.237000e-02,3.410684e+00,3.300000e+00,2.259981e-01
4.238000e-02,3.188275e+00,3.300000e+00,-2.192210e-01
4.239000e-02,3.410506e+00,3.300000e+00,2.256422e-01
4.240000e-02,3.188452e+00,3.300000e+00,-2.188654e-01
4.241000e-02,3.410329e+00,3.300000e+00,2.252870e-01
4.242000e-02,3.188630e+00,3.300000e+00,-2.185104e-01
4.243000e-02,3.410152e+00,3.300000e+00,2.249322e-01
4.244000e-02,3.188807e+00,3.300000e+00,-2.181560e-01
4.245000e-02,3.409975e+00,3.300000e+00,2.245781e-01
4.246000e-02,3.188984e+00,3.300000e+00,-2.178021e-01
4.247000e-02,3.409799e+00,3.300000e+00,2.242245e-01
4.248000e-02,3.189161e+00,3.300000e+00,-2.174488e-01
4.249000e-02,3.409623e+00,3.300000e+00,2.238715e-01
4.250000e-02,3.189337e+00,3.300000e+00,-2.170961e-01
4.251000e-02,3.409447e+00,3.300000e+00,2.235190e-01
4.252000e-02,3.189514e+00,3.300000e+00,-2.167439e-01
4.253000e-02,3.409271e+00,3.300000e+00,2.231671e-01
4.254000e-02,3.189689e+00,3.300000e+00,-2.163923e-01
4.255000e-02,3.409096e+00,3.300000e+00,2.228158e-01
4.256000e-02,3.189865e+00,3.300000e+00,-2.160412e-01
4.257000e-02,3.408921e+00,3.300000e+00,2.224650e-01
4.258000e-02,3.190040e+00,3.300000e+00,-2.156908e-01
4.259000e-02,3.408746e+00,3.300000e+00,2.221148e-01
4.260000e-02,3.190215e+00,3.300000e+00,-2.153408e-01
4.261000e-02,3.408572e+00,3.300000e+00,2.217652e-01
4.262000e-02,3.190390e+00,3.300000e+00,-2.149915e-01
4.263000e-02,3.408398e+00,3.300000e+00,2.214161e-01
4.264000e-02,3.190565e+00,3.300000e+00,-2.146426e-01
4.265000e-02,3.408224e+00,3.300000e+00,2.210675e-01
4.266000e-02,3.190739e+00,3.300000e+00,-2.142944e-01
4.267000e-02,3.408050e+00,3.300000e+00,2.207196e-01
4.268000e-02,3.190913e+00,3.300000e+00,-2.139467e-01
4.269000e-02,3.407877e+00,3.300000e+00,2.203722e-01
4.270000e-02,3.191086e+00,3.300000e+00,-2.135995e-01
4.271000e-02,3.407704e+00,3.300000e+00,2.200253e-01
4.272000e-02,3.191260e+00,3.300000e+00,-2.132530e-01
4.273000e-02,3.407531e+00,3.300000e+00,2.196790e-01
4.274000e-02,3.191433e+00,3.300000e+00,-2.129069e-01
4.275000e-02,3.407359e+00,3.300000e+00,2.193332e-01
4.276000e-02,3.191606e+00,3.300000e+00,-2.125614e-01
4.277000e-02,3.407186e+00,3.300000e+00,2.189880e-01
4.278000e-02,3.191778e+00,3.300000e+00,-2.122165e-01
4.279000e-02,3.407014e+00,3.300000e+00,2.186434e-01
4.280000e-02,3.191950e+00,3.300000e+00,-2.118721e-01
4.281000e-02,3.406843e+00,3.300000e+00,2.182993e-01
4.282000e-02,3.192122e+00,3.300000e+00,-2.115283e-01
4.283000e-02,3.406671e+00,3.300000e+00,2.179557e-01
4.284000e-02,3.192294e+00,3.300000e+00,-2.111850e-01
4.285000e-02,3.406500e+00,3.300000e+00,2.176127e-01
4.286000e-02,3.192466e+00,3.300000e+00,-2.108423e-01
4.287000e-02,3.406329e+00,3.300000e+00,2.172702e-01
4.288000e-02,3.192637e+00,3.300000e+00,-2.105001e-01
4.289000e-02,3.406159e+00,3.300000e+00,2.169283e-01
4.290000e-02,3.192808e+00,3.300000e+00,-2.101585e-01
4.291000e-02,3.405989e+00,3.300000e+00,2.165870e-01
4.292000e-02,3.192978e+00,3.300000e+00,-2.098174e-01
4.293000e-02,3.405819e+00,3.300000e+00,2.162462e-01
4.294000e-02,3.193149e+00,3.300000e+00,-2.094769e-01
4.295000e-02,3.405649e+00,3.300000e+00,2.159059e-01
4.296000e-02,3.193319e+00,3.300000e+00,-2.091369e-01
4.297000e-02,3.405479e+00,3.300000e+00,2.155662e-01
4.298000e-02,3.193488e+00,3.300000e+00,-2.087974e-01
4.299000e-02,3.405310e+00,3.300000e+00,2.152270e-01
4.300000e-02,3.193658e+00,3.300000e+00,-2.084585e-01
4.301000e-02,3.405141e+00,3.300000e+00,2.148883e-01
4.302000e-02,3.193827e+00,3.300000e+00,-2.081201e-01
4.303000e-02,3.404972e+00,3.300000e+00,2.145502e-01
4.304000e-02,3.193996e+00,3.300000e+00,-2.077823e-01
4.305000e-02,3.404804e+00,3.300000e+00,2.142127e-01
4.306000e-02,3.194165e+00,3.300000e+00,-2.074450e-01
4.307000e-02,3.404636e+00,3.300000e+00,2.138756e-01
4.308000e-02,3.194333e+00,3.300000e+00,-2.071082e-01
4.309000e-02,3.404468e+00,3.300000e+00,2.135392e-01
4.310000e-02,3.194502e+00,3.300000e+00,-2.067720e-01
4.311000e-02,3.404300e+00,3.300000e+00,2.132032e-01
4.312000e-02,3.194669e+00,3.300000e+00,-2.064363e-01
4.313000e-02,3.404133e+00,3.300000e+00,2.128678e-01
4.314000e-02,3.194837e+00,3.300000e+00,-2.061012e-01
4.315000e-02,3.403966e+00,3.300000e+00,2.125329e-01
4.316000e-02,3.195004e+00,3.300000e+00,-2.057666e-01
4.317000e-02,3.403799e+00,3.300000e+00,2.121986e-01
4.318000e-02,3.195172e+00,3.300000e+00,-2.054325e-01
4.319000e-02,3.403633e+00,3.300000e+00,2.118648e-01
4.320000e-02,3.195338e+00,3.300000e+00,-2.050990e-01
4.321000e-02,3.403466e+00,3.300000e+00,2.115315e-01
4.322000e-02,3.195505e+00,3.300000e+00,-2.047660e-01
4.323000e-02,3.403300e+00,3.300000e+00,2.111988e-01
4.324000e-02,3.195671e+00,3.300000e+00,-2.044335e-01
4.325000e-02,3.403135e+00,3.300000e+00,2.108666e-01
4.326000e-02,3.195837e+00,3.300000e+00,-2.041016e-01
4.327000e-02,3.402969e+00,3.300000e+00,2.105349e-01
4.328000e-02,3.196003e+00,3.300000e+00,-2.037701e-01
4.329000e-02,3.402804e+00,3.300000e+00,2.102037e-01
4.330000e-02,3.196169e+00,3.300000e+00,-2.034393e-01
4.331000e-02,3.402639e+00,3.300000e+00,2.098731e-01
4.332000e-02,3.196334e+00,3.300000e+00,-2.031089e-01
4.333000e-02,3.402474e+00,3.300000e+00,2.095430e-01
4.334000e-02,3.196499e+00,3.300000e+00,-2.027791e-01
4.335000e-02,3.402310e+00,3.300000e+00,2.092135e-01
4.336000e-02,3.196664e+00,3.300000e+00,-2.024498e-01
4.337000e-02,3.402146e+00,3.300000e+00,2.088844e-01
4.338000e-02,3.196828e+00,3.300000e+00,-2.021210e-01
4.339000e-02,3.401982e+00,3.300000e+00,2.085559e-01
4.340000e-02,3.196992e+00,3.300000e+00,-2.017928e-01
4.341000e-02,3.401818e+00,3.300000e+00,2.082280e-01
4.342000e-02,3.197156e+00,3.300000e+00,-2.014650e-01
4.343000e-02,3.401655e+00,3.300000e+00,2.079005e-01
4.344000e-02,3.197320e+00,3.300000e+00,-2.011378e-01
4.345000e-02,3.401492e+00,3.300000e+00,2.075736e-01
4.346000e-02,3.197483e+00,3.300000e+00,-2.008112e-01
4.347000e-02,3.401329e+00,3.300000e+00,2.072471e-01
4.348000e-02,3.197646e+00,3.300000e+00,-2.004850e-01
4.349000e-02,3.401166e+00,3.300000e+00,2.069213e-01
4.350000e-02,3.197809e+00,3.300000e+00,-2.001594e-01
4.351000e-02,3.401004e+00,3.300000e+00,2.065959e-01
4.352000e-02,3.197972e+00,3.300000e+00,-1.998343e-01
4.353000e-02,3.400842e+00,3.300000e+00,2.062710e-01
4.354000e-02,3.198134e+00,3.300000e+00,-1.995097e-01
4.355000e-02,3.400680e+00,3.300000e+00,2.059467e-01
4.356000e-02,3.198296e+00,3.300000e+00,-1.991856e-01
4.357000e-02,3.400519e+00,3.300000e+00,2.056229e-01
4.358000e-02,3.198458e+00,3.300000e+00,-1.988621e-01
4.359000e-02,3.400357e+00,3.300000e+00,2.052996e-01
4.360000e-02,3.198620e+00,3.300000e+00,-1.985390e-01
4.361000e-02,3.400196e+00,3.300000e+00,2.049768e-01
4.362000e-02,3.198781e+00,3.300000e+00,-1.982165e-01
4.363000e-02,3.400036e+00,3.300000e+00,2.046545e-01
4.364000e-02,3.198942e+00,3.300000e+00,-1.978945e-01
4.365000e-02,3.399875e+00,3.300000e+00,2.043328e-01
4.366000e-02,3.199103e+00,3.300000e+00,-1.975730e-01
4.367000e-02,3.399715e+00,3.300000e+00,2.040116e-01
4.368000e-02,3.199264e+00,3.300000e+00,-1.972520e-01
4.369000e-02,3.399555e+00,3.300000e+00,2.036908e-01
4.370000e-02,3.199424e+00,3.300000e+00,-1.969315e-01
4.371000e-02,3.399395e+00,3.300000e+00,2.033706e-01
4.372000e-02,3.199584e+00,3.300000e+00,-1.966116e-01
4.373000e-02,3.399236e+00,3.300000e+00,2.030509e-01
4.374000e-02,3.199744e+00,3.300000e+00,-1.962922e-01
4.375000e-02,3.399076e+00,3.300000e+00,2.027317e-01
4.376000e-02,3.199903e+00,3.300000e+00,-1.959732e-01
4.377000e-02,3.398918e+00,3.300000e+00,2.024131e-01
4.378000e-02,3.200063e+00,3.300000e+00,-1.956548e-01
4.379000e-02,3.398759e+00,3.300000e+00,2.020949e-01
4.380000e-02,3.200222e+00,3.300000e+00,-1.953369e-01
4.381000e-02,3.398600e+00,3.300000e+00,2.017772e-01
4.382000e-02,3.200380e+00,3.300000e+00,-1.950195e-01
4.383000e-02,3.398442e+00,3.300000e+00,2.014601e-01
4.384000e-02,3.200539e+00,3.300000e+00,-1.947026e-01
4.385000e-02,3.398284e+00,3.300000e+00,2.011434e-01
4.386000e-02,3.200697e+00,3.300000e+00,-1.943862e-01
4.387000e-02,3.398126e+00,3.300000e+00,2.008273e-01
4.388000e-02,3.200855e+00,3.300000e+00,-1.940703e-01
4.389000e-02,3.397969e+00,3.300000e+00,2.005117e-01
4.390000e-02,3.201013e+00,3.300000e+00,-1.937549e-01
4.391000e-02,3.397812e+00,3.300000e+00,2.001965e-01
4.392000e-02,3.201171e+00,3.300000e+00,-1.934400e-01
4.393000e-02,3.397655e+00,3.300000e+00,1.998819e-01
4.394000e-02,3.201328e+00,3.300000e+00,-1.931257e-01
4.395000e-02,3.397498e+00,3.300000e+00,1.995678e-01
4.396000e-02,3.201485e+00,3.300000e+00,-1.928118e-01
4.397000e-02,3.397342e+00,3.300000e+00,1.992542e-01
4.398000e-02,3.201642e+00,3.300000e+00,-1.924984e-01
4.399000e-02,3.397185e+00,3.300000e+00,1.989410e-01
4.400000e-02,3.201798e+00,3.300000e+00,-1.921856e-01
4.401000e-02,3.397030e+00,3.300000e+00,1.986284e-01
4.402000e-02,3.201954e+00,3.300000e+00,-1.918732e-01
4.403000e-02,3.396874e+00,3.300000e+00,1.983163e-01
4.404000e-02,3.202110e+00,3.300000e+00,-1.915613e-01
4.405000e-02,3.396718e+00,3.300000e+00,1.980047e-01
4.406000e-02,3.202266e+00,3.300000e+00,-1.912499e-01
4.407000e-02,3.396563e+00,3.300000e+00,1.976936e-01
4.408000e-02,3.202422e+00,3.300000e+00,-1.909391e-01
4.409000e-02,3.396408e+00,3.300000e+00,1.973829e-01
4.410000e-02,3.202577e+00,3.300000e+00,-1.906287e-01
4.411000e-02,3.396254e+00,3.300000e+00,1.970728e-01
4.412000e-02,3.202732e+00,3.300000e+00,-1.903188e-01
4.413000e-02,3.396099e+00,3.300000e+00,1.967632e-01
4.414000e-02,3.202887e+00,3.300000e+00,-1.900094e-01
4.415000e-02,3.395945e+00,3.300000e+00,1.964540e-01
4.416000e-02,3.203041e+00,3.300000e+00,-1.897005e-01
4.417000e-02,3.395791e+00,3.300000e+00,1.961454e-01
4.418000e-02,3.203196e+00,3.300000e+00,-1.893921e-01
4.419000e-02,3.395637e+00,3.300000e+00,1.958372e-01
4.420000e-02,3.203350e+00,3.300000e+00,-1.890842e-01
4.421000e-02,3.395484e+00,3.300000e+00,1.955296e-01
4.422000e-02,3.203503e+00,3.300000e+00,-1.887768e-01
4.423000e-02,3.395330e+00,3.300000e+00,1.952224e-01
4.424000e-02,3.203657e+00,3.300000e+00,-1.884699e-01
4.425000e-02,3.395177e+00,3.300000e+00,1.949157e-01
4.426000e-02,3.203810e+00,3.300000e+00,-1.881634e-01
4.427000e-02,3.395025e+00,3.300000e+00,1.946095e-01
4.428000e-02,3.203963e+00,3.300000e+00,-1.878575e-01
4.429000e-02,3.394872e+00,3.300000e+00,1.943038e-01
4.430000e-02,3.204116e+00,3.300000e+00,-1.875520e-01
4.431000e-02,3.394720e+00,3.300000e+00,1.939986e-01
4.432000e-02,3.204269e+00,3.300000e+00,-1.872471e-01
4.433000e-02,3.394568e+00,3.300000e+00,1.936939e-01
4.434000e-02,3.204421e+00,3.300000e+00,-1.869426e-01
4.435000e-02,3.394416e+00,3.300000e+00,1.933897e-01
4.436000e-02,3.204573e+00,3.300000e+00,-1.866386e-01
4.437000e-02,3.394265e+00,3.300000e+00,1.930859e-01
4.438000e-02,3.204725e+00,3.300000e+00,-1.863351e-01
4.439000e-02,3.394113e+00,3.300000e+00,1.927827e-01
4.440000e-02,3.204876e+00,3.300000e+00,-1.860321e-01
4.441000e-02,3.393962e+00,3.300000e+00,1.924799e-01
4.442000e-02,3.205028e+00,3.300000e+00,-1.857295e-01
4.443000e-02,3.393812e+00,3.300000e+00,1.921776e-01
4.444000e-02,3.205179e+00,3.300000e+00,-1.854275e-01
4.445000e-02,3.393661e+00,3.300000e+00,1.918758e-01
4.446000e-02,3.205330e+00,3.300000e+00,-1.851259e-01
4.447000e-02,3.393511e+00,3.300000e+00,1.915744e-01
4.448000e-02,3.205480e+00,3.300000e+00,-1.848248e-01
4.449000e-02,3.393361e+00,3.300000e+00,1.912736e-01
4.450000e-02,3.205631e+00,3.300000e+00,-1.845242e-01
4.451000e-02,3.393211e+00,3.300000e+00,1.909732e-01
4.452000e-02,3.205781e+00,3.300000e+00,-1.842241e-01
4.453000e-02,3.393061e+00,3.300000e+00,1.906733e-01
4.454000e-02,3.205931e+00,3.300000e+00,-1.839244e-01
4.455000e-02,3.392912e+00,3.300000e+00,1.903739e-01
4.456000e-02,3.206081e+00,3.300000e+00,-1.836253e-01
4.457000e-02,3.392763e+00,3.300000e+00,1.900750e-01
4.458000e-02,3.206230e+00,3.300000e+00,-1.833266e-01
4.459000e-02,3.392614e+00,3.300000e+00,1.897766e-01
4.460000e-02,3.206379e+00,3.300000e+00,-1.830284e-01
4.461000e-02,3.392465e+00,3.300000e+00,1.894786e-01
4.462000e-02,3.206528e+00,3.300000e+00,-1.827306e-01
4.463000e-02,3.392317e+00,3.300000e+00,1.891811e-01
4.464000e-02,3.206677e+00,3.300000e+00,-1.824334e-01
4.465000e-02,3.392169e+00,3.300000e+00,1.888841e-01
4.466000e-02,3.206825e+00,3.300000e+00,-1.821366e-01
4.467000e-02,3.392021e+00,3.300000e+00,1.885875e-01
4.468000e-02,3.206973e+00,3.300000e+00,-1.818403e-01
4.469000e-02,3.391873e+00,3.300000e+00,1.882914e-01
4.470000e-02,3.207121e+00,3.300000e+00,-1.815444e-01
4.471000e-02,3.391726e+00,3.300000e+00,1.879958e-01
4.472000e-02,3.207269e+00,3.300000e+00,-1.812491e-01
4.473000e-02,3.391578e+00,3.300000e+00,1.877007e-01
4.474000e-02,3.207417e+00,3.300000e+00,-1.809542e-01
4.475000e-02,3.391431e+00,3.300000e+00,1.874060e-01
4.476000e-02,3.207564e+00,3.300000e+00,-1.806597e-01
4.477000e-02,3.391285e+00,3.300000e+00,1.871118e-01
4.478000e-02,3.207711e+00,3.300000e+00,-1.803658e-01
4.479000e-02,3.391138e+00,3.300000e+00,1.868181e-01
4.480000e-02,3.207858e+00,3.300000e+00,-1.800723e-01
4.481000e-02,3.390992e+00,3.300000e+00,1.865249e-01
4.482000e-02,3.208005e+00,3.300000e+00,-1.797793e-01
4.483000e-02,3.390846e+00,3.300000e+00,1.862321e-01
4.484000e-02,3.208151e+00,3.300000e+00,-1.794867e-01
4.485000e-02,3.390700e+00,3.300000e+00,1.859398e-01
4.486000e-02,3.208297e+00,3.300000e+00,-1.791947e-01
4.487000e-02,3.390554e+00,3.300000e+00,1.856479e-01
4.488000e-02,3.208443e+00,3.300000e+00,-1.789031e-01
4.489000e-02,3.390409e+00,3.300000e+00,1.853566e-01
4.490000e-02,3.208589e+00,3.300000e+00,-1.786119e-01
4.491000e-02,3.390264e+00,3.300000e+00,1.850657e-01
4.492000e-02,3.208734e+00,3.300000e+00,-1.783212e-01
4.493000e-02,3.390119e+00,3.300000e+00,1.847752e-01
4.494000e-02,3.208879e+00,3.300000e+00,-1.780310e-01
4.495000e-02,3.389974e+00,3.300000e+00,1.844852e-01
4.496000e-02,3.209024e+00,3.300000e+00,-1.777413e-01
4.497000e-02,3.389830e+00,3.300000e+00,1.841957e-01
4.498000e-02,3.209169e+00,3.300000e+00,-1.774520e-01
4.499000e-02,3.389686e+00,3.300000e+00,1.839066e-01
4.500000e-02,3.209313e+00,3.300000e+00,-1.771631e-01
4.501000e-02,3.389542e+00,3.300000e+00,1.836180e-01
4.502000e-02,3.209458e+00,3.300000e+00,-1.768748e-01
4.503000e-02,3.389398e+00,3.300000e+00,1.833299e-01
4.504000e-02,3.209602e+00,3.300000e+00,-1.765869e-01
4.505000e-02,3.389255e+00,3.300000e+00,1.830422e-01
4.506000e-02,3.209746e+00,3.300000e+00,-1.762994e-01
4.507000e-02,3.389111e+00,3.300000e+00,1.827550e-01
4.508000e-02,3.209889e+00,3.300000e+00,-1.760124e-01
4.509000e-02,3.388968e+00,3.300000e+00,1.824683e-01
4.510000e-02,3.210032e+00,3.300000e+00,-1.757259e-01
4.511000e-02,3.388826e+00,3.300000e+00,1.821820e-01
4.512000e-02,3.210176e+00,3.300000e+00,-1.754399e-01
4.513000e-02,3.388683e+00,3.300000e+00,1.818961e-01
4.514000e-02,3.210318e+00,3.300000e+00,-1.751542e-01
4.515000e-02,3.388541e+00,3.300000e+00,1.816107e-01
4.516000e-02,3.210461e+00,3.300000e+00,-1.748691e-01
4.517000e-02,3.388399e+00,3.300000e+00,1.813258e-01
4.518000e-02,3.210604e+00,3.300000e+00,-1.745844e-01
4.519000e-02,3.388257e+00,3.300000e+00,1.810413e-01
4.520000e-02,3.210746e+00,3.300000e+00,-1.743001e-01
4.521000e-02,3.388115e+00,3.300000e+00,1.807573e-01
4.522000e-02,3.210888e+00,3.300000e+00,-1.740163e-01
4.523000e-02,3.387974e+00,3.300000e+00,1.804738e-01
4.524000e-02,3.211029e+00,3.300000e+00,-1.737330e-01
4.525000e-02,3.387832e+00,3.300000e+00,1.801907e-01
4.526000e-02,3.211171e+00,3.300000e+00,-1.734501e-01
4.527000e-02,3.387691e+00,3.300000e+00,1.799080e-01
4.528000e-02,3.211312e+00,3.300000e+00,-1.731677e-01
4.529000e-02,3.387551e+00,3.300000e+00,1.796258e-01
4.530000e-02,3.211453e+00,3.300000e+00,-1.728857e-01
4.531000e-02,3.387410e+00,3.300000e+00,1.793440e-01
4.532000e-02,3.211594e+00,3.300000e+00,-1.726042e-01
4.533000e-02,3.387270e+00,3.300000e+00,1.790627e-01
4.534000e-02,3.211735e+00,3.300000e+00,-1.723231e-01
4.535000e-02,3.387130e+00,3.300000e+00,1.787819e-01
4.536000e-02,3.211875e+00,3.300000e+00,-1.720425e-01
4.537000e-02,3.386990e+00,3.300000e+00,1.785015e-01
4.538000e-02,3.212015e+00,3.300000e+00,-1.717623e-01
4.539000e-02,3.386850e+00,3.300000e+00,1.782215e-01
4.540000e-02,3.212155e+00,3.300000e+00,-1.714826e-01
4.541000e-02,3.386711e+00,3.300000e+00,1.779420e-01
4.542000e-02,3.212295e+00,3.300000e+00,-1.712033e-01
4.543000e-02,3.386572e+00,3.300000e+00,1.776629e-01
4.544000e-02,3.212435e+00,3.300000e+00,-1.709244e-01
4.545000e-02,3.386433e+00,3.300000e+00,1.773843e-01
4.546000e-02,3.212574e+00,3.300000e+00,-1.706460e-01
4.547000e-02,3.386294e+00,3.300000e+00,1.771061e-01
4.548000e-02,3.212713e+00,3.300000e+00,-1.703681e-01
4.549000e-02,3.386155e+00,3.300000e+00,1.768284e-01
4.550000e-02,3.212852e+00,3.300000e+00,-1.700906e-01
4.551000e-02,3.386017e+00,3.300000e+00,1.765511e-01
4.552000e-02,3.212990e+00,3.300000e+00,-1.698135e-01
4.553000e-02,3.385879e+00,3.300000e+00,1.762743e-01
4.554000e-02,3.213129e+00,3.300000e+00,-1.695369e-01
4.555000e-02,3.385741e+00,3.300000e+00,1.759979e-01
4.556000e-02,3.213267e+00,3.300000e+00,-1.692607e-01
4.557000e-02,3.385603e+00,3.300000e+00,1.757219e-01
4.558000e-02,3.213405e+00,3.300000e+00,-1.689850e-01
4.559000e-02,3.385466e+00,3.300000e+00,1.754464e-01
4.560000e-02,3.213543e+00,3.300000e+00,-1.687097e-01
4.561000e-02,3.385329e+00,3.300000e+00,1.751713e-01
4.562000e-02,3.213680e+00,3.300000e+00,-1.684348e-01
4.563000e-02,3.385192e+00,3.300000e+00,1.748967e-01
4.564000e-02,3.213818e+00,3.300000e+00,-1.681604e-01
4.565000e-02,3.385055e+00,3.300000e+00,1.746225e-01
4.566000e-02,3.213955e+00,3.300000e+00,-1.678864e-01
4.567000e-02,3.384918e+00,3.300000e+00,1.743487e-01
4.568000e-02,3.214091e+00,3.300000e+00,-1.676129e-01
4.569000e-02,3.384782e+00,3.300000e+00,1.740754e-01
4.570000e-02,3.214228e+00,3.300000e+00,-1.673398e-01
4.571000e-02,3.384646e+00,3.300000e+00,1.738025e-01
4.572000e-02,3.214365e+00,3.300000e+00,-1.670671e-01
4.573000e-02,3.384510e+00,3.300000e+00,1.735301e-01
4.574000e-02,3.214501e+00,3.300000e+00,-1.667949e-01
4.575000e-02,3.384374e+00,3.300000e+00,1.732581e-01
4.576000e-02,3.214637e+00,3.300000e+00,-1.665231e-01
4.577000e-02,3.384239e+00,3.300000e+00,1.729865e-01
4.578000e-02,3.214773e+00,3.300000e+00,-1.662517e-01
4.579000e-02,3.384104e+00,3.300000e+00,1.727153e-01
4.580000e-02,3.214908e+00,3.300000e+00,-1.659808e-01
4.581000e-02,3.383969e+00,3.300000e+00,1.724446e-01
4.582000e-02,3.215043e+00,3.300000e+00,-1.657103e-01
4.583000e-02,3.383834e+00,3.300000e+00,1.721743e-01
4.584000e-02,3.215179e+00,3.300000e+00,-1.654402e-01
4.585000e-02,3.383699e+00,3.300000e+00,1.719045e-01
4.586000e-02,3.215313e+00,3.300000e+00,-1.651706e-01
4.587000e-02,3.383565e+00,3.300000e+00,1.716351e-01
4.588000e-02,3.215448e+00,3.300000e+00,-1.649014e-01
4.589000e-02,3.383431e+00,3.300000e+00,1.713661e-01
4.590000e-02,3.215583e+00,3.300000e+00,-1.646326e-01
4.591000e-02,3.383297e+00,3.300000e+00,1.710975e-01
4.592000e-02,3.215717e+00,3.300000e+00,-1.643643e-01
4.593000e-02,3.383163e+00,3.300000e+00,1.708294e-01
4.594000e-02,3.215851e+00,3.300000e+00,-1.640963e-01
4.595000e-02,3.383030e+00,3.300000e+00,1.705617e-01
4.596000e-02,3.215985e+00,3.300000e+00,-1.638289e-01
4.597000e-02,3.382896e+00,3.300000e+00,1.702944e-01
4.598000e-02,3.216118e+00,3.300000e+00,-1.635618e-01
4.599000e-02,3.382763e+00,3.300000e+00,1.700276e-01
4.600000e-02,3.216252e+00,3.300000e+00,-1.632952e-01
4.601000e-02,3.382630e+00,3.300000e+00,1.697612e-01
4.602000e-02,3.216385e+00,3.300000e+00,-1.630290e-01
4.603000e-02,3.382498e+00,3.300000e+00,1.694952e-01
4.604000e-02,3.216518e+00,3.300000e+00,-1.627632e-01
4.605000e-02,3.382365e+00,3.300000e+00,1.692296e-01
4.606000e-02,3.216651e+00,3.300000e+00,-1.624978e-01
4.607000e-02,3.382233e+00,3.300000e+00,1.689645e-01
4.608000e-02,3.216783e+00,3.300000e+00,-1.622329e-01
4.609000e-02,3.382101e+00,3.300000e+00,1.686997e-01
4.610000e-02,3.216916e+00,3.300000e+00,-1.619684e-01
4.611000e-02,3.381969e+00,3.300000e+00,1.684354e-01
4.612000e-02,3.217048e+00,3.300000e+00,-1.617043e-01
4.613000e-02,3.381837e+00,3.300000e+00,1.681716e-01
4.614000e-02,3.217180e+00,3.300000e+00,-1.614406e-01
4.615000e-02,3.381706e+00,3.300000e+00,1.679081e-01
4.616000e-02,3.217311e+00,3.300000e+00,-1.611774e-01
4.617000e-02,3.381575e+00,3.300000e+00,1.676451e-01
4.618000e-02,3.217443e+00,3.300000e+00,-1.609146e-01
4.619000e-02,3.381444e+00,3.300000e+00,1.673825e-01
4.620000e-02,3.217574e+00,3.300000e+00,-1.606522e-01
4.621000e-02,3.381313e+00,3.300000e+00,1.671203e-01
4.622000e-02,3.217705e+00,3.300000e+00,-1.603902e-01
4.623000e-02,3.381183e+00,3.300000e+00,1.668585e-01
4.624000e-02,3.217836e+00,3.300000e+00,-1.601286e-01
4.625000e-02,3.381052e+00,3.300000e+00,1.665972e-01
4.626000e-02,3.217967e+00,3.300000e+00,-1.598675e-01
4.627000e-02,3.380922e+00,3.300000e+00,1.663362e-01
4.628000e-02,3.218097e+00,3.300000e+00,-1.596067e-01
4.629000e-02,3.380792e+00,3.300000e+00,1.660757e-01
4.630000e-02,3.218227e+00,3.300000e+00,-1.593464e-01
4.631000e-02,3.380662e+00,3.300000e+00,1.658156e-01
4.632000e-02,3.218358e+00,3.300000e+00,-1.590865e-01
4.633000e-02,3.380533e+00,3.300000e+00,1.655559e-01
4.634000e-02,3.218487e+00,3.300000e+00,-1.588271e-01
4.635000e-02,3.380404e+00,3.300000e+00,1.652966e-01
4.636000e-02,3.218617e+00,3.300000e+00,-1.585680e-01
4.637000e-02,3.380274e+00,3.300000e+00,1.650378e-01
4.638000e-02,3.218746e+00,3.300000e+00,-1.583093e-01
4.639000e-02,3.380146e+00,3.300000e+00,1.647793e-01
4.640000e-02,3.218876e+00,3.300000e+00,-1.580511e-01
4.641000e-02,3.380017e+00,3.300000e+00,1.645213e-01
4.642000e-02,3.219005e+00,3.300000e+00,-1.577933e-01
4.643000e-02,3.379888e+00,3.300000e+00,1.642637e-01
4.644000e-02,3.219133e+00,3.300000e+00,-1.575359e-01
4.645000e-02,3.379760e+00,3.300000e+00,1.640065e-01
4.646000e-02,3.219262e+00,3.300000e+00,-1.572789e-01
4.647000e-02,3.379632e+00,3.300000e+00,1.637497e-01
4.648000e-02,3.219390e+00,3.300000e+00,-1.570223e-01
4.649000e-02,3.379504e+00,3.300000e+00,1.634933e-01
4.650000e-02,3.219519e+00,3.300000e+00,-1.567661e-01
4.651000e-02,3.379377e+00,3.300000e+00,1.632373e-01
4.652000e-02,3.219647e+00,3.300000e+00,-1.565103e-01
4.653000e-02,3.379249e+00,3.300000e+00,1.629817e-01
4.654000e-02,3.219774e+00,3.300000e+00,-1.562549e-01
4.655000e-02,3.379122e+00,3.300000e+00,1.627266e-01
4.656000e-02,3.219902e+00,3.300000e+00,-1.560000e-01
4.657000e-02,3.378995e+00,3.300000e+00,1.624718e-01
4.658000e-02,3.220029e+00,3.300000e+00,-1.557454e-01
4.659000e-02,3.378868e+00,3.300000e+00,1.622175e-01
4.660000e-02,3.220156e+00,3.300000e+00,-1.554913e-01
4.661000e-02,3.378741e+00,3.300000e+00,1.619636e-01
4.662000e-02,3.220283e+00,3.300000e+00,-1.552376e-01
4.663000e-02,3.378615e+00,3.300000e+00,1.617100e-01
4.664000e-02,3.220410e+00,3.300000e+00,-1.549842e-01
4.665000e-02,3.378489e+00,3.300000e+00,1.614569e-01
4.666000e-02,3.220537e+00,3.300000e+00,-1.547313e-01
4.667000e-02,3.378363e+00,3.300000e+00,1.612042e-01
4.668000e-02,3.220663e+00,3.300000e+00,-1.544788e-01
4.669000e-02,3.378237e+00,3.300000e+00,1.609519e-01
4.670000e-02,3.220789e+00,3.300000e+00,-1.542267e-01
4.671000e-02,3.378111e+00,3.300000e+00,1.606999e-01
4.672000e-02,3.220915e+00,3.300000e+00,-1.539750e-01
4.673000e-02,3.377986e+00,3.300000e+00,1.604484e-01
4.674000e-02,3.221041e+00,3.300000e+00,-1.537236e-01
4.675000e-02,3.377860e+00,3.300000e+00,1.601973e-01
4.676000e-02,3.221166e+00,3.300000e+00,-1.534727e-01
4.677000e-02,3.377735e+00,3.300000e+00,1.599466e-01
4.678000e-02,3.221292e+00,3.300000e+00,-1.532222e-01
4.679000e-02,3.377611e+00,3.300000e+00,1.596963e-01
4.680000e-02,3.221417e+00,3.300000e+00,-1.529721e-01
4.681000e-02,3.377486e+00,3.300000e+00,1.594464e-01
4.682000e-02,3.221542e+00,3.300000e+00,-1.527224e-01
4.683000e-02,3.377361e+00,3.300000e+00,1.591969e-01
4.684000e-02,3.221667e+00,3.300000e+00,-1.524731e-01
4.685000e-02,3.377237e+00,3.300000e+00,1.589478e-01
4.686000e-02,3.221791e+00,3.300000e+00,-1.522242e-01
4.687000e-02,3.377113e+00,3.300000e+00,1.586990e-01
4.688000e-02,3.221916e+00,3.300000e+00,-1.519757e-01
4.689000e-02,3.376989e+00,3.300000e+00,1.584507e-01
4.690000e-02,3.222040e+00,3.300000e+00,-1.517275e-01
4.691000e-02,3.376866e+00,3.300000e+00,1.582028e-01
4.692000e-02,3.222164e+00,3.300000e+00,-1.514798e-01
4.693000e-02,3.376742e+00,3.300000e+00,1.579553e-01
4.694000e-02,3.222287e+00,3.300000e+00,-1.512325e-01
4.695000e-02,3.376619e+00,3.300000e+00,1.577082e-01
4.696000e-02,3.222411e+00,3.300000e+00,-1.509856e-01
4.697000e-02,3.376496e+00,3.300000e+00,1.574614e-01
4.698000e-02,3.222534e+00,3.300000e+00,-1.507390e-01
4.699000e-02,3.376373e+00,3.300000e+00,1.572151e-01
4.700000e-02,3.222658e+00,3.300000e+00,-1.504929e-01
4.701000e-02,3.376250e+00,3.300000e+00,1.569691e-01
4.702000e-02,3.222781e+00,3.300000e+00,-1.502471e-01
4.703000e-02,3.376128e+00,3.300000e+00,1.567236e-01
4.704000e-02,3.222903e+00,3.300000e+00,-1.500018e-01
4.705000e-02,3.376006e+00,3.300000e+00,1.564784e-01
4.706000e-02,3.223026e+00,3.300000e+00,-1.497568e-01
4.707000e-02,3.375884e+00,3.300000e+00,1.562337e-01
4.708000e-02,3.223148e+00,3.300000e+00,-1.495123e-01
4.709000e-02,3.375762e+00,3.300000e+00,1.559893e-01
4.710000e-02,3.223270e+00,3.300000e+00,-1.492681e-01
4.711000e-02,3.375640e+00,3.300000e+00,1.557453e-01
4.712000e-02,3.223392e+00,3.300000e+00,-1.490243e-01
4.713000e-02,3.375519e+00,3.300000e+00,1.555017e-01
4.714000e-02,3.223514e+00,3.300000e+00,-1.487809e-01
4.715000e-02,3.375397e+00,3.300000e+00,1.552585e-01
4.716000e-02,3.223636e+00,3.300000e+00,-1.485379e-01
4.717000e-02,3.375276e+00,3.300000e+00,1.550157e-01
4.718000e-02,3.223757e+00,3.300000e+00,-1.482952e-01
4.719000e-02,3.375155e+00,3.300000e+00,1.547732e-01
4.720000e-02,3.223878e+00,3.300000e+00,-1.480530e-01
4.721000e-02,3.375035e+00,3.300000e+00,1.545312e-01
4.722000e-02,3.223999e+00,3.300000e+00,-1.478112e-01
4.723000e-02,3.374914e+00,3.300000e+00,1.542895e-01
4.724000e-02,3.224120e+00,3.300000e+00,-1.475697e-01
4.725000e-02,3.374794e+00,3.300000e+00,1.540483e-01
4.726000e-02,3.224241e+00,3.300000e+00,-1.473286e-01
4.727000e-02,3.374674e+00,3.300000e+00,1.538074e-01
4.728000e-02,3.224361e+00,3.300000e+00,-1.470879e-01
4.729000e-02,3.374554e+00,3.300000e+00,1.535669e-01
4.730000e-02,3.224482e+00,3.300000e+00,-1.468476e-01
4.731000e-02,3.374434e+00,3.300000e+00,1.533268e-01
4.732000e-02,3.224602e+00,3.300000e+00,-1.466077e-01
4.733000e-02,3.374314e+00,3.300000e+00,1.530870e-01
4.734000e-02,3.224722e+00,3.300000e+00,-1.463681e-01
4.735000e-02,3.374195e+00,3.300000e+00,1.528477e-01
4.736000e-02,3.224841e+00,3.300000e+00,-1.461290e-01
4.737000e-02,3.374076e+00,3.300000e+00,1.526087e-01
4.738000e-02,3.224961e+00,3.300000e+00,-1.458902e-01
4.739000e-02,3.373957e+00,3.300000e+00,1.523701e-01
4.740000e-02,3.225080e+00,3.300000e+00,-1.456518e-01
4.741000e-02,3.373838e+00,3.300000e+00,1.521319e-01
4.742000e-02,3.225199e+00,3.300000e+00,-1.454138e-01
4.743000e-02,3.373720e+00,3.300000e+00,1.518941e-01
4.744000e-02,3.225318e+00,3.300000e+00,-1.451762e-01
4.745000e-02,3.373601e+00,3.300000e+00,1.516567e-01
4.746000e-02,3.225437e+00,3.300000e+00,-1.449389e-01
4.747000e-02,3.373483e+00,3.300000e+00,1.514196e-01
4.748000e-02,3.225555e+00,3.300000e+00,-1.447020e-01
4.749000e-02,3.373365e+00,3.300000e+00,1.511829e-01
4.750000e-02,3.225674e+00,3.300000e+00,-1.444656e-01
4.751000e-02,3.373247e+00,3.300000e+00,1.509466e-01
4.752000e-02,3.225792e+00,3.300000e+00,-1.442294e-01
4.753000e-02,3.373129e+00,3.300000e+00,1.507107e-01
4.754000e-02,3.225910e+00,3.300000e+00,-1.439937e-01
4.755000e-02,3.373012e+00,3.300000e+00,1.504751e-01
4.756000e-02,3.226028e+00,3.300000e+00,-1.437583e-01
4.757000e-02,3.372895e+00,3.300000e+00,1.502400e-01
4.758000e-02,3.226145e+00,3.300000e+00,-1.435233e-01
4.759000e-02,3.372778e+00,3.300000e+00,1.500052e-01
4.760000e-02,3.226263e+00,3.300000e+00,-1.432887e-01
4.761000e-02,3.372661e+00,3.300000e+00,1.497708e-01
4.762000e-02,3.226380e+00,3.300000e+00,-1.430545e-01
4.763000e-02,3.372544e+00,3.300000e+00,1.495367e-01
4.764000e-02,3.226497e+00,3.300000e+00,-1.428206e-01
4.765000e-02,3.372427e+00,3.300000e+00,1.493030e-01
4.766000e-02,3.226614e+00,3.300000e+00,-1.425871e-01
4.767000e-02,3.372311e+00,3.300000e+00,1.490697e-01
4.768000e-02,3.226730e+00,3.300000e+00,-1.423540e-01
4.769000e-02,3.372195e+00,3.300000e+00,1.488368e-01
4.770000e-02,3.226847e+00,3.300000e+00,-1.421213e-01
4.771000e-02,3.372079e+00,3.300000e+00,1.486042e-01
4.772000e-02,3.226963e+00,3.300000e+00,-1.418889e-01
4.773000e-02,3.371963e+00,3.300000e+00,1.483721e-01
4.774000e-02,3.227079e+00,3.300000e+00,-1.416569e-01
4.775000e-02,3.371848e+00,3.300000e+00,1.481402e-01
4.776000e-02,3.227195e+00,3.300000e+00,-1.414253e-01
4.777000e-02,3.371732e+00,3.300000e+00,1.479088e-01
4.778000e-02,3.227311e+00,3.300000e+00,-1.411940e-01
4.779000e-02,3.371617e+00,3.300000e+00,1.476777e-01
4.780000e-02,3.227426e+00,3.300000e+00,-1.409631e-01
4.781000e-02,3.371502e+00,3.300000e+00,1.474470e-01
4.782000e-02,3.227542e+00,3.300000e+00,-1.407326e-01
4.783000e-02,3.371387e+00,3.300000e+00,1.472167e-01
4.784000e-02,3.227657e+00,3.300000e+00,-1.405025e-01
4.785000e-02,3.371272e+00,3.300000e+00,1.469867e-01
4.786000e-02,3.227772e+00,3.300000e+00,-1.402727e-01
4.787000e-02,3.371158e+00,3.300000e+00,1.467571e-01
4.788000e-02,3.227887e+00,3.300000e+00,-1.400433e-01
4.789000e-02,3.371043e+00,3.300000e+00,1.465279e-01
4.790000e-02,3.228001e+00,3.300000e+00,-1.398142e-01
4.791000e-02,3.370929e+00,3.300000e+00,1.462990e-01
4.792000e-02,3.228116e+00,3.300000e+00,-1.395855e-01
4.793000e-02,3.370815e+00,3.300000e+00,1.460705e-01
4.794000e-02,3.228230e+00,3.300000e+00,-1.393572e-01
4.795000e-02,3.370702e+00,3.300000e+00,1.458424e-01
4.796000e-02,3.228344e+00,3.300000e+00,-1.391292e-01
4.797000e-02,3.370588e+00,3.300000e+00,1.456146e-01
4.798000e-02,3.228458e+00,3.300000e+00,-1.389017e-01
4.799000e-02,3.370475e+00,3.300000e+00,1.453872e-01
4.800000e-02,3.228572e+00,3.300000e+00,-1.386744e-01
4.801000e-02,3.370361e+00,3.300000e+00,1.451601e-01
4.802000e-02,3.228685e+00,3.300000e+00,-1.384476e-01
4.803000e-02,3.370248e+00,3.300000e+00,1.449335e-01
4.804000e-02,3.228799e+00,3.300000e+00,-1.382211e-01
4.805000e-02,3.370136e+00,3.300000e+00,1.447071e-01
4.806000e-02,3.228912e+00,3.300000e+00,-1.379949e-01
4.807000e-02,3.370023e+00,3.300000e+00,1.444812e-01
4.808000e-02,3.229025e+00,3.300000e+00,-1.377691e-01
4.809000e-02,3.369910e+00,3.300000e+00,1.442556e-01
4.810000e-02,3.229138e+00,3.300000e+00,-1.375437e-01
4.811000e-02,3.369798e+00,3.300000e+00,1.440304e-01
4.812000e-02,3.229250e+00,3.300000e+00,-1.373187e-01
4.813000e-02,3.369686e+00,3.300000e+00,1.438055e-01
4.814000e-02,3.229363e+00,3.300000e+00,-1.370940e-01
4.815000e-02,3.369574e+00,3.300000e+00,1.435810e-01
4.816000e-02,3.229475e+00,3.300000e+00,-1.368696e-01
4.817000e-02,3.369462e+00,3.300000e+00,1.433568e-01
4.818000e-02,3.229587e+00,3.300000e+00,-1.366457e-01
4.819000e-02,3.369351e+00,3.300000e+00,1.431330e-01
4.820000e-02,3.229699e+00,3.300000e+00,-1.364220e-01
4.821000e-02,3.369239e+00,3.300000e+00,1.429096e-01
4.822000e-02,3.229811e+00,3.300000e+00,-1.361988e-01
4.823000e-02,3.369128e+00,3.300000e+00,1.426865e-01
4.824000e-02,3.229922e+00,3.300000e+00,-1.359759e-01
4.825000e-02,3.369017e+00,3.300000e+00,1.424637e-01
4.826000e-02,3.230034e+00,3.300000e+00,-1.357533e-01
4.827000e-02,3.368906e+00,3.300000e+00,1.422414e-01
4.828000e-02,3.230145e+00,3.300000e+00,-1.355311e-01
4.829000e-02,3.368795e+00,3.300000e+00,1.420193e-01
4.830000e-02,3.230256e+00,3.300000e+00,-1.353093e-01
4.831000e-02,3.368685e+00,3.300000e+00,1.417977e-01
4.832000e-02,3.230367e+00,3.300000e+00,-1.350878e-01
4.833000e-02,3.368574e+00,3.300000e+00,1.415764e-01
4.834000e-02,3.230477e+00,3.300000e+00,-1.348667e-01
4.835000e-02,3.368464e+00,3.300000e+00,1.413554e-01
4.836000e-02,3.230588e+00,3.300000e+00,-1.346459e-01
4.837000e-02,3.368354e+00,3.300000e+00,1.411348e-01
4.838000e-02,3.230698e+00,3.300000e+00,-1.344255e-01
4.839000e-02,3.368244e+00,3.300000e+00,1.409146e-01
4.840000e-02,3.230808e+00,3.300000e+00,-1.342054e-01
4.841000e-02,3.368135e+00,3.300000e+00,1.406947e-01
4.842000e-02,3.230918e+00,3.300000e+00,-1.339857e-01
4.843000e-02,3.368025e+00,3.300000e+00,1.404751e-01
4.844000e-02,3.231028e+00,3.300000e+00,-1.337663e-01
4.845000e-02,3.367916e+00,3.300000e+00,1.402559e-01
4.846000e-02,3.231138e+00,3.300000e+00,-1.335473e-01
4.847000e-02,3.367807e+00,3.300000e+00,1.400371e-01
4.848000e-02,3.231247e+00,3.300000e+00,-1.333286e-01
4.849000e-02,3.367698e+00,3.300000e+00,1.398186e-01
4.850000e-02,3.231356e+00,3.300000e+00,-1.331103e-01
4.851000e-02,3.367589e+00,3.300000e+00,1.396004e-01
4.852000e-02,3.231465e+00,3.300000e+00,-1.328923e-01
4.853000e-02,3.367481e+00,3.300000e+00,1.393826e-01
4.854000e-02,3.231574e+00,3.300000e+00,-1.326747e-01
4.855000e-02,3.367372e+00,3.300000e+00,1.391652e-01
4.856000e-02,3.231683e+00,3.300000e+00,-1.324574e-01
4.857000e-02,3.367264e+00,3.300000e+00,1.389481e-01
4.858000e-02,3.231792e+00,3.300000e+00,-1.322405e-01
4.859000e-02,3.367156e+00,3.300000e+00,1.387313e-01
4.860000e-02,3.231900e+00,3.300000e+00,-1.320239e-01
4.861000e-02,3.367048e+00,3.300000e+00,1.385149e-01
4.862000e-02,3.232008e+00,3.300000e+00,-1.318076e-01
4.863000e-02,3.366940e+00,3.300000e+00,1.382989e-01
4.864000e-02,3.232116e+00,3.300000e+00,-1.315918e-01
4.865000e-02,3.366833e+00,3.300000e+00,1.380831e-01
4.866000e-02,3.232224e+00,3.300000e+00,-1.313762e-01
4.867000e-02,3.366725e+00,3.300000e+00,1.378678e-01
4.868000e-02,3.232332e+00,3.300000e+00,-1.311610e-01
4.869000e-02,3.366618e+00,3.300000e+00,1.376527e-01
4.870000e-02,3.232439e+00,3.300000e+00,-1.309462e-01
4.871000e-02,3.366511e+00,3.300000e+00,1.374381e-01
4.872000e-02,3.232547e+00,3.300000e+00,-1.307316e-01
4.873000e-02,3.366404e+00,3.300000e+00,1.372237e-01
4.874000e-02,3.232654e+00,3.300000e+00,-1.305175e-01
4.875000e-02,3.366297e+00,3.300000e+00,1.370097e-01
4.876000e-02,3.232761e+00,3.300000e+00,-1.303036e-01
4.877000e-02,3.366191e+00,3.300000e+00,1.367961e-01
4.878000e-02,3.232868e+00,3.300000e+00,-1.300901e-01
4.879000e-02,3.366084e+00,3.300000e+00,1.365827e-01
4.880000e-02,3.232974e+00,3.300000e+00,-1.298770e-01
4.881000e-02,3.365978e+00,3.300000e+00,1.363698e-01
4.882000e-02,3.233081e+00,3.300000e+00,-1.296642e-01
4.883000e-02,3.365872e+00,3.300000e+00,1.361571e-01
4.884000e-02,3.233187e+00,3.300000e+00,-1.294517e-01
4.885000e-02,3.365766e+00,3.300000e+00,1.359448e-01
4.886000e-02,3.233293e+00,3.300000e+00,-1.292396e-01
4.887000e-02,3.365661e+00,3.300000e+00,1.357329e-01
4.888000e-02,3.233399e+00,3.300000e+00,-1.290278e-01
4.889000e-02,3.365555e+00,3.300000e+00,1.355213e-01
4.890000e-02,3.233505e+00,3.300000e+00,-1.288164e-01
4.891000e-02,3.365450e+00,3.300000e+00,1.353100e-01
4.892000e-02,3.233611e+00,3.300000e+00,-1.286053e-01
4.893000e-02,3.365345e+00,3.300000e+00,1.350990e-01
4.894000e-02,3.233716e+00,3.300000e+00,-1.283945e-01
4.895000e-02,3.365240e+00,3.300000e+00,1.348884e-01
4.896000e-02,3.233822e+00,3.300000e+00,-1.281840e-01
4.897000e-02,3.365135e+00,3.300000e+00,1.346782e-01
4.898000e-02,3.233927e+00,3.300000e+00,-1.279739e-01
4.899000e-02,3.365030e+00,3.300000e+00,1.344682e-01
4.900000e-02,3.234032e+00,3.300000e+00,-1.277642e-01
4.901000e-02,3.364926e+00,3.300000e+00,1.342586e-01
4.902000e-02,3.234137e+00,3.300000e+00,-1.275547e-01
4.903000e-02,3.364821e+00,3.300000e+00,1.340494e-01
4.904000e-02,3.234241e+00,3.300000e+00,-1.273457e-01
4.905000e-02,3.364717e+00,3.300000e+00,1.338404e-01
4.906000e-02,3.234346e+00,3.300000e+00,-1.271369e-01
4.907000e-02,3.364613e+00,3.300000e+00,1.336318e-01
4.908000e-02,3.234450e+00,3.300000e+00,-1.269285e-01
4.909000e-02,3.364509e+00,3.300000e+00,1.334236e-01
4.910000e-02,3.234554e+00,3.300000e+00,-1.267204e-01
4.911000e-02,3.364406e+00,3.300000e+00,1.332157e-01
4.912000e-02,3.234658e+00,3.300000e+00,-1.265126e-01
4.913000e-02,3.364302e+00,3.300000e+00,1.330081e-01
4.914000e-02,3.234762e+00,3.300000e+00,-1.263052e-01
4.915000e-02,3.364199e+00,3.300000e+00,1.328008e-01
4.916000e-02,3.234866e+00,3.300000e+00,-1.260981e-01
4.917000e-02,3.364096e+00,3.300000e+00,1.325939e-01
4.918000e-02,3.234969e+00,3.300000e+00,-1.258913e-01
4.919000e-02,3.363993e+00,3.300000e+00,1.323873e-01
4.920000e-02,3.235073e+00,3.300000e+00,-1.256849e-01
4.921000e-02,3.363890e+00,3.300000e+00,1.321810e-01
4.922000e-02,3.235176e+00,3.300000e+00,-1.254788e-01
4.923000e-02,3.363787e+00,3.300000e+00,1.319750e-01
4.924000e-02,3.235279e+00,3.300000e+00,-1.252730e-01
4.925000e-02,3.363684e+00,3.300000e+00,1.317694e-01
4.926000e-02,3.235382e+00,3.300000e+00,-1.250675e-01
4.927000e-02,3.363582e+00,3.300000e+00,1.315642e-01
4.928000e-02,3.235484e+00,3.300000e+00,-1.248624e-01
4.929000e-02,3.363480e+00,3.300000e+00,1.313592e-01
4.930000e-02,3.235587e+00,3.300000e+00,-1.246576e-01
4.931000e-02,3.363378e+00,3.300000e+00,1.311546e-01
4.932000e-02,3.235689e+00,3.300000e+00,-1.244532e-01
4.933000e-02,3.363276e+00,3.300000e+00,1.309503e-01
4.934000e-02,3.235791e+00,3.300000e+00,-1.242490e-01
4.935000e-02,3.363174e+00,3.300000e+00,1.307463e-01
4.936000e-02,3.235893e+00,3.300000e+00,-1.240452e-01
4.937000e-02,3.363073e+00,3.300000e+00,1.305426e-01
4.938000e-02,3.235995e+00,3.300000e+00,-1.238417e-01
4.939000e-02,3.362971e+00,3.300000e+00,1.303393e-01
4.940000e-02,3.236097e+00,3.300000e+00,-1.236386e-01
4.941000e-02,3.362870e+00,3.300000e+00,1.301363e-01
4.942000e-02,3.236198e+00,3.300000e+00,-1.234357e-01
4.943000e-02,3.362769e+00,3.300000e+00,1.299336e-01
4.944000e-02,3.236300e+00,3.300000e+00,-1.232332e-01
4.945000e-02,3.362668e+00,3.300000e+00,1.297313e-01
4.946000e-02,3.236401e+00,3.300000e+00,-1.230310e-01
4.947000e-02,3.362568e+00,3.300000e+00,1.295293e-01
4.948000e-02,3.236502e+00,3.300000e+00,-1.228292e-01
4.949000e-02,3.362467e+00,3.300000e+00,1.293276e-01
4.950000e-02,3.236603e+00,3.300000e+00,-1.226276e-01
4.951000e-02,3.362367e+00,3.300000e+00,1.291262e-01
4.952000e-02,3.236703e+00,3.300000e+00,-1.224264e-01
4.953000e-02,3.362266e+00,3.300000e+00,1.289251e-01
4.954000e-02,3.236804e+00,3.300000e+00,-1.222255e-01
4.955000e-02,3.362166e+00,3.300000e+00,1.287244e-01
4.956000e-02,3.236904e+00,3.300000e+00,-1.220249e-01
4.957000e-02,3.362066e+00,3.300000e+00,1.285240e-01
4.958000e-02,3.237005e+00,3.300000e+00,-1.218246e-01
4.959000e-02,3.361967e+00,3.300000e+00,1.283239e-01
4.960000e-02,3.237105e+00,3.300000e+00,-1.216247e-01
4.961000e-02,3.361867e+00,3.300000e+00,1.281241e-01
4.962000e-02,3.237205e+00,3.300000e+00,-1.214251e-01
4.963000e-02,3.361768e+00,3.300000e+00,1.279246e-01
4.964000e-02,3.237304e+00,3.300000e+00,-1.212258e-01
4.965000e-02,3.361668e+00,3.300000e+00,1.277255e-01
4.966000e-02,3.237404e+00,3.300000e+00,-1.210268e-01
4.967000e-02,3.361569e+00,3.300000e+00,1.275267e-01
4.968000e-02,3.237503e+00,3.300000e+00,-1.208281e-01
4.969000e-02,3.361470e+00,3.300000e+00,1.273281e-01
4.970000e-02,3.237603e+00,3.300000e+00,-1.206298e-01
4.971000e-02,3.361371e+00,3.300000e+00,1.271300e-01
4.972000e-02,3.237702e+00,3.300000e+00,-1.204318e-01
4.973000e-02,3.361273e+00,3.300000e+00,1.269321e-01
4.974000e-02,3.237801e+00,3.300000e+00,-1.202341e-01
4.975000e-02,3.361174e+00,3.300000e+00,1.267345e-01
4.976000e-02,3.237900e+00,3.300000e+00,-1.200367e-01
4.977000e-02,3.361076e+00,3.300000e+00,1.265373e-01
4.978000e-02,3.237998e+00,3.300000e+00,-1.198396e-01
4.979000e-02,3.360978e+00,3.300000e+00,1.263404e-01
4.980000e-02,3.238097e+00,3.300000e+00,-1.196428e-01
4.981000e-02,3.360880e+00,3.300000e+00,1.261438e-01
4.982000e-02,3.238195e+00,3.300000e+00,-1.194464e-01
4.983000e-02,3.360782e+00,3.300000e+00,1.259475e-01
4.984000e-02,3.238293e+00,3.300000e+00,-1.192502e-01
4.985000e-02,3.360684e+00,3.300000e+00,1.257515e-01
4.986000e-02,3.238391e+00,3.300000e+00,-1.190544e-01
4.987000e-02,3.360587e+00,3.300000e+00,1.255558e-01
4.988000e-02,3.238489e+00,3.300000e+00,-1.188589e-01
4.989000e-02,3.360489e+00,3.300000e+00,1.253605e-01
4.990000e-02,3.238587e+00,3.300000e+00,-1.186637e-01
4.991000e-02,3.360392e+00,3.300000e+00,1.251654e-01
4.992000e-02,3.238684e+00,3.300000e+00,-1.184688e-01
4.993000e-02,3.360295e+00,3.300000e+00,1.249707e-01
4.994000e-02,3.238782e+00,3.300000e+00,-1.182742e-01
4.995000e-02,3.360198e+00,3.300000e+00,1.247763e-01
4.996000e-02,3.238879e+00,3.300000e+00,-1.180799e-01
4.997000e-02,3.360101e+00,3.300000e+00,1.245822e-01
4.998000e-02,3.238976e+00,3.300000e+00,-1.178860e-01
4.999000e-02,3.360004e+00,3.300000e+00,1.243884e-01
