Time,main.out,main.sig
1.000000e-06,0.000000e+00,0.000000e+00
2.200000e-06,1.883982e-02,9.419938e-03
3.400000e-06,4.144656e-02,2.072334e-02
4.840000e-06,6.405094e-02,3.202557e-02
6.568000e-06,9.117129e-02,4.558578e-02
8.568000e-06,1.237057e-01,6.185302e-02
1.056800e-05,1.613428e-01,8.067162e-02
1.256800e-05,1.989544e-01,9.947750e-02
1.456800e-05,2.365346e-01,1.182677e-01
1.656800e-05,2.740776e-01,1.370392e-01
1.856800e-05,3.115773e-01,1.557891e-01
2.056800e-05,3.490278e-01,1.745144e-01
2.256800e-05,3.864233e-01,1.932122e-01
2.456800e-05,4.237579e-01,2.118796e-01
2.656800e-05,4.610256e-01,2.305135e-01
2.856800e-05,4.982205e-01,2.491110e-01
3.056800e-05,5.353369e-01,2.676692e-01
3.256800e-05,5.723688e-01,2.861853e-01
3.456800e-05,6.093104e-01,3.046561e-01
3.656800e-05,6.461559e-01,3.230789e-01
3.856800e-05,6.828995e-01,3.414508e-01
4.056800e-05,7.195353e-01,3.597687e-01
4.256800e-05,7.560577e-01,3.780300e-01
4.456800e-05,7.924607e-01,3.962315e-01
4.656800e-05,8.287388e-01,4.143706e-01
4.856800e-05,8.648861e-01,4.324443e-01
5.056800e-05,9.008970e-01,4.504498e-01
5.256800e-05,9.367657e-01,4.683843e-01
5.456800e-05,9.724867e-01,4.862448e-01
5.656800e-05,1.008054e+00,5.040287e-01
5.856800e-05,1.043463e+00,5.217330e-01
6.056800e-05,1.078707e+00,5.393550e-01
6.256800e-05,1.113781e+00,5.568920e-01
6.456800e-05,1.148679e+00,5.743410e-01
6.656800e-05,1.183396e+00,5.916995e-01
6.856800e-05,1.217926e+00,6.089647e-01
7.056800e-05,1.252264e+00,6.261338e-01
7.256800e-05,1.286404e+00,6.432041e-01
7.456800e-05,1.320342e+00,6.601729e-01
7.656800e-05,1.354071e+00,6.770376e-01
7.856800e-05,1.387587e+00,6.937955e-01
8.056800e-05,1.420884e+00,7.104439e-01
8.256800e-05,1.453956e+00,7.269803e-01
8.456800e-05,1.486800e+00,7.434020e-01
8.656800e-05,1.519408e+00,7.597064e-01
8.856800e-05,1.551777e+00,7.758910e-01
9.056800e-05,1.583902e+00,7.919532e-01
9.256800e-05,1.615776e+00,8.078904e-01
9.456800e-05,1.647395e+00,8.237002e-01
9.656800e-05,1.678755e+00,8.393801e-01
9.856800e-05,1.709850e+00,8.549275e-01
1.005680e-04,1.740675e+00,8.703401e-01
1.025680e-04,1.771225e+00,8.856154e-01
1.045680e-04,1.801496e+00,9.007509e-01
1.065680e-04,1.831483e+00,9.157444e-01
1.085680e-04,1.861181e+00,9.305934e-01
1.105680e-04,1.890586e+00,9.452957e-01
1.125680e-04,1.919692e+00,9.598487e-01
1.145680e-04,1.948495e+00,9.742504e-01
1.165680e-04,1.976991e+00,9.884984e-01
1.185680e-04,2.005175e+00,1.002590e+00
1.205680e-04,2.033043e+00,1.016524e+00
1.225680e-04,2.060590e+00,1.030298e+00
1.245680e-04,2.087811e+00,1.043909e+00
1.265680e-04,2.114704e+00,1.057355e+00
1.285680e-04,2.141263e+00,1.070635e+00
1.305680e-04,2.167484e+00,1.083745e+00
1.325680e-04,2.193363e+00,1.096685e+00
1.345680e-04,2.218897e+00,1.109452e+00
1.365680e-04,2.244080e+00,1.122043e+00
1.385680e-04,2.268909e+00,1.134458e+00
1.405680e-04,2.293380e+00,1.146694e+00
1.425680e-04,2.317490e+00,1.158748e+00
1.445680e-04,2.341234e+00,1.170620e+00
1.465680e-04,2.364608e+00,1.182308e+00
1.485680e-04,2.387610e+00,1.193809e+00
1.505680e-04,2.410235e+00,1.205121e+00
1.525680e-04,2.432480e+00,1.216243e+00
1.545680e-04,2.454340e+00,1.227174e+00
1.565680e-04,2.475814e+00,1.237911e+00
1.585680e-04,2.496897e+00,1.248452e+00
1.605680e-04,2.517587e+00,1.258797e+00
1.625680e-04,2.537879e+00,1.268943e+00
1.645680e-04,2.557771e+00,1.278889e+00
1.665680e-04,2.577259e+00,1.288633e+00
1.685680e-04,2.596341e+00,1.298174e+00
1.705680e-04,2.615013e+00,1.307510e+00
1.725680e-04,2.633273e+00,1.316640e+00
1.745680e-04,2.651117e+00,1.325563e+00
1.765680e-04,2.668543e+00,1.334276e+00
1.785680e-04,2.685548e+00,1.342778e+00
1.805680e-04,2.702130e+00,1.351069e+00
1.825680e-04,2.718285e+00,1.359146e+00
1.845680e-04,2.734011e+00,1.367010e+00
1.865680e-04,2.749306e+00,1.374657e+00
1.885680e-04,2.764168e+00,1.382088e+00
1.905680e-04,2.778593e+00,1.389301e+00
1.925680e-04,2.792580e+00,1.396294e+00
1.945680e-04,2.806126e+00,1.403067e+00
1.965680e-04,2.819230e+00,1.409619e+00
1.985680e-04,2.831889e+00,1.415949e+00
2.005680e-04,2.844101e+00,1.422055e+00
2.025680e-04,2.855865e+00,1.427937e+00
2.045680e-04,2.867178e+00,1.433593e+00
2.065680e-04,2.878039e+00,1.439024e+00
2.085680e-04,2.888446e+00,1.444227e+00
2.105680e-04,2.898397e+00,1.449203e+00
2.125680e-04,2.907891e+00,1.453950e+00
2.145680e-04,2.916926e+00,1.458467e+00
2.165680e-04,2.925501e+00,1.462755e+00
2.185680e-04,2.933615e+00,1.466812e+00
2.205680e-04,2.941265e+00,1.470637e+00
2.225680e-04,2.948452e+00,1.474230e+00
2.245680e-04,2.955174e+00,1.477591e+00
2.265680e-04,2.961429e+00,1.480719e+00
2.285680e-04,2.967217e+00,1.483613e+00
2.305680e-04,2.972538e+00,1.486273e+00
2.325680e-04,2.977389e+00,1.488699e+00
2.345680e-04,2.981771e+00,1.490890e+00
2.365680e-04,2.985682e+00,1.492845e+00
2.385680e-04,2.989122e+00,1.494565e+00
2.405680e-04,2.992091e+00,1.496050e+00
2.425680e-04,2.994587e+00,1.497298e+00
2.445680e-04,2.996612e+00,1.498310e+00
2.465680e-04,2.998163e+00,1.499086e+00
2.485680e-04,2.999242e+00,1.499625e+00
2.505680e-04,2.999847e+00,1.499928e+00
2.525680e-04,2.999979e+00,1.499994e+00
2.545680e-04,2.999638e+00,1.499824e+00
2.565680e-04,2.998824e+00,1.499417e+00
2.585680e-04,2.997537e+00,1.498773e+00
2.605680e-04,2.995777e+00,1.497893e+00
2.625680e-04,2.993544e+00,1.496777e+00
2.645680e-04,2.990839e+00,1.495424e+00
2.665680e-04,2.987662e+00,1.493836e+00
2.685680e-04,2.984014e+00,1.492012e+00
2.705680e-04,2.979895e+00,1.489952e+00
2.725680e-04,2.975306e+00,1.487658e+00
2.745680e-04,2.970248e+00,1.485129e+00
2.765680e-04,2.964721e+00,1.482365e+00
2.785680e-04,2.958727e+00,1.479368e+00
2.805680e-04,2.952266e+00,1.476137e+00
2.825680e-04,2.945339e+00,1.472674e+00
2.845680e-04,2.937947e+00,1.468978e+00
2.865680e-04,2.930092e+00,1.465050e+00
2.885680e-04,2.921775e+00,1.460892e+00
2.905680e-04,2.912996e+00,1.456503e+00
2.925680e-04,2.903759e+00,1.451884e+00
2.945680e-04,2.894063e+00,1.447036e+00
2.965680e-04,2.883910e+00,1.441959e+00
2.985680e-04,2.873303e+00,1.436656e+00
3.005680e-04,2.862242e+00,1.431126e+00
3.025680e-04,2.850730e+00,1.425369e+00
3.045680e-04,2.838769e+00,1.419389e+00
3.065680e-04,2.826359e+00,1.413184e+00
3.085680e-04,2.813503e+00,1.406756e+00
3.105680e-04,2.800204e+00,1.400106e+00
3.125680e-04,2.786463e+00,1.393236e+00
3.145680e-04,2.772282e+00,1.386145e+00
3.165680e-04,2.757664e+00,1.378836e+00
3.185680e-04,2.742611e+00,1.371310e+00
3.205680e-04,2.727126e+00,1.363567e+00
3.225680e-04,2.711210e+00,1.355609e+00
3.245680e-04,2.694866e+00,1.347437e+00
3.265680e-04,2.678098e+00,1.339053e+00
3.285680e-04,2.660907e+00,1.330457e+00
3.305680e-04,2.643296e+00,1.321652e+00
3.325680e-04,2.625268e+00,1.312638e+00
3.345680e-04,2.606826e+00,1.303417e+00
3.365680e-04,2.587972e+00,1.293990e+00
3.385680e-04,2.568711e+00,1.284359e+00
3.405680e-04,2.549044e+00,1.274526e+00
3.425680e-04,2.528975e+00,1.264491e+00
3.445680e-04,2.508508e+00,1.254258e+00
3.465680e-04,2.487644e+00,1.243826e+00
3.485680e-04,2.466388e+00,1.233198e+00
3.505680e-04,2.444743e+00,1.222375e+00
3.525680e-04,2.422712e+00,1.211360e+00
3.545680e-04,2.400299e+00,1.200153e+00
3.565680e-04,2.377508e+00,1.188758e+00
3.585680e-04,2.354341e+00,1.177174e+00
3.605680e-04,2.330803e+00,1.165405e+00
3.625680e-04,2.306898e+00,1.153452e+00
3.645680e-04,2.282628e+00,1.141317e+00
3.665680e-04,2.257998e+00,1.129003e+00
3.685680e-04,2.233013e+00,1.116510e+00
3.705680e-04,2.207674e+00,1.103841e+00
3.725680e-04,2.181988e+00,1.090997e+00
3.745680e-04,2.155957e+00,1.077982e+00
3.765680e-04,2.129587e+00,1.064797e+00
3.785680e-04,2.102880e+00,1.051443e+00
3.805680e-04,2.075842e+00,1.037924e+00
3.825680e-04,2.048476e+00,1.024241e+00
3.845680e-04,2.020787e+00,1.010396e+00
3.865680e-04,1.992779e+00,9.963925e-01
3.885680e-04,1.964457e+00,9.822313e-01
3.905680e-04,1.935825e+00,9.679153e-01
3.925680e-04,1.906887e+00,9.534465e-01
3.945680e-04,1.877649e+00,9.388273e-01
3.965680e-04,1.848115e+00,9.240601e-01
3.985680e-04,1.818289e+00,9.091470e-01
4.005680e-04,1.788176e+00,8.940906e-01
4.025680e-04,1.757781e+00,8.788930e-01
4.045680e-04,1.727109e+00,8.635569e-01
4.065680e-04,1.696164e+00,8.480845e-01
4.085680e-04,1.664952e+00,8.324783e-01
4.105680e-04,1.633477e+00,8.167409e-01
4.125680e-04,1.601744e+00,8.008745e-01
4.145680e-04,1.569759e+00,7.848818e-01
4.165680e-04,1.537526e+00,7.687654e-01
4.185680e-04,1.505051e+00,7.525276e-01
4.205680e-04,1.472338e+00,7.361711e-01
4.225680e-04,1.439393e+00,7.196985e-01
4.245680e-04,1.406221e+00,7.031124e-01
4.265680e-04,1.372826e+00,6.864153e-01
4.285680e-04,1.339216e+00,6.696100e-01
4.305680e-04,1.305394e+00,6.526990e-01
4.325680e-04,1.271366e+00,6.356851e-01
4.345680e-04,1.237138e+00,6.185708e-01
4.365680e-04,1.202714e+00,6.013590e-01
4.385680e-04,1.168101e+00,5.840524e-01
4.405680e-04,1.133304e+00,5.666536e-01
4.425680e-04,1.098327e+00,5.491654e-01
4.445680e-04,1.063178e+00,5.315906e-01
4.465680e-04,1.027861e+00,5.139319e-01
4.485680e-04,9.923813e-01,4.961921e-01
4.505680e-04,9.567453e-01,4.783741e-01
4.525680e-04,9.209584e-01,4.604806e-01
4.545680e-04,8.850263e-01,4.425145e-01
4.565680e-04,8.489545e-01,4.244785e-01
4.585680e-04,8.127488e-01,4.063756e-01
4.605680e-04,7.764149e-01,3.882086e-01
4.625680e-04,7.399585e-01,3.699804e-01
4.645680e-04,7.033854e-01,3.516937e-01
4.665680e-04,6.667013e-01,3.333516e-01
4.685680e-04,6.299120e-01,3.149570e-01
4.705680e-04,5.930234e-01,2.965126e-01
4.725680e-04,5.560412e-01,2.780215e-01
4.745680e-04,5.189713e-01,2.594864e-01
4.765680e-04,4.818196e-01,2.409105e-01
4.785680e-04,4.445918e-01,2.222966e-01
4.805680e-04,4.072939e-01,2.036476e-01
4.825680e-04,3.699317e-01,1.849664e-01
4.845680e-04,3.325112e-01,1.662561e-01
4.865680e-04,2.950383e-01,1.475196e-01
4.885680e-04,2.575188e-01,1.287598e-01
4.905680e-04,2.199586e-01,1.099796e-01
4.925680e-04,1.823638e-01,9.118217e-02
4.945680e-04,1.447402e-01,7.237031e-02
4.965680e-04,1.070938e-01,5.354704e-02
4.985680e-04,6.943043e-02,3.471532e-02
5.005680e-04,3.175615e-02,1.587812e-02
5.025680e-04,-5.923138e-03,-2.961578e-03
5.045680e-04,-4.360149e-02,-2.180081e-02
5.065680e-04,-8.127297e-02,-4.063661e-02
5.085680e-04,-1.189316e-01,-5.946599e-02
5.105680e-04,-1.565715e-01,-7.828600e-02
5.125680e-04,-1.941867e-01,-9.709365e-02
5.145680e-04,-2.317713e-01,-1.158860e-01
5.165680e-04,-2.693193e-01,-1.346600e-01
5.185680e-04,-3.068248e-01,-1.534129e-01
5.205680e-04,-3.442819e-01,-1.721415e-01
5.225680e-04,-3.816847e-01,-1.908429e-01
5.245680e-04,-4.190273e-01,-2.095143e-01
5.265680e-04,-4.563038e-01,-2.281526e-01
5.285680e-04,-4.935083e-01,-2.467549e-01
5.305680e-04,-5.306349e-01,-2.653183e-01
5.325680e-04,-5.676779e-01,-2.838398e-01
5.345680e-04,-6.046313e-01,-3.023165e-01
5.365680e-04,-6.414893e-01,-3.207456e-01
5.385680e-04,-6.782461e-01,-3.391241e-01
5.405680e-04,-7.148959e-01,-3.574490e-01
5.425680e-04,-7.514330e-01,-3.757176e-01
5.445680e-04,-7.878515e-01,-3.939269e-01
5.465680e-04,-8.241457e-01,-4.120741e-01
5.485680e-04,-8.603099e-01,-4.301562e-01
5.505680e-04,-8.963384e-01,-4.481705e-01
5.525680e-04,-9.322255e-01,-4.661142e-01
5.545680e-04,-9.679655e-01,-4.839842e-01
5.565680e-04,-1.003553e+00,-5.017779e-01
5.585680e-04,-1.038982e+00,-5.194925e-01
5.605680e-04,-1.074247e+00,-5.371251e-01
5.625680e-04,-1.109343e+00,-5.546730e-01
5.645680e-04,-1.144263e+00,-5.721334e-01
5.665680e-04,-1.179004e+00,-5.895035e-01
5.685680e-04,-1.213558e+00,-6.067807e-01
5.705680e-04,-1.247920e+00,-6.239621e-01
5.725680e-04,-1.282086e+00,-6.410450e-01
5.745680e-04,-1.316050e+00,-6.580269e-01
5.765680e-04,-1.349806e+00,-6.749050e-01
5.785680e-04,-1.383349e+00,-6.916765e-01
5.805680e-04,-1.416674e+00,-7.083390e-01
5.825680e-04,-1.449775e+00,-7.248897e-01
5.845680e-04,-1.482648e+00,-7.413261e-01
5.865680e-04,-1.515287e+00,-7.576455e-01
5.885680e-04,-1.547686e+00,-7.738455e-01
5.905680e-04,-1.579842e+00,-7.899233e-01
5.925680e-04,-1.611748e+00,-8.058765e-01
5.945680e-04,-1.643400e+00,-8.217026e-01
5.965680e-04,-1.674793e+00,-8.373991e-01
5.985680e-04,-1.705922e+00,-8.529635e-01
6.005680e-04,-1.736781e+00,-8.683933e-01
6.025680e-04,-1.767367e+00,-8.836861e-01
6.045680e-04,-1.797674e+00,-8.988395e-01
6.065680e-04,-1.827697e+00,-9.138511e-01
6.085680e-04,-1.857432e+00,-9.287186e-01
6.105680e-04,-1.886873e+00,-9.434396e-01
6.125680e-04,-1.916018e+00,-9.580117e-01
6.145680e-04,-1.944860e+00,-9.724327e-01
6.165680e-04,-1.973395e+00,-9.867003e-01
6.185680e-04,-2.001618e+00,-1.000812e+00
6.205680e-04,-2.029527e+00,-1.014766e+00
6.225680e-04,-2.057114e+00,-1.028560e+00
6.245680e-04,-2.084378e+00,-1.042192e+00
6.265680e-04,-2.111312e+00,-1.055659e+00
6.285680e-04,-2.137914e+00,-1.068960e+00
6.305680e-04,-2.164178e+00,-1.082092e+00
6.325680e-04,-2.190101e+00,-1.095054e+00
6.345680e-04,-2.215678e+00,-1.107842e+00
6.365680e-04,-2.240906e+00,-1.120456e+00
6.385680e-04,-2.265780e+00,-1.132894e+00
6.405680e-04,-2.290297e+00,-1.145152e+00
6.425680e-04,-2.314453e+00,-1.157230e+00
6.445680e-04,-2.338243e+00,-1.169125e+00
6.465680e-04,-2.361665e+00,-1.180836e+00
6.485680e-04,-2.384714e+00,-1.192361e+00
6.505680e-04,-2.407387e+00,-1.203697e+00
6.525680e-04,-2.429680e+00,-1.214844e+00
6.545680e-04,-2.451590e+00,-1.225799e+00
6.565680e-04,-2.473113e+00,-1.236560e+00
6.585680e-04,-2.494246e+00,-1.247127e+00
6.605680e-04,-2.514985e+00,-1.257496e+00
6.625680e-04,-2.535328e+00,-1.267668e+00
6.645680e-04,-2.555271e+00,-1.277639e+00
6.665680e-04,-2.574810e+00,-1.287409e+00
6.685680e-04,-2.593944e+00,-1.296976e+00
6.705680e-04,-2.612668e+00,-1.306338e+00
6.725680e-04,-2.630980e+00,-1.315494e+00
6.745680e-04,-2.648877e+00,-1.324443e+00
6.765680e-04,-2.666357e+00,-1.333182e+00
6.785680e-04,-2.683415e+00,-1.341712e+00
6.805680e-04,-2.700051e+00,-1.350029e+00
6.825680e-04,-2.716260e+00,-1.358134e+00
6.845680e-04,-2.732041e+00,-1.366024e+00
6.865680e-04,-2.747391e+00,-1.373699e+00
6.885680e-04,-2.762307e+00,-1.381158e+00
6.905680e-04,-2.776788e+00,-1.388398e+00
6.925680e-04,-2.790831e+00,-1.395419e+00
6.945680e-04,-2.804433e+00,-1.402221e+00
6.965680e-04,-2.817593e+00,-1.408801e+00
6.985680e-04,-2.830309e+00,-1.415159e+00
7.005680e-04,-2.842578e+00,-1.421293e+00
7.025680e-04,-2.854398e+00,-1.427203e+00
7.045680e-04,-2.865769e+00,-1.432889e+00
7.065680e-04,-2.876687e+00,-1.438348e+00
7.085680e-04,-2.887151e+00,-1.443580e+00
7.105680e-04,-2.897160e+00,-1.448584e+00
7.125680e-04,-2.906712e+00,-1.453360e+00
7.145680e-04,-2.915806e+00,-1.457907e+00
7.165680e-04,-2.924439e+00,-1.462224e+00
7.185680e-04,-2.932611e+00,-1.466310e+00
7.205680e-04,-2.940321e+00,-1.470165e+00
7.225680e-04,-2.947566e+00,-1.473788e+00
7.245680e-04,-2.954347e+00,-1.477178e+00
7.265680e-04,-2.960662e+00,-1.480335e+00
7.285680e-04,-2.966509e+00,-1.483259e+00
7.305680e-04,-2.971889e+00,-1.485949e+00
7.325680e-04,-2.976800e+00,-1.488404e+00
7.345680e-04,-2.981241e+00,-1.490625e+00
7.365680e-04,-2.985212e+00,-1.492610e+00
7.385680e-04,-2.988712e+00,-1.494360e+00
7.405680e-04,-2.991740e+00,-1.495875e+00
7.425680e-04,-2.994297e+00,-1.497153e+00
7.445680e-04,-2.996381e+00,-1.498195e+00
7.465680e-04,-2.997993e+00,-1.499001e+00
7.485680e-04,-2.999131e+00,-1.499570e+00
7.505680e-04,-2.999797e+00,-1.499903e+00
7.525680e-04,-2.999989e+00,-1.499999e+00
7.545680e-04,-2.999708e+00,-1.499858e+00
7.565680e-04,-2.998954e+00,-1.499481e+00
7.585680e-04,-2.997726e+00,-1.498868e+00
7.605680e-04,-2.996026e+00,-1.498018e+00
7.625680e-04,-2.993853e+00,-1.496931e+00
7.645680e-04,-2.991208e+00,-1.495609e+00
7.665680e-04,-2.988091e+00,-1.494050e+00
7.685680e-04,-2.984503e+00,-1.492256e+00
7.705680e-04,-2.980444e+00,-1.490226e+00
7.725680e-04,-2.975914e+00,-1.487962e+00
7.745680e-04,-2.970916e+00,-1.485462e+00
7.765680e-04,-2.965448e+00,-1.482728e+00
7.785680e-04,-2.959513e+00,-1.479761e+00
7.805680e-04,-2.953111e+00,-1.476560e+00
7.825680e-04,-2.946243e+00,-1.473126e+00
7.845680e-04,-2.938910e+00,-1.469459e+00
7.865680e-04,-2.931114e+00,-1.465561e+00
7.885680e-04,-2.922855e+00,-1.461432e+00
7.905680e-04,-2.914135e+00,-1.457072e+00
7.925680e-04,-2.904955e+00,-1.452482e+00
7.945680e-04,-2.895317e+00,-1.447663e+00
7.965680e-04,-2.885223e+00,-1.442616e+00
7.985680e-04,-2.874673e+00,-1.437341e+00
8.005680e-04,-2.863670e+00,-1.431839e+00
8.025680e-04,-2.852215e+00,-1.426112e+00
8.045680e-04,-2.840310e+00,-1.420159e+00
8.065680e-04,-2.827957e+00,-1.413983e+00
8.085680e-04,-2.815158e+00,-1.407583e+00
8.105680e-04,-2.801915e+00,-1.400962e+00
8.125680e-04,-2.788230e+00,-1.394119e+00
8.145680e-04,-2.774105e+00,-1.387057e+00
8.165680e-04,-2.759542e+00,-1.379775e+00
8.185680e-04,-2.744544e+00,-1.372276e+00
8.205680e-04,-2.729113e+00,-1.364561e+00
8.225680e-04,-2.713252e+00,-1.356630e+00
8.245680e-04,-2.696962e+00,-1.348485e+00
8.265680e-04,-2.680247e+00,-1.340128e+00
8.285680e-04,-2.663110e+00,-1.331559e+00
8.305680e-04,-2.645552e+00,-1.322780e+00
8.325680e-04,-2.627577e+00,-1.313792e+00
8.345680e-04,-2.609187e+00,-1.304597e+00
8.365680e-04,-2.590386e+00,-1.295197e+00
8.385680e-04,-2.571176e+00,-1.285592e+00
8.405680e-04,-2.551560e+00,-1.275784e+00
8.425680e-04,-2.531542e+00,-1.265775e+00
8.445680e-04,-2.511125e+00,-1.255566e+00
8.465680e-04,-2.490311e+00,-1.245159e+00
8.485680e-04,-2.469105e+00,-1.234556e+00
8.505680e-04,-2.447509e+00,-1.223758e+00
8.525680e-04,-2.425527e+00,-1.212767e+00
8.545680e-04,-2.403163e+00,-1.201585e+00
8.565680e-04,-2.380419e+00,-1.190213e+00
8.585680e-04,-2.357300e+00,-1.178653e+00
8.605680e-04,-2.333809e+00,-1.166908e+00
8.625680e-04,-2.309949e+00,-1.154978e+00
8.645680e-04,-2.285726e+00,-1.142866e+00
8.665680e-04,-2.261141e+00,-1.130574e+00
8.685680e-04,-2.236200e+00,-1.118104e+00
8.705680e-04,-2.210907e+00,-1.105457e+00
8.725680e-04,-2.185264e+00,-1.092635e+00
8.745680e-04,-2.159277e+00,-1.079642e+00
8.765680e-04,-2.132949e+00,-1.066478e+00
8.785680e-04,-2.106285e+00,-1.053146e+00
8.805680e-04,-2.079288e+00,-1.039647e+00
8.825680e-04,-2.051964e+00,-1.025985e+00
8.845680e-04,-2.024316e+00,-1.012161e+00
8.865680e-04,-1.996348e+00,-9.981770e-01
8.885680e-04,-1.968065e+00,-9.840356e-01
8.905680e-04,-1.939472e+00,-9.697391e-01
8.925680e-04,-1.910573e+00,-9.552896e-01
8.945680e-04,-1.881373e+00,-9.406893e-01
8.965680e-04,-1.851876e+00,-9.259407e-01
8.985680e-04,-1.822087e+00,-9.110460e-01
9.005680e-04,-1.792010e+00,-8.960076e-01
9.025680e-04,-1.761650e+00,-8.808279e-01
9.045680e-04,-1.731013e+00,-8.655092e-01
9.065680e-04,-1.700103e+00,-8.500539e-01
9.085680e-04,-1.668924e+00,-8.344646e-01
9.105680e-04,-1.637482e+00,-8.187436e-01
9.125680e-04,-1.605782e+00,-8.028935e-01
9.145680e-04,-1.573829e+00,-7.869167e-01
9.165680e-04,-1.541627e+00,-7.708158e-01
9.185680e-04,-1.509182e+00,-7.545932e-01
9.205680e-04,-1.476499e+00,-7.382517e-01
9.225680e-04,-1.443583e+00,-7.217936e-01
9.245680e-04,-1.410439e+00,-7.052217e-01
9.265680e-04,-1.377073e+00,-6.885386e-01
9.285680e-04,-1.343490e+00,-6.717468e-01
9.305680e-04,-1.309694e+00,-6.548491e-01
9.325680e-04,-1.275692e+00,-6.378481e-01
9.345680e-04,-1.241489e+00,-6.207464e-01
9.365680e-04,-1.207090e+00,-6.035469e-01
9.385680e-04,-1.172501e+00,-5.862521e-01
9.405680e-04,-1.137726e+00,-5.688648e-01
9.425680e-04,-1.102772e+00,-5.513878e-01
9.445680e-04,-1.067644e+00,-5.338238e-01
9.465680e-04,-1.032348e+00,-5.161756e-01
9.485680e-04,-9.968890e-01,-4.984460e-01
9.505680e-04,-9.612726e-01,-4.806377e-01
9.525680e-04,-9.255045e-01,-4.627536e-01
9.545680e-04,-8.895905e-01,-4.447966e-01
9.565680e-04,-8.535361e-01,-4.267693e-01
9.585680e-04,-8.173470e-01,-4.086747e-01
9.605680e-04,-7.810291e-01,-3.905157e-01
9.625680e-04,-7.445879e-01,-3.722951e-01
9.645680e-04,-7.080292e-01,-3.540157e-01
9.665680e-04,-6.713589e-01,-3.356805e-01
9.685680e-04,-6.345827e-01,-3.172923e-01
9.705680e-04,-5.977063e-01,-2.988541e-01
9.725680e-04,-5.607357e-01,-2.803687e-01
9.745680e-04,-5.236766e-01,-2.618391e-01
9.765680e-04,-4.865349e-01,-2.432682e-01
9.785680e-04,-4.493164e-01,-2.246589e-01
9.805680e-04,-4.120271e-01,-2.060142e-01
9.825680e-04,-3.746728e-01,-1.873369e-01
9.845680e-04,-3.372593e-01,-1.686302e-01
9.865680e-04,-2.997927e-01,-1.498968e-01
9.885680e-04,-2.622787e-01,-1.311398e-01
9.905680e-04,-2.247234e-01,-1.123621e-01
9.925680e-04,-1.871327e-01,-9.356662e-02
9.945680e-04,-1.495124e-01,-7.475642e-02
9.965680e-04,-1.118685e-01,-5.593443e-02
9.985680e-04,-7.420701e-02,-3.710362e-02
1.000568e-03,-3.653379e-02,-1.826695e-02
1.002568e-03,1.145195e-03,5.725992e-04
1.004568e-03,3.882400e-02,1.941206e-02
1.006568e-03,7.649668e-02,3.824845e-02
1.008568e-03,1.141573e-01,5.707882e-02
1.010568e-03,1.517999e-01,7.590017e-02
1.012568e-03,1.894185e-01,9.470956e-02
1.014568e-03,2.270073e-01,1.135040e-01
1.016568e-03,2.645603e-01,1.322805e-01
1.018568e-03,3.020715e-01,1.510362e-01
1.020568e-03,3.395351e-01,1.697681e-01
1.022568e-03,3.769451e-01,1.884731e-01
1.024568e-03,4.142957e-01,2.071485e-01
1.026568e-03,4.515809e-01,2.257911e-01
1.028568e-03,4.887948e-01,2.443981e-01
1.030568e-03,5.259317e-01,2.629666e-01
1.032568e-03,5.629855e-01,2.814936e-01
1.034568e-03,5.999506e-01,2.999762e-01
1.036568e-03,6.368210e-01,3.184115e-01
1.038568e-03,6.735910e-01,3.367965e-01
1.040568e-03,7.102547e-01,3.551284e-01
1.042568e-03,7.468064e-01,3.734043e-01
1.044568e-03,7.832402e-01,3.916213e-01
1.046568e-03,8.195505e-01,4.097765e-01
1.048568e-03,8.557316e-01,4.278671e-01
1.050568e-03,8.917776e-01,4.458901e-01
1.052568e-03,9.276829e-01,4.638428e-01
1.054568e-03,9.634419e-01,4.817224e-01
1.056568e-03,9.990489e-01,4.995260e-01
1.058568e-03,1.034498e+00,5.172507e-01
1.060568e-03,1.069785e+00,5.348939e-01
1.062568e-03,1.104902e+00,5.524527e-01
1.064568e-03,1.139845e+00,5.699243e-01
1.066568e-03,1.174609e+00,5.873060e-01
1.068568e-03,1.209187e+00,6.045951e-01
1.070568e-03,1.243574e+00,6.217888e-01
1.072568e-03,1.277765e+00,6.388844e-01
1.074568e-03,1.311755e+00,6.558792e-01
1.076568e-03,1.345537e+00,6.727706e-01
1.078568e-03,1.379108e+00,6.895558e-01
1.080568e-03,1.412460e+00,7.062323e-01
1.082568e-03,1.445590e+00,7.227973e-01
1.084568e-03,1.478492e+00,7.392483e-01
1.086568e-03,1.511161e+00,7.555827e-01
1.088568e-03,1.543591e+00,7.717980e-01
1.090568e-03,1.575778e+00,7.878914e-01
1.092568e-03,1.607716e+00,8.038606e-01
1.094568e-03,1.639401e+00,8.197029e-01
1.096568e-03,1.670827e+00,8.354160e-01
1.098568e-03,1.701989e+00,8.509972e-01
1.100568e-03,1.732883e+00,8.664442e-01
1.102568e-03,1.763504e+00,8.817546e-01
1.104568e-03,1.793846e+00,8.969258e-01
1.106568e-03,1.823906e+00,9.119555e-01
1.108568e-03,1.853677e+00,9.268414e-01
1.110568e-03,1.883157e+00,9.415811e-01
1.112568e-03,1.912339e+00,9.561722e-01
1.114568e-03,1.941219e+00,9.706125e-01
1.116568e-03,1.969793e+00,9.848997e-01
1.118568e-03,1.998057e+00,9.990315e-01
1.120568e-03,2.026005e+00,1.013006e+00
1.122568e-03,2.053634e+00,1.026820e+00
1.124568e-03,2.080939e+00,1.040473e+00
1.126568e-03,2.107915e+00,1.053961e+00
1.128568e-03,2.134559e+00,1.067283e+00
1.130568e-03,2.160867e+00,1.080436e+00
1.132568e-03,2.186833e+00,1.093420e+00
1.134568e-03,2.212454e+00,1.106230e+00
1.136568e-03,2.237727e+00,1.118867e+00
1.138568e-03,2.262646e+00,1.131326e+00
1.140568e-03,2.287208e+00,1.143608e+00
1.142568e-03,2.311410e+00,1.155708e+00
1.144568e-03,2.335247e+00,1.167627e+00
1.146568e-03,2.358716e+00,1.179361e+00
1.148568e-03,2.381812e+00,1.190910e+00
1.150568e-03,2.404533e+00,1.202270e+00
1.152568e-03,2.426874e+00,1.213441e+00
1.154568e-03,2.448833e+00,1.224420e+00
1.156568e-03,2.470405e+00,1.235206e+00
1.158568e-03,2.491588e+00,1.245798e+00
1.160568e-03,2.512377e+00,1.256192e+00
1.162568e-03,2.532771e+00,1.266389e+00
1.164568e-03,2.552764e+00,1.276386e+00
1.166568e-03,2.572355e+00,1.286181e+00
1.168568e-03,2.591540e+00,1.295774e+00
1.170568e-03,2.610317e+00,1.305162e+00
1.172568e-03,2.628681e+00,1.314345e+00
1.174568e-03,2.646631e+00,1.323320e+00
1.176568e-03,2.664163e+00,1.332086e+00
1.178568e-03,2.681276e+00,1.340642e+00
1.180568e-03,2.697965e+00,1.348986e+00
1.182568e-03,2.714228e+00,1.357118e+00
1.184568e-03,2.730064e+00,1.365036e+00
1.186568e-03,2.745468e+00,1.372738e+00
1.188568e-03,2.760440e+00,1.380224e+00
1.190568e-03,2.774976e+00,1.387492e+00
1.192568e-03,2.789074e+00,1.394541e+00
1.194568e-03,2.802733e+00,1.401370e+00
1.196568e-03,2.815949e+00,1.407979e+00
1.198568e-03,2.828721e+00,1.414365e+00
1.200568e-03,2.841047e+00,1.420528e+00
1.202568e-03,2.852924e+00,1.426466e+00
1.204568e-03,2.864352e+00,1.432180e+00
1.206568e-03,2.875327e+00,1.437668e+00
1.208568e-03,2.885850e+00,1.442929e+00
1.210568e-03,2.895916e+00,1.447963e+00
1.212568e-03,2.905526e+00,1.452768e+00
1.214568e-03,2.914678e+00,1.457343e+00
1.216568e-03,2.923370e+00,1.461689e+00
1.218568e-03,2.931601e+00,1.465805e+00
1.220568e-03,2.939369e+00,1.469689e+00
1.222568e-03,2.946673e+00,1.473341e+00
1.224568e-03,2.953513e+00,1.476761e+00
1.226568e-03,2.959887e+00,1.479948e+00
1.228568e-03,2.965794e+00,1.482901e+00
1.230568e-03,2.971233e+00,1.485621e+00
1.232568e-03,2.976203e+00,1.488106e+00
1.234568e-03,2.980704e+00,1.490356e+00
1.236568e-03,2.984734e+00,1.492372e+00
1.238568e-03,2.988294e+00,1.494152e+00
1.240568e-03,2.991382e+00,1.495696e+00
1.242568e-03,2.993999e+00,1.497004e+00
1.244568e-03,2.996143e+00,1.498076e+00
1.246568e-03,2.997814e+00,1.498912e+00
1.248568e-03,2.999013e+00,1.499511e+00
1.250568e-03,2.999738e+00,1.499874e+00
1.252568e-03,2.999991e+00,1.500000e+00
1.254568e-03,2.999770e+00,1.499889e+00
1.256568e-03,2.999076e+00,1.499542e+00
1.258568e-03,2.997908e+00,1.498959e+00
1.260568e-03,2.996268e+00,1.498138e+00
1.262568e-03,2.994155e+00,1.497082e+00
1.264568e-03,2.991570e+00,1.495789e+00
1.266568e-03,2.988513e+00,1.494261e+00
1.268568e-03,2.984984e+00,1.492496e+00
1.270568e-03,2.980984e+00,1.490497e+00
1.272568e-03,2.976515e+00,1.488262e+00
1.274568e-03,2.971575e+00,1.485792e+00
1.276568e-03,2.966167e+00,1.483088e+00
1.278568e-03,2.960291e+00,1.480150e+00
1.280568e-03,2.953948e+00,1.476979e+00
1.282568e-03,2.947139e+00,1.473574e+00
1.284568e-03,2.939865e+00,1.469937e+00
1.286568e-03,2.932128e+00,1.466068e+00
1.288568e-03,2.923928e+00,1.461968e+00
1.290568e-03,2.915266e+00,1.457637e+00
1.292568e-03,2.906145e+00,1.453077e+00
1.294568e-03,2.896565e+00,1.448287e+00
1.296568e-03,2.886528e+00,1.443268e+00
1.298568e-03,2.876036e+00,1.438022e+00
1.300568e-03,2.865090e+00,1.432549e+00
1.302568e-03,2.853693e+00,1.426851e+00
1.304568e-03,2.841845e+00,1.420927e+00
1.306568e-03,2.829548e+00,1.414778e+00
1.308568e-03,2.816806e+00,1.408407e+00
1.310568e-03,2.803619e+00,1.401814e+00
1.312568e-03,2.789990e+00,1.394999e+00
1.314568e-03,2.775920e+00,1.387964e+00
1.316568e-03,2.761413e+00,1.380711e+00
1.318568e-03,2.746470e+00,1.373239e+00
1.320568e-03,2.731094e+00,1.365551e+00
1.322568e-03,2.715287e+00,1.357647e+00
1.324568e-03,2.699052e+00,1.349530e+00
1.326568e-03,2.682390e+00,1.341199e+00
1.328568e-03,2.665306e+00,1.332657e+00
1.330568e-03,2.647801e+00,1.323905e+00
1.332568e-03,2.629879e+00,1.314943e+00
1.334568e-03,2.611542e+00,1.305775e+00
1.336568e-03,2.592793e+00,1.296400e+00
1.338568e-03,2.573634e+00,1.286821e+00
1.340568e-03,2.554070e+00,1.277039e+00
1.342568e-03,2.534103e+00,1.267055e+00
1.344568e-03,2.513736e+00,1.256872e+00
1.346568e-03,2.492972e+00,1.246490e+00
1.348568e-03,2.471816e+00,1.235912e+00
1.350568e-03,2.450269e+00,1.225138e+00
1.352568e-03,2.428336e+00,1.214172e+00
1.354568e-03,2.406020e+00,1.203013e+00
1.356568e-03,2.383324e+00,1.191665e+00
1.358568e-03,2.360252e+00,1.180129e+00
1.360568e-03,2.336808e+00,1.168407e+00
1.362568e-03,2.312995e+00,1.156501e+00
1.364568e-03,2.288817e+00,1.144412e+00
1.366568e-03,2.264279e+00,1.132143e+00
1.368568e-03,2.239383e+00,1.119695e+00
1.370568e-03,2.214133e+00,1.107070e+00
1.372568e-03,2.188535e+00,1.094271e+00
1.374568e-03,2.162591e+00,1.081299e+00
1.376568e-03,2.136306e+00,1.068156e+00
1.378568e-03,2.109685e+00,1.054845e+00
1.380568e-03,2.082730e+00,1.041368e+00
1.382568e-03,2.055447e+00,1.027726e+00
1.384568e-03,2.027839e+00,1.013923e+00
1.386568e-03,1.999912e+00,9.999589e-01
1.388568e-03,1.971669e+00,9.858375e-01
1.390568e-03,1.943115e+00,9.715605e-01
1.392568e-03,1.914255e+00,9.571302e-01
1.394568e-03,1.885092e+00,9.425490e-01
1.396568e-03,1.855633e+00,9.278190e-01
1.398568e-03,1.825880e+00,9.129427e-01
1.400568e-03,1.795839e+00,8.979224e-01
1.402568e-03,1.765516e+00,8.827605e-01
1.404568e-03,1.734913e+00,8.674592e-01
1.406568e-03,1.704037e+00,8.520212e-01
1.408568e-03,1.672892e+00,8.364487e-01
1.410568e-03,1.641484e+00,8.207443e-01
1.412568e-03,1.609816e+00,8.049104e-01
1.414568e-03,1.577894e+00,7.889495e-01
1.416568e-03,1.545724e+00,7.728642e-01
1.418568e-03,1.513309e+00,7.566569e-01
1.420568e-03,1.480656e+00,7.403303e-01
1.422568e-03,1.447770e+00,7.238869e-01
1.424568e-03,1.414654e+00,7.073293e-01
1.426568e-03,1.381316e+00,6.906602e-01
1.428568e-03,1.347760e+00,6.738820e-01
1.430568e-03,1.313991e+00,6.569976e-01
1.432568e-03,1.280015e+00,6.400095e-01
1.434568e-03,1.245837e+00,6.229205e-01
1.436568e-03,1.211463e+00,6.057332e-01
1.438568e-03,1.176897e+00,5.884503e-01
1.440568e-03,1.142146e+00,5.710746e-01
1.442568e-03,1.107214e+00,5.536088e-01
1.444568e-03,1.072108e+00,5.360557e-01
1.446568e-03,1.036833e+00,5.184180e-01
1.448568e-03,1.001394e+00,5.006986e-01
1.450568e-03,9.657974e-01,4.829001e-01
1.452568e-03,9.300482e-01,4.650255e-01
1.454568e-03,8.941524e-01,4.470775e-01
1.456568e-03,8.581155e-01,4.290590e-01
1.458568e-03,8.219432e-01,4.109728e-01
1.460568e-03,7.856413e-01,3.928218e-01
1.462568e-03,7.492154e-01,3.746088e-01
1.464568e-03,7.126713e-01,3.563367e-01
1.466568e-03,6.760148e-01,3.380084e-01
1.468568e-03,6.392517e-01,3.196268e-01
1.470568e-03,6.023877e-01,3.011948e-01
1.472568e-03,5.654287e-01,2.827152e-01
1.474568e-03,5.283805e-01,2.641910e-01
1.476568e-03,4.912490e-01,2.456252e-01
1.478568e-03,4.540399e-01,2.270206e-01
1.480568e-03,4.167592e-01,2.083802e-01
1.482568e-03,3.794128e-01,1.897070e-01
1.484568e-03,3.420065e-01,1.710038e-01
1.486568e-03,3.045463e-01,1.522736e-01
1.488568e-03,2.670381e-01,1.335194e-01
1.490568e-03,2.294877e-01,1.147442e-01
1.492568e-03,1.919011e-01,9.595083e-02
1.494568e-03,1.542842e-01,7.714234e-02
1.496568e-03,1.166430e-01,5.832168e-02
1.498568e-03,7.898340e-02,3.949182e-02
1.500568e-03,4.131133e-02,2.065573e-02
1.502568e-03,3.632751e-03,1.816381e-03
1.504568e-03,-3.404640e-02,-1.702325e-02
1.506568e-03,-7.172019e-02,-3.586020e-02
1.508568e-03,-1.093827e-01,-5.469149e-02
1.510568e-03,-1.470279e-01,-7.351416e-02
1.512568e-03,-1.846499e-01,-9.232522e-02
1.514568e-03,-2.222428e-01,-1.111217e-01
1.516568e-03,-2.598006e-01,-1.299007e-01
1.518568e-03,-2.973175e-01,-1.486592e-01
1.520568e-03,-3.347874e-01,-1.673942e-01
1.522568e-03,-3.722046e-01,-1.861028e-01
1.524568e-03,-4.095630e-01,-2.047821e-01
1.526568e-03,-4.468568e-01,-2.234291e-01
1.528568e-03,-4.840801e-01,-2.420408e-01
1.530568e-03,-5.212270e-01,-2.606143e-01
1.532568e-03,-5.582918e-01,-2.791467e-01
1.534568e-03,-5.952684e-01,-2.976351e-01
1.536568e-03,-6.321512e-01,-3.160765e-01
1.538568e-03,-6.689342e-01,-3.344681e-01
1.540568e-03,-7.056117e-01,-3.528069e-01
1.542568e-03,-7.421779e-01,-3.710901e-01
1.544568e-03,-7.786270e-01,-3.893147e-01
1.546568e-03,-8.149533e-01,-4.074779e-01
1.548568e-03,-8.511510e-01,-4.255768e-01
1.550568e-03,-8.872145e-01,-4.436086e-01
1.552568e-03,-9.231380e-01,-4.615704e-01
1.554568e-03,-9.589158e-01,-4.794594e-01
1.556568e-03,-9.945424e-01,-4.972727e-01
1.558568e-03,-1.030012e+00,-5.150076e-01
1.560568e-03,-1.065319e+00,-5.326613e-01
1.562568e-03,-1.100459e+00,-5.502309e-01
1.564568e-03,-1.135424e+00,-5.677137e-01
1.566568e-03,-1.170211e+00,-5.851070e-01
1.568568e-03,-1.204812e+00,-6.024080e-01
1.570568e-03,-1.239224e+00,-6.196139e-01
1.572568e-03,-1.273440e+00,-6.367221e-01
1.574568e-03,-1.307456e+00,-6.537299e-01
1.576568e-03,-1.341265e+00,-6.706345e-01
1.578568e-03,-1.374863e+00,-6.874334e-01
1.580568e-03,-1.408243e+00,-7.041238e-01
1.582568e-03,-1.441402e+00,-7.207031e-01
1.584568e-03,-1.474333e+00,-7.371687e-01
1.586568e-03,-1.507032e+00,-7.535180e-01
1.588568e-03,-1.539492e+00,-7.697485e-01
1.590568e-03,-1.571710e+00,-7.858575e-01
1.592568e-03,-1.603680e+00,-8.018426e-01
1.594568e-03,-1.635397e+00,-8.177012e-01
1.596568e-03,-1.666856e+00,-8.334307e-01
1.598568e-03,-1.698053e+00,-8.490289e-01
1.600568e-03,-1.728981e+00,-8.644930e-01
1.602568e-03,-1.759636e+00,-8.798208e-01
1.604568e-03,-1.790014e+00,-8.950098e-01
1.606568e-03,-1.820110e+00,-9.100576e-01
1.608568e-03,-1.849918e+00,-9.249619e-01
1.610568e-03,-1.879435e+00,-9.397202e-01
1.612568e-03,-1.908655e+00,-9.543303e-01
1.614568e-03,-1.937574e+00,-9.687899e-01
1.616568e-03,-1.966187e+00,-9.830966e-01
1.618568e-03,-1.994490e+00,-9.972482e-01
1.620568e-03,-2.022479e+00,-1.011243e+00
1.622568e-03,-2.050148e+00,-1.025077e+00
1.624568e-03,-2.077495e+00,-1.038750e+00
1.626568e-03,-2.104513e+00,-1.052260e+00
1.628568e-03,-2.131199e+00,-1.065603e+00
1.630568e-03,-2.157549e+00,-1.078778e+00
1.632568e-03,-2.183559e+00,-1.091783e+00
1.634568e-03,-2.209225e+00,-1.104616e+00
1.636568e-03,-2.234541e+00,-1.117274e+00
1.638568e-03,-2.259506e+00,-1.129756e+00
1.640568e-03,-2.284114e+00,-1.142060e+00
1.642568e-03,-2.308361e+00,-1.154184e+00
1.644568e-03,-2.332245e+00,-1.166126e+00
1.646568e-03,-2.355760e+00,-1.177884e+00
1.648568e-03,-2.378904e+00,-1.189456e+00
1.650568e-03,-2.401673e+00,-1.200840e+00
1.652568e-03,-2.424062e+00,-1.212035e+00
1.654568e-03,-2.446070e+00,-1.223039e+00
1.656568e-03,-2.467691e+00,-1.233849e+00
1.658568e-03,-2.488923e+00,-1.244465e+00
1.660568e-03,-2.509763e+00,-1.254885e+00
1.662568e-03,-2.530207e+00,-1.265107e+00
1.664568e-03,-2.550251e+00,-1.275129e+00
1.666568e-03,-2.569893e+00,-1.284951e+00
1.668568e-03,-2.589130e+00,-1.294569e+00
1.670568e-03,-2.607958e+00,-1.303983e+00
1.672568e-03,-2.626375e+00,-1.313192e+00
1.674568e-03,-2.644378e+00,-1.322193e+00
1.676568e-03,-2.661964e+00,-1.330986e+00
1.678568e-03,-2.679129e+00,-1.339569e+00
1.680568e-03,-2.695872e+00,-1.347940e+00
1.682568e-03,-2.712190e+00,-1.356099e+00
1.684568e-03,-2.728079e+00,-1.364044e+00
1.686568e-03,-2.743539e+00,-1.371773e+00
1.688568e-03,-2.758565e+00,-1.379287e+00
1.690568e-03,-2.773157e+00,-1.386583e+00
1.692568e-03,-2.787311e+00,-1.393660e+00
1.694568e-03,-2.801025e+00,-1.400517e+00
1.696568e-03,-2.814297e+00,-1.407153e+00
1.698568e-03,-2.827126e+00,-1.413567e+00
1.700568e-03,-2.839508e+00,-1.419758e+00
1.702568e-03,-2.851443e+00,-1.425726e+00
1.704568e-03,-2.862928e+00,-1.431468e+00
1.706568e-03,-2.873961e+00,-1.436985e+00
1.708568e-03,-2.884540e+00,-1.442275e+00
1.710568e-03,-2.894665e+00,-1.447337e+00
1.712568e-03,-2.904333e+00,-1.452171e+00
1.714568e-03,-2.913543e+00,-1.456776e+00
1.716568e-03,-2.922293e+00,-1.461151e+00
1.718568e-03,-2.930583e+00,-1.465296e+00
1.720568e-03,-2.938409e+00,-1.469209e+00
1.722568e-03,-2.945773e+00,-1.472891e+00
1.724568e-03,-2.952672e+00,-1.476340e+00
1.726568e-03,-2.959105e+00,-1.479557e+00
1.728568e-03,-2.965071e+00,-1.482540e+00
1.730568e-03,-2.970569e+00,-1.485289e+00
1.732568e-03,-2.975599e+00,-1.487804e+00
1.734568e-03,-2.980159e+00,-1.490084e+00
1.736568e-03,-2.984249e+00,-1.492129e+00
1.738568e-03,-2.987869e+00,-1.493939e+00
1.740568e-03,-2.991017e+00,-1.495513e+00
1.742568e-03,-2.993693e+00,-1.496851e+00
1.744568e-03,-2.995897e+00,-1.497953e+00
1.746568e-03,-2.997629e+00,-1.498819e+00
1.748568e-03,-2.998887e+00,-1.499448e+00
1.750568e-03,-2.999673e+00,-1.499841e+00
1.752568e-03,-2.999985e+00,-1.499997e+00
1.754568e-03,-2.999824e+00,-1.499916e+00
1.756568e-03,-2.999190e+00,-1.499599e+00
1.758568e-03,-2.998082e+00,-1.499046e+00
1.760568e-03,-2.996502e+00,-1.498256e+00
1.762568e-03,-2.994449e+00,-1.497229e+00
1.764568e-03,-2.991924e+00,-1.495966e+00
1.766568e-03,-2.988926e+00,-1.494468e+00
1.768568e-03,-2.985457e+00,-1.492733e+00
1.770568e-03,-2.981518e+00,-1.490763e+00
1.772568e-03,-2.977107e+00,-1.488558e+00
1.774568e-03,-2.972228e+00,-1.486118e+00
1.776568e-03,-2.966879e+00,-1.483444e+00
1.778568e-03,-2.961062e+00,-1.480536e+00
1.780568e-03,-2.954778e+00,-1.477394e+00
1.782568e-03,-2.948028e+00,-1.474019e+00
1.784568e-03,-2.940813e+00,-1.470411e+00
1.786568e-03,-2.933135e+00,-1.466572e+00
1.788568e-03,-2.924993e+00,-1.462501e+00
1.790568e-03,-2.916390e+00,-1.458199e+00
1.792568e-03,-2.907327e+00,-1.453668e+00
1.794568e-03,-2.897805e+00,-1.448907e+00
1.796568e-03,-2.887826e+00,-1.443917e+00
1.798568e-03,-2.877392e+00,-1.438700e+00
1.800568e-03,-2.866503e+00,-1.433256e+00
1.802568e-03,-2.855163e+00,-1.427586e+00
1.804568e-03,-2.843372e+00,-1.421690e+00
1.806568e-03,-2.831132e+00,-1.415570e+00
1.808568e-03,-2.818446e+00,-1.409227e+00
1.810568e-03,-2.805315e+00,-1.402662e+00
1.812568e-03,-2.791742e+00,-1.395875e+00
1.814568e-03,-2.777728e+00,-1.388868e+00
1.816568e-03,-2.763277e+00,-1.381642e+00
1.818568e-03,-2.748389e+00,-1.374199e+00
1.820568e-03,-2.733067e+00,-1.366538e+00
1.822568e-03,-2.717315e+00,-1.358662e+00
1.824568e-03,-2.701134e+00,-1.350571e+00
1.826568e-03,-2.684527e+00,-1.342267e+00
1.828568e-03,-2.667496e+00,-1.333752e+00
1.830568e-03,-2.650044e+00,-1.325026e+00
1.832568e-03,-2.632175e+00,-1.316091e+00
1.834568e-03,-2.613890e+00,-1.306949e+00
1.836568e-03,-2.595193e+00,-1.297600e+00
1.838568e-03,-2.576086e+00,-1.288047e+00
1.840568e-03,-2.556573e+00,-1.278290e+00
1.842568e-03,-2.536657e+00,-1.268332e+00
1.844568e-03,-2.516341e+00,-1.258174e+00
1.846568e-03,-2.495627e+00,-1.247817e+00
1.848568e-03,-2.474520e+00,-1.237264e+00
1.850568e-03,-2.453023e+00,-1.226515e+00
1.852568e-03,-2.431138e+00,-1.215573e+00
1.854568e-03,-2.408870e+00,-1.204439e+00
1.856568e-03,-2.386222e+00,-1.193115e+00
1.858568e-03,-2.363198e+00,-1.181603e+00
1.860568e-03,-2.339801e+00,-1.169904e+00
1.862568e-03,-2.316035e+00,-1.158021e+00
1.864568e-03,-2.291903e+00,-1.145955e+00
1.866568e-03,-2.267410e+00,-1.133708e+00
1.868568e-03,-2.242559e+00,-1.121283e+00
1.870568e-03,-2.217355e+00,-1.108681e+00
1.872568e-03,-2.191800e+00,-1.095903e+00
1.874568e-03,-2.165900e+00,-1.082953e+00
1.876568e-03,-2.139658e+00,-1.069832e+00
1.878568e-03,-2.113079e+00,-1.056543e+00
1.880568e-03,-2.086166e+00,-1.043086e+00
1.882568e-03,-2.058924e+00,-1.029465e+00
1.884568e-03,-2.031358e+00,-1.015682e+00
1.886568e-03,-2.003471e+00,-1.001738e+00
1.888568e-03,-1.975268e+00,-9.876368e-01
1.890568e-03,-1.946753e+00,-9.733794e-01
1.892568e-03,-1.917931e+00,-9.589684e-01
1.894568e-03,-1.888807e+00,-9.444062e-01
1.896568e-03,-1.859384e+00,-9.296950e-01
1.898568e-03,-1.829669e+00,-9.148371e-01
1.900568e-03,-1.799664e+00,-8.998350e-01
1.902568e-03,-1.769376e+00,-8.846908e-01
1.904568e-03,-1.738809e+00,-8.694071e-01
1.906568e-03,-1.707967e+00,-8.539863e-01
1.908568e-03,-1.676856e+00,-8.384307e-01
1.910568e-03,-1.645481e+00,-8.227429e-01
1.912568e-03,-1.613846e+00,-8.069253e-01
1.914568e-03,-1.581956e+00,-7.909804e-01
1.916568e-03,-1.549817e+00,-7.749107e-01
1.918568e-03,-1.517433e+00,-7.587187e-01
1.920568e-03,-1.484810e+00,-7.424071e-01
1.922568e-03,-1.451952e+00,-7.259784e-01
1.924568e-03,-1.418866e+00,-7.094351e-01
1.926568e-03,-1.385556e+00,-6.927800e-01
1.928568e-03,-1.352027e+00,-6.760155e-01
1.930568e-03,-1.318285e+00,-6.591444e-01
1.932568e-03,-1.284335e+00,-6.421693e-01
1.934568e-03,-1.250182e+00,-6.250929e-01
1.936568e-03,-1.215832e+00,-6.079179e-01
1.938568e-03,-1.181290e+00,-5.906470e-01
1.940568e-03,-1.146562e+00,-5.732829e-01
1.942568e-03,-1.111654e+00,-5.558284e-01
1.944568e-03,-1.076569e+00,-5.382862e-01
1.946568e-03,-1.041315e+00,-5.206591e-01
1.948568e-03,-1.005897e+00,-5.029499e-01
1.950568e-03,-9.703197e-01,-4.851613e-01
1.952568e-03,-9.345896e-01,-4.672962e-01
1.954568e-03,-8.987120e-01,-4.493574e-01
1.956568e-03,-8.626927e-01,-4.313476e-01
1.958568e-03,-8.265373e-01,-4.132699e-01
1.960568e-03,-7.902515e-01,-3.951269e-01
1.962568e-03,-7.538410e-01,-3.769216e-01
1.964568e-03,-7.173116e-01,-3.586569e-01
1.966568e-03,-6.806690e-01,-3.403355e-01
1.968568e-03,-6.439191e-01,-3.219605e-01
1.970568e-03,-6.070676e-01,-3.035347e-01
1.972568e-03,-5.701203e-01,-2.850610e-01
1.974568e-03,-5.330831e-01,-2.665423e-01
1.976568e-03,-4.959618e-01,-2.479816e-01
1.978568e-03,-4.587622e-01,-2.293818e-01
1.980568e-03,-4.214903e-01,-2.107458e-01
1.982568e-03,-3.841519e-01,-1.920765e-01
1.984568e-03,-3.467529e-01,-1.733770e-01
1.986568e-03,-3.092992e-01,-1.546501e-01
1.988568e-03,-2.717967e-01,-1.358988e-01
1.990568e-03,-2.342513e-01,-1.171260e-01
1.992568e-03,-1.966690e-01,-9.833479e-02
1.994568e-03,-1.590556e-01,-7.952806e-02
1.996568e-03,-1.214172e-01,-6.070878e-02
1.998568e-03,-8.375959e-02,-4.187992e-02
2.000568e-03,-4.608877e-02,-2.304445e-02
2.002568e-03,-8.410687e-03,-4.205356e-03
2.004568e-03,2.926872e-02,1.463441e-02
2.006568e-03,6.694352e-02,3.347186e-02
2.008568e-03,1.046078e-01,5.230403e-02
2.010568e-03,1.422555e-01,7.112796e-02
2.012568e-03,1.798808e-01,8.994066e-02
2.014568e-03,2.174777e-01,1.087392e-01
2.016568e-03,2.550403e-01,1.275205e-01
2.018568e-03,2.925627e-01,1.462818e-01
2.020568e-03,3.300389e-01,1.650199e-01
2.022568e-03,3.674631e-01,1.837321e-01
2.024568e-03,4.048292e-01,2.024152e-01
2.026568e-03,4.421316e-01,2.210664e-01
2.028568e-03,4.793641e-01,2.396828e-01
2.030568e-03,5.165211e-01,2.582613e-01
2.032568e-03,5.535966e-01,2.767991e-01
2.034568e-03,5.905847e-01,2.952933e-01
2.036568e-03,6.274797e-01,3.137408e-01
2.038568e-03,6.642757e-01,3.321389e-01
2.040568e-03,7.009669e-01,3.504845e-01
2.042568e-03,7.375475e-01,3.687749e-01
2.044568e-03,7.740118e-01,3.870071e-01
2.046568e-03,8.103540e-01,4.051782e-01
2.048568e-03,8.465683e-01,4.232854e-01
2.050568e-03,8.826491e-01,4.413259e-01
2.052568e-03,9.185907e-01,4.592967e-01
2.054568e-03,9.543873e-01,4.771951e-01
2.056568e-03,9.900334e-01,4.950182e-01
2.058568e-03,1.025523e+00,5.127632e-01
2.060568e-03,1.060851e+00,5.304273e-01
2.062568e-03,1.096012e+00,5.480078e-01
2.064568e-03,1.131000e+00,5.655018e-01
2.066568e-03,1.165810e+00,5.829065e-01
2.068568e-03,1.200435e+00,6.002194e-01
2.070568e-03,1.234871e+00,6.174375e-01
2.072568e-03,1.269113e+00,6.345583e-01
2.074568e-03,1.303154e+00,6.515789e-01
2.076568e-03,1.336990e+00,6.684968e-01
2.078568e-03,1.370614e+00,6.853092e-01
2.080568e-03,1.404023e+00,7.020134e-01
2.082568e-03,1.437210e+00,7.186070e-01
2.084568e-03,1.470170e+00,7.350872e-01
2.086568e-03,1.502898e+00,7.514514e-01
2.088568e-03,1.535390e+00,7.676971e-01
2.090568e-03,1.567639e+00,7.838217e-01
2.092568e-03,1.599640e+00,7.998226e-01
2.094568e-03,1.631390e+00,8.156973e-01
2.096568e-03,1.662882e+00,8.314434e-01
2.098568e-03,1.694112e+00,8.470583e-01
2.100568e-03,1.725074e+00,8.625396e-01
2.102568e-03,1.755764e+00,8.778848e-01
2.104568e-03,1.786178e+00,8.930916e-01
2.106568e-03,1.816309e+00,9.081574e-01
2.108568e-03,1.846154e+00,9.230800e-01
2.110568e-03,1.875708e+00,9.378570e-01
2.112568e-03,1.904966e+00,9.524860e-01
2.114568e-03,1.933924e+00,9.669647e-01
2.116568e-03,1.962576e+00,9.812910e-01
2.118568e-03,1.990919e+00,9.954624e-01
2.120568e-03,2.018947e+00,1.009477e+00
2.122568e-03,2.046658e+00,1.023332e+00
2.124568e-03,2.074045e+00,1.037026e+00
2.126568e-03,2.101105e+00,1.050556e+00
2.128568e-03,2.127834e+00,1.063920e+00
2.130568e-03,2.154227e+00,1.077117e+00
2.132568e-03,2.180280e+00,1.090143e+00
2.134568e-03,2.205989e+00,1.102998e+00
2.136568e-03,2.231351e+00,1.115679e+00
2.138568e-03,2.256360e+00,1.128183e+00
2.140568e-03,2.281013e+00,1.140510e+00
2.142568e-03,2.305307e+00,1.152657e+00
2.144568e-03,2.329236e+00,1.164622e+00
2.146568e-03,2.352799e+00,1.176403e+00
2.148568e-03,2.375990e+00,1.187999e+00
2.150568e-03,2.398806e+00,1.199407e+00
2.152568e-03,2.421244e+00,1.210626e+00
2.154568e-03,2.443300e+00,1.221654e+00
2.156568e-03,2.464971e+00,1.232489e+00
2.158568e-03,2.486253e+00,1.243130e+00
2.160568e-03,2.507142e+00,1.253575e+00
2.162568e-03,2.527636e+00,1.263822e+00
2.164568e-03,2.547732e+00,1.273870e+00
2.166568e-03,2.567425e+00,1.283716e+00
2.168568e-03,2.586713e+00,1.293361e+00
2.170568e-03,2.605594e+00,1.302801e+00
2.172568e-03,2.624063e+00,1.312035e+00
2.174568e-03,2.642118e+00,1.321063e+00
2.176568e-03,2.659757e+00,1.329882e+00
2.178568e-03,2.676976e+00,1.338492e+00
2.180568e-03,2.693772e+00,1.346890e+00
2.182568e-03,2.710144e+00,1.355076e+00
2.184568e-03,2.726088e+00,1.363048e+00
2.186568e-03,2.741602e+00,1.370805e+00
2.188568e-03,2.756684e+00,1.378346e+00
2.190568e-03,2.771331e+00,1.385670e+00
2.192568e-03,2.785540e+00,1.392774e+00
2.194568e-03,2.799310e+00,1.399659e+00
2.196568e-03,2.812639e+00,1.406324e+00
2.198568e-03,2.825524e+00,1.412766e+00
2.200568e-03,2.837963e+00,1.418986e+00
2.202568e-03,2.849954e+00,1.424982e+00
2.204568e-03,2.861496e+00,1.430752e+00
2.206568e-03,2.872587e+00,1.436298e+00
2.208568e-03,2.883224e+00,1.441616e+00
2.210568e-03,2.893407e+00,1.446708e+00
2.212568e-03,2.903133e+00,1.451571e+00
2.214568e-03,2.912401e+00,1.456205e+00
2.216568e-03,2.921209e+00,1.460609e+00
2.218568e-03,2.929557e+00,1.464783e+00
2.220568e-03,2.937443e+00,1.468726e+00
2.222568e-03,2.944865e+00,1.472437e+00
2.224568e-03,2.951823e+00,1.475916e+00
2.226568e-03,2.958315e+00,1.479162e+00
2.228568e-03,2.964340e+00,1.482174e+00
2.230568e-03,2.969898e+00,1.484953e+00
2.232568e-03,2.974987e+00,1.487498e+00
2.234568e-03,2.979607e+00,1.489808e+00
2.236568e-03,2.983757e+00,1.491883e+00
2.238568e-03,2.987436e+00,1.493722e+00
2.240568e-03,2.990644e+00,1.495326e+00
2.242568e-03,2.993380e+00,1.496695e+00
2.244568e-03,2.995644e+00,1.497826e+00
2.246568e-03,2.997435e+00,1.498722e+00
2.248568e-03,2.998754e+00,1.499381e+00
2.250568e-03,2.999599e+00,1.499804e+00
2.252568e-03,2.999972e+00,1.499990e+00
2.254568e-03,2.999871e+00,1.499940e+00
2.256568e-03,2.999296e+00,1.499653e+00
2.258568e-03,2.998249e+00,1.499129e+00
2.260568e-03,2.996729e+00,1.498369e+00
2.262568e-03,2.994736e+00,1.497372e+00
2.264568e-03,2.992270e+00,1.496140e+00
2.266568e-03,2.989333e+00,1.494671e+00
2.268568e-03,2.985923e+00,1.492966e+00
2.270568e-03,2.982043e+00,1.491026e+00
2.272568e-03,2.977693e+00,1.488851e+00
2.274568e-03,2.972872e+00,1.486441e+00
2.276568e-03,2.967583e+00,1.483796e+00
2.278568e-03,2.961826e+00,1.480917e+00
2.280568e-03,2.955601e+00,1.477805e+00
2.282568e-03,2.948910e+00,1.474460e+00
2.284568e-03,2.941754e+00,1.470881e+00
2.286568e-03,2.934134e+00,1.467071e+00
2.288568e-03,2.926051e+00,1.463030e+00
2.290568e-03,2.917506e+00,1.458758e+00
2.292568e-03,2.908501e+00,1.454255e+00
2.294568e-03,2.899038e+00,1.449523e+00
2.296568e-03,2.889117e+00,1.444563e+00
2.298568e-03,2.878740e+00,1.439374e+00
2.300568e-03,2.867909e+00,1.433959e+00
2.302568e-03,2.856626e+00,1.428317e+00
2.304568e-03,2.844892e+00,1.422450e+00
2.306568e-03,2.832709e+00,1.416359e+00
2.308568e-03,2.820079e+00,1.410044e+00
2.310568e-03,2.807005e+00,1.403507e+00
2.312568e-03,2.793488e+00,1.396748e+00
2.314568e-03,2.779530e+00,1.389769e+00
2.316568e-03,2.765133e+00,1.382571e+00
2.318568e-03,2.750301e+00,1.375154e+00
2.320568e-03,2.735034e+00,1.367521e+00
2.322568e-03,2.719336e+00,1.359672e+00
2.324568e-03,2.703209e+00,1.351609e+00
2.326568e-03,2.686656e+00,1.343332e+00
2.328568e-03,2.669679e+00,1.334843e+00
2.330568e-03,2.652280e+00,1.326144e+00
2.332568e-03,2.634464e+00,1.317236e+00
2.334568e-03,2.616231e+00,1.308120e+00
2.336568e-03,2.597586e+00,1.298797e+00
2.338568e-03,2.578531e+00,1.289270e+00
2.340568e-03,2.559070e+00,1.279539e+00
2.342568e-03,2.539205e+00,1.269606e+00
2.344568e-03,2.518939e+00,1.259473e+00
2.346568e-03,2.498276e+00,1.249142e+00
2.348568e-03,2.477218e+00,1.238613e+00
2.350568e-03,2.455770e+00,1.227889e+00
2.352568e-03,2.433935e+00,1.216971e+00
2.354568e-03,2.411715e+00,1.205861e+00
2.356568e-03,2.389115e+00,1.194561e+00
2.358568e-03,2.366138e+00,1.183073e+00
2.360568e-03,2.342788e+00,1.171398e+00
2.362568e-03,2.319069e+00,1.159538e+00
2.364568e-03,2.294983e+00,1.147495e+00
2.366568e-03,2.270536e+00,1.135271e+00
2.368568e-03,2.245730e+00,1.122868e+00
2.370568e-03,2.220570e+00,1.110288e+00
2.372568e-03,2.195060e+00,1.097533e+00
2.374568e-03,2.169203e+00,1.084605e+00
2.376568e-03,2.143005e+00,1.071505e+00
2.378568e-03,2.116468e+00,1.058237e+00
2.380568e-03,2.089597e+00,1.044802e+00
2.382568e-03,2.062397e+00,1.031201e+00
2.384568e-03,2.034871e+00,1.017439e+00
2.386568e-03,2.007024e+00,1.003515e+00
2.388568e-03,1.978861e+00,9.894336e-01
2.390568e-03,1.950386e+00,9.751958e-01
2.392568e-03,1.921603e+00,9.608042e-01
2.394568e-03,1.892516e+00,9.462610e-01
2.396568e-03,1.863132e+00,9.315686e-01
2.398568e-03,1.833453e+00,9.167292e-01
2.400568e-03,1.803485e+00,9.017452e-01
2.402568e-03,1.773233e+00,8.866189e-01
2.404568e-03,1.742700e+00,8.713528e-01
2.406568e-03,1.711893e+00,8.559492e-01
2.408568e-03,1.680816e+00,8.404106e-01
2.410568e-03,1.649474e+00,8.247394e-01
2.412568e-03,1.617871e+00,8.089381e-01
2.414568e-03,1.586014e+00,7.930092e-01
2.416568e-03,1.553906e+00,7.769552e-01
2.418568e-03,1.521553e+00,7.607786e-01
2.420568e-03,1.488960e+00,7.444820e-01
2.422568e-03,1.456132e+00,7.280680e-01
2.424568e-03,1.423074e+00,7.115391e-01
2.426568e-03,1.389792e+00,6.948980e-01
2.428568e-03,1.356290e+00,6.781472e-01
2.430568e-03,1.322575e+00,6.612895e-01
2.432568e-03,1.288651e+00,6.443275e-01
2.434568e-03,1.254524e+00,6.272638e-01
2.436568e-03,1.220199e+00,6.101011e-01
2.438568e-03,1.185681e+00,5.928423e-01
2.440568e-03,1.150976e+00,5.754898e-01
2.442568e-03,1.116090e+00,5.580466e-01
2.444568e-03,1.081028e+00,5.405154e-01
2.446568e-03,1.045795e+00,5.228989e-01
2.448568e-03,1.010397e+00,5.051999e-01
2.450568e-03,9.748396e-01,4.874213e-01
2.452568e-03,9.391286e-01,4.695657e-01
2.454568e-03,9.032694e-01,4.516361e-01
2.456568e-03,8.672677e-01,4.336352e-01
2.458568e-03,8.311292e-01,4.155659e-01
2.460568e-03,7.948596e-01,3.974310e-01
2.462568e-03,7.584647e-01,3.792335e-01
2.464568e-03,7.219500e-01,3.609761e-01
2.466568e-03,6.853215e-01,3.426618e-01
2.468568e-03,6.485849e-01,3.242934e-01
2.470568e-03,6.117459e-01,3.058739e-01
2.472568e-03,5.748105e-01,2.874061e-01
2.474568e-03,5.377843e-01,2.688930e-01
2.476568e-03,5.006734e-01,2.503374e-01
2.478568e-03,4.634834e-01,2.317424e-01
2.480568e-03,4.262203e-01,2.131108e-01
2.482568e-03,3.888900e-01,1.944456e-01
2.484568e-03,3.514984e-01,1.757497e-01
2.486568e-03,3.140513e-01,1.570261e-01
2.488568e-03,2.765546e-01,1.382777e-01
2.490568e-03,2.390144e-01,1.195075e-01
2.492568e-03,2.014364e-01,1.007185e-01
2.494568e-03,1.638267e-01,8.191357e-02
2.496568e-03,1.261911e-01,6.309572e-02
2.498568e-03,8.853556e-02,4.426791e-02
2.500568e-03,5.086609e-02,2.543312e-02
2.502568e-03,1.318860e-02,6.594321e-03
2.504568e-03,-2.449097e-02,-1.224552e-02
2.506568e-03,-6.216668e-02,-3.108343e-02
2.508568e-03,-9.983258e-02,-4.991644e-02
2.510568e-03,-1.374827e-01,-6.874157e-02
2.512568e-03,-1.751112e-01,-8.755586e-02
2.514568e-03,-2.127120e-01,-1.063563e-01
2.516568e-03,-2.502793e-01,-1.251400e-01
2.518568e-03,-2.878071e-01,-1.439040e-01
2.520568e-03,-3.252895e-01,-1.626453e-01
2.522568e-03,-3.627206e-01,-1.813609e-01
2.524568e-03,-4.000945e-01,-2.000478e-01
2.526568e-03,-4.374052e-01,-2.187033e-01
2.528568e-03,-4.746470e-01,-2.373242e-01
2.530568e-03,-5.118139e-01,-2.559077e-01
2.532568e-03,-5.489000e-01,-2.744508e-01
2.534568e-03,-5.858995e-01,-2.929506e-01
2.536568e-03,-6.228067e-01,-3.114043e-01
2.538568e-03,-6.596155e-01,-3.298088e-01
2.540568e-03,-6.963203e-01,-3.481612e-01
2.542568e-03,-7.329153e-01,-3.664588e-01
2.544568e-03,-7.693947e-01,-3.846985e-01
2.546568e-03,-8.057526e-01,-4.028775e-01
2.548568e-03,-8.419835e-01,-4.209930e-01
2.550568e-03,-8.780815e-01,-4.390421e-01
2.552568e-03,-9.140411e-01,-4.570219e-01
2.554568e-03,-9.498564e-01,-4.749296e-01
2.556568e-03,-9.855219e-01,-4.927624e-01
2.558568e-03,-1.021032e+00,-5.105175e-01
2.560568e-03,-1.056381e+00,-5.281920e-01
2.562568e-03,-1.091563e+00,-5.457832e-01
2.564568e-03,-1.126573e+00,-5.632883e-01
2.566568e-03,-1.161406e+00,-5.807046e-01
2.568568e-03,-1.196055e+00,-5.980292e-01
2.570568e-03,-1.230515e+00,-6.152595e-01
2.572568e-03,-1.264782e+00,-6.323928e-01
2.574568e-03,-1.298849e+00,-6.494263e-01
2.576568e-03,-1.332711e+00,-6.663573e-01
2.578568e-03,-1.366362e+00,-6.831832e-01
2.580568e-03,-1.399799e+00,-6.999014e-01
2.582568e-03,-1.433014e+00,-7.165091e-01
2.584568e-03,-1.466003e+00,-7.330038e-01
2.586568e-03,-1.498761e+00,-7.493829e-01
2.588568e-03,-1.531283e+00,-7.656437e-01
2.590568e-03,-1.563563e+00,-7.817838e-01
2.592568e-03,-1.595596e+00,-7.978005e-01
2.594568e-03,-1.627378e+00,-8.136914e-01
2.596568e-03,-1.658903e+00,-8.294540e-01
2.598568e-03,-1.690166e+00,-8.450856e-01
2.600568e-03,-1.721163e+00,-8.605840e-01
2.602568e-03,-1.751888e+00,-8.759466e-01
2.604568e-03,-1.782337e+00,-8.911710e-01
2.606568e-03,-1.812504e+00,-9.062549e-01
2.608568e-03,-1.842386e+00,-9.211958e-01
2.610568e-03,-1.871977e+00,-9.359913e-01
2.612568e-03,-1.901273e+00,-9.506392e-01
2.614568e-03,-1.930269e+00,-9.651372e-01
2.616568e-03,-1.958960e+00,-9.794829e-01
2.618568e-03,-1.987342e+00,-9.936741e-01
2.620568e-03,-2.015411e+00,-1.007708e+00
2.622568e-03,-2.043162e+00,-1.021584e+00
2.624568e-03,-2.070590e+00,-1.035298e+00
2.626568e-03,-2.097692e+00,-1.048849e+00
2.628568e-03,-2.124463e+00,-1.062235e+00
2.630568e-03,-2.150899e+00,-1.075453e+00
2.632568e-03,-2.176995e+00,-1.088501e+00
2.634568e-03,-2.202749e+00,-1.101378e+00
2.636568e-03,-2.228154e+00,-1.114080e+00
2.638568e-03,-2.253208e+00,-1.126607e+00
2.640568e-03,-2.277907e+00,-1.138957e+00
2.642568e-03,-2.302246e+00,-1.151127e+00
2.644568e-03,-2.326222e+00,-1.163115e+00
2.646568e-03,-2.349832e+00,-1.174919e+00
2.648568e-03,-2.373070e+00,-1.186539e+00
2.650568e-03,-2.395934e+00,-1.197971e+00
2.652568e-03,-2.418420e+00,-1.209214e+00
2.654568e-03,-2.440525e+00,-1.220266e+00
2.656568e-03,-2.462245e+00,-1.231126e+00
2.658568e-03,-2.483576e+00,-1.241792e+00
2.660568e-03,-2.504515e+00,-1.252261e+00
2.662568e-03,-2.525060e+00,-1.262534e+00
2.664568e-03,-2.545206e+00,-1.272607e+00
2.666568e-03,-2.564950e+00,-1.282479e+00
2.668568e-03,-2.584290e+00,-1.292149e+00
2.670568e-03,-2.603222e+00,-1.301615e+00
2.672568e-03,-2.621744e+00,-1.310876e+00
2.674568e-03,-2.639852e+00,-1.319930e+00
2.676568e-03,-2.657543e+00,-1.328776e+00
2.678568e-03,-2.674816e+00,-1.337412e+00
2.680568e-03,-2.691666e+00,-1.345837e+00
2.682568e-03,-2.708092e+00,-1.354050e+00
2.684568e-03,-2.724090e+00,-1.362049e+00
2.686568e-03,-2.739659e+00,-1.369834e+00
2.688568e-03,-2.754796e+00,-1.377402e+00
2.690568e-03,-2.769498e+00,-1.384753e+00
2.692568e-03,-2.783763e+00,-1.391886e+00
2.694568e-03,-2.797589e+00,-1.398799e+00
2.696568e-03,-2.810973e+00,-1.405491e+00
2.698568e-03,-2.823915e+00,-1.411962e+00
2.700568e-03,-2.836410e+00,-1.418209e+00
2.702568e-03,-2.848459e+00,-1.424234e+00
2.704568e-03,-2.860058e+00,-1.430033e+00
2.706568e-03,-2.871206e+00,-1.435607e+00
2.708568e-03,-2.881900e+00,-1.440955e+00
2.710568e-03,-2.892141e+00,-1.446075e+00
2.712568e-03,-2.901925e+00,-1.450967e+00
2.714568e-03,-2.911251e+00,-1.455630e+00
2.716568e-03,-2.920118e+00,-1.460063e+00
2.718568e-03,-2.928524e+00,-1.464266e+00
2.720568e-03,-2.936468e+00,-1.468239e+00
2.722568e-03,-2.943949e+00,-1.471979e+00
2.724568e-03,-2.950966e+00,-1.475487e+00
2.726568e-03,-2.957517e+00,-1.478763e+00
2.728568e-03,-2.963602e+00,-1.481805e+00
2.730568e-03,-2.969219e+00,-1.484614e+00
2.732568e-03,-2.974368e+00,-1.487188e+00
2.734568e-03,-2.979047e+00,-1.489528e+00
2.736568e-03,-2.983257e+00,-1.491633e+00
2.738568e-03,-2.986996e+00,-1.493502e+00
2.740568e-03,-2.990263e+00,-1.495136e+00
2.742568e-03,-2.993059e+00,-1.496534e+00
2.744568e-03,-2.995383e+00,-1.497696e+00
2.746568e-03,-2.997234e+00,-1.498622e+00
2.748568e-03,-2.998613e+00,-1.499311e+00
2.750568e-03,-2.999518e+00,-1.499764e+00
2.752568e-03,-2.999951e+00,-1.499980e+00
2.754568e-03,-2.999910e+00,-1.499959e+00
2.756568e-03,-2.999395e+00,-1.499702e+00
2.758568e-03,-2.998408e+00,-1.499208e+00
2.760568e-03,-2.996948e+00,-1.498478e+00
2.762568e-03,-2.995014e+00,-1.497512e+00
2.764568e-03,-2.992609e+00,-1.496309e+00
2.766568e-03,-2.989731e+00,-1.494870e+00
2.768568e-03,-2.986382e+00,-1.493195e+00
2.770568e-03,-2.982561e+00,-1.491285e+00
2.772568e-03,-2.978270e+00,-1.489140e+00
2.774568e-03,-2.973510e+00,-1.486759e+00
2.776568e-03,-2.968280e+00,-1.484144e+00
2.778568e-03,-2.962582e+00,-1.481295e+00
2.780568e-03,-2.956416e+00,-1.478213e+00
2.782568e-03,-2.949784e+00,-1.474897e+00
2.784568e-03,-2.942687e+00,-1.471348e+00
2.786568e-03,-2.935126e+00,-1.467567e+00
2.788568e-03,-2.927101e+00,-1.463555e+00
2.790568e-03,-2.918615e+00,-1.459312e+00
2.792568e-03,-2.909669e+00,-1.454839e+00
2.794568e-03,-2.900263e+00,-1.450136e+00
2.796568e-03,-2.890400e+00,-1.445204e+00
2.798568e-03,-2.880081e+00,-1.440045e+00
2.800568e-03,-2.869308e+00,-1.434658e+00
2.802568e-03,-2.858081e+00,-1.429045e+00
2.804568e-03,-2.846405e+00,-1.423207e+00
2.806568e-03,-2.834279e+00,-1.417144e+00
2.808568e-03,-2.821706e+00,-1.410857e+00
2.810568e-03,-2.808687e+00,-1.404348e+00
2.812568e-03,-2.795226e+00,-1.397617e+00
2.814568e-03,-2.781324e+00,-1.390666e+00
2.816568e-03,-2.766983e+00,-1.383496e+00
2.818568e-03,-2.752206e+00,-1.376107e+00
2.820568e-03,-2.736994e+00,-1.368501e+00
2.822568e-03,-2.721351e+00,-1.360679e+00
2.824568e-03,-2.705278e+00,-1.352643e+00
2.826568e-03,-2.688778e+00,-1.344393e+00
2.828568e-03,-2.671855e+00,-1.335931e+00
2.830568e-03,-2.654510e+00,-1.327259e+00
2.832568e-03,-2.636746e+00,-1.318377e+00
2.834568e-03,-2.618566e+00,-1.309287e+00
2.836568e-03,-2.599973e+00,-1.299991e+00
2.838568e-03,-2.580970e+00,-1.290489e+00
2.840568e-03,-2.561560e+00,-1.280784e+00
2.842568e-03,-2.541746e+00,-1.270877e+00
2.844568e-03,-2.521531e+00,-1.260769e+00
2.846568e-03,-2.500918e+00,-1.250463e+00
2.848568e-03,-2.479910e+00,-1.239959e+00
2.850568e-03,-2.458511e+00,-1.229259e+00
2.852568e-03,-2.436725e+00,-1.218366e+00
2.854568e-03,-2.414554e+00,-1.207281e+00
2.856568e-03,-2.392002e+00,-1.196005e+00
2.858568e-03,-2.369073e+00,-1.184540e+00
2.860568e-03,-2.345770e+00,-1.172888e+00
2.862568e-03,-2.322097e+00,-1.161052e+00
2.864568e-03,-2.298058e+00,-1.149032e+00
2.866568e-03,-2.273656e+00,-1.136831e+00
2.868568e-03,-2.248895e+00,-1.124451e+00
2.870568e-03,-2.223780e+00,-1.111893e+00
2.872568e-03,-2.198314e+00,-1.099160e+00
2.874568e-03,-2.172501e+00,-1.086254e+00
2.876568e-03,-2.146345e+00,-1.073176e+00
2.878568e-03,-2.119851e+00,-1.059929e+00
2.880568e-03,-2.093023e+00,-1.046515e+00
2.882568e-03,-2.065864e+00,-1.032935e+00
2.884568e-03,-2.038379e+00,-1.019193e+00
2.886568e-03,-2.010573e+00,-1.005290e+00
2.888568e-03,-1.982450e+00,-9.912279e-01
2.890568e-03,-1.954014e+00,-9.770098e-01
2.892568e-03,-1.925269e+00,-9.626376e-01
2.894568e-03,-1.896221e+00,-9.481135e-01
2.896568e-03,-1.866874e+00,-9.334398e-01
2.898568e-03,-1.837232e+00,-9.186189e-01
2.900568e-03,-1.807301e+00,-9.036531e-01
2.902568e-03,-1.777084e+00,-8.885448e-01
2.904568e-03,-1.746587e+00,-8.732963e-01
2.906568e-03,-1.715815e+00,-8.579100e-01
2.908568e-03,-1.684772e+00,-8.423883e-01
2.910568e-03,-1.653463e+00,-8.267338e-01
2.912568e-03,-1.621893e+00,-8.109489e-01
2.914568e-03,-1.590067e+00,-7.950360e-01
2.916568e-03,-1.557991e+00,-7.789977e-01
2.918568e-03,-1.525669e+00,-7.628366e-01
2.920568e-03,-1.493106e+00,-7.465551e-01
2.922568e-03,-1.460307e+00,-7.301558e-01
2.924568e-03,-1.427278e+00,-7.136413e-01
2.926568e-03,-1.394024e+00,-6.970143e-01
2.928568e-03,-1.360550e+00,-6.802773e-01
2.930568e-03,-1.326862e+00,-6.634330e-01
2.932568e-03,-1.292964e+00,-6.464840e-01
2.934568e-03,-1.258862e+00,-6.294331e-01
2.936568e-03,-1.224562e+00,-6.122828e-01
2.938568e-03,-1.190068e+00,-5.950360e-01
2.940568e-03,-1.155387e+00,-5.776953e-01
2.942568e-03,-1.120524e+00,-5.602634e-01
2.944568e-03,-1.085483e+00,-5.427432e-01
2.946568e-03,-1.050272e+00,-5.251374e-01
2.948568e-03,-1.014894e+00,-5.074487e-01
2.950568e-03,-9.793570e-01,-4.896800e-01
2.952568e-03,-9.436652e-01,-4.718340e-01
2.954568e-03,-9.078245e-01,-4.539136e-01
2.956568e-03,-8.718406e-01,-4.359216e-01
2.958568e-03,-8.357191e-01,-4.178608e-01
2.960568e-03,-7.994658e-01,-3.997341e-01
2.962568e-03,-7.630864e-01,-3.815444e-01
2.964568e-03,-7.265866e-01,-3.632944e-01
2.966568e-03,-6.899722e-01,-3.449872e-01
2.968568e-03,-6.532490e-01,-3.266255e-01
2.970568e-03,-6.164227e-01,-3.082123e-01
2.972568e-03,-5.794991e-01,-2.897504e-01
2.974568e-03,-5.424842e-01,-2.712429e-01
2.976568e-03,-5.053837e-01,-2.526926e-01
2.978568e-03,-4.682034e-01,-2.341024e-01
2.980568e-03,-4.309493e-01,-2.154753e-01
2.982568e-03,-3.936272e-01,-1.968142e-01
2.984568e-03,-3.562430e-01,-1.781220e-01
2.986568e-03,-3.188026e-01,-1.594018e-01
2.988568e-03,-2.813119e-01,-1.406564e-01
2.990568e-03,-2.437768e-01,-1.218888e-01
2.992568e-03,-2.062033e-01,-1.031020e-01
2.994568e-03,-1.685973e-01,-8.429888e-02
2.996568e-03,-1.309646e-01,-6.548251e-02
2.998568e-03,-9.331131e-02,-4.665580e-02
3.000568e-03,-5.564329e-02,-2.782173e-02
3.002568e-03,-1.796648e-02,-8.983269e-03
3.004568e-03,1.971315e-02,9.856607e-03
3.006568e-03,5.738968e-02,2.869493e-02
3.008568e-03,9.505716e-02,4.752872e-02
3.010568e-03,1.327096e-01,6.635502e-02
3.012568e-03,1.703412e-01,8.517085e-02
3.014568e-03,2.079459e-01,1.039732e-01
3.016568e-03,2.455177e-01,1.227592e-01
3.018568e-03,2.830509e-01,1.415259e-01
3.020568e-03,3.205393e-01,1.602702e-01
3.022568e-03,3.579773e-01,1.789892e-01
3.024568e-03,3.953587e-01,1.976800e-01
3.026568e-03,4.326778e-01,2.163395e-01
3.028568e-03,4.699286e-01,2.349650e-01
3.030568e-03,5.071053e-01,2.535534e-01
3.032568e-03,5.442020e-01,2.721018e-01
3.034568e-03,5.812129e-01,2.906073e-01
3.036568e-03,6.181320e-01,3.090669e-01
3.038568e-03,6.549537e-01,3.274778e-01
3.040568e-03,6.916720e-01,3.458370e-01
3.042568e-03,7.282812e-01,3.641417e-01
3.044568e-03,7.647755e-01,3.823889e-01
3.046568e-03,8.011492e-01,4.005758e-01
3.048568e-03,8.373965e-01,4.186995e-01
3.050568e-03,8.735117e-01,4.367572e-01
3.052568e-03,9.094891e-01,4.547459e-01
3.054568e-03,9.453231e-01,4.726630e-01
3.056568e-03,9.810079e-01,4.905054e-01
3.058568e-03,1.016538e+00,5.082705e-01
3.060568e-03,1.051908e+00,5.259554e-01
3.062568e-03,1.087111e+00,5.435573e-01
3.064568e-03,1.122144e+00,5.610735e-01
3.066568e-03,1.156999e+00,5.785012e-01
3.068568e-03,1.191672e+00,5.958376e-01
3.070568e-03,1.226156e+00,6.130800e-01
3.072568e-03,1.260448e+00,6.302257e-01
3.074568e-03,1.294540e+00,6.472720e-01
3.076568e-03,1.328428e+00,6.642161e-01
3.078568e-03,1.362107e+00,6.810555e-01
3.080568e-03,1.395571e+00,6.977875e-01
3.082568e-03,1.428814e+00,7.144094e-01
3.084568e-03,1.461833e+00,7.309186e-01
3.086568e-03,1.494620e+00,7.473124e-01
3.088568e-03,1.527172e+00,7.635884e-01
3.090568e-03,1.559483e+00,7.797439e-01
3.092568e-03,1.591548e+00,7.957765e-01
3.094568e-03,1.623362e+00,8.116835e-01
3.096568e-03,1.654920e+00,8.274624e-01
3.098568e-03,1.686217e+00,8.431108e-01
3.100568e-03,1.717247e+00,8.586262e-01
3.102568e-03,1.748007e+00,8.740062e-01
3.104568e-03,1.778491e+00,8.892483e-01
3.106568e-03,1.808695e+00,9.043501e-01
3.108568e-03,1.838613e+00,9.193092e-01
3.110568e-03,1.868241e+00,9.341233e-01
3.112568e-03,1.897574e+00,9.487901e-01
3.114568e-03,1.926609e+00,9.633072e-01
3.116568e-03,1.955339e+00,9.776723e-01
3.118568e-03,1.983760e+00,9.918832e-01
3.120568e-03,2.011869e+00,1.005938e+00
3.122568e-03,2.039661e+00,1.019833e+00
3.124568e-03,2.067130e+00,1.033568e+00
3.126568e-03,2.094274e+00,1.047140e+00
3.128568e-03,2.121087e+00,1.060547e+00
3.130568e-03,2.147565e+00,1.073786e+00
3.132568e-03,2.173705e+00,1.086856e+00
3.134568e-03,2.199502e+00,1.099754e+00
3.136568e-03,2.224952e+00,1.112479e+00
3.138568e-03,2.250051e+00,1.125029e+00
3.140568e-03,2.274795e+00,1.137401e+00
3.142568e-03,2.299180e+00,1.149593e+00
3.144568e-03,2.323202e+00,1.161605e+00
3.146568e-03,2.346858e+00,1.173433e+00
3.148568e-03,2.370144e+00,1.185076e+00
3.150568e-03,2.393056e+00,1.196531e+00
3.152568e-03,2.415590e+00,1.207799e+00
3.154568e-03,2.437743e+00,1.218875e+00
3.156568e-03,2.459512e+00,1.229760e+00
3.158568e-03,2.480893e+00,1.240450e+00
3.160568e-03,2.501882e+00,1.250945e+00
3.162568e-03,2.522477e+00,1.261242e+00
3.164568e-03,2.542673e+00,1.271340e+00
3.166568e-03,2.562469e+00,1.281238e+00
3.168568e-03,2.581860e+00,1.290934e+00
3.170568e-03,2.600844e+00,1.300426e+00
3.172568e-03,2.619418e+00,1.309713e+00
3.174568e-03,2.637579e+00,1.318793e+00
3.176568e-03,2.655323e+00,1.327666e+00
3.178568e-03,2.672649e+00,1.336328e+00
3.180568e-03,2.689553e+00,1.344780e+00
3.182568e-03,2.706032e+00,1.353020e+00
3.184568e-03,2.722085e+00,1.361047e+00
3.186568e-03,2.737709e+00,1.368858e+00
3.188568e-03,2.752900e+00,1.376454e+00
3.190568e-03,2.767658e+00,1.383833e+00
3.192568e-03,2.781978e+00,1.390993e+00
3.194568e-03,2.795860e+00,1.397934e+00
3.196568e-03,2.809301e+00,1.404655e+00
3.198568e-03,2.822298e+00,1.411153e+00
3.200568e-03,2.834851e+00,1.417430e+00
3.202568e-03,2.846956e+00,1.423482e+00
3.204568e-03,2.858612e+00,1.429310e+00
3.206568e-03,2.869817e+00,1.434913e+00
3.208568e-03,2.880569e+00,1.440289e+00
3.210568e-03,2.890867e+00,1.445438e+00
3.212568e-03,2.900709e+00,1.450359e+00
3.214568e-03,2.910094e+00,1.455051e+00
3.216568e-03,2.919019e+00,1.459514e+00
3.218568e-03,2.927484e+00,1.463746e+00
3.220568e-03,2.935487e+00,1.467748e+00
3.222568e-03,2.943026e+00,1.471518e+00
3.224568e-03,2.950102e+00,1.475055e+00
3.226568e-03,2.956712e+00,1.478361e+00
3.228568e-03,2.962856e+00,1.481433e+00
3.230568e-03,2.968533e+00,1.484271e+00
3.232568e-03,2.973741e+00,1.486875e+00
3.234568e-03,2.978480e+00,1.489244e+00
3.236568e-03,2.982749e+00,1.491379e+00
3.238568e-03,2.986547e+00,1.493278e+00
3.240568e-03,2.989875e+00,1.494942e+00
3.242568e-03,2.992731e+00,1.496370e+00
3.244568e-03,2.995115e+00,1.497562e+00
3.246568e-03,2.997026e+00,1.498517e+00
3.248568e-03,2.998464e+00,1.499237e+00
3.250568e-03,2.999430e+00,1.499719e+00
3.252568e-03,2.999922e+00,1.499965e+00
3.254568e-03,2.999941e+00,1.499975e+00
3.256568e-03,2.999487e+00,1.499748e+00
3.258568e-03,2.998559e+00,1.499284e+00
3.260568e-03,2.997159e+00,1.498584e+00
3.262568e-03,2.995286e+00,1.497647e+00
3.264568e-03,2.992940e+00,1.496475e+00
3.266568e-03,2.990122e+00,1.495066e+00
3.268568e-03,2.986833e+00,1.493421e+00
3.270568e-03,2.983072e+00,1.491540e+00
3.272568e-03,2.978841e+00,1.489425e+00
3.274568e-03,2.974139e+00,1.487074e+00
3.276568e-03,2.968969e+00,1.484489e+00
3.278568e-03,2.963330e+00,1.481669e+00
3.280568e-03,2.957224e+00,1.478616e+00
3.282568e-03,2.950651e+00,1.475330e+00
3.284568e-03,2.943613e+00,1.471811e+00
3.286568e-03,2.936110e+00,1.468060e+00
3.288568e-03,2.928145e+00,1.464077e+00
3.290568e-03,2.919717e+00,1.459863e+00
3.292568e-03,2.910829e+00,1.455419e+00
3.294568e-03,2.901481e+00,1.450745e+00
3.296568e-03,2.891676e+00,1.445842e+00
3.298568e-03,2.881415e+00,1.440712e+00
3.300568e-03,2.870699e+00,1.435354e+00
3.302568e-03,2.859530e+00,1.429769e+00
3.304568e-03,2.847910e+00,1.423959e+00
3.306568e-03,2.835841e+00,1.417925e+00
3.308568e-03,2.823325e+00,1.411667e+00
3.310568e-03,2.810363e+00,1.405186e+00
3.312568e-03,2.796958e+00,1.398483e+00
3.314568e-03,2.783111e+00,1.391560e+00
3.316568e-03,2.768826e+00,1.384417e+00
3.318568e-03,2.754104e+00,1.377056e+00
3.320568e-03,2.738947e+00,1.369478e+00
3.322568e-03,2.723358e+00,1.361683e+00
3.324568e-03,2.707340e+00,1.353674e+00
3.326568e-03,2.690894e+00,1.345451e+00
3.328568e-03,2.674024e+00,1.337016e+00
3.330568e-03,2.656732e+00,1.328370e+00
3.332568e-03,2.639022e+00,1.319515e+00
3.334568e-03,2.620894e+00,1.310451e+00
3.336568e-03,2.602354e+00,1.301181e+00
3.338568e-03,2.583403e+00,1.291705e+00
3.340568e-03,2.564044e+00,1.282026e+00
3.342568e-03,2.544281e+00,1.272144e+00
3.344568e-03,2.524116e+00,1.262062e+00
3.346568e-03,2.503553e+00,1.251780e+00
3.348568e-03,2.482596e+00,1.241302e+00
3.350568e-03,2.461246e+00,1.230627e+00
3.352568e-03,2.439509e+00,1.219758e+00
3.354568e-03,2.417386e+00,1.208697e+00
3.356568e-03,2.394883e+00,1.197445e+00
3.358568e-03,2.372001e+00,1.186004e+00
3.360568e-03,2.348745e+00,1.174376e+00
3.362568e-03,2.325119e+00,1.162563e+00
3.364568e-03,2.301126e+00,1.150566e+00
3.366568e-03,2.276770e+00,1.138388e+00
3.368568e-03,2.252055e+00,1.126031e+00
3.370568e-03,2.226984e+00,1.113495e+00
3.372568e-03,2.201562e+00,1.100784e+00
3.374568e-03,2.175793e+00,1.087900e+00
3.376568e-03,2.149681e+00,1.074844e+00
3.378568e-03,2.123229e+00,1.061618e+00
3.380568e-03,2.096443e+00,1.048225e+00
3.382568e-03,2.069326e+00,1.034666e+00
3.384568e-03,2.041882e+00,1.020944e+00
3.386568e-03,2.014117e+00,1.007061e+00
3.388568e-03,1.986033e+00,9.930196e-01
3.390568e-03,1.957637e+00,9.788213e-01
3.392568e-03,1.928931e+00,9.644685e-01
3.394568e-03,1.899921e+00,9.499635e-01
3.396568e-03,1.870612e+00,9.353087e-01
3.398568e-03,1.841007e+00,9.205064e-01
3.400568e-03,1.811112e+00,9.055588e-01
3.402568e-03,1.780931e+00,8.904684e-01
3.404568e-03,1.750470e+00,8.752375e-01
3.406568e-03,1.719732e+00,8.598685e-01
3.408568e-03,1.688723e+00,8.443639e-01
3.410568e-03,1.657447e+00,8.287261e-01
3.412568e-03,1.625910e+00,8.129576e-01
3.414568e-03,1.594117e+00,7.970608e-01
3.416568e-03,1.562072e+00,7.810383e-01
3.418568e-03,1.529781e+00,7.648926e-01
3.420568e-03,1.497248e+00,7.486262e-01
3.422568e-03,1.464479e+00,7.322417e-01
3.424568e-03,1.431479e+00,7.157417e-01
3.426568e-03,1.398253e+00,6.991288e-01
3.428568e-03,1.364807e+00,6.824056e-01
3.430568e-03,1.331145e+00,6.655747e-01
3.432568e-03,1.297274e+00,6.486389e-01
3.434568e-03,1.263198e+00,6.316007e-01
3.436568e-03,1.228922e+00,6.144629e-01
3.438568e-03,1.194453e+00,5.972282e-01
3.440568e-03,1.159795e+00,5.798992e-01
3.442568e-03,1.124954e+00,5.624788e-01
3.444568e-03,1.089936e+00,5.449696e-01
3.446568e-03,1.054746e+00,5.273745e-01
3.448568e-03,1.019389e+00,5.096962e-01
3.450568e-03,9.838720e-01,4.919375e-01
3.452568e-03,9.481994e-01,4.741011e-01
3.454568e-03,9.123773e-01,4.561900e-01
3.456568e-03,8.764112e-01,4.382069e-01
3.458568e-03,8.403069e-01,4.201547e-01
3.460568e-03,8.040700e-01,4.020362e-01
3.462568e-03,7.677062e-01,3.838543e-01
3.464568e-03,7.312214e-01,3.656118e-01
3.466568e-03,6.946212e-01,3.473117e-01
3.468568e-03,6.579115e-01,3.289567e-01
3.470568e-03,6.210979e-01,3.105499e-01
3.472568e-03,5.841864e-01,2.920941e-01
3.474568e-03,5.471827e-01,2.735922e-01
3.476568e-03,5.100927e-01,2.550471e-01
3.478568e-03,4.729222e-01,2.364618e-01
3.480568e-03,4.356771e-01,2.178392e-01
3.482568e-03,3.983633e-01,1.991823e-01
3.484568e-03,3.609867e-01,1.804939e-01
3.486568e-03,3.235531e-01,1.617770e-01
3.488568e-03,2.860684e-01,1.430346e-01
3.490568e-03,2.485387e-01,1.242697e-01
3.492568e-03,2.109697e-01,1.054852e-01
3.494568e-03,1.733674e-01,8.668398e-02
3.496568e-03,1.357378e-01,6.786912e-02
3.498568e-03,9.808683e-02,4.904356e-02
3.500568e-03,6.042034e-02,3.021026e-02
3.502568e-03,2.274432e-02,1.137219e-02
3.504568e-03,-1.493529e-02,-7.467666e-03
3.506568e-03,-5.261254e-02,-2.630635e-02
3.508568e-03,-9.028149e-02,-4.514088e-02
3.510568e-03,-1.279362e-01,-6.396829e-02
3.512568e-03,-1.655707e-01,-8.278561e-02
3.514568e-03,-2.031791e-01,-1.015899e-01
3.516568e-03,-2.407555e-01,-1.203781e-01
3.518568e-03,-2.782939e-01,-1.391474e-01
3.520568e-03,-3.157883e-01,-1.578946e-01
3.522568e-03,-3.532330e-01,-1.766170e-01
3.524568e-03,-3.906219e-01,-1.953116e-01
3.526568e-03,-4.279493e-01,-2.139753e-01
3.528568e-03,-4.652091e-01,-2.326052e-01
3.530568e-03,-5.023955e-01,-2.511985e-01
3.532568e-03,-5.395026e-01,-2.697521e-01
3.534568e-03,-5.765247e-01,-2.882632e-01
3.536568e-03,-6.134558e-01,-3.067288e-01
3.538568e-03,-6.502901e-01,-3.251460e-01
3.540568e-03,-6.870219e-01,-3.435120e-01
3.542568e-03,-7.236453e-01,-3.618237e-01
3.544568e-03,-7.601545e-01,-3.800784e-01
3.546568e-03,-7.965438e-01,-3.982731e-01
3.548568e-03,-8.328074e-01,-4.164050e-01
3.550568e-03,-8.689397e-01,-4.344712e-01
3.552568e-03,-9.049349e-01,-4.524688e-01
3.554568e-03,-9.407873e-01,-4.703951e-01
3.556568e-03,-9.764914e-01,-4.882471e-01
3.558568e-03,-1.012041e+00,-5.060222e-01
3.560568e-03,-1.047432e+00,-5.237174e-01
3.562568e-03,-1.082657e+00,-5.413300e-01
3.564568e-03,-1.117711e+00,-5.588572e-01
3.566568e-03,-1.152589e+00,-5.762963e-01
3.568568e-03,-1.187285e+00,-5.936444e-01
3.570568e-03,-1.221794e+00,-6.108989e-01
3.572568e-03,-1.256110e+00,-6.280570e-01
3.574568e-03,-1.290228e+00,-6.451160e-01
3.576568e-03,-1.324143e+00,-6.620733e-01
3.578568e-03,-1.357848e+00,-6.789261e-01
3.580568e-03,-1.391340e+00,-6.956719e-01
3.582568e-03,-1.424611e+00,-7.123078e-01
3.584568e-03,-1.457659e+00,-7.288315e-01
3.586568e-03,-1.490476e+00,-7.452401e-01
3.588568e-03,-1.523058e+00,-7.615312e-01
3.590568e-03,-1.555400e+00,-7.777021e-01
3.592568e-03,-1.587496e+00,-7.937504e-01
3.594568e-03,-1.619342e+00,-8.096734e-01
3.596568e-03,-1.650933e+00,-8.254688e-01
3.598568e-03,-1.682263e+00,-8.411339e-01
3.600568e-03,-1.713327e+00,-8.566663e-01
3.602568e-03,-1.744122e+00,-8.720635e-01
3.604568e-03,-1.774641e+00,-8.873232e-01
3.606568e-03,-1.804880e+00,-9.024430e-01
3.608568e-03,-1.834835e+00,-9.174203e-01
3.610568e-03,-1.864500e+00,-9.322530e-01
3.612568e-03,-1.893871e+00,-9.469385e-01
3.614568e-03,-1.922944e+00,-9.614747e-01
3.616568e-03,-1.951713e+00,-9.758592e-01
3.618568e-03,-1.980174e+00,-9.900898e-01
3.620568e-03,-2.008322e+00,-1.004164e+00
3.622568e-03,-2.036154e+00,-1.018080e+00
3.624568e-03,-2.063665e+00,-1.031836e+00
3.626568e-03,-2.090850e+00,-1.045428e+00
3.628568e-03,-2.117705e+00,-1.058856e+00
3.630568e-03,-2.144227e+00,-1.072116e+00
3.632568e-03,-2.170409e+00,-1.085208e+00
3.634568e-03,-2.196250e+00,-1.098128e+00
3.636568e-03,-2.221744e+00,-1.110875e+00
3.638568e-03,-2.246888e+00,-1.123447e+00
3.640568e-03,-2.271677e+00,-1.135842e+00
3.642568e-03,-2.296108e+00,-1.148057e+00
3.644568e-03,-2.320176e+00,-1.160092e+00
3.646568e-03,-2.343879e+00,-1.171943e+00
3.648568e-03,-2.367212e+00,-1.183609e+00
3.650568e-03,-2.390171e+00,-1.195089e+00
3.652568e-03,-2.412754e+00,-1.206380e+00
3.654568e-03,-2.434955e+00,-1.217481e+00
3.656568e-03,-2.456773e+00,-1.228390e+00
3.658568e-03,-2.478203e+00,-1.239105e+00
3.660568e-03,-2.499242e+00,-1.249625e+00
3.662568e-03,-2.519887e+00,-1.259947e+00
3.664568e-03,-2.540134e+00,-1.270071e+00
3.666568e-03,-2.559981e+00,-1.279994e+00
3.668568e-03,-2.579424e+00,-1.289716e+00
3.670568e-03,-2.598460e+00,-1.299234e+00
3.672568e-03,-2.617086e+00,-1.308547e+00
3.674568e-03,-2.635299e+00,-1.317653e+00
3.676568e-03,-2.653096e+00,-1.326552e+00
3.678568e-03,-2.670475e+00,-1.335242e+00
3.680568e-03,-2.687433e+00,-1.343720e+00
3.682568e-03,-2.703966e+00,-1.351987e+00
3.684568e-03,-2.720073e+00,-1.360041e+00
3.686568e-03,-2.735751e+00,-1.367880e+00
3.688568e-03,-2.750998e+00,-1.375503e+00
3.690568e-03,-2.765810e+00,-1.382909e+00
3.692568e-03,-2.780187e+00,-1.390097e+00
3.694568e-03,-2.794124e+00,-1.397066e+00
3.696568e-03,-2.807621e+00,-1.403815e+00
3.698568e-03,-2.820675e+00,-1.410342e+00
3.700568e-03,-2.833284e+00,-1.416646e+00
3.702568e-03,-2.845446e+00,-1.422727e+00
3.704568e-03,-2.857159e+00,-1.428584e+00
3.706568e-03,-2.868421e+00,-1.434215e+00
3.708568e-03,-2.879231e+00,-1.439620e+00
3.710568e-03,-2.889587e+00,-1.444798e+00
3.712568e-03,-2.899487e+00,-1.449748e+00
3.714568e-03,-2.908929e+00,-1.454469e+00
3.716568e-03,-2.917913e+00,-1.458961e+00
3.718568e-03,-2.926436e+00,-1.463222e+00
3.720568e-03,-2.934497e+00,-1.467253e+00
3.722568e-03,-2.942096e+00,-1.471052e+00
3.724568e-03,-2.949231e+00,-1.474620e+00
3.726568e-03,-2.955900e+00,-1.477954e+00
3.728568e-03,-2.962103e+00,-1.481056e+00
3.730568e-03,-2.967839e+00,-1.483924e+00
3.732568e-03,-2.973106e+00,-1.486558e+00
3.734568e-03,-2.977905e+00,-1.488957e+00
3.736568e-03,-2.982234e+00,-1.491121e+00
3.738568e-03,-2.986092e+00,-1.493050e+00
3.740568e-03,-2.989479e+00,-1.494744e+00
3.742568e-03,-2.992395e+00,-1.496202e+00
3.744568e-03,-2.994838e+00,-1.497424e+00
3.746568e-03,-2.996810e+00,-1.498409e+00
3.748568e-03,-2.998308e+00,-1.499158e+00
3.750568e-03,-2.999333e+00,-1.499671e+00
3.752568e-03,-2.999886e+00,-1.499947e+00
3.754568e-03,-2.999965e+00,-1.499987e+00
3.756568e-03,-2.999571e+00,-1.499790e+00
3.758568e-03,-2.998703e+00,-1.499356e+00
3.760568e-03,-2.997363e+00,-1.498686e+00
3.762568e-03,-2.995549e+00,-1.497779e+00
3.764568e-03,-2.993264e+00,-1.496636e+00
3.766568e-03,-2.990506e+00,-1.495257e+00
3.768568e-03,-2.987276e+00,-1.493642e+00
3.770568e-03,-2.983575e+00,-1.491792e+00
3.772568e-03,-2.979403e+00,-1.489706e+00
3.774568e-03,-2.974761e+00,-1.487385e+00
3.776568e-03,-2.969650e+00,-1.484830e+00
3.778568e-03,-2.964071e+00,-1.482040e+00
3.780568e-03,-2.958024e+00,-1.479016e+00
3.782568e-03,-2.951510e+00,-1.475760e+00
3.784568e-03,-2.944531e+00,-1.472270e+00
3.786568e-03,-2.937087e+00,-1.468548e+00
3.788568e-03,-2.929180e+00,-1.464595e+00
3.790568e-03,-2.920811e+00,-1.460410e+00
3.792568e-03,-2.911981e+00,-1.455995e+00
3.794568e-03,-2.902692e+00,-1.451350e+00
3.796568e-03,-2.892945e+00,-1.446477e+00
3.798568e-03,-2.882741e+00,-1.441375e+00
3.800568e-03,-2.872083e+00,-1.436046e+00
3.802568e-03,-2.860971e+00,-1.430490e+00
3.804568e-03,-2.849409e+00,-1.424709e+00
3.806568e-03,-2.837396e+00,-1.418702e+00
3.808568e-03,-2.824936e+00,-1.412472e+00
3.810568e-03,-2.812031e+00,-1.406020e+00
3.812568e-03,-2.798682e+00,-1.399345e+00
3.814568e-03,-2.784891e+00,-1.392450e+00
3.816568e-03,-2.770661e+00,-1.385335e+00
3.818568e-03,-2.755994e+00,-1.378001e+00
3.820568e-03,-2.740893e+00,-1.370450e+00
3.822568e-03,-2.725359e+00,-1.362683e+00
3.824568e-03,-2.709395e+00,-1.354701e+00
3.826568e-03,-2.693003e+00,-1.346506e+00
3.828568e-03,-2.676187e+00,-1.338097e+00
3.830568e-03,-2.658948e+00,-1.329478e+00
3.832568e-03,-2.641290e+00,-1.320649e+00
3.834568e-03,-2.623216e+00,-1.311612e+00
3.836568e-03,-2.604728e+00,-1.302368e+00
3.838568e-03,-2.585828e+00,-1.292918e+00
3.840568e-03,-2.566521e+00,-1.283264e+00
3.842568e-03,-2.546809e+00,-1.273408e+00
3.844568e-03,-2.526695e+00,-1.263351e+00
3.846568e-03,-2.506183e+00,-1.253095e+00
3.848568e-03,-2.485275e+00,-1.242641e+00
3.850568e-03,-2.463975e+00,-1.231991e+00
3.852568e-03,-2.442287e+00,-1.221147e+00
3.854568e-03,-2.420213e+00,-1.210110e+00
3.856568e-03,-2.397757e+00,-1.198882e+00
3.858568e-03,-2.374923e+00,-1.187465e+00
3.860568e-03,-2.351715e+00,-1.175861e+00
3.862568e-03,-2.328135e+00,-1.164071e+00
3.864568e-03,-2.304189e+00,-1.152098e+00
3.866568e-03,-2.279878e+00,-1.139943e+00
3.868568e-03,-2.255208e+00,-1.127608e+00
3.870568e-03,-2.230183e+00,-1.115095e+00
3.872568e-03,-2.204805e+00,-1.102406e+00
3.874568e-03,-2.179080e+00,-1.089543e+00
3.876568e-03,-2.153011e+00,-1.076509e+00
3.878568e-03,-2.126602e+00,-1.063304e+00
3.880568e-03,-2.099858e+00,-1.049932e+00
3.882568e-03,-2.072783e+00,-1.036394e+00
3.884568e-03,-2.045380e+00,-1.022693e+00
3.886568e-03,-2.017655e+00,-1.008831e+00
3.888568e-03,-1.989612e+00,-9.948089e-01
3.890568e-03,-1.961255e+00,-9.806303e-01
3.892568e-03,-1.932588e+00,-9.662969e-01
3.894568e-03,-1.903617e+00,-9.518111e-01
3.896568e-03,-1.874345e+00,-9.371752e-01
3.898568e-03,-1.844777e+00,-9.223914e-01
3.900568e-03,-1.814919e+00,-9.074622e-01
3.902568e-03,-1.784774e+00,-8.923897e-01
3.904568e-03,-1.754348e+00,-8.771765e-01
3.906568e-03,-1.723645e+00,-8.618249e-01
3.908568e-03,-1.692670e+00,-8.463374e-01
3.910568e-03,-1.661428e+00,-8.307164e-01
3.912568e-03,-1.629924e+00,-8.149643e-01
3.914568e-03,-1.598162e+00,-7.990836e-01
3.916568e-03,-1.566149e+00,-7.830769e-01
3.918568e-03,-1.533889e+00,-7.669466e-01
3.920568e-03,-1.501386e+00,-7.506954e-01
3.922568e-03,-1.468647e+00,-7.343258e-01
3.924568e-03,-1.435676e+00,-7.178403e-01
3.926568e-03,-1.402479e+00,-7.012415e-01
3.928568e-03,-1.369060e+00,-6.845322e-01
3.930568e-03,-1.335426e+00,-6.677148e-01
3.932568e-03,-1.301580e+00,-6.507921e-01
3.934568e-03,-1.267530e+00,-6.337668e-01
3.936568e-03,-1.233279e+00,-6.166415e-01
3.938568e-03,-1.198834e+00,-5.994189e-01
3.940568e-03,-1.164200e+00,-5.821017e-01
3.942568e-03,-1.129382e+00,-5.646928e-01
3.944568e-03,-1.094386e+00,-5.471947e-01
3.946568e-03,-1.059217e+00,-5.296103e-01
3.948568e-03,-1.023882e+00,-5.119424e-01
3.950568e-03,-9.883844e-01,-4.941937e-01
3.952568e-03,-9.527312e-01,-4.763670e-01
3.954568e-03,-9.169277e-01,-4.584652e-01
3.956568e-03,-8.809796e-01,-4.404911e-01
3.958568e-03,-8.448925e-01,-4.224475e-01
3.960568e-03,-8.086721e-01,-4.043373e-01
3.962568e-03,-7.723241e-01,-3.861632e-01
3.964568e-03,-7.358543e-01,-3.679283e-01
3.966568e-03,-6.992684e-01,-3.496353e-01
3.968568e-03,-6.625723e-01,-3.312871e-01
3.970568e-03,-6.257715e-01,-3.128867e-01
3.972568e-03,-5.888721e-01,-2.944369e-01
3.974568e-03,-5.518798e-01,-2.759407e-01
3.976568e-03,-5.148004e-01,-2.574010e-01
3.978568e-03,-4.776398e-01,-2.388206e-01
3.980568e-03,-4.404039e-01,-2.202026e-01
3.982568e-03,-4.030984e-01,-2.015498e-01
3.984568e-03,-3.657294e-01,-1.828653e-01
3.986568e-03,-3.283027e-01,-1.641519e-01
3.988568e-03,-2.908242e-01,-1.454126e-01
3.990568e-03,-2.532999e-01,-1.266503e-01
3.992568e-03,-2.157355e-01,-1.078681e-01
3.994568e-03,-1.781372e-01,-8.906886e-02
3.996568e-03,-1.405107e-01,-7.025557e-02
3.998568e-03,-1.028621e-01,-5.143120e-02
4.000568e-03,-6.519724e-02,-3.259872e-02
4.002568e-03,-2.752210e-02,-1.376109e-02
4.004568e-03,1.015738e-02,5.078707e-03
4.006568e-03,4.783526e-02,2.391770e-02
4.008568e-03,8.550560e-02,4.275293e-02
4.010568e-03,1.231624e-01,6.158141e-02
4.012568e-03,1.607999e-01,8.040017e-02
4.014568e-03,1.984119e-01,9.920625e-02
4.016568e-03,2.359927e-01,1.179967e-01
4.018568e-03,2.735362e-01,1.367685e-01
4.020568e-03,3.110365e-01,1.555187e-01
4.022568e-03,3.484878e-01,1.742444e-01
4.024568e-03,3.858842e-01,1.929427e-01
4.026568e-03,4.232196e-01,2.116105e-01
4.028568e-03,4.604883e-01,2.302449e-01
4.030568e-03,4.976844e-01,2.488429e-01
4.032568e-03,5.348019e-01,2.674018e-01
4.034568e-03,5.718351e-01,2.859184e-01
4.036568e-03,6.087780e-01,3.043899e-01
4.038568e-03,6.456250e-01,3.228135e-01
4.040568e-03,6.823701e-01,3.411861e-01
4.042568e-03,7.190075e-01,3.595048e-01
4.044568e-03,7.555315e-01,3.777669e-01
4.046568e-03,7.919363e-01,3.959694e-01
4.048568e-03,8.282162e-01,4.141094e-01
4.050568e-03,8.643655e-01,4.321840e-01
4.052568e-03,9.003784e-01,4.501905e-01
4.054568e-03,9.362492e-01,4.681260e-01
4.056568e-03,9.719724e-01,4.859876e-01
4.058568e-03,1.007542e+00,5.037726e-01
4.060568e-03,1.042953e+00,5.214781e-01
4.062568e-03,1.078199e+00,5.391013e-01
4.064568e-03,1.113276e+00,5.566395e-01
4.066568e-03,1.148176e+00,5.740899e-01
4.068568e-03,1.182896e+00,5.914497e-01
4.070568e-03,1.217429e+00,6.087162e-01
4.072568e-03,1.251770e+00,6.258867e-01
4.074568e-03,1.285913e+00,6.429585e-01
4.076568e-03,1.319854e+00,6.599288e-01
4.078568e-03,1.353586e+00,6.767950e-01
4.080568e-03,1.387105e+00,6.935545e-01
4.082568e-03,1.420405e+00,7.102045e-01
4.084568e-03,1.453481e+00,7.267425e-01
4.086568e-03,1.486327e+00,7.431659e-01
4.088568e-03,1.518939e+00,7.594720e-01
4.090568e-03,1.551312e+00,7.756583e-01
4.092568e-03,1.583440e+00,7.917223e-01
4.094568e-03,1.615318e+00,8.076614e-01
4.096568e-03,1.646941e+00,8.234730e-01
4.098568e-03,1.678304e+00,8.391548e-01
4.100568e-03,1.709403e+00,8.547041e-01
4.102568e-03,1.740232e+00,8.701187e-01
4.104568e-03,1.770787e+00,8.853959e-01
4.106568e-03,1.801062e+00,9.005336e-01
4.108568e-03,1.831053e+00,9.155291e-01
4.110568e-03,1.860755e+00,9.303802e-01
4.112568e-03,1.890163e+00,9.450846e-01
4.114568e-03,1.919274e+00,9.596398e-01
4.116568e-03,1.948082e+00,9.740437e-01
4.118568e-03,1.976582e+00,9.882939e-01
4.120568e-03,2.004770e+00,1.002388e+00
4.122568e-03,2.032643e+00,1.016324e+00
4.124568e-03,2.060194e+00,1.030100e+00
4.126568e-03,2.087421e+00,1.043714e+00
4.128568e-03,2.114318e+00,1.057162e+00
4.130568e-03,2.140882e+00,1.070444e+00
4.132568e-03,2.167108e+00,1.083557e+00
4.134568e-03,2.192992e+00,1.096500e+00
4.136568e-03,2.218531e+00,1.109269e+00
4.138568e-03,2.243719e+00,1.121863e+00
4.140568e-03,2.268553e+00,1.134280e+00
4.142568e-03,2.293030e+00,1.146518e+00
4.144568e-03,2.317145e+00,1.158576e+00
4.146568e-03,2.340894e+00,1.170450e+00
4.148568e-03,2.364274e+00,1.182140e+00
4.150568e-03,2.387281e+00,1.193644e+00
4.152568e-03,2.409911e+00,1.204959e+00
4.154568e-03,2.432161e+00,1.216084e+00
4.156568e-03,2.454028e+00,1.227018e+00
4.158568e-03,2.475507e+00,1.237757e+00
4.160568e-03,2.496596e+00,1.248302e+00
4.162568e-03,2.517291e+00,1.258649e+00
4.164568e-03,2.537589e+00,1.268798e+00
4.166568e-03,2.557487e+00,1.278747e+00
4.168568e-03,2.576981e+00,1.288494e+00
4.170568e-03,2.596069e+00,1.298038e+00
4.172568e-03,2.614747e+00,1.307377e+00
4.174568e-03,2.633012e+00,1.316510e+00
4.176568e-03,2.650863e+00,1.325435e+00
4.178568e-03,2.668295e+00,1.334151e+00
4.180568e-03,2.685306e+00,1.342657e+00
4.182568e-03,2.701893e+00,1.350951e+00
4.184568e-03,2.718055e+00,1.359031e+00
4.186568e-03,2.733787e+00,1.366898e+00
4.188568e-03,2.749089e+00,1.374548e+00
4.190568e-03,2.763956e+00,1.381982e+00
4.192568e-03,2.778388e+00,1.389198e+00
4.194568e-03,2.792381e+00,1.396195e+00
4.196568e-03,2.805934e+00,1.402971e+00
4.198568e-03,2.819044e+00,1.409526e+00
4.200568e-03,2.831710e+00,1.415859e+00
4.202568e-03,2.843928e+00,1.421968e+00
4.204568e-03,2.855698e+00,1.427853e+00
4.206568e-03,2.867018e+00,1.433513e+00
4.208568e-03,2.877885e+00,1.438947e+00
4.210568e-03,2.888299e+00,1.444154e+00
4.212568e-03,2.898256e+00,1.449133e+00
4.214568e-03,2.907757e+00,1.453883e+00
4.216568e-03,2.916799e+00,1.458404e+00
4.218568e-03,2.925381e+00,1.462695e+00
4.220568e-03,2.933501e+00,1.466755e+00
4.222568e-03,2.941158e+00,1.470584e+00
4.224568e-03,2.948352e+00,1.474180e+00
4.226568e-03,2.955080e+00,1.477544e+00
4.228568e-03,2.961342e+00,1.480676e+00
4.230568e-03,2.967137e+00,1.483573e+00
4.232568e-03,2.972464e+00,1.486237e+00
4.234568e-03,2.977322e+00,1.488666e+00
4.236568e-03,2.981711e+00,1.490860e+00
4.238568e-03,2.985629e+00,1.492819e+00
4.240568e-03,2.989076e+00,1.494542e+00
4.242568e-03,2.992051e+00,1.496030e+00
4.244568e-03,2.994555e+00,1.497282e+00
4.246568e-03,2.996586e+00,1.498297e+00
4.248568e-03,2.998144e+00,1.499077e+00
4.250568e-03,2.999230e+00,1.499619e+00
4.252568e-03,2.999842e+00,1.499925e+00
4.254568e-03,2.999981e+00,1.499995e+00
4.256568e-03,2.999647e+00,1.499828e+00
4.258568e-03,2.998839e+00,1.499424e+00
4.260568e-03,2.997559e+00,1.498784e+00
4.262568e-03,2.995806e+00,1.497907e+00
4.264568e-03,2.993580e+00,1.496794e+00
4.266568e-03,2.990881e+00,1.495445e+00
4.268568e-03,2.987711e+00,1.493860e+00
4.270568e-03,2.984070e+00,1.492040e+00
4.272568e-03,2.979958e+00,1.489984e+00
4.274568e-03,2.975376e+00,1.487692e+00
4.276568e-03,2.970324e+00,1.485167e+00
4.278568e-03,2.964804e+00,1.482407e+00
4.280568e-03,2.958817e+00,1.479413e+00
4.282568e-03,2.952362e+00,1.476185e+00
4.284568e-03,2.945442e+00,1.472725e+00
4.286568e-03,2.938057e+00,1.469033e+00
4.288568e-03,2.930208e+00,1.465109e+00
4.290568e-03,2.921898e+00,1.460953e+00
4.292568e-03,2.913126e+00,1.456567e+00
4.294568e-03,2.903895e+00,1.451952e+00
4.296568e-03,2.894206e+00,1.447107e+00
4.298568e-03,2.884060e+00,1.442034e+00
4.300568e-03,2.873459e+00,1.436734e+00
4.302568e-03,2.862405e+00,1.431207e+00
4.304568e-03,2.850900e+00,1.425454e+00
4.306568e-03,2.838944e+00,1.419476e+00
4.308568e-03,2.826541e+00,1.413275e+00
4.310568e-03,2.813692e+00,1.406850e+00
4.312568e-03,2.800399e+00,1.400204e+00
4.314568e-03,2.786664e+00,1.393336e+00
4.316568e-03,2.772490e+00,1.386249e+00
4.318568e-03,2.757878e+00,1.378943e+00
4.320568e-03,2.742832e+00,1.371420e+00
4.322568e-03,2.727352e+00,1.363680e+00
4.324568e-03,2.711443e+00,1.355725e+00
4.326568e-03,2.695105e+00,1.347557e+00
4.328568e-03,2.678343e+00,1.339175e+00
4.330568e-03,2.661158e+00,1.330583e+00
4.332568e-03,2.643553e+00,1.321780e+00
4.334568e-03,2.625531e+00,1.312769e+00
4.336568e-03,2.607095e+00,1.303551e+00
4.338568e-03,2.588247e+00,1.294128e+00
4.340568e-03,2.568992e+00,1.284500e+00
4.342568e-03,2.549331e+00,1.274669e+00
4.344568e-03,2.529268e+00,1.264638e+00
4.346568e-03,2.508806e+00,1.254407e+00
4.348568e-03,2.487948e+00,1.243978e+00
4.350568e-03,2.466698e+00,1.233352e+00
4.352568e-03,2.445058e+00,1.222533e+00
4.354568e-03,2.423033e+00,1.211520e+00
4.356568e-03,2.400626e+00,1.200316e+00
4.358568e-03,2.377839e+00,1.188923e+00
4.360568e-03,2.354678e+00,1.177343e+00
4.362568e-03,2.331146e+00,1.165576e+00
4.364568e-03,2.307245e+00,1.153626e+00
4.366568e-03,2.282981e+00,1.141494e+00
4.368568e-03,2.258356e+00,1.129182e+00
4.370568e-03,2.233376e+00,1.116691e+00
4.372568e-03,2.208043e+00,1.104025e+00
4.374568e-03,2.182361e+00,1.091184e+00
4.376568e-03,2.156335e+00,1.078171e+00
4.378568e-03,2.129970e+00,1.064988e+00
4.380568e-03,2.103268e+00,1.051637e+00
4.382568e-03,2.076234e+00,1.038120e+00
4.384568e-03,2.048873e+00,1.024440e+00
4.386568e-03,2.021189e+00,1.010597e+00
4.388568e-03,1.993185e+00,9.965956e-01
4.390568e-03,1.964868e+00,9.824368e-01
4.392568e-03,1.936240e+00,9.681229e-01
4.394568e-03,1.907307e+00,9.536563e-01
4.396568e-03,1.878073e+00,9.390393e-01
4.398568e-03,1.848543e+00,9.242742e-01
4.400568e-03,1.818721e+00,9.093632e-01
4.402568e-03,1.788612e+00,8.943088e-01
4.404568e-03,1.758221e+00,8.791133e-01
4.406568e-03,1.727553e+00,8.637792e-01
4.408568e-03,1.696612e+00,8.483087e-01
4.410568e-03,1.665404e+00,8.327045e-01
4.412568e-03,1.633933e+00,8.169689e-01
4.414568e-03,1.602204e+00,8.011044e-01
4.416568e-03,1.570222e+00,7.851135e-01
4.418568e-03,1.537993e+00,7.689988e-01
4.420568e-03,1.505521e+00,7.527627e-01
4.422568e-03,1.472811e+00,7.364080e-01
4.424568e-03,1.439870e+00,7.199370e-01
4.426568e-03,1.406701e+00,7.033525e-01
4.428568e-03,1.373310e+00,6.866570e-01
4.430568e-03,1.339702e+00,6.698532e-01
4.432568e-03,1.305884e+00,6.529437e-01
4.434568e-03,1.271859e+00,6.359313e-01
4.436568e-03,1.237633e+00,6.188185e-01
4.438568e-03,1.203213e+00,6.016081e-01
4.440568e-03,1.168602e+00,5.843028e-01
4.442568e-03,1.133807e+00,5.669053e-01
4.444568e-03,1.098833e+00,5.494183e-01
4.446568e-03,1.063686e+00,5.318448e-01
4.448568e-03,1.028371e+00,5.141873e-01
4.450568e-03,9.928943e-01,4.964487e-01
4.452568e-03,9.572606e-01,4.786317e-01
4.454568e-03,9.214759e-01,4.607393e-01
4.456568e-03,8.855458e-01,4.427742e-01
4.458568e-03,8.494760e-01,4.247393e-01
4.460568e-03,8.132721e-01,4.066373e-01
4.462568e-03,7.769400e-01,3.884712e-01
4.464568e-03,7.404854e-01,3.702438e-01
4.466568e-03,7.039139e-01,3.519580e-01
4.468568e-03,6.672314e-01,3.336167e-01
4.470568e-03,6.304436e-01,3.152227e-01
4.472568e-03,5.935564e-01,2.967791e-01
4.474568e-03,5.565755e-01,2.782886e-01
4.476568e-03,5.195068e-01,2.597542e-01
4.478568e-03,4.823562e-01,2.411788e-01
4.480568e-03,4.451295e-01,2.225654e-01
4.482568e-03,4.078325e-01,2.039169e-01
4.484568e-03,3.704713e-01,1.852362e-01
4.486568e-03,3.330516e-01,1.665263e-01
4.488568e-03,2.955793e-01,1.477901e-01
4.490568e-03,2.580604e-01,1.290306e-01
4.492568e-03,2.205008e-01,1.102508e-01
4.494568e-03,1.829065e-01,9.145351e-02
4.496568e-03,1.452832e-01,7.264184e-02
4.498568e-03,1.076371e-01,5.381871e-02
4.500568e-03,6.997397e-02,3.498709e-02
4.502568e-03,3.229981e-02,1.614995e-02
4.504568e-03,-5.379454e-03,-2.689735e-03
4.506568e-03,-4.305787e-02,-2.152900e-02
4.508568e-03,-8.072948e-02,-4.036486e-02
4.510568e-03,-1.183884e-01,-5.919436e-02
4.512568e-03,-1.560286e-01,-7.801452e-02
4.514568e-03,-1.936442e-01,-9.682238e-02
4.516568e-03,-2.312292e-01,-1.156150e-01
4.518568e-03,-2.687778e-01,-1.343893e-01
4.520568e-03,-3.062840e-01,-1.531424e-01
4.522568e-03,-3.437418e-01,-1.718714e-01
4.524568e-03,-3.811454e-01,-1.905733e-01
4.526568e-03,-4.184889e-01,-2.092451e-01
4.528568e-03,-4.557664e-01,-2.278839e-01
4.530568e-03,-4.929720e-01,-2.464867e-01
4.532568e-03,-5.300998e-01,-2.650507e-01
4.534568e-03,-5.671440e-01,-2.835729e-01
4.536568e-03,-6.040987e-01,-3.020503e-01
4.538568e-03,-6.409582e-01,-3.204800e-01
4.540568e-03,-6.777165e-01,-3.388593e-01
4.542568e-03,-7.143679e-01,-3.571850e-01
4.544568e-03,-7.509066e-01,-3.754544e-01
4.546568e-03,-7.873269e-01,-3.936646e-01
4.548568e-03,-8.236229e-01,-4.118127e-01
4.550568e-03,-8.597890e-01,-4.298958e-01
4.552568e-03,-8.958195e-01,-4.479111e-01
4.554568e-03,-9.317087e-01,-4.658558e-01
4.556568e-03,-9.674509e-01,-4.837269e-01
4.558568e-03,-1.003040e+00,-5.015218e-01
4.560568e-03,-1.038472e+00,-5.192375e-01
4.562568e-03,-1.073739e+00,-5.368713e-01
4.564568e-03,-1.108838e+00,-5.544204e-01
4.566568e-03,-1.143761e+00,-5.718821e-01
4.568568e-03,-1.178504e+00,-5.892535e-01
4.570568e-03,-1.213060e+00,-6.065320e-01
4.572568e-03,-1.247426e+00,-6.237148e-01
4.574568e-03,-1.281595e+00,-6.407993e-01
4.576568e-03,-1.315561e+00,-6.577826e-01
4.578568e-03,-1.349320e+00,-6.746622e-01
4.580568e-03,-1.382866e+00,-6.914353e-01
4.582568e-03,-1.416194e+00,-7.080994e-01
4.584568e-03,-1.449299e+00,-7.246517e-01
4.586568e-03,-1.482175e+00,-7.410898e-01
4.588568e-03,-1.514817e+00,-7.574109e-01
4.590568e-03,-1.547220e+00,-7.736126e-01
4.592568e-03,-1.579380e+00,-7.896922e-01
4.594568e-03,-1.611290e+00,-8.056472e-01
4.596568e-03,-1.642945e+00,-8.214752e-01
4.598568e-03,-1.674342e+00,-8.371735e-01
4.600568e-03,-1.705475e+00,-8.527398e-01
4.602568e-03,-1.736338e+00,-8.681716e-01
4.604568e-03,-1.766928e+00,-8.834664e-01
4.606568e-03,-1.797238e+00,-8.986219e-01
4.608568e-03,-1.827266e+00,-9.136356e-01
4.610568e-03,-1.857005e+00,-9.285051e-01
4.612568e-03,-1.886451e+00,-9.432282e-01
4.614568e-03,-1.915599e+00,-9.578025e-01
4.616568e-03,-1.944446e+00,-9.722257e-01
4.618568e-03,-1.972985e+00,-9.864955e-01
4.620568e-03,-2.001213e+00,-1.000610e+00
4.622568e-03,-2.029126e+00,-1.014566e+00
4.624568e-03,-2.056719e+00,-1.028362e+00
4.626568e-03,-2.083987e+00,-1.041996e+00
4.628568e-03,-2.110926e+00,-1.055466e+00
4.630568e-03,-2.137532e+00,-1.068769e+00
4.632568e-03,-2.163802e+00,-1.081904e+00
4.634568e-03,-2.189729e+00,-1.094868e+00
4.636568e-03,-2.215312e+00,-1.107659e+00
4.638568e-03,-2.240545e+00,-1.120276e+00
4.640568e-03,-2.265424e+00,-1.132715e+00
4.642568e-03,-2.289946e+00,-1.144976e+00
4.644568e-03,-2.314107e+00,-1.157057e+00
4.646568e-03,-2.337903e+00,-1.168955e+00
4.648568e-03,-2.361330e+00,-1.180668e+00
4.650568e-03,-2.384384e+00,-1.192196e+00
4.652568e-03,-2.407062e+00,-1.203535e+00
4.654568e-03,-2.429361e+00,-1.214684e+00
4.656568e-03,-2.451276e+00,-1.225642e+00
4.658568e-03,-2.472805e+00,-1.236406e+00
4.660568e-03,-2.493944e+00,-1.246976e+00
4.662568e-03,-2.514689e+00,-1.257348e+00
4.664568e-03,-2.535037e+00,-1.267522e+00
4.666568e-03,-2.554986e+00,-1.277497e+00
4.668568e-03,-2.574531e+00,-1.287270e+00
4.670568e-03,-2.593671e+00,-1.296839e+00
4.672568e-03,-2.612401e+00,-1.306204e+00
4.674568e-03,-2.630719e+00,-1.315363e+00
4.676568e-03,-2.648622e+00,-1.324315e+00
4.678568e-03,-2.666107e+00,-1.333058e+00
4.680568e-03,-2.683172e+00,-1.341590e+00
4.682568e-03,-2.699814e+00,-1.349911e+00
4.684568e-03,-2.716029e+00,-1.358019e+00
4.686568e-03,-2.731816e+00,-1.365912e+00
4.688568e-03,-2.747172e+00,-1.373590e+00
4.690568e-03,-2.762095e+00,-1.381052e+00
4.692568e-03,-2.776582e+00,-1.388295e+00
4.694568e-03,-2.790631e+00,-1.395320e+00
4.696568e-03,-2.804240e+00,-1.402124e+00
4.698568e-03,-2.817406e+00,-1.408707e+00
4.700568e-03,-2.830128e+00,-1.415068e+00
4.702568e-03,-2.842404e+00,-1.421206e+00
4.704568e-03,-2.854231e+00,-1.427120e+00
4.706568e-03,-2.865608e+00,-1.432808e+00
4.708568e-03,-2.876532e+00,-1.438271e+00
4.710568e-03,-2.887004e+00,-1.443506e+00
4.712568e-03,-2.897019e+00,-1.448514e+00
4.714568e-03,-2.906578e+00,-1.453293e+00
4.716568e-03,-2.915678e+00,-1.457843e+00
4.718568e-03,-2.924318e+00,-1.462163e+00
4.720568e-03,-2.932497e+00,-1.466253e+00
4.722568e-03,-2.940213e+00,-1.470111e+00
4.724568e-03,-2.947465e+00,-1.473737e+00
4.726568e-03,-2.954253e+00,-1.477131e+00
4.728568e-03,-2.960574e+00,-1.480291e+00
4.730568e-03,-2.966428e+00,-1.483219e+00
4.732568e-03,-2.971815e+00,-1.485912e+00
4.734568e-03,-2.976732e+00,-1.488371e+00
4.736568e-03,-2.981180e+00,-1.490595e+00
4.738568e-03,-2.985158e+00,-1.492583e+00
4.740568e-03,-2.988665e+00,-1.494337e+00
4.742568e-03,-2.991700e+00,-1.495855e+00
4.744568e-03,-2.994263e+00,-1.497136e+00
4.746568e-03,-2.996354e+00,-1.498182e+00
4.748568e-03,-2.997973e+00,-1.498991e+00
4.750568e-03,-2.999118e+00,-1.499564e+00
4.752568e-03,-2.999790e+00,-1.499900e+00
4.754568e-03,-2.999990e+00,-1.499999e+00
4.756568e-03,-2.999715e+00,-1.499862e+00
4.758568e-03,-2.998968e+00,-1.499488e+00
4.760568e-03,-2.997747e+00,-1.498878e+00
4.762568e-03,-2.996054e+00,-1.498032e+00
4.764568e-03,-2.993888e+00,-1.496949e+00
4.766568e-03,-2.991250e+00,-1.495629e+00
4.768568e-03,-2.988140e+00,-1.494074e+00
4.770568e-03,-2.984558e+00,-1.492283e+00
4.772568e-03,-2.980506e+00,-1.490257e+00
4.774568e-03,-2.975983e+00,-1.487996e+00
4.776568e-03,-2.970991e+00,-1.485500e+00
4.778568e-03,-2.965530e+00,-1.482770e+00
4.780568e-03,-2.959602e+00,-1.479805e+00
4.782568e-03,-2.953206e+00,-1.476608e+00
4.784568e-03,-2.946345e+00,-1.473177e+00
4.786568e-03,-2.939019e+00,-1.469514e+00
4.788568e-03,-2.931229e+00,-1.465619e+00
4.790568e-03,-2.922977e+00,-1.461493e+00
4.792568e-03,-2.914264e+00,-1.457136e+00
4.794568e-03,-2.905091e+00,-1.452550e+00
4.796568e-03,-2.895460e+00,-1.447734e+00
4.798568e-03,-2.885372e+00,-1.442690e+00
4.800568e-03,-2.874829e+00,-1.437419e+00
4.802568e-03,-2.863832e+00,-1.431920e+00
4.804568e-03,-2.852384e+00,-1.426196e+00
4.806568e-03,-2.840485e+00,-1.420247e+00
4.808568e-03,-2.828139e+00,-1.414074e+00
4.810568e-03,-2.815346e+00,-1.407677e+00
4.812568e-03,-2.802109e+00,-1.401059e+00
4.814568e-03,-2.788430e+00,-1.394219e+00
4.816568e-03,-2.774312e+00,-1.387160e+00
4.818568e-03,-2.759755e+00,-1.379882e+00
4.820568e-03,-2.744764e+00,-1.372386e+00
4.822568e-03,-2.729339e+00,-1.364674e+00
4.824568e-03,-2.713484e+00,-1.356746e+00
4.826568e-03,-2.697200e+00,-1.348604e+00
4.828568e-03,-2.680492e+00,-1.340250e+00
4.830568e-03,-2.663360e+00,-1.331684e+00
4.832568e-03,-2.645808e+00,-1.322908e+00
4.834568e-03,-2.627839e+00,-1.313923e+00
4.836568e-03,-2.609455e+00,-1.304732e+00
4.838568e-03,-2.590660e+00,-1.295334e+00
4.840568e-03,-2.571456e+00,-1.285732e+00
4.842568e-03,-2.551846e+00,-1.275927e+00
4.844568e-03,-2.531834e+00,-1.265921e+00
4.846568e-03,-2.511422e+00,-1.255715e+00
4.848568e-03,-2.490614e+00,-1.245311e+00
4.850568e-03,-2.469414e+00,-1.234711e+00
4.852568e-03,-2.447823e+00,-1.223915e+00
4.854568e-03,-2.425847e+00,-1.212927e+00
4.856568e-03,-2.403488e+00,-1.201748e+00
4.858568e-03,-2.380750e+00,-1.190378e+00
4.860568e-03,-2.357636e+00,-1.178821e+00
4.862568e-03,-2.334150e+00,-1.167079e+00
4.864568e-03,-2.310296e+00,-1.155152e+00
4.866568e-03,-2.286078e+00,-1.143042e+00
4.868568e-03,-2.261499e+00,-1.130753e+00
4.870568e-03,-2.236563e+00,-1.118285e+00
4.872568e-03,-2.211274e+00,-1.105640e+00
4.874568e-03,-2.185637e+00,-1.092822e+00
4.876568e-03,-2.159655e+00,-1.079830e+00
4.878568e-03,-2.133332e+00,-1.066669e+00
4.880568e-03,-2.106672e+00,-1.053339e+00
4.882568e-03,-2.079680e+00,-1.039843e+00
4.884568e-03,-2.052360e+00,-1.026183e+00
4.886568e-03,-2.024717e+00,-1.012361e+00
4.888568e-03,-1.996754e+00,-9.983799e-01
4.890568e-03,-1.968476e+00,-9.842408e-01
4.892568e-03,-1.939887e+00,-9.699465e-01
4.894568e-03,-1.910993e+00,-9.554991e-01
4.896568e-03,-1.881796e+00,-9.409011e-01
4.898568e-03,-1.852304e+00,-9.261546e-01
4.900568e-03,-1.822518e+00,-9.112620e-01
4.902568e-03,-1.792446e+00,-8.962256e-01
4.904568e-03,-1.762091e+00,-8.810479e-01
4.906568e-03,-1.731457e+00,-8.657312e-01
4.908568e-03,-1.700551e+00,-8.502779e-01
4.910568e-03,-1.669376e+00,-8.346905e-01
4.912568e-03,-1.637938e+00,-8.189714e-01
4.914568e-03,-1.606241e+00,-8.031231e-01
4.916568e-03,-1.574291e+00,-7.871481e-01
4.918568e-03,-1.542093e+00,-7.710489e-01
4.920568e-03,-1.509652e+00,-7.548282e-01
4.922568e-03,-1.476972e+00,-7.384883e-01
4.924568e-03,-1.444060e+00,-7.220319e-01
4.926568e-03,-1.410919e+00,-7.054617e-01
4.928568e-03,-1.377556e+00,-6.887801e-01
4.930568e-03,-1.343976e+00,-6.719899e-01
4.932568e-03,-1.310183e+00,-6.550937e-01
4.934568e-03,-1.276184e+00,-6.380941e-01
4.936568e-03,-1.241984e+00,-6.209939e-01
4.938568e-03,-1.207588e+00,-6.037957e-01
4.940568e-03,-1.173001e+00,-5.865023e-01
4.942568e-03,-1.138229e+00,-5.691163e-01
4.944568e-03,-1.103278e+00,-5.516406e-01
4.946568e-03,-1.068152e+00,-5.340779e-01
4.948568e-03,-1.032859e+00,-5.164308e-01
4.950568e-03,-9.974017e-01,-4.987024e-01
4.952568e-03,-9.617876e-01,-4.808952e-01
4.954568e-03,-9.260217e-01,-4.630122e-01
4.956568e-03,-8.901097e-01,-4.450562e-01
4.958568e-03,-8.540573e-01,-4.270299e-01
4.960568e-03,-8.178701e-01,-4.089363e-01
4.962568e-03,-7.815540e-01,-3.907782e-01
4.964568e-03,-7.451145e-01,-3.725584e-01
4.966568e-03,-7.085576e-01,-3.542798e-01
4.968568e-03,-6.718888e-01,-3.359454e-01
4.970568e-03,-6.351140e-01,-3.175580e-01
4.972568e-03,-5.982391e-01,-2.991204e-01
4.974568e-03,-5.612698e-01,-2.806357e-01
4.976568e-03,-5.242119e-01,-2.621067e-01
4.978568e-03,-4.870714e-01,-2.435364e-01
4.980568e-03,-4.498540e-01,-2.249277e-01
4.982568e-03,-4.125656e-01,-2.062834e-01
4.984568e-03,-3.752122e-01,-1.876067e-01
4.986568e-03,-3.377996e-01,-1.689003e-01
4.988568e-03,-3.003336e-01,-1.501673e-01
4.990568e-03,-2.628203e-01,-1.314106e-01
4.992568e-03,-2.252656e-01,-1.126331e-01
4.994568e-03,-1.876753e-01,-9.383793e-02
4.996568e-03,-1.500554e-01,-7.502792e-02
4.998568e-03,-1.124118e-01,-5.620608e-02
5.000568e-03,-7.475053e-02,-3.737538e-02
5.002568e-03,-3.707743e-02,-1.853877e-02
5.004568e-03,6.015105e-04,3.007562e-04
5.006568e-03,3.828036e-02,1.914024e-02
5.008568e-03,7.595317e-02,3.797670e-02
5.010568e-03,1.136140e-01,5.680717e-02
5.012568e-03,1.512569e-01,7.562868e-02
5.014568e-03,1.888759e-01,9.443826e-02
5.016568e-03,2.264652e-01,1.132329e-01
5.018568e-03,2.640187e-01,1.320098e-01
5.020568e-03,3.015306e-01,1.507657e-01
5.022568e-03,3.389949e-01,1.694980e-01
5.024568e-03,3.764057e-01,1.882034e-01
5.026568e-03,4.137572e-01,2.068792e-01
5.028568e-03,4.510434e-01,2.255224e-01
5.030568e-03,4.882584e-01,2.441299e-01
5.032568e-03,5.253964e-01,2.626990e-01
5.034568e-03,5.624515e-01,2.812266e-01
5.036568e-03,5.994179e-01,2.997099e-01
5.038568e-03,6.362897e-01,3.181458e-01
5.040568e-03,6.730612e-01,3.365316e-01
5.042568e-03,7.097265e-01,3.548643e-01
5.044568e-03,7.462798e-01,3.731410e-01
5.046568e-03,7.827154e-01,3.913589e-01
5.048568e-03,8.190275e-01,4.095150e-01
5.050568e-03,8.552104e-01,4.276065e-01
5.052568e-03,8.912584e-01,4.456306e-01
5.054568e-03,9.271659e-01,4.635843e-01
5.056568e-03,9.629270e-01,4.814649e-01
5.058568e-03,9.985363e-01,4.992696e-01
5.060568e-03,1.033988e+00,5.169955e-01
5.062568e-03,1.069277e+00,5.346399e-01
5.064568e-03,1.104397e+00,5.521999e-01
5.066568e-03,1.139342e+00,5.696728e-01
5.068568e-03,1.174108e+00,5.870559e-01
5.070568e-03,1.208689e+00,6.043463e-01
5.072568e-03,1.243079e+00,6.215414e-01
5.074568e-03,1.277273e+00,6.386384e-01
5.076568e-03,1.311266e+00,6.556347e-01
5.078568e-03,1.345051e+00,6.725276e-01
5.080568e-03,1.378625e+00,6.893144e-01
5.082568e-03,1.411981e+00,7.059924e-01
5.084568e-03,1.445114e+00,7.225591e-01
5.086568e-03,1.478019e+00,7.390118e-01
5.088568e-03,1.510691e+00,7.553479e-01
5.090568e-03,1.543125e+00,7.715648e-01
5.092568e-03,1.575315e+00,7.876601e-01
5.094568e-03,1.607257e+00,8.036311e-01
5.096568e-03,1.638946e+00,8.194753e-01
5.098568e-03,1.670375e+00,8.351902e-01
5.100568e-03,1.701542e+00,8.507734e-01
5.102568e-03,1.732439e+00,8.662223e-01
5.104568e-03,1.763064e+00,8.815346e-01
5.106568e-03,1.793410e+00,8.967079e-01
5.108568e-03,1.823474e+00,9.117397e-01
5.110568e-03,1.853250e+00,9.266277e-01
5.112568e-03,1.882733e+00,9.413695e-01
5.114568e-03,1.911920e+00,9.559627e-01
5.116568e-03,1.940805e+00,9.704052e-01
5.118568e-03,1.969383e+00,9.846946e-01
5.120568e-03,1.997651e+00,9.988287e-01
5.122568e-03,2.025604e+00,1.012805e+00
5.124568e-03,2.053238e+00,1.026622e+00
5.126568e-03,2.080547e+00,1.040277e+00
5.128568e-03,2.107528e+00,1.053767e+00
5.130568e-03,2.134177e+00,1.067092e+00
5.132568e-03,2.160489e+00,1.080248e+00
5.134568e-03,2.186461e+00,1.093234e+00
5.136568e-03,2.212087e+00,1.106047e+00
5.138568e-03,2.237364e+00,1.118686e+00
5.140568e-03,2.262289e+00,1.131148e+00
5.142568e-03,2.286857e+00,1.143432e+00
5.144568e-03,2.311063e+00,1.155535e+00
5.146568e-03,2.334906e+00,1.167456e+00
5.148568e-03,2.358380e+00,1.179193e+00
5.150568e-03,2.381481e+00,1.190744e+00
5.152568e-03,2.404208e+00,1.202107e+00
5.154568e-03,2.426555e+00,1.213281e+00
5.156568e-03,2.448519e+00,1.224263e+00
5.158568e-03,2.470097e+00,1.235052e+00
5.160568e-03,2.491285e+00,1.245646e+00
5.162568e-03,2.512080e+00,1.256044e+00
5.164568e-03,2.532479e+00,1.266243e+00
5.166568e-03,2.552479e+00,1.276243e+00
5.168568e-03,2.572075e+00,1.286042e+00
5.170568e-03,2.591266e+00,1.295637e+00
5.172568e-03,2.610049e+00,1.305028e+00
5.174568e-03,2.628419e+00,1.314214e+00
5.176568e-03,2.646375e+00,1.323191e+00
5.178568e-03,2.663913e+00,1.331961e+00
5.180568e-03,2.681032e+00,1.340520e+00
5.182568e-03,2.697727e+00,1.348867e+00
5.184568e-03,2.713997e+00,1.357002e+00
5.186568e-03,2.729838e+00,1.364923e+00
5.188568e-03,2.745249e+00,1.372629e+00
5.190568e-03,2.760227e+00,1.380118e+00
5.192568e-03,2.774769e+00,1.387389e+00
5.194568e-03,2.788874e+00,1.394441e+00
5.196568e-03,2.802539e+00,1.401274e+00
5.198568e-03,2.815761e+00,1.407885e+00
5.200568e-03,2.828540e+00,1.414274e+00
5.202568e-03,2.840872e+00,1.420440e+00
5.204568e-03,2.852756e+00,1.426382e+00
5.206568e-03,2.864190e+00,1.432099e+00
5.208568e-03,2.875172e+00,1.437590e+00
5.210568e-03,2.885701e+00,1.442855e+00
5.212568e-03,2.895774e+00,1.447892e+00
5.214568e-03,2.905391e+00,1.452700e+00
5.216568e-03,2.914549e+00,1.457279e+00
5.218568e-03,2.923248e+00,1.461628e+00
5.220568e-03,2.931485e+00,1.465747e+00
5.222568e-03,2.939260e+00,1.469634e+00
5.224568e-03,2.946571e+00,1.473290e+00
5.226568e-03,2.953418e+00,1.476713e+00
5.228568e-03,2.959798e+00,1.479904e+00
5.230568e-03,2.965712e+00,1.482860e+00
5.232568e-03,2.971158e+00,1.485583e+00
5.234568e-03,2.976135e+00,1.488072e+00
5.236568e-03,2.980642e+00,1.490326e+00
5.238568e-03,2.984680e+00,1.492344e+00
5.240568e-03,2.988246e+00,1.494128e+00
5.242568e-03,2.991341e+00,1.495675e+00
5.244568e-03,2.993964e+00,1.496987e+00
5.246568e-03,2.996115e+00,1.498062e+00
5.248568e-03,2.997794e+00,1.498901e+00
5.250568e-03,2.998999e+00,1.499504e+00
5.252568e-03,2.999731e+00,1.499870e+00
5.254568e-03,2.999990e+00,1.500000e+00
5.256568e-03,2.999776e+00,1.499893e+00
5.258568e-03,2.999089e+00,1.499549e+00
5.260568e-03,2.997928e+00,1.498969e+00
5.262568e-03,2.996295e+00,1.498152e+00
5.264568e-03,2.994189e+00,1.497099e+00
5.266568e-03,2.991610e+00,1.495810e+00
5.268568e-03,2.988560e+00,1.494284e+00
5.270568e-03,2.985038e+00,1.492524e+00
5.272568e-03,2.981045e+00,1.490527e+00
5.274568e-03,2.976583e+00,1.488296e+00
5.276568e-03,2.971650e+00,1.485829e+00
5.278568e-03,2.966249e+00,1.483129e+00
5.280568e-03,2.960379e+00,1.480194e+00
5.282568e-03,2.954043e+00,1.477026e+00
5.284568e-03,2.947241e+00,1.473625e+00
5.286568e-03,2.939974e+00,1.469991e+00
5.288568e-03,2.932243e+00,1.466126e+00
5.290568e-03,2.924049e+00,1.462029e+00
5.292568e-03,2.915394e+00,1.457702e+00
5.294568e-03,2.906280e+00,1.453144e+00
5.296568e-03,2.896706e+00,1.448358e+00
5.298568e-03,2.886676e+00,1.443342e+00
5.300568e-03,2.876191e+00,1.438100e+00
5.302568e-03,2.865251e+00,1.432630e+00
5.304568e-03,2.853860e+00,1.426934e+00
5.306568e-03,2.842019e+00,1.421014e+00
5.308568e-03,2.829729e+00,1.414869e+00
5.310568e-03,2.816993e+00,1.408501e+00
5.312568e-03,2.803812e+00,1.401910e+00
5.314568e-03,2.790189e+00,1.395099e+00
5.316568e-03,2.776126e+00,1.388067e+00
5.318568e-03,2.761625e+00,1.380817e+00
5.320568e-03,2.746689e+00,1.373348e+00
5.322568e-03,2.731319e+00,1.365663e+00
5.324568e-03,2.715518e+00,1.357763e+00
5.326568e-03,2.699289e+00,1.349648e+00
5.328568e-03,2.682634e+00,1.341321e+00
5.330568e-03,2.665556e+00,1.332782e+00
5.332568e-03,2.648057e+00,1.324032e+00
5.334568e-03,2.630141e+00,1.315074e+00
5.336568e-03,2.611809e+00,1.305909e+00
5.338568e-03,2.593066e+00,1.296537e+00
5.340568e-03,2.573914e+00,1.286961e+00
5.342568e-03,2.554355e+00,1.277181e+00
5.344568e-03,2.534394e+00,1.267201e+00
5.346568e-03,2.514033e+00,1.257020e+00
5.348568e-03,2.493275e+00,1.246641e+00
5.350568e-03,2.472124e+00,1.236066e+00
5.352568e-03,2.450583e+00,1.225295e+00
5.354568e-03,2.428655e+00,1.214331e+00
5.356568e-03,2.406344e+00,1.203176e+00
5.358568e-03,2.383654e+00,1.191830e+00
5.360568e-03,2.360587e+00,1.180297e+00
5.362568e-03,2.337149e+00,1.168578e+00
5.364568e-03,2.313341e+00,1.156674e+00
5.366568e-03,2.289169e+00,1.144588e+00
5.368568e-03,2.264635e+00,1.132321e+00
5.370568e-03,2.239744e+00,1.119876e+00
5.372568e-03,2.214500e+00,1.107253e+00
5.374568e-03,2.188907e+00,1.094457e+00
5.376568e-03,2.162968e+00,1.081487e+00
5.378568e-03,2.136688e+00,1.068347e+00
5.380568e-03,2.110071e+00,1.055039e+00
5.382568e-03,2.083121e+00,1.041564e+00
5.384568e-03,2.055843e+00,1.027924e+00
5.386568e-03,2.028240e+00,1.014123e+00
5.388568e-03,2.000317e+00,1.000162e+00
5.390568e-03,1.972079e+00,9.860423e-01
5.392568e-03,1.943529e+00,9.717676e-01
5.394568e-03,1.914673e+00,9.573395e-01
5.396568e-03,1.885515e+00,9.427604e-01
5.398568e-03,1.856060e+00,9.280326e-01
5.400568e-03,1.826311e+00,9.131584e-01
5.402568e-03,1.796275e+00,8.981402e-01
5.404568e-03,1.765955e+00,8.829802e-01
5.406568e-03,1.735357e+00,8.676810e-01
5.408568e-03,1.704485e+00,8.522449e-01
5.410568e-03,1.673344e+00,8.366744e-01
5.412568e-03,1.641939e+00,8.209718e-01
5.414568e-03,1.610275e+00,8.051398e-01
5.416568e-03,1.578357e+00,7.891807e-01
5.418568e-03,1.546190e+00,7.730972e-01
5.420568e-03,1.513779e+00,7.568917e-01
5.422568e-03,1.481129e+00,7.405667e-01
5.424568e-03,1.448246e+00,7.241250e-01
5.426568e-03,1.415134e+00,7.075690e-01
5.428568e-03,1.381799e+00,6.909015e-01
5.430568e-03,1.348246e+00,6.741249e-01
5.432568e-03,1.314480e+00,6.572420e-01
5.434568e-03,1.280507e+00,6.402554e-01
5.436568e-03,1.246332e+00,6.231678e-01
5.438568e-03,1.211960e+00,6.059818e-01
5.440568e-03,1.177397e+00,5.887003e-01
5.442568e-03,1.142649e+00,5.713260e-01
5.444568e-03,1.107720e+00,5.538615e-01
5.446568e-03,1.072616e+00,5.363096e-01
5.448568e-03,1.037343e+00,5.186731e-01
5.450568e-03,1.001907e+00,5.009548e-01
5.452568e-03,9.663121e-01,4.831575e-01
5.454568e-03,9.305651e-01,4.652840e-01
5.456568e-03,8.946713e-01,4.473370e-01
5.458568e-03,8.586364e-01,4.293195e-01
5.460568e-03,8.224661e-01,4.112343e-01
5.462568e-03,7.861660e-01,3.930842e-01
5.464568e-03,7.497418e-01,3.748720e-01
5.466568e-03,7.131994e-01,3.566008e-01
5.468568e-03,6.765445e-01,3.382733e-01
5.470568e-03,6.397829e-01,3.198924e-01
5.472568e-03,6.029203e-01,3.014611e-01
5.474568e-03,5.659626e-01,2.829822e-01
5.476568e-03,5.289157e-01,2.644586e-01
5.478568e-03,4.917853e-01,2.458934e-01
5.480568e-03,4.545773e-01,2.272893e-01
5.482568e-03,4.172976e-01,2.086494e-01
5.484568e-03,3.799521e-01,1.899766e-01
5.486568e-03,3.425467e-01,1.712739e-01
5.488568e-03,3.050872e-01,1.525441e-01
5.490568e-03,2.675796e-01,1.337902e-01
5.492568e-03,2.300298e-01,1.150152e-01
5.494568e-03,1.924436e-01,9.622211e-02
5.496568e-03,1.548272e-01,7.741382e-02
5.498568e-03,1.171863e-01,5.859331e-02
5.500568e-03,7.952689e-02,3.976357e-02
5.502568e-03,4.185496e-02,2.092755e-02
5.504568e-03,4.176435e-03,2.088224e-03
5.506568e-03,-3.350275e-02,-1.675143e-02
5.508568e-03,-7.117666e-02,-3.558844e-02
5.510568e-03,-1.088393e-01,-5.441983e-02
5.512568e-03,-1.464848e-01,-7.324264e-02
5.514568e-03,-1.841072e-01,-9.205390e-02
5.516568e-03,-2.217006e-01,-1.108506e-01
5.518568e-03,-2.592590e-01,-1.296299e-01
5.520568e-03,-2.967765e-01,-1.483887e-01
5.522568e-03,-3.342471e-01,-1.671241e-01
5.524568e-03,-3.716651e-01,-1.858331e-01
5.526568e-03,-4.090244e-01,-2.045128e-01
5.528568e-03,-4.463192e-01,-2.231602e-01
5.530568e-03,-4.835435e-01,-2.417725e-01
5.532568e-03,-5.206916e-01,-2.603466e-01
5.534568e-03,-5.577576e-01,-2.788796e-01
5.536568e-03,-5.947355e-01,-2.973687e-01
5.538568e-03,-6.316197e-01,-3.158108e-01
5.540568e-03,-6.684042e-01,-3.342031e-01
5.542568e-03,-7.050833e-01,-3.525427e-01
5.544568e-03,-7.416511e-01,-3.708267e-01
5.546568e-03,-7.781020e-01,-3.890521e-01
5.548568e-03,-8.144300e-01,-4.072162e-01
5.550568e-03,-8.506297e-01,-4.253161e-01
5.552568e-03,-8.866951e-01,-4.433489e-01
5.554568e-03,-9.226206e-01,-4.613117e-01
5.556568e-03,-9.584007e-01,-4.792018e-01
5.558568e-03,-9.940295e-01,-4.970162e-01
5.560568e-03,-1.029501e+00,-5.147523e-01
5.562568e-03,-1.064811e+00,-5.324071e-01
5.564568e-03,-1.099953e+00,-5.499780e-01
5.566568e-03,-1.134921e+00,-5.674621e-01
5.568568e-03,-1.169710e+00,-5.848567e-01
5.570568e-03,-1.204314e+00,-6.021590e-01
5.572568e-03,-1.238729e+00,-6.193664e-01
5.574568e-03,-1.272948e+00,-6.364760e-01
5.576568e-03,-1.306967e+00,-6.534852e-01
5.578568e-03,-1.340779e+00,-6.703914e-01
5.580568e-03,-1.374379e+00,-6.871917e-01
5.582568e-03,-1.407763e+00,-7.038837e-01
5.584568e-03,-1.440925e+00,-7.204647e-01
5.586568e-03,-1.473859e+00,-7.369319e-01
5.588568e-03,-1.506561e+00,-7.532830e-01
5.590568e-03,-1.539026e+00,-7.695152e-01
5.592568e-03,-1.571247e+00,-7.856260e-01
5.594568e-03,-1.603221e+00,-8.016128e-01
5.596568e-03,-1.634942e+00,-8.174733e-01
5.598568e-03,-1.666404e+00,-8.332047e-01
5.600568e-03,-1.697604e+00,-8.488047e-01
5.602568e-03,-1.728537e+00,-8.642709e-01
5.604568e-03,-1.759196e+00,-8.796006e-01
5.606568e-03,-1.789578e+00,-8.947917e-01
5.608568e-03,-1.819678e+00,-9.098415e-01
5.610568e-03,-1.849490e+00,-9.247479e-01
5.612568e-03,-1.879011e+00,-9.395083e-01
5.614568e-03,-1.908235e+00,-9.541206e-01
5.616568e-03,-1.937159e+00,-9.685823e-01
5.618568e-03,-1.965777e+00,-9.828912e-01
5.620568e-03,-1.994084e+00,-9.970451e-01
5.622568e-03,-2.022077e+00,-1.011042e+00
5.624568e-03,-2.049752e+00,-1.024879e+00
5.626568e-03,-2.077102e+00,-1.038554e+00
5.628568e-03,-2.104125e+00,-1.052066e+00
5.630568e-03,-2.130817e+00,-1.065411e+00
5.632568e-03,-2.157172e+00,-1.078589e+00
5.634568e-03,-2.183186e+00,-1.091596e+00
5.636568e-03,-2.208857e+00,-1.104432e+00
5.638568e-03,-2.234179e+00,-1.117093e+00
5.640568e-03,-2.259148e+00,-1.129577e+00
5.642568e-03,-2.283761e+00,-1.141884e+00
5.644568e-03,-2.308014e+00,-1.154010e+00
5.646568e-03,-2.331903e+00,-1.165955e+00
5.648568e-03,-2.355424e+00,-1.177715e+00
5.650568e-03,-2.378573e+00,-1.189290e+00
5.652568e-03,-2.401347e+00,-1.200677e+00
5.654568e-03,-2.423742e+00,-1.211875e+00
5.656568e-03,-2.445755e+00,-1.222881e+00
5.658568e-03,-2.467382e+00,-1.233695e+00
5.660568e-03,-2.488620e+00,-1.244314e+00
5.662568e-03,-2.509465e+00,-1.254736e+00
5.664568e-03,-2.529914e+00,-1.264961e+00
5.666568e-03,-2.549965e+00,-1.274986e+00
5.668568e-03,-2.569613e+00,-1.284810e+00
5.670568e-03,-2.588855e+00,-1.294432e+00
5.672568e-03,-2.607690e+00,-1.303849e+00
5.674568e-03,-2.626113e+00,-1.313060e+00
5.676568e-03,-2.644121e+00,-1.322065e+00
5.678568e-03,-2.661713e+00,-1.330860e+00
5.680568e-03,-2.678884e+00,-1.339446e+00
5.682568e-03,-2.695633e+00,-1.347821e+00
5.684568e-03,-2.711957e+00,-1.355983e+00
5.686568e-03,-2.727853e+00,-1.363931e+00
5.688568e-03,-2.743319e+00,-1.371664e+00
5.690568e-03,-2.758352e+00,-1.379180e+00
5.692568e-03,-2.772949e+00,-1.386479e+00
5.694568e-03,-2.787110e+00,-1.393559e+00
5.696568e-03,-2.800830e+00,-1.400419e+00
5.698568e-03,-2.814109e+00,-1.407059e+00
5.700568e-03,-2.826944e+00,-1.413476e+00
5.702568e-03,-2.839333e+00,-1.419671e+00
5.704568e-03,-2.851274e+00,-1.425641e+00
5.706568e-03,-2.862765e+00,-1.431387e+00
5.708568e-03,-2.873805e+00,-1.436907e+00
5.710568e-03,-2.884391e+00,-1.442200e+00
5.712568e-03,-2.894522e+00,-1.447265e+00
5.714568e-03,-2.904197e+00,-1.452103e+00
5.716568e-03,-2.913413e+00,-1.456711e+00
5.718568e-03,-2.922170e+00,-1.461090e+00
5.720568e-03,-2.930466e+00,-1.465237e+00
5.722568e-03,-2.938300e+00,-1.469154e+00
5.724568e-03,-2.945670e+00,-1.472839e+00
5.726568e-03,-2.952575e+00,-1.476292e+00
5.728568e-03,-2.959015e+00,-1.479512e+00
5.730568e-03,-2.964988e+00,-1.482498e+00
5.732568e-03,-2.970493e+00,-1.485251e+00
5.734568e-03,-2.975530e+00,-1.487769e+00
5.736568e-03,-2.980097e+00,-1.490053e+00
5.738568e-03,-2.984194e+00,-1.492101e+00
5.740568e-03,-2.987820e+00,-1.493914e+00
5.742568e-03,-2.990975e+00,-1.495492e+00
5.744568e-03,-2.993658e+00,-1.496833e+00
5.746568e-03,-2.995869e+00,-1.497939e+00
5.748568e-03,-2.997607e+00,-1.498808e+00
5.750568e-03,-2.998872e+00,-1.499441e+00
5.752568e-03,-2.999665e+00,-1.499837e+00
5.754568e-03,-2.999984e+00,-1.499996e+00
5.756568e-03,-2.999830e+00,-1.499919e+00
5.758568e-03,-2.999202e+00,-1.499606e+00
5.760568e-03,-2.998102e+00,-1.499055e+00
5.762568e-03,-2.996528e+00,-1.498269e+00
5.764568e-03,-2.994482e+00,-1.497246e+00
5.766568e-03,-2.991963e+00,-1.495986e+00
5.768568e-03,-2.988973e+00,-1.494491e+00
5.770568e-03,-2.985511e+00,-1.492760e+00
5.772568e-03,-2.981578e+00,-1.490793e+00
5.774568e-03,-2.977174e+00,-1.488592e+00
5.776568e-03,-2.972301e+00,-1.486155e+00
5.778568e-03,-2.966959e+00,-1.483484e+00
5.780568e-03,-2.961149e+00,-1.480579e+00
5.782568e-03,-2.954872e+00,-1.477441e+00
5.784568e-03,-2.948129e+00,-1.474069e+00
5.786568e-03,-2.940921e+00,-1.470465e+00
5.788568e-03,-2.933249e+00,-1.466629e+00
5.790568e-03,-2.925114e+00,-1.462561e+00
5.792568e-03,-2.916517e+00,-1.458263e+00
5.794568e-03,-2.907461e+00,-1.453735e+00
5.796568e-03,-2.897946e+00,-1.448977e+00
5.798568e-03,-2.887973e+00,-1.443991e+00
5.800568e-03,-2.877545e+00,-1.438777e+00
5.802568e-03,-2.866664e+00,-1.433336e+00
5.804568e-03,-2.855330e+00,-1.427669e+00
5.806568e-03,-2.843545e+00,-1.421777e+00
5.808568e-03,-2.831312e+00,-1.415660e+00
5.810568e-03,-2.818632e+00,-1.409320e+00
5.812568e-03,-2.805508e+00,-1.402758e+00
5.814568e-03,-2.791941e+00,-1.395975e+00
5.816568e-03,-2.777934e+00,-1.388971e+00
5.818568e-03,-2.763488e+00,-1.381748e+00
5.820568e-03,-2.748607e+00,-1.374307e+00
5.822568e-03,-2.733292e+00,-1.366650e+00
5.824568e-03,-2.717545e+00,-1.358777e+00
5.826568e-03,-2.701370e+00,-1.350689e+00
5.828568e-03,-2.684769e+00,-1.342389e+00
5.830568e-03,-2.667745e+00,-1.333876e+00
5.832568e-03,-2.650299e+00,-1.325154e+00
5.834568e-03,-2.632435e+00,-1.316222e+00
5.836568e-03,-2.614157e+00,-1.307082e+00
5.838568e-03,-2.595465e+00,-1.297737e+00
5.840568e-03,-2.576365e+00,-1.288186e+00
5.842568e-03,-2.556858e+00,-1.278433e+00
5.844568e-03,-2.536947e+00,-1.268477e+00
5.846568e-03,-2.516636e+00,-1.258322e+00
5.848568e-03,-2.495929e+00,-1.247968e+00
5.850568e-03,-2.474827e+00,-1.237417e+00
5.852568e-03,-2.453336e+00,-1.226671e+00
5.854568e-03,-2.431457e+00,-1.215732e+00
5.856568e-03,-2.409194e+00,-1.204601e+00
5.858568e-03,-2.386552e+00,-1.193280e+00
5.860568e-03,-2.363533e+00,-1.181770e+00
5.862568e-03,-2.340141e+00,-1.170074e+00
5.864568e-03,-2.316380e+00,-1.158194e+00
5.866568e-03,-2.292254e+00,-1.146130e+00
5.868568e-03,-2.267766e+00,-1.133886e+00
5.870568e-03,-2.242920e+00,-1.121464e+00
5.872568e-03,-2.217721e+00,-1.108864e+00
5.874568e-03,-2.192171e+00,-1.096089e+00
5.876568e-03,-2.166276e+00,-1.083141e+00
5.878568e-03,-2.140039e+00,-1.070023e+00
5.880568e-03,-2.113465e+00,-1.056736e+00
5.882568e-03,-2.086557e+00,-1.043282e+00
5.884568e-03,-2.059320e+00,-1.029663e+00
5.886568e-03,-2.031758e+00,-1.015882e+00
5.888568e-03,-2.003875e+00,-1.001941e+00
5.890568e-03,-1.975677e+00,-9.878414e-01
5.892568e-03,-1.947167e+00,-9.735862e-01
5.894568e-03,-1.918349e+00,-9.591774e-01
5.896568e-03,-1.889229e+00,-9.446174e-01
5.898568e-03,-1.859811e+00,-9.299083e-01
5.900568e-03,-1.830100e+00,-9.150525e-01
5.902568e-03,-1.800099e+00,-9.000524e-01
5.904568e-03,-1.769815e+00,-8.849103e-01
5.906568e-03,-1.739252e+00,-8.696286e-01
5.908568e-03,-1.708414e+00,-8.542097e-01
5.910568e-03,-1.677307e+00,-8.386561e-01
5.912568e-03,-1.645935e+00,-8.229702e-01
5.914568e-03,-1.614304e+00,-8.071544e-01
5.916568e-03,-1.582418e+00,-7.912113e-01
5.918568e-03,-1.550282e+00,-7.751434e-01
5.920568e-03,-1.517902e+00,-7.589532e-01
5.922568e-03,-1.485282e+00,-7.426433e-01
5.924568e-03,-1.452428e+00,-7.262163e-01
5.926568e-03,-1.419345e+00,-7.096746e-01
5.928568e-03,-1.386038e+00,-6.930211e-01
5.930568e-03,-1.352512e+00,-6.762582e-01
5.932568e-03,-1.318773e+00,-6.593886e-01
5.934568e-03,-1.284826e+00,-6.424150e-01
5.936568e-03,-1.250676e+00,-6.253400e-01
5.938568e-03,-1.216329e+00,-6.081664e-01
5.940568e-03,-1.181790e+00,-5.908969e-01
5.942568e-03,-1.147065e+00,-5.735341e-01
5.944568e-03,-1.112159e+00,-5.560809e-01
5.946568e-03,-1.077077e+00,-5.385400e-01
5.948568e-03,-1.041825e+00,-5.209141e-01
5.950568e-03,-1.006409e+00,-5.032060e-01
5.952568e-03,-9.708342e-01,-4.854185e-01
5.954568e-03,-9.351062e-01,-4.675545e-01
5.956568e-03,-8.992307e-01,-4.496167e-01
5.958568e-03,-8.632134e-01,-4.316080e-01
5.960568e-03,-8.270599e-01,-4.135312e-01
5.962568e-03,-7.907759e-01,-3.953891e-01
5.964568e-03,-7.543672e-01,-3.771847e-01
5.966568e-03,-7.178395e-01,-3.589208e-01
5.968568e-03,-6.811985e-01,-3.406003e-01
5.970568e-03,-6.444501e-01,-3.222260e-01
5.972568e-03,-6.076000e-01,-3.038009e-01
5.974568e-03,-5.706541e-01,-2.853279e-01
5.976568e-03,-5.336181e-01,-2.668099e-01
5.978568e-03,-4.964980e-01,-2.482497e-01
5.980568e-03,-4.592995e-01,-2.296505e-01
5.982568e-03,-4.220286e-01,-2.110149e-01
5.984568e-03,-3.846911e-01,-1.923461e-01
5.986568e-03,-3.472929e-01,-1.736470e-01
5.988568e-03,-3.098400e-01,-1.549205e-01
5.990568e-03,-2.723381e-01,-1.361695e-01
5.992568e-03,-2.347933e-01,-1.173970e-01
5.994568e-03,-1.972115e-01,-9.860605e-02
5.996568e-03,-1.595986e-01,-7.979952e-02
5.998568e-03,-1.219604e-01,-6.098039e-02
6.000568e-03,-8.430306e-02,-4.215165e-02
6.002568e-03,-4.663239e-02,-2.331627e-02
6.004568e-03,-8.954369e-03,-4.477198e-03
6.006568e-03,2.872507e-02,1.436258e-02
6.008568e-03,6.639997e-02,3.320008e-02
6.010568e-03,1.040644e-01,5.203235e-02
6.012568e-03,1.417124e-01,7.085642e-02
6.014568e-03,1.793381e-01,8.966930e-02
6.016568e-03,2.169354e-01,1.084680e-01
6.018568e-03,2.544986e-01,1.272497e-01
6.020568e-03,2.920216e-01,1.460112e-01
6.022568e-03,3.294985e-01,1.647497e-01
6.024568e-03,3.669235e-01,1.834623e-01
6.026568e-03,4.042905e-01,2.021459e-01
6.028568e-03,4.415938e-01,2.207976e-01
6.030568e-03,4.788274e-01,2.394144e-01
6.032568e-03,5.159855e-01,2.579935e-01
6.034568e-03,5.530622e-01,2.765319e-01
6.036568e-03,5.900517e-01,2.950267e-01
6.038568e-03,6.269480e-01,3.134750e-01
6.040568e-03,6.637455e-01,3.318738e-01
6.042568e-03,7.004383e-01,3.502202e-01
6.044568e-03,7.370205e-01,3.685114e-01
6.046568e-03,7.734865e-01,3.867444e-01
6.048568e-03,8.098305e-01,4.049165e-01
6.050568e-03,8.460467e-01,4.230246e-01
6.052568e-03,8.821295e-01,4.410661e-01
6.054568e-03,9.180731e-01,4.590379e-01
6.056568e-03,9.538719e-01,4.769374e-01
6.058568e-03,9.895202e-01,4.947616e-01
6.060568e-03,1.025012e+00,5.125077e-01
6.062568e-03,1.060343e+00,5.301730e-01
6.064568e-03,1.095506e+00,5.477547e-01
6.066568e-03,1.130497e+00,5.652500e-01
6.068568e-03,1.165309e+00,5.826561e-01
6.070568e-03,1.199937e+00,5.999702e-01
6.072568e-03,1.234376e+00,6.171898e-01
6.074568e-03,1.268620e+00,6.343119e-01
6.076568e-03,1.302664e+00,6.513340e-01
6.078568e-03,1.336503e+00,6.682534e-01
6.080568e-03,1.370131e+00,6.850673e-01
6.082568e-03,1.403542e+00,7.017732e-01
6.084568e-03,1.436732e+00,7.183684e-01
6.086568e-03,1.469696e+00,7.348502e-01
6.088568e-03,1.502428e+00,7.512161e-01
6.090568e-03,1.534922e+00,7.674635e-01
6.092568e-03,1.567175e+00,7.835899e-01
6.094568e-03,1.599180e+00,7.995926e-01
6.096568e-03,1.630933e+00,8.154692e-01
6.098568e-03,1.662429e+00,8.312171e-01
6.100568e-03,1.693663e+00,8.468340e-01
6.102568e-03,1.724629e+00,8.623172e-01
6.104568e-03,1.755324e+00,8.776644e-01
6.106568e-03,1.785741e+00,8.928731e-01
6.108568e-03,1.815877e+00,9.079410e-01
6.110568e-03,1.845726e+00,9.228657e-01
6.112568e-03,1.875284e+00,9.376448e-01
6.114568e-03,1.904546e+00,9.522760e-01
6.116568e-03,1.933508e+00,9.667569e-01
6.118568e-03,1.962165e+00,9.810854e-01
6.120568e-03,1.990512e+00,9.952590e-01
6.122568e-03,2.018545e+00,1.009276e+00
6.124568e-03,2.046260e+00,1.023133e+00
6.126568e-03,2.073652e+00,1.036829e+00
6.128568e-03,2.100717e+00,1.050362e+00
6.130568e-03,2.127451e+00,1.063728e+00
6.132568e-03,2.153848e+00,1.076927e+00
6.134568e-03,2.179907e+00,1.089957e+00
6.136568e-03,2.205621e+00,1.102814e+00
6.138568e-03,2.230987e+00,1.115497e+00
6.140568e-03,2.256002e+00,1.128004e+00
6.142568e-03,2.280660e+00,1.140333e+00
6.144568e-03,2.304959e+00,1.152483e+00
6.146568e-03,2.328894e+00,1.164450e+00
6.148568e-03,2.352461e+00,1.176234e+00
6.150568e-03,2.375658e+00,1.187833e+00
6.152568e-03,2.398480e+00,1.199244e+00
6.154568e-03,2.420923e+00,1.210465e+00
6.156568e-03,2.442985e+00,1.221496e+00
6.158568e-03,2.464661e+00,1.232334e+00
6.160568e-03,2.485949e+00,1.242978e+00
6.162568e-03,2.506844e+00,1.253426e+00
6.164568e-03,2.527343e+00,1.263676e+00
6.166568e-03,2.547445e+00,1.273726e+00
6.168568e-03,2.567144e+00,1.283576e+00
6.170568e-03,2.586438e+00,1.293223e+00
6.172568e-03,2.605324e+00,1.302666e+00
6.174568e-03,2.623799e+00,1.311904e+00
6.176568e-03,2.641861e+00,1.320934e+00
6.178568e-03,2.659505e+00,1.329757e+00
6.180568e-03,2.676730e+00,1.338369e+00
6.182568e-03,2.693533e+00,1.346771e+00
6.184568e-03,2.709911e+00,1.354960e+00
6.186568e-03,2.725861e+00,1.362935e+00
6.188568e-03,2.741382e+00,1.370695e+00
6.190568e-03,2.756469e+00,1.378239e+00
6.192568e-03,2.771123e+00,1.385565e+00
6.194568e-03,2.785338e+00,1.392673e+00
6.196568e-03,2.799115e+00,1.399562e+00
6.198568e-03,2.812450e+00,1.406229e+00
6.200568e-03,2.825341e+00,1.412675e+00
6.202568e-03,2.837787e+00,1.418898e+00
6.204568e-03,2.849785e+00,1.424897e+00
6.206568e-03,2.861333e+00,1.430671e+00
6.208568e-03,2.872430e+00,1.436219e+00
6.210568e-03,2.883074e+00,1.441541e+00
6.212568e-03,2.893263e+00,1.446636e+00
6.214568e-03,2.902995e+00,1.451502e+00
6.216568e-03,2.912270e+00,1.456139e+00
6.218568e-03,2.921085e+00,1.460547e+00
6.220568e-03,2.929440e+00,1.464724e+00
6.222568e-03,2.937332e+00,1.468670e+00
6.224568e-03,2.944761e+00,1.472385e+00
6.226568e-03,2.951725e+00,1.475867e+00
6.228568e-03,2.958224e+00,1.479117e+00
6.230568e-03,2.964256e+00,1.482133e+00
6.232568e-03,2.969821e+00,1.484915e+00
6.234568e-03,2.974917e+00,1.487463e+00
6.236568e-03,2.979544e+00,1.489776e+00
6.238568e-03,2.983700e+00,1.491855e+00
6.240568e-03,2.987386e+00,1.493698e+00
6.242568e-03,2.990601e+00,1.495305e+00
6.244568e-03,2.993344e+00,1.496676e+00
6.246568e-03,2.995615e+00,1.497812e+00
6.248568e-03,2.997413e+00,1.498711e+00
6.250568e-03,2.998738e+00,1.499374e+00
6.252568e-03,2.999590e+00,1.499800e+00
6.254568e-03,2.999970e+00,1.499989e+00
6.256568e-03,2.999875e+00,1.499942e+00
6.258568e-03,2.999308e+00,1.499659e+00
6.260568e-03,2.998267e+00,1.499138e+00
6.262568e-03,2.996754e+00,1.498381e+00
6.264568e-03,2.994768e+00,1.497388e+00
6.266568e-03,2.992309e+00,1.496159e+00
6.268568e-03,2.989378e+00,1.494694e+00
6.270568e-03,2.985976e+00,1.492992e+00
6.272568e-03,2.982103e+00,1.491056e+00
6.274568e-03,2.977759e+00,1.488884e+00
6.276568e-03,2.972945e+00,1.486477e+00
6.278568e-03,2.967663e+00,1.483836e+00
6.280568e-03,2.961912e+00,1.480960e+00
6.282568e-03,2.955694e+00,1.477852e+00
6.284568e-03,2.949010e+00,1.474509e+00
6.286568e-03,2.941861e+00,1.470935e+00
6.288568e-03,2.934247e+00,1.467128e+00
6.290568e-03,2.926171e+00,1.463090e+00
6.292568e-03,2.917633e+00,1.458821e+00
6.294568e-03,2.908635e+00,1.454322e+00
6.296568e-03,2.899178e+00,1.449593e+00
6.298568e-03,2.889263e+00,1.444636e+00
6.300568e-03,2.878893e+00,1.439451e+00
6.302568e-03,2.868069e+00,1.434039e+00
6.304568e-03,2.856792e+00,1.428400e+00
6.306568e-03,2.845064e+00,1.422536e+00
6.308568e-03,2.832888e+00,1.416448e+00
6.310568e-03,2.820265e+00,1.410137e+00
6.312568e-03,2.807197e+00,1.403603e+00
6.314568e-03,2.793686e+00,1.396847e+00
6.316568e-03,2.779734e+00,1.389871e+00
6.318568e-03,2.765344e+00,1.382676e+00
6.320568e-03,2.750518e+00,1.375263e+00
6.322568e-03,2.735258e+00,1.367633e+00
6.324568e-03,2.719566e+00,1.359787e+00
6.326568e-03,2.703445e+00,1.351727e+00
6.328568e-03,2.686898e+00,1.343453e+00
6.330568e-03,2.669927e+00,1.334967e+00
6.332568e-03,2.652534e+00,1.326271e+00
6.334568e-03,2.634724e+00,1.317366e+00
6.336568e-03,2.616497e+00,1.308253e+00
6.338568e-03,2.597858e+00,1.298933e+00
6.340568e-03,2.578809e+00,1.289409e+00
6.342568e-03,2.559354e+00,1.279681e+00
6.344568e-03,2.539494e+00,1.269751e+00
6.346568e-03,2.519234e+00,1.259621e+00
6.348568e-03,2.498577e+00,1.249292e+00
6.350568e-03,2.477525e+00,1.238766e+00
6.352568e-03,2.456082e+00,1.228045e+00
6.354568e-03,2.434252e+00,1.217130e+00
6.356568e-03,2.412038e+00,1.206023e+00
6.358568e-03,2.389444e+00,1.194726e+00
6.360568e-03,2.366473e+00,1.183240e+00
6.362568e-03,2.343128e+00,1.171567e+00
6.364568e-03,2.319414e+00,1.159710e+00
6.366568e-03,2.295333e+00,1.147670e+00
6.368568e-03,2.270891e+00,1.135449e+00
6.370568e-03,2.246090e+00,1.123049e+00
6.372568e-03,2.220936e+00,1.110471e+00
6.374568e-03,2.195430e+00,1.097718e+00
6.376568e-03,2.169579e+00,1.084793e+00
6.378568e-03,2.143385e+00,1.071696e+00
6.380568e-03,2.116853e+00,1.058430e+00
6.382568e-03,2.089987e+00,1.044997e+00
6.384568e-03,2.062792e+00,1.031399e+00
6.386568e-03,2.035271e+00,1.017638e+00
6.388568e-03,2.007429e+00,1.003717e+00
6.390568e-03,1.979270e+00,9.896379e-01
6.392568e-03,1.950799e+00,9.754023e-01
6.394568e-03,1.922020e+00,9.610130e-01
6.396568e-03,1.892938e+00,9.464720e-01
6.398568e-03,1.863558e+00,9.317816e-01
6.400568e-03,1.833883e+00,9.169444e-01
6.402568e-03,1.803919e+00,9.019624e-01
6.404568e-03,1.773671e+00,8.868382e-01
6.406568e-03,1.743143e+00,8.715741e-01
6.408568e-03,1.712340e+00,8.561724e-01
6.410568e-03,1.681266e+00,8.406357e-01
6.412568e-03,1.649928e+00,8.249664e-01
6.414568e-03,1.618329e+00,8.091670e-01
6.416568e-03,1.586475e+00,7.932399e-01
6.418568e-03,1.554371e+00,7.771877e-01
6.420568e-03,1.522021e+00,7.610129e-01
6.422568e-03,1.489432e+00,7.447180e-01
6.424568e-03,1.456607e+00,7.283057e-01
6.426568e-03,1.423553e+00,7.117784e-01
6.428568e-03,1.390274e+00,6.951389e-01
6.430568e-03,1.356775e+00,6.783897e-01
6.432568e-03,1.323063e+00,6.615335e-01
6.434568e-03,1.289142e+00,6.445729e-01
6.436568e-03,1.255018e+00,6.275107e-01
6.438568e-03,1.220695e+00,6.103495e-01
6.440568e-03,1.186180e+00,5.930920e-01
6.442568e-03,1.151478e+00,5.757409e-01
6.444568e-03,1.116595e+00,5.582990e-01
6.446568e-03,1.081535e+00,5.407690e-01
6.448568e-03,1.046304e+00,5.231537e-01
6.450568e-03,1.010909e+00,5.054559e-01
6.452568e-03,9.753538e-01,4.876784e-01
6.454568e-03,9.396449e-01,4.698239e-01
6.456568e-03,9.037878e-01,4.518953e-01
6.458568e-03,8.677882e-01,4.338954e-01
6.460568e-03,8.316516e-01,4.158271e-01
6.462568e-03,7.953839e-01,3.976931e-01
6.464568e-03,7.589907e-01,3.794965e-01
6.466568e-03,7.224777e-01,3.612399e-01
6.468568e-03,6.858508e-01,3.429264e-01
6.470568e-03,6.491157e-01,3.245588e-01
6.472568e-03,6.122782e-01,3.061400e-01
6.474568e-03,5.753441e-01,2.876729e-01
6.476568e-03,5.383192e-01,2.691604e-01
6.478568e-03,5.012094e-01,2.506055e-01
6.480568e-03,4.640206e-01,2.320110e-01
6.482568e-03,4.267585e-01,2.133799e-01
6.484568e-03,3.894291e-01,1.947151e-01
6.486568e-03,3.520383e-01,1.760197e-01
6.488568e-03,3.145920e-01,1.572965e-01
6.490568e-03,2.770960e-01,1.385484e-01
6.492568e-03,2.395563e-01,1.197785e-01
6.494568e-03,2.019789e-01,1.009897e-01
6.496568e-03,1.643695e-01,8.218501e-02
6.498568e-03,1.267343e-01,6.336732e-02
6.500568e-03,8.907901e-02,4.453964e-02
6.502568e-03,5.140970e-02,2.570493e-02
6.504568e-03,1.373228e-02,6.866161e-03
6.506568e-03,-2.394730e-02,-1.197369e-02
6.508568e-03,-6.162311e-02,-3.081165e-02
6.510568e-03,-9.928920e-02,-4.964475e-02
6.512568e-03,-1.369396e-01,-6.847002e-02
6.514568e-03,-1.745684e-01,-8.728448e-02
6.516568e-03,-2.121697e-01,-1.060852e-01
6.518568e-03,-2.497375e-01,-1.248691e-01
6.520568e-03,-2.872659e-01,-1.436334e-01
6.522568e-03,-3.247490e-01,-1.623750e-01
6.524568e-03,-3.621809e-01,-1.810910e-01
6.526568e-03,-3.995557e-01,-1.997784e-01
6.528568e-03,-4.368674e-01,-2.184343e-01
6.530568e-03,-4.741101e-01,-2.370558e-01
6.532568e-03,-5.112781e-01,-2.556398e-01
6.534568e-03,-5.483655e-01,-2.741836e-01
6.536568e-03,-5.853663e-01,-2.926840e-01
6.538568e-03,-6.222748e-01,-3.111383e-01
6.540568e-03,-6.590851e-01,-3.295436e-01
6.542568e-03,-6.957915e-01,-3.478968e-01
6.544568e-03,-7.323881e-01,-3.661951e-01
6.546568e-03,-7.688691e-01,-3.844357e-01
6.548568e-03,-8.052289e-01,-4.026157e-01
6.550568e-03,-8.414617e-01,-4.207321e-01
6.552568e-03,-8.775617e-01,-4.387821e-01
6.554568e-03,-9.135232e-01,-4.567630e-01
6.556568e-03,-9.493407e-01,-4.746718e-01
6.558568e-03,-9.850084e-01,-4.925057e-01
6.560568e-03,-1.020521e+00,-5.102619e-01
6.562568e-03,-1.055872e+00,-5.279376e-01
6.564568e-03,-1.091057e+00,-5.455300e-01
6.566568e-03,-1.126069e+00,-5.630364e-01
6.568568e-03,-1.160904e+00,-5.804539e-01
6.570568e-03,-1.195556e+00,-5.977799e-01
6.572568e-03,-1.230020e+00,-6.150116e-01
6.574568e-03,-1.264289e+00,-6.321463e-01
6.576568e-03,-1.298359e+00,-6.491812e-01
6.578568e-03,-1.332223e+00,-6.661137e-01
6.580568e-03,-1.365878e+00,-6.829412e-01
6.582568e-03,-1.399318e+00,-6.996609e-01
6.584568e-03,-1.432536e+00,-7.162703e-01
6.586568e-03,-1.465529e+00,-7.327666e-01
6.588568e-03,-1.498290e+00,-7.491474e-01
6.590568e-03,-1.530815e+00,-7.654099e-01
6.592568e-03,-1.563099e+00,-7.815518e-01
6.594568e-03,-1.595136e+00,-7.975703e-01
6.596568e-03,-1.626921e+00,-8.134630e-01
6.598568e-03,-1.658450e+00,-8.292274e-01
6.600568e-03,-1.689717e+00,-8.448610e-01
6.602568e-03,-1.720718e+00,-8.603613e-01
6.604568e-03,-1.751447e+00,-8.757259e-01
6.606568e-03,-1.781899e+00,-8.909524e-01
6.608568e-03,-1.812071e+00,-9.060383e-01
6.610568e-03,-1.841957e+00,-9.209812e-01
6.612568e-03,-1.871552e+00,-9.357789e-01
6.614568e-03,-1.900852e+00,-9.504289e-01
6.616568e-03,-1.929852e+00,-9.649291e-01
6.618568e-03,-1.958548e+00,-9.792770e-01
6.620568e-03,-1.986935e+00,-9.934704e-01
6.622568e-03,-2.015008e+00,-1.007507e+00
6.624568e-03,-2.042764e+00,-1.021385e+00
6.626568e-03,-2.070197e+00,-1.035101e+00
6.628568e-03,-2.097303e+00,-1.048655e+00
6.630568e-03,-2.124079e+00,-1.062043e+00
6.632568e-03,-2.150520e+00,-1.075263e+00
6.634568e-03,-2.176621e+00,-1.088314e+00
6.636568e-03,-2.202379e+00,-1.101193e+00
6.638568e-03,-2.227790e+00,-1.113898e+00
6.640568e-03,-2.252849e+00,-1.126428e+00
6.642568e-03,-2.277553e+00,-1.138780e+00
6.644568e-03,-2.301898e+00,-1.150952e+00
6.646568e-03,-2.325879e+00,-1.162943e+00
6.648568e-03,-2.349493e+00,-1.174750e+00
6.650568e-03,-2.372737e+00,-1.186372e+00
6.652568e-03,-2.395607e+00,-1.197807e+00
6.654568e-03,-2.418099e+00,-1.209053e+00
6.656568e-03,-2.440209e+00,-1.220108e+00
6.658568e-03,-2.461934e+00,-1.230971e+00
6.660568e-03,-2.483271e+00,-1.241639e+00
6.662568e-03,-2.504216e+00,-1.252112e+00
6.664568e-03,-2.524766e+00,-1.262387e+00
6.666568e-03,-2.544918e+00,-1.272463e+00
6.668568e-03,-2.564668e+00,-1.282338e+00
6.670568e-03,-2.584014e+00,-1.292011e+00
6.672568e-03,-2.602952e+00,-1.301480e+00
6.674568e-03,-2.621480e+00,-1.310744e+00
6.676568e-03,-2.639593e+00,-1.319801e+00
6.678568e-03,-2.657291e+00,-1.328650e+00
6.680568e-03,-2.674569e+00,-1.337289e+00
6.682568e-03,-2.691426e+00,-1.345717e+00
6.684568e-03,-2.707858e+00,-1.353933e+00
6.686568e-03,-2.723862e+00,-1.361935e+00
6.688568e-03,-2.739437e+00,-1.369723e+00
6.690568e-03,-2.754580e+00,-1.377294e+00
6.692568e-03,-2.769289e+00,-1.384648e+00
6.694568e-03,-2.783560e+00,-1.391784e+00
6.696568e-03,-2.797392e+00,-1.398700e+00
6.698568e-03,-2.810783e+00,-1.405396e+00
6.700568e-03,-2.823731e+00,-1.411870e+00
6.702568e-03,-2.836233e+00,-1.418121e+00
6.704568e-03,-2.848288e+00,-1.424148e+00
6.706568e-03,-2.859894e+00,-1.429951e+00
6.708568e-03,-2.871048e+00,-1.435528e+00
6.710568e-03,-2.881749e+00,-1.440879e+00
6.712568e-03,-2.891996e+00,-1.446002e+00
6.714568e-03,-2.901787e+00,-1.450898e+00
6.716568e-03,-2.911119e+00,-1.455564e+00
6.718568e-03,-2.919993e+00,-1.460001e+00
6.720568e-03,-2.928406e+00,-1.464207e+00
6.722568e-03,-2.936357e+00,-1.468183e+00
6.724568e-03,-2.943845e+00,-1.471927e+00
6.726568e-03,-2.950868e+00,-1.475438e+00
6.728568e-03,-2.957426e+00,-1.478717e+00
6.730568e-03,-2.963517e+00,-1.481763e+00
6.732568e-03,-2.969141e+00,-1.484575e+00
6.734568e-03,-2.974297e+00,-1.487153e+00
6.736568e-03,-2.978983e+00,-1.489496e+00
6.738568e-03,-2.983199e+00,-1.491604e+00
6.740568e-03,-2.986945e+00,-1.493477e+00
6.742568e-03,-2.990219e+00,-1.495114e+00
6.744568e-03,-2.993022e+00,-1.496516e+00
6.746568e-03,-2.995353e+00,-1.497681e+00
6.748568e-03,-2.997211e+00,-1.498610e+00
6.750568e-03,-2.998596e+00,-1.499303e+00
6.752568e-03,-2.999509e+00,-1.499759e+00
6.754568e-03,-2.999948e+00,-1.499978e+00
6.756568e-03,-2.999914e+00,-1.499961e+00
6.758568e-03,-2.999406e+00,-1.499708e+00
6.760568e-03,-2.998426e+00,-1.499217e+00
6.762568e-03,-2.996972e+00,-1.498491e+00
6.764568e-03,-2.995046e+00,-1.497527e+00
6.766568e-03,-2.992647e+00,-1.496328e+00
6.768568e-03,-2.989776e+00,-1.494892e+00
6.770568e-03,-2.986433e+00,-1.493221e+00
6.772568e-03,-2.982620e+00,-1.491314e+00
6.774568e-03,-2.978336e+00,-1.489172e+00
6.776568e-03,-2.973582e+00,-1.486795e+00
6.778568e-03,-2.968359e+00,-1.484184e+00
6.780568e-03,-2.962667e+00,-1.481338e+00
6.782568e-03,-2.956508e+00,-1.478259e+00
6.784568e-03,-2.949883e+00,-1.474946e+00
6.786568e-03,-2.942793e+00,-1.471401e+00
6.788568e-03,-2.935238e+00,-1.467624e+00
6.790568e-03,-2.927220e+00,-1.463615e+00
6.792568e-03,-2.918741e+00,-1.459375e+00
6.794568e-03,-2.909801e+00,-1.454905e+00
6.796568e-03,-2.900402e+00,-1.450205e+00
6.798568e-03,-2.890546e+00,-1.445277e+00
6.800568e-03,-2.880233e+00,-1.440121e+00
6.802568e-03,-2.869466e+00,-1.434737e+00
6.804568e-03,-2.858247e+00,-1.429128e+00
6.806568e-03,-2.846576e+00,-1.423292e+00
6.808568e-03,-2.834457e+00,-1.417233e+00
6.810568e-03,-2.821890e+00,-1.410949e+00
6.812568e-03,-2.808878e+00,-1.404443e+00
6.814568e-03,-2.795424e+00,-1.397716e+00
6.816568e-03,-2.781528e+00,-1.390768e+00
6.818568e-03,-2.767193e+00,-1.383601e+00
6.820568e-03,-2.752422e+00,-1.376215e+00
6.822568e-03,-2.737217e+00,-1.368612e+00
6.824568e-03,-2.721579e+00,-1.360794e+00
6.826568e-03,-2.705513e+00,-1.352761e+00
6.828568e-03,-2.689020e+00,-1.344514e+00
6.830568e-03,-2.672102e+00,-1.336055e+00
6.832568e-03,-2.654763e+00,-1.327386e+00
6.834568e-03,-2.637005e+00,-1.318507e+00
6.836568e-03,-2.618831e+00,-1.309420e+00
6.838568e-03,-2.600245e+00,-1.300126e+00
6.840568e-03,-2.581247e+00,-1.290628e+00
6.842568e-03,-2.561843e+00,-1.280925e+00
6.844568e-03,-2.542035e+00,-1.271021e+00
6.846568e-03,-2.521825e+00,-1.260916e+00
6.848568e-03,-2.501218e+00,-1.250613e+00
6.850568e-03,-2.480216e+00,-1.240112e+00
6.852568e-03,-2.458823e+00,-1.229415e+00
6.854568e-03,-2.437042e+00,-1.218525e+00
6.856568e-03,-2.414876e+00,-1.207442e+00
6.858568e-03,-2.392330e+00,-1.196169e+00
6.860568e-03,-2.369406e+00,-1.184707e+00
6.862568e-03,-2.346109e+00,-1.173058e+00
6.864568e-03,-2.322441e+00,-1.161224e+00
6.866568e-03,-2.298407e+00,-1.149207e+00
6.868568e-03,-2.274010e+00,-1.137009e+00
6.870568e-03,-2.249255e+00,-1.124631e+00
6.872568e-03,-2.224145e+00,-1.112076e+00
6.874568e-03,-2.198684e+00,-1.099345e+00
6.876568e-03,-2.172876e+00,-1.086441e+00
6.878568e-03,-2.146725e+00,-1.073366e+00
6.880568e-03,-2.120236e+00,-1.060121e+00
6.882568e-03,-2.093412e+00,-1.046709e+00
6.884568e-03,-2.066258e+00,-1.033132e+00
6.886568e-03,-2.038778e+00,-1.019392e+00
6.888568e-03,-2.010977e+00,-1.005491e+00
6.890568e-03,-1.982858e+00,-9.914319e-01
6.892568e-03,-1.954426e+00,-9.772160e-01
6.894568e-03,-1.925686e+00,-9.628460e-01
6.896568e-03,-1.896643e+00,-9.483241e-01
6.898568e-03,-1.867300e+00,-9.336526e-01
6.900568e-03,-1.837662e+00,-9.188338e-01
6.902568e-03,-1.807735e+00,-9.038701e-01
6.904568e-03,-1.777522e+00,-8.887638e-01
6.906568e-03,-1.747029e+00,-8.735173e-01
6.908568e-03,-1.716261e+00,-8.581329e-01
6.910568e-03,-1.685221e+00,-8.426132e-01
6.912568e-03,-1.653916e+00,-8.269606e-01
6.914568e-03,-1.622350e+00,-8.111776e-01
6.916568e-03,-1.590528e+00,-7.952665e-01
6.918568e-03,-1.558455e+00,-7.792300e-01
6.920568e-03,-1.526137e+00,-7.630706e-01
6.922568e-03,-1.493577e+00,-7.467908e-01
6.924568e-03,-1.460782e+00,-7.303932e-01
6.926568e-03,-1.427757e+00,-7.138804e-01
6.928568e-03,-1.394506e+00,-6.972550e-01
6.930568e-03,-1.361035e+00,-6.805195e-01
6.932568e-03,-1.327350e+00,-6.636768e-01
6.934568e-03,-1.293455e+00,-6.467293e-01
6.936568e-03,-1.259356e+00,-6.296798e-01
6.938568e-03,-1.225058e+00,-6.125310e-01
6.940568e-03,-1.190567e+00,-5.952855e-01
6.942568e-03,-1.155889e+00,-5.779461e-01
6.944568e-03,-1.121028e+00,-5.605156e-01
6.946568e-03,-1.085990e+00,-5.429966e-01
6.948568e-03,-1.050781e+00,-5.253920e-01
6.950568e-03,-1.015406e+00,-5.077045e-01
6.952568e-03,-9.798709e-01,-4.899369e-01
6.954568e-03,-9.441813e-01,-4.720920e-01
6.956568e-03,-9.083427e-01,-4.541727e-01
6.958568e-03,-8.723608e-01,-4.361817e-01
6.960568e-03,-8.362413e-01,-4.181219e-01
6.962568e-03,-7.999898e-01,-3.999961e-01
6.964568e-03,-7.636122e-01,-3.818073e-01
6.966568e-03,-7.271141e-01,-3.635582e-01
6.968568e-03,-6.905013e-01,-3.452517e-01
6.970568e-03,-6.537796e-01,-3.268908e-01
6.972568e-03,-6.169548e-01,-3.084783e-01
6.974568e-03,-5.800326e-01,-2.900172e-01
6.976568e-03,-5.430189e-01,-2.715103e-01
6.978568e-03,-5.059196e-01,-2.529605e-01
6.980568e-03,-4.687404e-01,-2.343709e-01
6.982568e-03,-4.314873e-01,-2.157443e-01
6.984568e-03,-3.941662e-01,-1.970837e-01
6.986568e-03,-3.567828e-01,-1.783919e-01
6.988568e-03,-3.193432e-01,-1.596721e-01
6.990568e-03,-2.818532e-01,-1.409270e-01
6.992568e-03,-2.443187e-01,-1.221597e-01
6.994568e-03,-2.067457e-01,-1.033732e-01
6.996568e-03,-1.691401e-01,-8.457030e-02
6.998568e-03,-1.315078e-01,-6.575409e-02
7.000568e-03,-9.385473e-02,-4.692751e-02
7.002568e-03,-5.618688e-02,-2.809352e-02
7.004568e-03,-1.851016e-02,-9.255107e-03
7.006568e-03,1.916948e-02,9.584769e-03
7.008568e-03,5.684610e-02,2.842313e-02
7.010568e-03,9.451374e-02,4.725701e-02
7.012568e-03,1.321665e-01,6.608344e-02
7.014568e-03,1.697984e-01,8.489944e-02
7.016568e-03,2.074035e-01,1.037020e-01
7.018568e-03,2.449759e-01,1.224883e-01
7.020568e-03,2.825096e-01,1.412552e-01
7.022568e-03,3.199988e-01,1.599999e-01
7.024568e-03,3.574375e-01,1.787193e-01
7.026568e-03,3.948198e-01,1.974105e-01
7.028568e-03,4.321398e-01,2.160705e-01
7.030568e-03,4.693916e-01,2.346965e-01
7.032568e-03,5.065694e-01,2.532855e-01
7.034568e-03,5.436673e-01,2.718345e-01
7.036568e-03,5.806795e-01,2.903406e-01
7.038568e-03,6.176000e-01,3.088009e-01
7.040568e-03,6.544231e-01,3.272125e-01
7.042568e-03,6.911429e-01,3.455725e-01
7.044568e-03,7.277538e-01,3.638780e-01
7.046568e-03,7.642498e-01,3.821261e-01
7.048568e-03,8.006253e-01,4.003138e-01
7.050568e-03,8.368744e-01,4.184385e-01
7.052568e-03,8.729916e-01,4.364971e-01
7.054568e-03,9.089710e-01,4.544869e-01
7.056568e-03,9.448071e-01,4.724050e-01
7.058568e-03,9.804941e-01,4.902485e-01
7.060568e-03,1.016026e+00,5.080147e-01
7.062568e-03,1.051398e+00,5.257008e-01
7.064568e-03,1.086605e+00,5.433039e-01
7.066568e-03,1.121639e+00,5.608214e-01
7.068568e-03,1.156497e+00,5.782503e-01
7.070568e-03,1.191173e+00,5.955881e-01
7.072568e-03,1.225660e+00,6.128319e-01
7.074568e-03,1.259954e+00,6.299790e-01
7.076568e-03,1.294050e+00,6.470267e-01
7.078568e-03,1.327941e+00,6.639724e-01
7.080568e-03,1.361623e+00,6.808133e-01
7.082568e-03,1.395090e+00,6.975468e-01
7.084568e-03,1.428336e+00,7.141703e-01
7.086568e-03,1.461358e+00,7.306812e-01
7.088568e-03,1.494149e+00,7.470767e-01
7.090568e-03,1.526704e+00,7.633544e-01
7.092568e-03,1.559019e+00,7.795117e-01
7.094568e-03,1.591087e+00,7.955460e-01
7.096568e-03,1.622905e+00,8.114548e-01
7.098568e-03,1.654466e+00,8.272357e-01
7.100568e-03,1.685767e+00,8.428860e-01
7.102568e-03,1.716801e+00,8.584033e-01
7.104568e-03,1.747565e+00,8.737852e-01
7.106568e-03,1.778053e+00,8.890293e-01
7.108568e-03,1.808261e+00,9.041332e-01
7.110568e-03,1.838183e+00,9.190944e-01
7.112568e-03,1.867816e+00,9.339106e-01
7.114568e-03,1.897153e+00,9.485795e-01
7.116568e-03,1.926192e+00,9.630988e-01
7.118568e-03,1.954926e+00,9.774661e-01
7.120568e-03,1.983353e+00,9.916792e-01
7.122568e-03,2.011466e+00,1.005736e+00
7.124568e-03,2.039262e+00,1.019634e+00
7.126568e-03,2.066736e+00,1.033371e+00
7.128568e-03,2.093884e+00,1.046945e+00
7.130568e-03,2.120702e+00,1.060354e+00
7.132568e-03,2.147186e+00,1.073596e+00
7.134568e-03,2.173330e+00,1.086668e+00
7.136568e-03,2.199132e+00,1.099569e+00
7.138568e-03,2.224587e+00,1.112297e+00
7.140568e-03,2.249691e+00,1.124849e+00
7.142568e-03,2.274440e+00,1.137224e+00
7.144568e-03,2.298831e+00,1.149419e+00
7.146568e-03,2.322858e+00,1.161433e+00
7.148568e-03,2.346520e+00,1.173263e+00
7.150568e-03,2.369811e+00,1.184909e+00
7.152568e-03,2.392728e+00,1.196367e+00
7.154568e-03,2.415268e+00,1.207637e+00
7.156568e-03,2.437426e+00,1.218717e+00
7.158568e-03,2.459201e+00,1.229604e+00
7.160568e-03,2.480587e+00,1.240297e+00
7.162568e-03,2.501582e+00,1.250795e+00
7.164568e-03,2.522182e+00,1.261095e+00
7.166568e-03,2.542385e+00,1.271196e+00
7.168568e-03,2.562186e+00,1.281097e+00
7.170568e-03,2.581583e+00,1.290796e+00
7.172568e-03,2.600573e+00,1.300291e+00
7.174568e-03,2.619153e+00,1.309580e+00
7.176568e-03,2.637320e+00,1.318664e+00
7.178568e-03,2.655070e+00,1.327539e+00
7.180568e-03,2.672402e+00,1.336205e+00
7.182568e-03,2.689312e+00,1.344660e+00
7.184568e-03,2.705798e+00,1.352903e+00
7.186568e-03,2.721857e+00,1.360932e+00
7.188568e-03,2.737486e+00,1.368747e+00
7.190568e-03,2.752684e+00,1.376346e+00
7.192568e-03,2.767448e+00,1.383728e+00
7.194568e-03,2.781775e+00,1.390892e+00
7.196568e-03,2.795663e+00,1.397836e+00
7.198568e-03,2.809110e+00,1.404559e+00
7.200568e-03,2.822114e+00,1.411061e+00
7.202568e-03,2.834673e+00,1.417341e+00
7.204568e-03,2.846784e+00,1.423396e+00
7.206568e-03,2.858447e+00,1.429228e+00
7.208568e-03,2.869659e+00,1.434834e+00
7.210568e-03,2.880417e+00,1.440213e+00
7.212568e-03,2.890722e+00,1.445365e+00
7.214568e-03,2.900570e+00,1.450290e+00
7.216568e-03,2.909961e+00,1.454985e+00
7.218568e-03,2.918893e+00,1.459451e+00
7.220568e-03,2.927365e+00,1.463687e+00
7.222568e-03,2.935374e+00,1.467692e+00
7.224568e-03,2.942921e+00,1.471465e+00
7.226568e-03,2.950003e+00,1.475006e+00
7.228568e-03,2.956620e+00,1.478315e+00
7.230568e-03,2.962771e+00,1.481390e+00
7.232568e-03,2.968454e+00,1.484231e+00
7.234568e-03,2.973669e+00,1.486839e+00
7.236568e-03,2.978415e+00,1.489212e+00
7.238568e-03,2.982691e+00,1.491350e+00
7.240568e-03,2.986496e+00,1.493252e+00
7.242568e-03,2.989830e+00,1.494920e+00
7.244568e-03,2.992693e+00,1.496351e+00
7.246568e-03,2.995083e+00,1.497546e+00
7.248568e-03,2.997002e+00,1.498505e+00
7.250568e-03,2.998447e+00,1.499228e+00
7.252568e-03,2.999419e+00,1.499714e+00
7.254568e-03,2.999918e+00,1.499964e+00
7.256568e-03,2.999944e+00,1.499977e+00
7.258568e-03,2.999497e+00,1.499753e+00
7.260568e-03,2.998576e+00,1.499293e+00
7.262568e-03,2.997183e+00,1.498596e+00
7.264568e-03,2.995316e+00,1.497663e+00
7.266568e-03,2.992977e+00,1.496493e+00
7.268568e-03,2.990166e+00,1.495088e+00
7.270568e-03,2.986883e+00,1.493446e+00
7.272568e-03,2.983129e+00,1.491569e+00
7.274568e-03,2.978905e+00,1.489457e+00
7.276568e-03,2.974210e+00,1.487110e+00
7.278568e-03,2.969047e+00,1.484528e+00
7.280568e-03,2.963415e+00,1.481712e+00
7.282568e-03,2.957315e+00,1.478662e+00
7.284568e-03,2.950749e+00,1.475379e+00
7.286568e-03,2.943718e+00,1.471863e+00
7.288568e-03,2.936222e+00,1.468115e+00
7.290568e-03,2.928263e+00,1.464136e+00
7.292568e-03,2.919842e+00,1.459925e+00
7.294568e-03,2.910960e+00,1.455484e+00
7.296568e-03,2.901619e+00,1.450814e+00
7.298568e-03,2.891821e+00,1.445915e+00
7.300568e-03,2.881566e+00,1.440787e+00
7.302568e-03,2.870857e+00,1.435433e+00
7.304568e-03,2.859694e+00,1.429851e+00
7.306568e-03,2.848081e+00,1.424045e+00
7.308568e-03,2.836018e+00,1.418013e+00
7.310568e-03,2.823508e+00,1.411758e+00
7.312568e-03,2.810553e+00,1.405281e+00
7.314568e-03,2.797154e+00,1.398581e+00
7.316568e-03,2.783314e+00,1.391661e+00
7.318568e-03,2.769035e+00,1.384522e+00
7.320568e-03,2.754319e+00,1.377164e+00
7.322568e-03,2.739169e+00,1.369588e+00
7.324568e-03,2.723586e+00,1.361797e+00
7.326568e-03,2.707574e+00,1.353791e+00
7.328568e-03,2.691135e+00,1.345571e+00
7.330568e-03,2.674271e+00,1.337139e+00
7.332568e-03,2.656985e+00,1.328496e+00
7.334568e-03,2.639280e+00,1.319644e+00
7.336568e-03,2.621159e+00,1.310583e+00
7.338568e-03,2.602624e+00,1.301316e+00
7.340568e-03,2.583679e+00,1.291843e+00
7.342568e-03,2.564326e+00,1.282167e+00
7.344568e-03,2.544569e+00,1.272288e+00
7.346568e-03,2.524410e+00,1.262209e+00
7.348568e-03,2.503853e+00,1.251930e+00
7.350568e-03,2.482901e+00,1.241454e+00
7.352568e-03,2.461557e+00,1.230782e+00
7.354568e-03,2.439825e+00,1.219916e+00
7.356568e-03,2.417708e+00,1.208858e+00
7.358568e-03,2.395210e+00,1.197609e+00
7.360568e-03,2.372334e+00,1.186170e+00
7.362568e-03,2.349083e+00,1.174545e+00
7.364568e-03,2.325462e+00,1.162735e+00
7.366568e-03,2.301475e+00,1.150741e+00
7.368568e-03,2.277124e+00,1.138565e+00
7.370568e-03,2.252414e+00,1.126210e+00
7.372568e-03,2.227348e+00,1.113678e+00
7.374568e-03,2.201932e+00,1.100969e+00
7.376568e-03,2.176168e+00,1.088087e+00
7.378568e-03,2.150060e+00,1.075033e+00
7.380568e-03,2.123614e+00,1.061810e+00
7.382568e-03,2.096832e+00,1.048419e+00
7.384568e-03,2.069720e+00,1.034863e+00
7.386568e-03,2.042281e+00,1.021143e+00
7.388568e-03,2.014520e+00,1.007263e+00
7.390568e-03,1.986441e+00,9.932234e-01
7.392568e-03,1.958049e+00,9.790272e-01
7.394568e-03,1.929347e+00,9.646766e-01
7.396568e-03,1.900342e+00,9.501739e-01
7.398568e-03,1.871037e+00,9.355212e-01
7.400568e-03,1.841436e+00,9.207210e-01
7.402568e-03,1.811546e+00,9.057755e-01
7.404568e-03,1.781369e+00,8.906871e-01
7.406568e-03,1.750911e+00,8.754583e-01
7.408568e-03,1.720177e+00,8.600913e-01
7.410568e-03,1.689172e+00,8.445886e-01
7.412568e-03,1.657900e+00,8.289527e-01
7.414568e-03,1.626367e+00,8.131860e-01
7.416568e-03,1.594577e+00,7.972911e-01
7.418568e-03,1.562536e+00,7.812704e-01
7.420568e-03,1.530248e+00,7.651264e-01
7.422568e-03,1.497719e+00,7.488617e-01
7.424568e-03,1.464953e+00,7.324789e-01
7.426568e-03,1.431957e+00,7.159806e-01
7.428568e-03,1.398734e+00,6.993693e-01
7.430568e-03,1.365291e+00,6.826477e-01
7.432568e-03,1.331633e+00,6.658183e-01
7.434568e-03,1.297764e+00,6.488840e-01
7.436568e-03,1.263691e+00,6.318473e-01
7.438568e-03,1.229418e+00,6.147109e-01
7.440568e-03,1.194952e+00,5.974775e-01
7.442568e-03,1.160296e+00,5.801499e-01
7.444568e-03,1.125458e+00,5.627308e-01
7.446568e-03,1.090443e+00,5.452229e-01
7.448568e-03,1.055255e+00,5.276290e-01
7.450568e-03,1.019901e+00,5.099518e-01
7.452568e-03,9.843856e-01,4.921943e-01
7.454568e-03,9.487152e-01,4.743590e-01
7.456568e-03,9.128952e-01,4.564490e-01
7.458568e-03,8.769311e-01,4.384669e-01
7.460568e-03,8.408288e-01,4.204156e-01
7.462568e-03,8.045938e-01,4.022981e-01
7.464568e-03,7.682318e-01,3.841171e-01
7.466568e-03,7.317487e-01,3.658754e-01
7.468568e-03,6.951501e-01,3.475761e-01
7.470568e-03,6.584419e-01,3.292219e-01
7.472568e-03,6.216298e-01,3.108158e-01
7.474568e-03,5.847196e-01,2.923607e-01
7.476568e-03,5.477172e-01,2.738594e-01
7.478568e-03,5.106284e-01,2.553150e-01
7.480568e-03,4.734591e-01,2.367303e-01
7.482568e-03,4.362150e-01,2.181082e-01
7.484568e-03,3.989022e-01,1.994517e-01
7.486568e-03,3.615264e-01,1.807637e-01
7.488568e-03,3.240936e-01,1.620473e-01
7.490568e-03,2.866096e-01,1.433052e-01
7.492568e-03,2.490805e-01,1.245406e-01
7.494568e-03,2.115120e-01,1.057563e-01
7.496568e-03,1.739102e-01,8.695537e-02
7.498568e-03,1.362810e-01,6.814069e-02
7.500568e-03,9.863022e-02,4.931526e-02
7.502568e-03,6.096391e-02,3.048205e-02
7.504568e-03,2.328799e-02,1.164403e-02
7.506568e-03,-1.439161e-02,-7.195827e-03
7.508568e-03,-5.206894e-02,-2.603455e-02
7.510568e-03,-8.973805e-02,-4.486916e-02
7.512568e-03,-1.273930e-01,-6.369670e-02
7.514568e-03,-1.650279e-01,-8.251418e-02
7.516568e-03,-2.026367e-01,-1.013187e-01
7.518568e-03,-2.402136e-01,-1.201071e-01
7.520568e-03,-2.777525e-01,-1.388767e-01
7.522568e-03,-3.152477e-01,-1.576243e-01
7.524568e-03,-3.526931e-01,-1.763471e-01
7.526568e-03,-3.900829e-01,-1.950420e-01
7.528568e-03,-4.274111e-01,-2.137062e-01
7.530568e-03,-4.646719e-01,-2.323367e-01
7.532568e-03,-5.018595e-01,-2.509305e-01
7.534568e-03,-5.389678e-01,-2.694847e-01
7.536568e-03,-5.759911e-01,-2.879964e-01
7.538568e-03,-6.129236e-01,-3.064627e-01
7.540568e-03,-6.497594e-01,-3.248807e-01
7.542568e-03,-6.864927e-01,-3.432474e-01
7.544568e-03,-7.231176e-01,-3.615599e-01
7.546568e-03,-7.596285e-01,-3.798154e-01
7.548568e-03,-7.960196e-01,-3.980110e-01
7.550568e-03,-8.322851e-01,-4.161438e-01
7.552568e-03,-8.684193e-01,-4.342110e-01
7.554568e-03,-9.044165e-01,-4.522096e-01
7.556568e-03,-9.402711e-01,-4.701369e-01
7.558568e-03,-9.759773e-01,-4.879901e-01
7.560568e-03,-1.011530e+00,-5.057663e-01
7.562568e-03,-1.046922e+00,-5.234627e-01
7.564568e-03,-1.082150e+00,-5.410765e-01
7.566568e-03,-1.117207e+00,-5.586049e-01
7.568568e-03,-1.152087e+00,-5.760453e-01
7.570568e-03,-1.186786e+00,-5.933947e-01
7.572568e-03,-1.221298e+00,-6.106506e-01
7.574568e-03,-1.255616e+00,-6.278101e-01
7.576568e-03,-1.289737e+00,-6.448706e-01
7.578568e-03,-1.323655e+00,-6.618294e-01
7.580568e-03,-1.357363e+00,-6.786837e-01
7.582568e-03,-1.390858e+00,-6.954310e-01
7.584568e-03,-1.424133e+00,-7.120686e-01
7.586568e-03,-1.457183e+00,-7.285939e-01
7.588568e-03,-1.490004e+00,-7.450042e-01
7.590568e-03,-1.522589e+00,-7.612970e-01
7.592568e-03,-1.554935e+00,-7.774697e-01
7.594568e-03,-1.587035e+00,-7.935197e-01
7.596568e-03,-1.618884e+00,-8.094446e-01
7.598568e-03,-1.650479e+00,-8.252418e-01
7.600568e-03,-1.681812e+00,-8.409088e-01
7.602568e-03,-1.712881e+00,-8.564431e-01
7.604568e-03,-1.743679e+00,-8.718423e-01
7.606568e-03,-1.774203e+00,-8.871040e-01
7.608568e-03,-1.804446e+00,-9.022258e-01
7.610568e-03,-1.834405e+00,-9.172052e-01
7.612568e-03,-1.864074e+00,-9.320400e-01
7.614568e-03,-1.893450e+00,-9.467277e-01
7.616568e-03,-1.922526e+00,-9.612661e-01
7.618568e-03,-1.951300e+00,-9.756528e-01
7.620568e-03,-1.979765e+00,-9.898856e-01
7.622568e-03,-2.007918e+00,-1.003962e+00
7.624568e-03,-2.035755e+00,-1.017881e+00
7.626568e-03,-2.063270e+00,-1.031638e+00
7.628568e-03,-2.090460e+00,-1.045233e+00
7.630568e-03,-2.117320e+00,-1.058663e+00
7.632568e-03,-2.143846e+00,-1.071926e+00
7.634568e-03,-2.170034e+00,-1.085020e+00
7.636568e-03,-2.195880e+00,-1.097943e+00
7.638568e-03,-2.221379e+00,-1.110693e+00
7.640568e-03,-2.246528e+00,-1.123267e+00
7.642568e-03,-2.271322e+00,-1.135664e+00
7.644568e-03,-2.295758e+00,-1.147882e+00
7.646568e-03,-2.319832e+00,-1.159919e+00
7.648568e-03,-2.343540e+00,-1.171773e+00
7.650568e-03,-2.366878e+00,-1.183442e+00
7.652568e-03,-2.389843e+00,-1.194925e+00
7.654568e-03,-2.412430e+00,-1.206219e+00
7.656568e-03,-2.434638e+00,-1.217323e+00
7.658568e-03,-2.456461e+00,-1.228234e+00
7.660568e-03,-2.477897e+00,-1.238952e+00
7.662568e-03,-2.498941e+00,-1.249474e+00
7.664568e-03,-2.519592e+00,-1.259800e+00
7.666568e-03,-2.539845e+00,-1.269926e+00
7.668568e-03,-2.559698e+00,-1.279853e+00
7.670568e-03,-2.579146e+00,-1.289577e+00
7.672568e-03,-2.598188e+00,-1.299098e+00
7.674568e-03,-2.616820e+00,-1.308414e+00
7.676568e-03,-2.635039e+00,-1.317523e+00
7.678568e-03,-2.652842e+00,-1.326425e+00
7.680568e-03,-2.670227e+00,-1.335118e+00
7.682568e-03,-2.687191e+00,-1.343600e+00
7.684568e-03,-2.703731e+00,-1.351869e+00
7.686568e-03,-2.719844e+00,-1.359926e+00
7.688568e-03,-2.735528e+00,-1.367768e+00
7.690568e-03,-2.750781e+00,-1.375395e+00
7.692568e-03,-2.765600e+00,-1.382804e+00
7.694568e-03,-2.779982e+00,-1.389995e+00
7.696568e-03,-2.793926e+00,-1.396967e+00
7.698568e-03,-2.807429e+00,-1.403719e+00
7.700568e-03,-2.820490e+00,-1.410249e+00
7.702568e-03,-2.833105e+00,-1.416557e+00
7.704568e-03,-2.845273e+00,-1.422641e+00
7.706568e-03,-2.856993e+00,-1.428501e+00
7.708568e-03,-2.868262e+00,-1.434135e+00
7.710568e-03,-2.879078e+00,-1.439543e+00
7.712568e-03,-2.889441e+00,-1.444725e+00
7.714568e-03,-2.899347e+00,-1.449678e+00
7.716568e-03,-2.908796e+00,-1.454402e+00
7.718568e-03,-2.917786e+00,-1.458897e+00
7.720568e-03,-2.926316e+00,-1.463162e+00
7.722568e-03,-2.934384e+00,-1.467197e+00
7.724568e-03,-2.941990e+00,-1.470999e+00
7.726568e-03,-2.949131e+00,-1.474570e+00
7.728568e-03,-2.955807e+00,-1.477908e+00
7.730568e-03,-2.962017e+00,-1.481013e+00
7.732568e-03,-2.967759e+00,-1.483884e+00
7.734568e-03,-2.973034e+00,-1.486521e+00
7.736568e-03,-2.977839e+00,-1.488924e+00
7.738568e-03,-2.982174e+00,-1.491092e+00
7.740568e-03,-2.986040e+00,-1.493024e+00
7.742568e-03,-2.989434e+00,-1.494721e+00
7.744568e-03,-2.992356e+00,-1.496183e+00
7.746568e-03,-2.994807e+00,-1.497408e+00
7.748568e-03,-2.996784e+00,-1.498397e+00
7.750568e-03,-2.998290e+00,-1.499149e+00
7.752568e-03,-2.999322e+00,-1.499666e+00
7.754568e-03,-2.999881e+00,-1.499945e+00
7.756568e-03,-2.999967e+00,-1.499988e+00
7.758568e-03,-2.999580e+00,-1.499794e+00
7.760568e-03,-2.998719e+00,-1.499364e+00
7.762568e-03,-2.997385e+00,-1.498697e+00
7.764568e-03,-2.995579e+00,-1.497794e+00
7.766568e-03,-2.993300e+00,-1.496654e+00
7.768568e-03,-2.990549e+00,-1.495279e+00
7.770568e-03,-2.987326e+00,-1.493667e+00
7.772568e-03,-2.983632e+00,-1.491820e+00
7.774568e-03,-2.979467e+00,-1.489738e+00
7.776568e-03,-2.974832e+00,-1.487420e+00
7.778568e-03,-2.969728e+00,-1.484868e+00
7.780568e-03,-2.964155e+00,-1.482082e+00
7.782568e-03,-2.958115e+00,-1.479062e+00
7.784568e-03,-2.951608e+00,-1.475808e+00
7.786568e-03,-2.944635e+00,-1.472322e+00
7.788568e-03,-2.937198e+00,-1.468603e+00
7.790568e-03,-2.929298e+00,-1.464653e+00
7.792568e-03,-2.920935e+00,-1.460472e+00
7.794568e-03,-2.912112e+00,-1.456060e+00
7.796568e-03,-2.902829e+00,-1.451419e+00
7.798568e-03,-2.893088e+00,-1.446549e+00
7.800568e-03,-2.882891e+00,-1.441450e+00
7.802568e-03,-2.872240e+00,-1.436124e+00
7.804568e-03,-2.861135e+00,-1.430572e+00
7.806568e-03,-2.849579e+00,-1.424794e+00
7.808568e-03,-2.837573e+00,-1.418791e+00
7.810568e-03,-2.825119e+00,-1.412564e+00
7.812568e-03,-2.812220e+00,-1.406114e+00
7.814568e-03,-2.798878e+00,-1.399443e+00
7.816568e-03,-2.785093e+00,-1.392551e+00
7.818568e-03,-2.770870e+00,-1.385439e+00
7.820568e-03,-2.756209e+00,-1.378109e+00
7.822568e-03,-2.741114e+00,-1.370561e+00
7.824568e-03,-2.725586e+00,-1.362797e+00
7.826568e-03,-2.709628e+00,-1.354818e+00
7.828568e-03,-2.693243e+00,-1.346625e+00
7.830568e-03,-2.676432e+00,-1.338220e+00
7.832568e-03,-2.659200e+00,-1.329604e+00
7.834568e-03,-2.641548e+00,-1.320778e+00
7.836568e-03,-2.623480e+00,-1.311744e+00
7.838568e-03,-2.604997e+00,-1.302503e+00
7.840568e-03,-2.586104e+00,-1.293056e+00
7.842568e-03,-2.566803e+00,-1.283405e+00
7.844568e-03,-2.547096e+00,-1.273552e+00
7.846568e-03,-2.526988e+00,-1.263498e+00
7.848568e-03,-2.506481e+00,-1.253244e+00
7.850568e-03,-2.485579e+00,-1.242793e+00
7.852568e-03,-2.464285e+00,-1.232146e+00
7.854568e-03,-2.442602e+00,-1.221305e+00
7.856568e-03,-2.420534e+00,-1.210271e+00
7.858568e-03,-2.398084e+00,-1.199046e+00
7.860568e-03,-2.375255e+00,-1.187631e+00
7.862568e-03,-2.352052e+00,-1.176030e+00
7.864568e-03,-2.328478e+00,-1.164243e+00
7.866568e-03,-2.304537e+00,-1.152272e+00
7.868568e-03,-2.280232e+00,-1.140119e+00
7.870568e-03,-2.255567e+00,-1.127787e+00
7.872568e-03,-2.230546e+00,-1.115277e+00
7.874568e-03,-2.205174e+00,-1.102590e+00
7.876568e-03,-2.179454e+00,-1.089730e+00
7.878568e-03,-2.153389e+00,-1.076698e+00
7.880568e-03,-2.126986e+00,-1.063496e+00
7.882568e-03,-2.100246e+00,-1.050126e+00
7.884568e-03,-2.073176e+00,-1.036591e+00
7.886568e-03,-2.045778e+00,-1.022892e+00
7.888568e-03,-2.018058e+00,-1.009032e+00
7.890568e-03,-1.990019e+00,-9.950124e-01
7.892568e-03,-1.961666e+00,-9.808360e-01
7.894568e-03,-1.933004e+00,-9.665048e-01
7.896568e-03,-1.904037e+00,-9.520212e-01
7.898568e-03,-1.874769e+00,-9.373875e-01
7.900568e-03,-1.845206e+00,-9.226058e-01
7.902568e-03,-1.815352e+00,-9.076786e-01
7.904568e-03,-1.785211e+00,-8.926082e-01
7.906568e-03,-1.754789e+00,-8.773970e-01
7.908568e-03,-1.724090e+00,-8.620474e-01
7.910568e-03,-1.693119e+00,-8.465618e-01
7.912568e-03,-1.661880e+00,-8.309427e-01
7.914568e-03,-1.630380e+00,-8.151925e-01
7.916568e-03,-1.598623e+00,-7.993137e-01
7.918568e-03,-1.566613e+00,-7.833087e-01
7.920568e-03,-1.534356e+00,-7.671803e-01
7.922568e-03,-1.501857e+00,-7.509308e-01
7.924568e-03,-1.469121e+00,-7.345628e-01
7.926568e-03,-1.436154e+00,-7.180789e-01
7.928568e-03,-1.402959e+00,-7.014818e-01
7.930568e-03,-1.369544e+00,-6.847740e-01
7.932568e-03,-1.335912e+00,-6.679582e-01
7.934568e-03,-1.302070e+00,-6.510371e-01
7.936568e-03,-1.268023e+00,-6.340132e-01
7.938568e-03,-1.233775e+00,-6.168893e-01
7.940568e-03,-1.199333e+00,-5.996681e-01
7.942568e-03,-1.164701e+00,-5.823523e-01
7.944568e-03,-1.129886e+00,-5.649446e-01
7.946568e-03,-1.094892e+00,-5.474478e-01
7.948568e-03,-1.059726e+00,-5.298646e-01
7.950568e-03,-1.024393e+00,-5.121979e-01
7.952568e-03,-9.888977e-01,-4.944503e-01
7.954568e-03,-9.532467e-01,-4.766248e-01
7.956568e-03,-9.174454e-01,-4.587241e-01
7.958568e-03,-8.814993e-01,-4.407510e-01
7.960568e-03,-8.454141e-01,-4.227083e-01
7.962568e-03,-8.091956e-01,-4.045990e-01
7.964568e-03,-7.728495e-01,-3.864259e-01
7.966568e-03,-7.363814e-01,-3.681918e-01
7.968568e-03,-6.997971e-01,-3.498996e-01
7.970568e-03,-6.631025e-01,-3.315522e-01
7.972568e-03,-6.263033e-01,-3.131526e-01
7.974568e-03,-5.894052e-01,-2.947035e-01
7.976568e-03,-5.524142e-01,-2.762079e-01
7.978568e-03,-5.153360e-01,-2.576688e-01
7.980568e-03,-4.781765e-01,-2.390890e-01
7.982568e-03,-4.409416e-01,-2.204715e-01
7.984568e-03,-4.036372e-01,-2.018192e-01
7.986568e-03,-3.662691e-01,-1.831351e-01
7.988568e-03,-3.288431e-01,-1.644221e-01
7.990568e-03,-2.913654e-01,-1.456831e-01
7.992568e-03,-2.538416e-01,-1.269212e-01
7.994568e-03,-2.162778e-01,-1.081392e-01
7.996568e-03,-1.786799e-01,-8.934022e-02
7.998568e-03,-1.410538e-01,-7.052711e-02
8.000568e-03,-1.034055e-01,-5.170288e-02
8.002568e-03,-6.574079e-02,-3.287049e-02
8.004568e-03,-2.806576e-02,-1.403292e-02
8.006568e-03,9.613702e-03,4.806866e-03
8.008568e-03,4.729165e-02,2.364589e-02
8.010568e-03,8.496213e-02,4.248119e-02
8.012568e-03,1.226192e-01,6.130979e-02
8.014568e-03,1.602570e-01,8.012872e-02
8.016568e-03,1.978694e-01,9.893500e-02
8.018568e-03,2.354506e-01,1.177257e-01
8.020568e-03,2.729948e-01,1.364978e-01
8.022568e-03,3.104958e-01,1.552484e-01
8.024568e-03,3.479478e-01,1.739744e-01
8.026568e-03,3.853450e-01,1.926731e-01
8.028568e-03,4.226814e-01,2.113413e-01
8.030568e-03,4.599511e-01,2.299762e-01
8.032568e-03,4.971482e-01,2.485749e-01
8.034568e-03,5.342669e-01,2.671343e-01
8.036568e-03,5.713014e-01,2.856515e-01
8.038568e-03,6.082457e-01,3.041237e-01
8.040568e-03,6.450940e-01,3.225480e-01
8.042568e-03,6.818406e-01,3.409213e-01
8.044568e-03,7.184796e-01,3.592409e-01
8.046568e-03,7.550053e-01,3.775038e-01
8.048568e-03,7.914119e-01,3.957071e-01
8.050568e-03,8.276937e-01,4.138481e-01
8.052568e-03,8.638448e-01,4.319237e-01
8.054568e-03,8.998597e-01,4.499312e-01
8.056568e-03,9.357327e-01,4.678677e-01
8.058568e-03,9.714580e-01,4.857305e-01
8.060568e-03,1.007030e+00,5.035166e-01
8.062568e-03,1.042443e+00,5.212232e-01
8.064568e-03,1.077692e+00,5.388477e-01
8.066568e-03,1.112771e+00,5.563871e-01
8.068568e-03,1.147674e+00,5.738388e-01
8.070568e-03,1.182396e+00,5.911999e-01
8.072568e-03,1.216932e+00,6.084678e-01
8.074568e-03,1.251276e+00,6.256397e-01
8.076568e-03,1.285422e+00,6.427129e-01
8.078568e-03,1.319365e+00,6.596847e-01
8.080568e-03,1.353101e+00,6.765524e-01
8.082568e-03,1.386623e+00,6.933134e-01
8.084568e-03,1.419926e+00,7.099651e-01
8.086568e-03,1.453005e+00,7.265047e-01
8.088568e-03,1.485855e+00,7.429297e-01
8.090568e-03,1.518471e+00,7.592376e-01
8.092568e-03,1.550847e+00,7.754256e-01
8.094568e-03,1.582978e+00,7.914914e-01
8.096568e-03,1.614860e+00,8.074323e-01
8.098568e-03,1.646487e+00,8.232458e-01
8.100568e-03,1.677854e+00,8.389294e-01
8.102568e-03,1.708956e+00,8.544807e-01
8.104568e-03,1.739789e+00,8.698972e-01
8.106568e-03,1.770348e+00,8.851765e-01
8.108568e-03,1.800627e+00,9.003161e-01
8.110568e-03,1.830622e+00,9.153137e-01
8.112568e-03,1.860328e+00,9.301670e-01
8.114568e-03,1.889741e+00,9.448735e-01
8.116568e-03,1.918856e+00,9.594309e-01
8.118568e-03,1.947668e+00,9.738370e-01
8.120568e-03,1.976173e+00,9.880894e-01
8.122568e-03,2.004366e+00,1.002186e+00
8.124568e-03,2.032243e+00,1.016124e+00
8.126568e-03,2.059799e+00,1.029903e+00
8.128568e-03,2.087031e+00,1.043518e+00
8.130568e-03,2.113933e+00,1.056969e+00
8.132568e-03,2.140501e+00,1.070254e+00
8.134568e-03,2.166732e+00,1.083369e+00
8.136568e-03,2.192621e+00,1.096314e+00
8.138568e-03,2.218165e+00,1.109086e+00
8.140568e-03,2.243358e+00,1.121682e+00
8.142568e-03,2.268198e+00,1.134102e+00
8.144568e-03,2.292679e+00,1.146343e+00
8.146568e-03,2.316799e+00,1.158403e+00
8.148568e-03,2.340554e+00,1.170280e+00
8.150568e-03,2.363939e+00,1.181973e+00
8.152568e-03,2.386951e+00,1.193479e+00
8.154568e-03,2.409587e+00,1.204797e+00
8.156568e-03,2.431843e+00,1.215925e+00
8.158568e-03,2.453715e+00,1.226861e+00
8.160568e-03,2.475200e+00,1.237604e+00
8.162568e-03,2.496295e+00,1.248151e+00
8.164568e-03,2.516995e+00,1.258501e+00
8.166568e-03,2.537299e+00,1.268653e+00
8.168568e-03,2.557202e+00,1.278605e+00
8.170568e-03,2.576702e+00,1.288355e+00
8.172568e-03,2.595796e+00,1.297902e+00
8.174568e-03,2.614480e+00,1.307244e+00
8.176568e-03,2.632752e+00,1.316380e+00
8.178568e-03,2.650608e+00,1.325308e+00
8.180568e-03,2.668046e+00,1.334027e+00
8.182568e-03,2.685063e+00,1.342536e+00
8.184568e-03,2.701657e+00,1.350833e+00
8.186568e-03,2.717825e+00,1.358916e+00
8.188568e-03,2.733563e+00,1.366786e+00
8.190568e-03,2.748871e+00,1.374440e+00
8.192568e-03,2.763745e+00,1.381877e+00
8.194568e-03,2.778183e+00,1.389096e+00
8.196568e-03,2.792182e+00,1.396095e+00
8.198568e-03,2.805742e+00,1.402875e+00
8.200568e-03,2.818858e+00,1.409433e+00
8.202568e-03,2.831530e+00,1.415769e+00
8.204568e-03,2.843755e+00,1.421882e+00
8.206568e-03,2.855532e+00,1.427770e+00
8.208568e-03,2.866858e+00,1.433433e+00
8.210568e-03,2.877732e+00,1.438870e+00
8.212568e-03,2.888152e+00,1.444080e+00
8.214568e-03,2.898116e+00,1.449062e+00
8.216568e-03,2.907623e+00,1.453816e+00
8.218568e-03,2.916672e+00,1.458340e+00
8.220568e-03,2.925260e+00,1.462634e+00
8.222568e-03,2.933387e+00,1.466698e+00
8.224568e-03,2.941051e+00,1.470530e+00
8.226568e-03,2.948251e+00,1.474130e+00
8.228568e-03,2.954986e+00,1.477498e+00
8.230568e-03,2.961255e+00,1.480632e+00
8.232568e-03,2.967057e+00,1.483533e+00
8.234568e-03,2.972391e+00,1.486200e+00
8.236568e-03,2.977256e+00,1.488632e+00
8.238568e-03,2.981651e+00,1.490830e+00
8.240568e-03,2.985575e+00,1.492792e+00
8.242568e-03,2.989029e+00,1.494519e+00
8.244568e-03,2.992012e+00,1.496010e+00
8.246568e-03,2.994522e+00,1.497265e+00
8.248568e-03,2.996560e+00,1.498284e+00
8.250568e-03,2.998125e+00,1.499067e+00
8.252568e-03,2.999217e+00,1.499613e+00
8.254568e-03,2.999836e+00,1.499923e+00
8.256568e-03,2.999982e+00,1.499996e+00
8.258568e-03,2.999655e+00,1.499832e+00
8.260568e-03,2.998854e+00,1.499432e+00
8.262568e-03,2.997581e+00,1.498795e+00
8.264568e-03,2.995834e+00,1.497922e+00
8.266568e-03,2.993615e+00,1.496812e+00
8.268568e-03,2.990924e+00,1.495466e+00
8.270568e-03,2.987761e+00,1.493885e+00
8.272568e-03,2.984126e+00,1.492068e+00
8.274568e-03,2.980021e+00,1.490015e+00
8.276568e-03,2.975445e+00,1.487727e+00
8.278568e-03,2.970401e+00,1.485205e+00
8.280568e-03,2.964887e+00,1.482448e+00
8.282568e-03,2.958906e+00,1.479458e+00
8.284568e-03,2.952459e+00,1.476234e+00
8.286568e-03,2.945545e+00,1.472777e+00
8.288568e-03,2.938167e+00,1.469088e+00
8.290568e-03,2.930325e+00,1.465167e+00
8.292568e-03,2.922021e+00,1.461015e+00
8.294568e-03,2.913256e+00,1.456632e+00
8.296568e-03,2.904032e+00,1.452020e+00
8.298568e-03,2.894349e+00,1.447179e+00
8.300568e-03,2.884210e+00,1.442109e+00
8.302568e-03,2.873615e+00,1.436812e+00
8.304568e-03,2.862568e+00,1.431288e+00
8.306568e-03,2.851069e+00,1.425539e+00
8.308568e-03,2.839120e+00,1.419564e+00
8.310568e-03,2.826723e+00,1.413366e+00
8.312568e-03,2.813881e+00,1.406945e+00
8.314568e-03,2.800594e+00,1.400301e+00
8.316568e-03,2.786866e+00,1.393437e+00
8.318568e-03,2.772698e+00,1.386353e+00
8.320568e-03,2.758092e+00,1.379050e+00
8.322568e-03,2.743052e+00,1.371530e+00
8.324568e-03,2.727579e+00,1.363793e+00
8.326568e-03,2.711675e+00,1.355842e+00
8.328568e-03,2.695344e+00,1.347676e+00
8.330568e-03,2.678588e+00,1.339298e+00
8.332568e-03,2.661409e+00,1.330708e+00
8.334568e-03,2.643810e+00,1.321909e+00
8.336568e-03,2.625794e+00,1.312901e+00
8.338568e-03,2.607364e+00,1.303686e+00
8.340568e-03,2.588522e+00,1.294265e+00
8.342568e-03,2.569272e+00,1.284640e+00
8.344568e-03,2.549617e+00,1.274813e+00
8.346568e-03,2.529560e+00,1.264784e+00
8.348568e-03,2.509104e+00,1.254556e+00
8.350568e-03,2.488252e+00,1.244130e+00
8.352568e-03,2.467007e+00,1.233507e+00
8.354568e-03,2.445373e+00,1.222690e+00
8.356568e-03,2.423353e+00,1.211680e+00
8.358568e-03,2.400952e+00,1.200479e+00
8.360568e-03,2.378171e+00,1.189089e+00
8.362568e-03,2.355015e+00,1.177511e+00
8.364568e-03,2.331488e+00,1.165747e+00
8.366568e-03,2.307593e+00,1.153800e+00
8.368568e-03,2.283334e+00,1.141670e+00
8.370568e-03,2.258714e+00,1.129361e+00
8.372568e-03,2.233739e+00,1.116873e+00
8.374568e-03,2.208411e+00,1.104209e+00
8.376568e-03,2.182734e+00,1.091370e+00
8.378568e-03,2.156713e+00,1.078360e+00
8.380568e-03,2.130352e+00,1.065179e+00
8.382568e-03,2.103655e+00,1.051831e+00
8.384568e-03,2.076627e+00,1.038316e+00
8.386568e-03,2.049270e+00,1.024638e+00
8.388568e-03,2.021590e+00,1.010798e+00
8.390568e-03,1.993592e+00,9.967988e-01
8.392568e-03,1.965278e+00,9.826422e-01
8.394568e-03,1.936655e+00,9.683306e-01
8.396568e-03,1.907727e+00,9.538662e-01
8.398568e-03,1.878497e+00,9.392513e-01
8.400568e-03,1.848971e+00,9.244883e-01
8.402568e-03,1.819153e+00,9.095794e-01
8.404568e-03,1.789049e+00,8.945270e-01
8.406568e-03,1.758662e+00,8.793336e-01
8.408568e-03,1.727998e+00,8.640014e-01
8.410568e-03,1.697061e+00,8.485329e-01
8.412568e-03,1.665856e+00,8.329306e-01
8.414568e-03,1.634389e+00,8.171968e-01
8.416568e-03,1.602664e+00,8.013342e-01
8.418568e-03,1.570686e+00,7.853451e-01
8.420568e-03,1.538460e+00,7.692322e-01
8.422568e-03,1.505991e+00,7.529979e-01
8.424568e-03,1.473285e+00,7.366448e-01
8.426568e-03,1.440347e+00,7.201755e-01
8.428568e-03,1.407181e+00,7.035926e-01
8.430568e-03,1.373793e+00,6.868987e-01
8.432568e-03,1.340189e+00,6.700964e-01
8.434568e-03,1.306373e+00,6.531885e-01
8.436568e-03,1.272351e+00,6.361775e-01
8.438568e-03,1.238128e+00,6.190661e-01
8.440568e-03,1.203711e+00,6.018571e-01
8.442568e-03,1.169103e+00,5.845531e-01
8.444568e-03,1.134310e+00,5.671569e-01
8.446568e-03,1.099339e+00,5.496713e-01
8.448568e-03,1.064195e+00,5.320989e-01
8.450568e-03,1.028882e+00,5.144426e-01
8.452568e-03,9.934074e-01,4.967052e-01
8.454568e-03,9.577758e-01,4.788894e-01
8.456568e-03,9.219932e-01,4.609980e-01
8.458568e-03,8.860652e-01,4.430339e-01
8.460568e-03,8.499974e-01,4.250000e-01
8.462568e-03,8.137955e-01,4.068989e-01
8.464568e-03,7.774652e-01,3.887337e-01
8.466568e-03,7.410122e-01,3.705072e-01
8.468568e-03,7.044424e-01,3.522223e-01
8.470568e-03,6.677614e-01,3.338817e-01
8.472568e-03,6.309751e-01,3.154885e-01
8.474568e-03,5.940893e-01,2.970455e-01
8.476568e-03,5.571097e-01,2.785557e-01
8.478568e-03,5.200423e-01,2.600219e-01
8.480568e-03,4.828928e-01,2.414471e-01
8.482568e-03,4.456671e-01,2.228342e-01
8.484568e-03,4.083712e-01,2.041862e-01
8.486568e-03,3.710108e-01,1.855060e-01
8.488568e-03,3.335919e-01,1.667964e-01
8.490568e-03,2.961203e-01,1.480606e-01
8.492568e-03,2.586021e-01,1.293014e-01
8.494568e-03,2.210431e-01,1.105219e-01
8.496568e-03,1.834491e-01,9.172485e-02
8.498568e-03,1.458263e-01,7.291336e-02
8.500568e-03,1.081804e-01,5.409038e-02
8.502568e-03,7.051751e-02,3.525886e-02
8.504568e-03,3.284346e-02,1.642178e-02
8.506568e-03,-4.835770e-03,-2.417892e-03
8.508568e-03,-4.251424e-02,-2.125718e-02
8.510568e-03,-8.018600e-02,-4.009312e-02
8.512568e-03,-1.178451e-01,-5.892273e-02
8.514568e-03,-1.554856e-01,-7.774305e-02
8.516568e-03,-1.931016e-01,-9.655110e-02
8.518568e-03,-2.306871e-01,-1.153439e-01
8.520568e-03,-2.682363e-01,-1.341185e-01
8.522568e-03,-3.057431e-01,-1.528720e-01
8.524568e-03,-3.432017e-01,-1.716014e-01
8.526568e-03,-3.806061e-01,-1.903036e-01
8.528568e-03,-4.179506e-01,-2.089759e-01
8.530568e-03,-4.552290e-01,-2.276152e-01
8.532568e-03,-4.924357e-01,-2.462186e-01
8.534568e-03,-5.295647e-01,-2.647831e-01
8.536568e-03,-5.666101e-01,-2.833059e-01
8.538568e-03,-6.035662e-01,-3.017840e-01
8.540568e-03,-6.404270e-01,-3.202145e-01
8.542568e-03,-6.771868e-01,-3.385944e-01
8.544568e-03,-7.138398e-01,-3.569210e-01
8.546568e-03,-7.503802e-01,-3.751912e-01
8.548568e-03,-7.868022e-01,-3.934023e-01
8.550568e-03,-8.231001e-01,-4.115513e-01
8.552568e-03,-8.592682e-01,-4.296354e-01
8.554568e-03,-8.953006e-01,-4.476517e-01
8.556568e-03,-9.311919e-01,-4.655973e-01
8.558568e-03,-9.669363e-01,-4.834696e-01
8.560568e-03,-1.002528e+00,-5.012655e-01
8.562568e-03,-1.037962e+00,-5.189824e-01
8.564568e-03,-1.073232e+00,-5.366175e-01
8.566568e-03,-1.108332e+00,-5.541678e-01
8.568568e-03,-1.143258e+00,-5.716308e-01
8.570568e-03,-1.178004e+00,-5.890035e-01
8.572568e-03,-1.212563e+00,-6.062834e-01
8.574568e-03,-1.246931e+00,-6.234676e-01
8.576568e-03,-1.281103e+00,-6.405535e-01
8.578568e-03,-1.315073e+00,-6.575383e-01
8.580568e-03,-1.348835e+00,-6.744194e-01
8.582568e-03,-1.382384e+00,-6.911941e-01
8.584568e-03,-1.415715e+00,-7.078597e-01
8.586568e-03,-1.448823e+00,-7.244137e-01
8.588568e-03,-1.481702e+00,-7.408534e-01
8.590568e-03,-1.514348e+00,-7.571763e-01
8.592568e-03,-1.546755e+00,-7.733797e-01
8.594568e-03,-1.578917e+00,-7.894611e-01
8.596568e-03,-1.610831e+00,-8.054179e-01
8.598568e-03,-1.642490e+00,-8.212477e-01
8.600568e-03,-1.673891e+00,-8.369480e-01
8.602568e-03,-1.705027e+00,-8.525162e-01
8.604568e-03,-1.735895e+00,-8.679499e-01
8.606568e-03,-1.766488e+00,-8.832467e-01
8.608568e-03,-1.796803e+00,-8.984042e-01
8.610568e-03,-1.826834e+00,-9.134199e-01
8.612568e-03,-1.856578e+00,-9.282916e-01
8.614568e-03,-1.886028e+00,-9.430168e-01
8.616568e-03,-1.915181e+00,-9.575933e-01
8.618568e-03,-1.944032e+00,-9.720187e-01
8.620568e-03,-1.972576e+00,-9.862907e-01
8.622568e-03,-2.000808e+00,-1.000407e+00
8.624568e-03,-2.028726e+00,-1.014366e+00
8.626568e-03,-2.056323e+00,-1.028164e+00
8.628568e-03,-2.083596e+00,-1.041801e+00
8.630568e-03,-2.110540e+00,-1.055273e+00
8.632568e-03,-2.137151e+00,-1.068579e+00
8.634568e-03,-2.163425e+00,-1.081716e+00
8.636568e-03,-2.189358e+00,-1.094682e+00
8.638568e-03,-2.214945e+00,-1.107476e+00
8.640568e-03,-2.240183e+00,-1.120095e+00
8.642568e-03,-2.265068e+00,-1.132537e+00
8.644568e-03,-2.289595e+00,-1.144801e+00
8.646568e-03,-2.313761e+00,-1.156884e+00
8.648568e-03,-2.337562e+00,-1.168784e+00
8.650568e-03,-2.360994e+00,-1.180501e+00
8.652568e-03,-2.384054e+00,-1.192031e+00
8.654568e-03,-2.406738e+00,-1.203373e+00
8.656568e-03,-2.429042e+00,-1.214525e+00
8.658568e-03,-2.450963e+00,-1.225485e+00
8.660568e-03,-2.472497e+00,-1.236252e+00
8.662568e-03,-2.493641e+00,-1.246824e+00
8.664568e-03,-2.514392e+00,-1.257200e+00
8.666568e-03,-2.534747e+00,-1.267377e+00
8.668568e-03,-2.554701e+00,-1.277354e+00
8.670568e-03,-2.574252e+00,-1.287130e+00
8.672568e-03,-2.593397e+00,-1.296703e+00
8.674568e-03,-2.612134e+00,-1.306071e+00
8.676568e-03,-2.630458e+00,-1.315233e+00
8.678568e-03,-2.648367e+00,-1.324187e+00
8.680568e-03,-2.665858e+00,-1.332933e+00
8.682568e-03,-2.682929e+00,-1.341468e+00
8.684568e-03,-2.699576e+00,-1.349792e+00
8.686568e-03,-2.715798e+00,-1.357903e+00
8.688568e-03,-2.731591e+00,-1.365800e+00
8.690568e-03,-2.746954e+00,-1.373481e+00
8.692568e-03,-2.761883e+00,-1.380946e+00
8.694568e-03,-2.776376e+00,-1.388192e+00
8.696568e-03,-2.790431e+00,-1.395220e+00
8.698568e-03,-2.804047e+00,-1.402028e+00
8.700568e-03,-2.817219e+00,-1.408614e+00
8.702568e-03,-2.829948e+00,-1.414978e+00
8.704568e-03,-2.842230e+00,-1.421119e+00
8.706568e-03,-2.854063e+00,-1.427036e+00
8.708568e-03,-2.865447e+00,-1.432728e+00
8.710568e-03,-2.876378e+00,-1.438193e+00
8.712568e-03,-2.886856e+00,-1.443432e+00
8.714568e-03,-2.896878e+00,-1.448443e+00
8.716568e-03,-2.906443e+00,-1.453226e+00
8.718568e-03,-2.915550e+00,-1.457779e+00
8.720568e-03,-2.924196e+00,-1.462103e+00
8.722568e-03,-2.932382e+00,-1.466195e+00
8.724568e-03,-2.940105e+00,-1.470057e+00
8.726568e-03,-2.947364e+00,-1.473686e+00
8.728568e-03,-2.954158e+00,-1.477083e+00
8.730568e-03,-2.960486e+00,-1.480247e+00
8.732568e-03,-2.966347e+00,-1.483178e+00
8.734568e-03,-2.971740e+00,-1.485875e+00
8.736568e-03,-2.976665e+00,-1.488337e+00
8.738568e-03,-2.981119e+00,-1.490564e+00
8.740568e-03,-2.985104e+00,-1.492556e+00
8.742568e-03,-2.988617e+00,-1.494313e+00
8.744568e-03,-2.991660e+00,-1.495834e+00
8.746568e-03,-2.994230e+00,-1.497119e+00
8.748568e-03,-2.996328e+00,-1.498168e+00
8.750568e-03,-2.997953e+00,-1.498981e+00
8.752568e-03,-2.999105e+00,-1.499557e+00
8.754568e-03,-2.999784e+00,-1.499897e+00
8.756568e-03,-2.999990e+00,-1.500000e+00
8.758568e-03,-2.999723e+00,-1.499866e+00
8.760568e-03,-2.998982e+00,-1.499496e+00
8.762568e-03,-2.997768e+00,-1.498889e+00
8.764568e-03,-2.996082e+00,-1.498045e+00
8.766568e-03,-2.993923e+00,-1.496966e+00
8.768568e-03,-2.991291e+00,-1.495650e+00
8.770568e-03,-2.988188e+00,-1.494098e+00
8.772568e-03,-2.984613e+00,-1.492311e+00
8.774568e-03,-2.980567e+00,-1.490288e+00
8.776568e-03,-2.976052e+00,-1.488030e+00
8.778568e-03,-2.971066e+00,-1.485538e+00
8.780568e-03,-2.965612e+00,-1.482811e+00
8.782568e-03,-2.959691e+00,-1.479850e+00
8.784568e-03,-2.953302e+00,-1.476655e+00
8.786568e-03,-2.946447e+00,-1.473228e+00
8.788568e-03,-2.939128e+00,-1.469568e+00
8.790568e-03,-2.931345e+00,-1.465677e+00
8.792568e-03,-2.923100e+00,-1.461554e+00
8.794568e-03,-2.914393e+00,-1.457201e+00
8.796568e-03,-2.905227e+00,-1.452618e+00
8.798568e-03,-2.895602e+00,-1.447805e+00
8.800568e-03,-2.885521e+00,-1.442765e+00
8.802568e-03,-2.874984e+00,-1.437496e+00
8.804568e-03,-2.863994e+00,-1.432001e+00
8.806568e-03,-2.852552e+00,-1.426280e+00
8.808568e-03,-2.840660e+00,-1.420334e+00
8.810568e-03,-2.828320e+00,-1.414164e+00
8.812568e-03,-2.815534e+00,-1.407771e+00
8.814568e-03,-2.802303e+00,-1.401156e+00
8.816568e-03,-2.788631e+00,-1.394320e+00
8.818568e-03,-2.774519e+00,-1.387263e+00
8.820568e-03,-2.759968e+00,-1.379988e+00
8.822568e-03,-2.744983e+00,-1.372496e+00
8.824568e-03,-2.729565e+00,-1.364786e+00
8.826568e-03,-2.713716e+00,-1.356862e+00
8.828568e-03,-2.697438e+00,-1.348723e+00
8.830568e-03,-2.680736e+00,-1.340372e+00
8.832568e-03,-2.663610e+00,-1.331809e+00
8.834568e-03,-2.646064e+00,-1.323036e+00
8.836568e-03,-2.628101e+00,-1.314055e+00
8.838568e-03,-2.609724e+00,-1.304866e+00
8.840568e-03,-2.590934e+00,-1.295471e+00
8.842568e-03,-2.571736e+00,-1.285872e+00
8.844568e-03,-2.552132e+00,-1.276070e+00
8.846568e-03,-2.532126e+00,-1.266067e+00
8.848568e-03,-2.511720e+00,-1.255864e+00
8.850568e-03,-2.490918e+00,-1.245463e+00
8.852568e-03,-2.469722e+00,-1.234865e+00
8.854568e-03,-2.448138e+00,-1.224073e+00
8.856568e-03,-2.426167e+00,-1.213087e+00
8.858568e-03,-2.403813e+00,-1.201910e+00
8.860568e-03,-2.381080e+00,-1.190544e+00
8.862568e-03,-2.357972e+00,-1.178990e+00
8.864568e-03,-2.334492e+00,-1.167249e+00
8.866568e-03,-2.310643e+00,-1.155325e+00
8.868568e-03,-2.286430e+00,-1.143218e+00
8.870568e-03,-2.261856e+00,-1.130931e+00
8.872568e-03,-2.236925e+00,-1.118466e+00
8.874568e-03,-2.211642e+00,-1.105824e+00
8.876568e-03,-2.186009e+00,-1.093008e+00
8.878568e-03,-2.160032e+00,-1.080019e+00
8.880568e-03,-2.133714e+00,-1.066860e+00
8.882568e-03,-2.107059e+00,-1.053533e+00
8.884568e-03,-2.080072e+00,-1.040039e+00
8.886568e-03,-2.052757e+00,-1.026382e+00
8.888568e-03,-2.025118e+00,-1.012562e+00
8.890568e-03,-1.997159e+00,-9.985827e-01
8.892568e-03,-1.968886e+00,-9.844459e-01
8.894568e-03,-1.940302e+00,-9.701538e-01
8.896568e-03,-1.911412e+00,-9.557087e-01
8.898568e-03,-1.882220e+00,-9.411128e-01
8.900568e-03,-1.852731e+00,-9.263684e-01
8.902568e-03,-1.822950e+00,-9.114779e-01
8.904568e-03,-1.792882e+00,-8.964436e-01
8.906568e-03,-1.762530e+00,-8.812679e-01
8.908568e-03,-1.731901e+00,-8.659532e-01
8.910568e-03,-1.700999e+00,-8.505018e-01
8.912568e-03,-1.669828e+00,-8.349163e-01
8.914568e-03,-1.638393e+00,-8.191991e-01
8.916568e-03,-1.606701e+00,-8.033527e-01
8.918568e-03,-1.574754e+00,-7.873795e-01
8.920568e-03,-1.542560e+00,-7.712821e-01
8.922568e-03,-1.510122e+00,-7.550631e-01
8.924568e-03,-1.477445e+00,-7.387249e-01
8.926568e-03,-1.444536e+00,-7.222702e-01
8.928568e-03,-1.411399e+00,-7.057016e-01
8.930568e-03,-1.378039e+00,-6.890216e-01
8.932568e-03,-1.344462e+00,-6.722329e-01
8.934568e-03,-1.310673e+00,-6.553382e-01
8.936568e-03,-1.276676e+00,-6.383401e-01
8.938568e-03,-1.242479e+00,-6.212413e-01
8.940568e-03,-1.208085e+00,-6.040446e-01
8.942568e-03,-1.173501e+00,-5.867525e-01
8.944568e-03,-1.138732e+00,-5.693678e-01
8.946568e-03,-1.103783e+00,-5.518934e-01
8.948568e-03,-1.068661e+00,-5.343319e-01
8.950568e-03,-1.033369e+00,-5.166861e-01
8.952568e-03,-9.979145e-01,-4.989587e-01
8.954568e-03,-9.623025e-01,-4.811527e-01
8.956568e-03,-9.265388e-01,-4.632708e-01
8.958568e-03,-8.906289e-01,-4.453158e-01
8.960568e-03,-8.545784e-01,-4.272905e-01
8.962568e-03,-8.183932e-01,-4.091978e-01
8.964568e-03,-7.820789e-01,-3.910406e-01
8.966568e-03,-7.456412e-01,-3.728217e-01
8.968568e-03,-7.090858e-01,-3.545440e-01
8.970568e-03,-6.724187e-01,-3.362103e-01
8.972568e-03,-6.356454e-01,-3.178236e-01
8.974568e-03,-5.987718e-01,-2.993868e-01
8.976568e-03,-5.618039e-01,-2.809028e-01
8.978568e-03,-5.247472e-01,-2.623744e-01
8.980568e-03,-4.876078e-01,-2.438046e-01
8.982568e-03,-4.503915e-01,-2.251964e-01
8.984568e-03,-4.131041e-01,-2.065527e-01
8.986568e-03,-3.757516e-01,-1.878764e-01
8.988568e-03,-3.383398e-01,-1.691704e-01
8.990568e-03,-3.008746e-01,-1.504377e-01
8.992568e-03,-2.633619e-01,-1.316814e-01
8.994568e-03,-2.258077e-01,-1.129042e-01
8.996568e-03,-1.882179e-01,-9.410924e-02
8.998568e-03,-1.505984e-01,-7.529943e-02
9.000568e-03,-1.129551e-01,-5.647773e-02
9.002568e-03,-7.529404e-02,-3.764713e-02
9.004568e-03,-3.762107e-02,-1.881059e-02
9.006568e-03,5.782599e-05,2.891308e-05
9.008568e-03,3.773672e-02,1.886842e-02
9.010568e-03,7.540966e-02,3.770494e-02
9.012568e-03,1.130707e-01,5.653552e-02
9.014568e-03,1.507139e-01,7.535718e-02
9.016568e-03,1.883333e-01,9.416695e-02
9.018568e-03,2.259231e-01,1.129619e-01
9.020568e-03,2.634771e-01,1.317390e-01
9.022568e-03,3.009897e-01,1.504953e-01
9.024568e-03,3.384547e-01,1.692279e-01
9.026568e-03,3.758663e-01,1.879337e-01
9.028568e-03,4.132187e-01,2.066100e-01
9.030568e-03,4.505058e-01,2.252536e-01
9.032568e-03,4.877219e-01,2.438617e-01
9.034568e-03,5.248611e-01,2.624313e-01
9.036568e-03,5.619175e-01,2.809596e-01
9.038568e-03,5.988852e-01,2.994435e-01
9.040568e-03,6.357584e-01,3.178802e-01
9.042568e-03,6.725314e-01,3.362667e-01
9.044568e-03,7.091982e-01,3.546002e-01
9.046568e-03,7.457532e-01,3.728777e-01
9.048568e-03,7.821905e-01,3.910964e-01
9.050568e-03,8.185045e-01,4.092535e-01
9.052568e-03,8.546893e-01,4.273459e-01
9.054568e-03,8.907393e-01,4.453710e-01
9.056568e-03,9.266488e-01,4.633258e-01
9.058568e-03,9.624121e-01,4.812075e-01
9.060568e-03,9.980236e-01,4.990133e-01
9.062568e-03,1.033478e+00,5.167403e-01
9.064568e-03,1.068769e+00,5.343859e-01
9.066568e-03,1.103891e+00,5.519472e-01
9.068568e-03,1.138839e+00,5.694213e-01
9.070568e-03,1.173608e+00,5.868057e-01
9.072568e-03,1.208191e+00,6.040975e-01
9.074568e-03,1.242584e+00,6.212940e-01
9.076568e-03,1.276781e+00,6.383925e-01
9.078568e-03,1.310777e+00,6.553902e-01
9.080568e-03,1.344565e+00,6.722846e-01
9.082568e-03,1.378142e+00,6.890729e-01
9.084568e-03,1.411501e+00,7.057526e-01
9.086568e-03,1.444637e+00,7.223209e-01
9.088568e-03,1.477546e+00,7.387752e-01
9.090568e-03,1.510222e+00,7.551130e-01
9.092568e-03,1.542659e+00,7.713317e-01
9.094568e-03,1.574853e+00,7.874287e-01
9.096568e-03,1.606798e+00,8.034015e-01
9.098568e-03,1.638490e+00,8.192476e-01
9.100568e-03,1.669924e+00,8.349644e-01
9.102568e-03,1.701094e+00,8.505495e-01
9.104568e-03,1.731996e+00,8.660004e-01
9.106568e-03,1.762624e+00,8.813147e-01
9.108568e-03,1.792975e+00,8.964900e-01
9.110568e-03,1.823042e+00,9.115238e-01
9.112568e-03,1.852822e+00,9.264139e-01
9.114568e-03,1.882310e+00,9.411578e-01
9.116568e-03,1.911501e+00,9.557532e-01
9.118568e-03,1.940390e+00,9.701979e-01
9.120568e-03,1.968973e+00,9.844896e-01
9.122568e-03,1.997246e+00,9.986259e-01
9.124568e-03,2.025203e+00,1.012605e+00
9.126568e-03,2.052841e+00,1.026424e+00
9.128568e-03,2.080155e+00,1.040081e+00
9.130568e-03,2.107141e+00,1.053574e+00
9.132568e-03,2.133795e+00,1.066901e+00
9.134568e-03,2.160112e+00,1.080059e+00
9.136568e-03,2.186088e+00,1.093047e+00
9.138568e-03,2.211720e+00,1.105863e+00
9.140568e-03,2.237002e+00,1.118504e+00
9.142568e-03,2.261932e+00,1.130969e+00
9.144568e-03,2.286505e+00,1.143256e+00
9.146568e-03,2.310717e+00,1.155362e+00
9.148568e-03,2.334564e+00,1.167286e+00
9.150568e-03,2.358044e+00,1.179025e+00
9.152568e-03,2.381151e+00,1.190579e+00
9.154568e-03,2.403882e+00,1.201945e+00
9.156568e-03,2.426235e+00,1.213121e+00
9.158568e-03,2.448205e+00,1.224106e+00
9.160568e-03,2.469788e+00,1.234898e+00
9.162568e-03,2.490982e+00,1.245495e+00
9.164568e-03,2.511783e+00,1.255895e+00
9.166568e-03,2.532188e+00,1.266098e+00
9.168568e-03,2.552193e+00,1.276100e+00
9.170568e-03,2.571795e+00,1.285902e+00
9.172568e-03,2.590992e+00,1.295500e+00
9.174568e-03,2.609781e+00,1.304894e+00
9.176568e-03,2.628157e+00,1.314082e+00
9.178568e-03,2.646119e+00,1.323063e+00
9.180568e-03,2.663663e+00,1.331836e+00
9.182568e-03,2.680788e+00,1.340398e+00
9.184568e-03,2.697489e+00,1.348749e+00
9.186568e-03,2.713765e+00,1.356886e+00
9.188568e-03,2.729613e+00,1.364810e+00
9.190568e-03,2.745030e+00,1.372519e+00
9.192568e-03,2.760014e+00,1.380011e+00
9.194568e-03,2.774563e+00,1.387285e+00
9.196568e-03,2.788674e+00,1.394341e+00
9.198568e-03,2.802345e+00,1.401177e+00
9.200568e-03,2.815574e+00,1.407791e+00
9.202568e-03,2.828358e+00,1.414183e+00
9.204568e-03,2.840697e+00,1.420353e+00
9.206568e-03,2.852588e+00,1.426298e+00
9.208568e-03,2.864028e+00,1.432018e+00
9.210568e-03,2.875017e+00,1.437513e+00
9.212568e-03,2.885552e+00,1.442780e+00
9.214568e-03,2.895632e+00,1.447820e+00
9.216568e-03,2.905255e+00,1.452632e+00
9.218568e-03,2.914420e+00,1.457215e+00
9.220568e-03,2.923126e+00,1.461567e+00
9.222568e-03,2.931370e+00,1.465689e+00
9.224568e-03,2.939151e+00,1.469580e+00
9.226568e-03,2.946469e+00,1.473239e+00
9.228568e-03,2.953322e+00,1.476666e+00
9.230568e-03,2.959710e+00,1.479859e+00
9.232568e-03,2.965630e+00,1.482819e+00
9.234568e-03,2.971082e+00,1.485546e+00
9.236568e-03,2.976066e+00,1.488038e+00
9.238568e-03,2.980581e+00,1.490295e+00
9.240568e-03,2.984625e+00,1.492317e+00
9.242568e-03,2.988198e+00,1.494103e+00
9.244568e-03,2.991300e+00,1.495654e+00
9.246568e-03,2.993930e+00,1.496969e+00
9.248568e-03,2.996088e+00,1.498048e+00
9.250568e-03,2.997773e+00,1.498891e+00
9.252568e-03,2.998985e+00,1.499497e+00
9.254568e-03,2.999724e+00,1.499867e+00
9.256568e-03,2.999990e+00,1.500000e+00
9.258568e-03,2.999783e+00,1.499896e+00
9.260568e-03,2.999102e+00,1.499556e+00
9.262568e-03,2.997948e+00,1.498979e+00
9.264568e-03,2.996322e+00,1.498165e+00
9.266568e-03,2.994223e+00,1.497116e+00
9.268568e-03,2.991651e+00,1.495830e+00
9.270568e-03,2.988607e+00,1.494308e+00
9.272568e-03,2.985092e+00,1.492551e+00
9.274568e-03,2.981106e+00,1.490558e+00
9.276568e-03,2.976650e+00,1.488330e+00
9.278568e-03,2.971724e+00,1.485867e+00
9.280568e-03,2.966330e+00,1.483169e+00
9.282568e-03,2.960467e+00,1.480238e+00
9.284568e-03,2.954138e+00,1.477073e+00
9.286568e-03,2.947342e+00,1.473676e+00
9.288568e-03,2.940082e+00,1.470045e+00
9.290568e-03,2.932358e+00,1.466183e+00
9.292568e-03,2.924171e+00,1.462090e+00
9.294568e-03,2.915522e+00,1.457766e+00
9.296568e-03,2.906414e+00,1.453212e+00
9.298568e-03,2.896848e+00,1.448428e+00
9.300568e-03,2.886824e+00,1.443416e+00
9.302568e-03,2.876345e+00,1.438177e+00
9.304568e-03,2.865412e+00,1.432711e+00
9.306568e-03,2.854028e+00,1.427018e+00
9.308568e-03,2.842193e+00,1.421101e+00
9.310568e-03,2.829909e+00,1.414959e+00
9.312568e-03,2.817180e+00,1.408594e+00
9.314568e-03,2.804006e+00,1.402007e+00
9.316568e-03,2.790389e+00,1.395199e+00
9.318568e-03,2.776332e+00,1.388170e+00
9.320568e-03,2.761838e+00,1.380923e+00
9.322568e-03,2.746907e+00,1.373458e+00
9.324568e-03,2.731544e+00,1.365776e+00
9.326568e-03,2.715749e+00,1.357879e+00
9.328568e-03,2.699526e+00,1.349767e+00
9.330568e-03,2.682877e+00,1.341443e+00
9.332568e-03,2.665805e+00,1.332907e+00
9.334568e-03,2.648312e+00,1.324160e+00
9.336568e-03,2.630402e+00,1.315205e+00
9.338568e-03,2.612077e+00,1.306042e+00
9.340568e-03,2.593339e+00,1.296674e+00
9.342568e-03,2.574193e+00,1.287100e+00
9.344568e-03,2.554640e+00,1.277324e+00
9.346568e-03,2.534685e+00,1.267346e+00
9.348568e-03,2.514329e+00,1.257168e+00
9.350568e-03,2.493577e+00,1.246792e+00
9.352568e-03,2.472432e+00,1.236220e+00
9.354568e-03,2.450896e+00,1.225452e+00
9.356568e-03,2.428974e+00,1.214491e+00
9.358568e-03,2.406669e+00,1.203338e+00
9.360568e-03,2.383984e+00,1.191996e+00
9.362568e-03,2.360923e+00,1.180465e+00
9.364568e-03,2.337489e+00,1.168748e+00
9.366568e-03,2.313687e+00,1.156847e+00
9.368568e-03,2.289520e+00,1.144763e+00
9.370568e-03,2.264992e+00,1.132499e+00
9.372568e-03,2.240106e+00,1.120056e+00
9.374568e-03,2.214867e+00,1.107437e+00
9.376568e-03,2.189279e+00,1.094643e+00
9.378568e-03,2.163345e+00,1.081676e+00
9.380568e-03,2.137070e+00,1.068538e+00
9.382568e-03,2.110458e+00,1.055232e+00
9.384568e-03,2.083512e+00,1.041759e+00
9.386568e-03,2.056239e+00,1.028122e+00
9.388568e-03,2.028640e+00,1.014323e+00
9.390568e-03,2.000722e+00,1.000364e+00
9.392568e-03,1.972488e+00,9.862472e-01
9.394568e-03,1.943943e+00,9.719746e-01
9.396568e-03,1.915092e+00,9.575488e-01
9.398568e-03,1.885938e+00,9.429719e-01
9.400568e-03,1.856487e+00,9.282462e-01
9.402568e-03,1.826743e+00,9.133741e-01
9.404568e-03,1.796710e+00,8.983579e-01
9.406568e-03,1.766395e+00,8.832000e-01
9.408568e-03,1.735800e+00,8.679027e-01
9.410568e-03,1.704932e+00,8.524686e-01
9.412568e-03,1.673795e+00,8.369000e-01
9.414568e-03,1.642394e+00,8.211993e-01
9.416568e-03,1.610733e+00,8.053691e-01
9.418568e-03,1.578819e+00,7.894119e-01
9.420568e-03,1.546656e+00,7.733301e-01
9.422568e-03,1.514248e+00,7.571263e-01
9.424568e-03,1.481602e+00,7.408031e-01
9.426568e-03,1.448722e+00,7.243631e-01
9.428568e-03,1.415613e+00,7.078087e-01
9.430568e-03,1.382281e+00,6.911427e-01
9.432568e-03,1.348731e+00,6.743677e-01
9.434568e-03,1.314969e+00,6.574863e-01
9.436568e-03,1.280999e+00,6.405012e-01
9.438568e-03,1.246826e+00,6.234150e-01
9.440568e-03,1.212457e+00,6.062305e-01
9.442568e-03,1.177897e+00,5.889504e-01
9.444568e-03,1.143151e+00,5.715773e-01
9.446568e-03,1.108225e+00,5.541141e-01
9.448568e-03,1.073124e+00,5.365635e-01
9.450568e-03,1.037853e+00,5.189282e-01
9.452568e-03,1.002419e+00,5.012110e-01
9.454568e-03,9.668268e-01,4.834148e-01
9.456568e-03,9.310820e-01,4.655424e-01
9.458568e-03,8.951903e-01,4.475965e-01
9.460568e-03,8.591573e-01,4.295800e-01
9.462568e-03,8.229889e-01,4.114957e-01
9.464568e-03,7.866906e-01,3.933465e-01
9.466568e-03,7.502682e-01,3.751352e-01
9.468568e-03,7.137275e-01,3.568648e-01
9.470568e-03,6.770742e-01,3.385381e-01
9.472568e-03,6.403140e-01,3.201580e-01
9.474568e-03,6.034529e-01,3.017274e-01
9.476568e-03,5.664966e-01,2.832491e-01
9.478568e-03,5.294508e-01,2.647262e-01
9.480568e-03,4.923216e-01,2.461615e-01
9.482568e-03,4.551147e-01,2.275580e-01
9.484568e-03,4.178360e-01,2.089186e-01
9.486568e-03,3.804914e-01,1.902463e-01
9.488568e-03,3.430868e-01,1.715439e-01
9.490568e-03,3.056281e-01,1.528145e-01
9.492568e-03,2.681211e-01,1.340609e-01
9.494568e-03,2.305718e-01,1.152863e-01
9.496568e-03,1.929862e-01,9.649339e-02
9.498568e-03,1.553701e-01,7.768530e-02
9.500568e-03,1.177295e-01,5.886495e-02
9.502568e-03,8.007038e-02,4.003531e-02
9.504568e-03,4.239860e-02,2.119936e-02
9.506568e-03,4.720118e-03,2.360066e-03
9.508568e-03,-3.295910e-02,-1.647960e-02
9.510568e-03,-7.063313e-02,-3.531667e-02
9.512568e-03,-1.082960e-01,-5.414817e-02
9.514568e-03,-1.459418e-01,-7.297112e-02
9.516568e-03,-1.835646e-01,-9.178256e-02
9.518568e-03,-2.211584e-01,-1.105795e-01
9.520568e-03,-2.587173e-01,-1.293590e-01
9.522568e-03,-2.962354e-01,-1.481182e-01
9.524568e-03,-3.337068e-01,-1.668539e-01
9.526568e-03,-3.711256e-01,-1.855633e-01
9.528568e-03,-4.084858e-01,-2.042435e-01
9.530568e-03,-4.457815e-01,-2.228914e-01
9.532568e-03,-4.830069e-01,-2.415042e-01
9.534568e-03,-5.201562e-01,-2.600789e-01
9.536568e-03,-5.572234e-01,-2.786125e-01
9.538568e-03,-5.942026e-01,-2.971022e-01
9.540568e-03,-6.310882e-01,-3.155450e-01
9.542568e-03,-6.678742e-01,-3.339381e-01
9.544568e-03,-7.045548e-01,-3.522785e-01
9.546568e-03,-7.411243e-01,-3.705633e-01
9.548568e-03,-7.775769e-01,-3.887896e-01
9.550568e-03,-8.139068e-01,-4.069546e-01
9.552568e-03,-8.501083e-01,-4.250554e-01
9.554568e-03,-8.861757e-01,-4.430892e-01
9.556568e-03,-9.221033e-01,-4.610530e-01
9.558568e-03,-9.578854e-01,-4.789442e-01
9.560568e-03,-9.935165e-01,-4.967597e-01
9.562568e-03,-1.028991e+00,-5.144969e-01
9.564568e-03,-1.064303e+00,-5.321530e-01
9.566568e-03,-1.099447e+00,-5.497251e-01
9.568568e-03,-1.134418e+00,-5.672105e-01
9.570568e-03,-1.169209e+00,-5.846064e-01
9.572568e-03,-1.203816e+00,-6.019100e-01
9.574568e-03,-1.238234e+00,-6.191188e-01
9.576568e-03,-1.272456e+00,-6.362298e-01
9.578568e-03,-1.306477e+00,-6.532405e-01
9.580568e-03,-1.340292e+00,-6.701482e-01
9.582568e-03,-1.373896e+00,-6.869501e-01
9.584568e-03,-1.407283e+00,-7.036436e-01
9.586568e-03,-1.440448e+00,-7.202262e-01
9.588568e-03,-1.473386e+00,-7.366951e-01
9.590568e-03,-1.506091e+00,-7.530479e-01
9.592568e-03,-1.538559e+00,-7.692818e-01
9.594568e-03,-1.570784e+00,-7.853944e-01
9.596568e-03,-1.602761e+00,-8.013831e-01
9.598568e-03,-1.634486e+00,-8.172453e-01
9.600568e-03,-1.665952e+00,-8.329787e-01
9.602568e-03,-1.697156e+00,-8.485806e-01
9.604568e-03,-1.728092e+00,-8.640487e-01
9.606568e-03,-1.758756e+00,-8.793804e-01
9.608568e-03,-1.789142e+00,-8.945735e-01
9.610568e-03,-1.819245e+00,-9.096254e-01
9.612568e-03,-1.849062e+00,-9.245338e-01
9.614568e-03,-1.878587e+00,-9.392964e-01
9.616568e-03,-1.907816e+00,-9.539108e-01
9.618568e-03,-1.936744e+00,-9.683747e-01
9.620568e-03,-1.965366e+00,-9.826859e-01
9.622568e-03,-1.993678e+00,-9.968420e-01
9.624568e-03,-2.021676e+00,-1.010841e+00
9.626568e-03,-2.049354e+00,-1.024680e+00
9.628568e-03,-2.076710e+00,-1.038358e+00
9.630568e-03,-2.103738e+00,-1.051872e+00
9.632568e-03,-2.130434e+00,-1.065220e+00
9.634568e-03,-2.156794e+00,-1.078400e+00
9.636568e-03,-2.182813e+00,-1.091410e+00
9.638568e-03,-2.208489e+00,-1.104248e+00
9.640568e-03,-2.233816e+00,-1.116911e+00
9.642568e-03,-2.258790e+00,-1.129399e+00
9.644568e-03,-2.283409e+00,-1.141708e+00
9.646568e-03,-2.307667e+00,-1.153837e+00
9.648568e-03,-2.331561e+00,-1.165784e+00
9.650568e-03,-2.355087e+00,-1.177547e+00
9.652568e-03,-2.378241e+00,-1.189124e+00
9.654568e-03,-2.401021e+00,-1.200514e+00
9.656568e-03,-2.423422e+00,-1.211714e+00
9.658568e-03,-2.445440e+00,-1.222724e+00
9.660568e-03,-2.467073e+00,-1.233540e+00
9.662568e-03,-2.488316e+00,-1.244162e+00
9.664568e-03,-2.509167e+00,-1.254587e+00
9.666568e-03,-2.529622e+00,-1.264815e+00
9.668568e-03,-2.549678e+00,-1.274843e+00
9.670568e-03,-2.569332e+00,-1.284670e+00
9.672568e-03,-2.588581e+00,-1.294294e+00
9.674568e-03,-2.607421e+00,-1.303714e+00
9.676568e-03,-2.625850e+00,-1.312929e+00
9.678568e-03,-2.643864e+00,-1.321936e+00
9.680568e-03,-2.661462e+00,-1.330735e+00
9.682568e-03,-2.678640e+00,-1.339324e+00
9.684568e-03,-2.695395e+00,-1.347701e+00
9.686568e-03,-2.711725e+00,-1.355866e+00
9.688568e-03,-2.727627e+00,-1.363818e+00
9.690568e-03,-2.743099e+00,-1.371553e+00
9.692568e-03,-2.758138e+00,-1.379073e+00
9.694568e-03,-2.772742e+00,-1.386375e+00
9.696568e-03,-2.786909e+00,-1.393458e+00
9.698568e-03,-2.800635e+00,-1.400322e+00
9.700568e-03,-2.813921e+00,-1.406965e+00
9.702568e-03,-2.826762e+00,-1.413385e+00
9.704568e-03,-2.839157e+00,-1.419583e+00
9.706568e-03,-2.851105e+00,-1.425557e+00
9.708568e-03,-2.862603e+00,-1.431306e+00
9.710568e-03,-2.873649e+00,-1.436829e+00
9.712568e-03,-2.884242e+00,-1.442125e+00
9.714568e-03,-2.894379e+00,-1.447194e+00
9.716568e-03,-2.904061e+00,-1.452035e+00
9.718568e-03,-2.913284e+00,-1.456646e+00
9.720568e-03,-2.922047e+00,-1.461028e+00
9.722568e-03,-2.930350e+00,-1.465179e+00
9.724568e-03,-2.938190e+00,-1.469099e+00
9.726568e-03,-2.945567e+00,-1.472788e+00
9.728568e-03,-2.952479e+00,-1.476244e+00
9.730568e-03,-2.958925e+00,-1.479467e+00
9.732568e-03,-2.964905e+00,-1.482457e+00
9.734568e-03,-2.970417e+00,-1.485213e+00
9.736568e-03,-2.975460e+00,-1.487735e+00
9.738568e-03,-2.980034e+00,-1.490022e+00
9.740568e-03,-2.984138e+00,-1.492073e+00
9.742568e-03,-2.987771e+00,-1.493890e+00
9.744568e-03,-2.990933e+00,-1.495471e+00
9.746568e-03,-2.993623e+00,-1.496816e+00
9.748568e-03,-2.995840e+00,-1.497925e+00
9.750568e-03,-2.997585e+00,-1.498797e+00
9.752568e-03,-2.998858e+00,-1.499433e+00
9.754568e-03,-2.999657e+00,-1.499833e+00
9.756568e-03,-2.999983e+00,-1.499996e+00
9.758568e-03,-2.999835e+00,-1.499922e+00
9.760568e-03,-2.999215e+00,-1.499612e+00
9.762568e-03,-2.998121e+00,-1.499065e+00
9.764568e-03,-2.996554e+00,-1.498282e+00
9.766568e-03,-2.994515e+00,-1.497262e+00
9.768568e-03,-2.992003e+00,-1.496006e+00
9.770568e-03,-2.989019e+00,-1.494514e+00
9.772568e-03,-2.985564e+00,-1.492787e+00
9.774568e-03,-2.981638e+00,-1.490823e+00
9.776568e-03,-2.977241e+00,-1.488625e+00
9.778568e-03,-2.972375e+00,-1.486192e+00
9.780568e-03,-2.967040e+00,-1.483524e+00
9.782568e-03,-2.961237e+00,-1.480623e+00
9.784568e-03,-2.954966e+00,-1.477488e+00
9.786568e-03,-2.948230e+00,-1.474119e+00
9.788568e-03,-2.941028e+00,-1.470519e+00
9.790568e-03,-2.933363e+00,-1.466686e+00
9.792568e-03,-2.925234e+00,-1.462622e+00
9.794568e-03,-2.916645e+00,-1.458327e+00
9.796568e-03,-2.907595e+00,-1.453802e+00
9.798568e-03,-2.898086e+00,-1.449047e+00
9.800568e-03,-2.888120e+00,-1.444065e+00
9.802568e-03,-2.877699e+00,-1.438854e+00
9.804568e-03,-2.866824e+00,-1.433416e+00
9.806568e-03,-2.855496e+00,-1.427752e+00
9.808568e-03,-2.843718e+00,-1.421863e+00
9.810568e-03,-2.831492e+00,-1.415750e+00
9.812568e-03,-2.818819e+00,-1.409413e+00
9.814568e-03,-2.805701e+00,-1.402854e+00
9.816568e-03,-2.792140e+00,-1.396074e+00
9.818568e-03,-2.778139e+00,-1.389074e+00
9.820568e-03,-2.763700e+00,-1.381854e+00
9.822568e-03,-2.748825e+00,-1.374416e+00
9.824568e-03,-2.733516e+00,-1.366762e+00
9.826568e-03,-2.717776e+00,-1.358892e+00
9.828568e-03,-2.701607e+00,-1.350807e+00
9.830568e-03,-2.685012e+00,-1.342510e+00
9.832568e-03,-2.667993e+00,-1.334001e+00
9.834568e-03,-2.650554e+00,-1.325281e+00
9.836568e-03,-2.632696e+00,-1.316352e+00
9.838568e-03,-2.614423e+00,-1.307216e+00
9.840568e-03,-2.595738e+00,-1.297873e+00
9.842568e-03,-2.576643e+00,-1.288325e+00
9.844568e-03,-2.557142e+00,-1.278575e+00
9.846568e-03,-2.537237e+00,-1.268622e+00
9.848568e-03,-2.516932e+00,-1.258470e+00
9.850568e-03,-2.496230e+00,-1.248119e+00
9.852568e-03,-2.475135e+00,-1.237571e+00
9.854568e-03,-2.453648e+00,-1.226828e+00
9.856568e-03,-2.431775e+00,-1.215891e+00
9.858568e-03,-2.409518e+00,-1.204763e+00
9.860568e-03,-2.386881e+00,-1.193444e+00
9.862568e-03,-2.363868e+00,-1.181937e+00
9.864568e-03,-2.340481e+00,-1.170244e+00
9.866568e-03,-2.316726e+00,-1.158366e+00
9.868568e-03,-2.292605e+00,-1.146306e+00
9.870568e-03,-2.268122e+00,-1.134064e+00
9.872568e-03,-2.243281e+00,-1.121644e+00
9.874568e-03,-2.218087e+00,-1.109047e+00
9.876568e-03,-2.192543e+00,-1.096275e+00
9.878568e-03,-2.166652e+00,-1.083329e+00
9.880568e-03,-2.140420e+00,-1.070213e+00
9.882568e-03,-2.113851e+00,-1.056928e+00
9.884568e-03,-2.086947e+00,-1.043477e+00
9.886568e-03,-2.059715e+00,-1.029861e+00
9.888568e-03,-2.032158e+00,-1.016082e+00
9.890568e-03,-2.004280e+00,-1.002143e+00
9.892568e-03,-1.976086e+00,-9.880459e-01
9.894568e-03,-1.947580e+00,-9.737930e-01
9.896568e-03,-1.918767e+00,-9.593864e-01
9.898568e-03,-1.889651e+00,-9.448285e-01
9.900568e-03,-1.860238e+00,-9.301216e-01
9.902568e-03,-1.830530e+00,-9.152679e-01
9.904568e-03,-1.800534e+00,-9.002699e-01
9.906568e-03,-1.770254e+00,-8.851298e-01
9.908568e-03,-1.739695e+00,-8.698501e-01
9.910568e-03,-1.708861e+00,-8.544332e-01
9.912568e-03,-1.677758e+00,-8.388815e-01
9.914568e-03,-1.646390e+00,-8.231974e-01
9.916568e-03,-1.614762e+00,-8.073835e-01
9.918568e-03,-1.582880e+00,-7.914423e-01
9.920568e-03,-1.550748e+00,-7.753761e-01
9.922568e-03,-1.518371e+00,-7.591877e-01
9.924568e-03,-1.485755e+00,-7.428795e-01
9.926568e-03,-1.452904e+00,-7.264541e-01
9.928568e-03,-1.419824e+00,-7.099141e-01
9.930568e-03,-1.386520e+00,-6.932621e-01
9.932568e-03,-1.352998e+00,-6.765008e-01
9.934568e-03,-1.319261e+00,-6.596327e-01
9.936568e-03,-1.285317e+00,-6.426606e-01
9.938568e-03,-1.251170e+00,-6.255871e-01
9.940568e-03,-1.216826e+00,-6.084149e-01
9.942568e-03,-1.182290e+00,-5.911467e-01
9.944568e-03,-1.147567e+00,-5.737853e-01
9.946568e-03,-1.112663e+00,-5.563334e-01
9.948568e-03,-1.077584e+00,-5.387937e-01
9.950568e-03,-1.042335e+00,-5.211690e-01
9.952568e-03,-1.006921e+00,-5.034621e-01
9.954568e-03,-9.713486e-01,-4.856757e-01
9.956568e-03,-9.356228e-01,-4.678128e-01
9.958568e-03,-8.997494e-01,-4.498760e-01
9.960568e-03,-8.637341e-01,-4.318683e-01
9.962568e-03,-8.275825e-01,-4.137925e-01
9.964568e-03,-7.913004e-01,-3.956514e-01
9.966568e-03,-7.548934e-01,-3.774478e-01
9.968568e-03,-7.183674e-01,-3.591848e-01
9.970568e-03,-6.817280e-01,-3.408650e-01
9.972568e-03,-6.449811e-01,-3.224915e-01
9.974568e-03,-6.081324e-01,-3.040671e-01
9.976568e-03,-5.711878e-01,-2.855948e-01
9.978568e-03,-5.341531e-01,-2.670774e-01
9.980568e-03,-4.970342e-01,-2.485178e-01
9.982568e-03,-4.598368e-01,-2.299191e-01
9.984568e-03,-4.225669e-01,-2.112841e-01
9.986568e-03,-3.852303e-01,-1.926157e-01
9.988568e-03,-3.478330e-01,-1.739170e-01
9.990568e-03,-3.103808e-01,-1.551908e-01
9.992568e-03,-2.728796e-01,-1.364402e-01
9.994568e-03,-2.353354e-01,-1.176680e-01
9.996568e-03,-1.977540e-01,-9.887730e-02
9.998568e-03,-1.601415e-01,-8.007097e-02
1.000057e-02,-1.225037e-01,-6.125201e-02
1.000257e-02,-8.484653e-02,-4.242339e-02
1.000457e-02,-4.717601e-02,-2.358808e-02
1.000657e-02,-9.498051e-03,-4.749040e-03
1.000857e-02,2.818141e-02,1.409075e-02
1.001057e-02,6.585642e-02,3.292831e-02
1.001257e-02,1.035210e-01,5.176067e-02
1.001457e-02,1.411693e-01,7.058488e-02
1.001657e-02,1.787954e-01,8.939794e-02
1.001857e-02,2.163932e-01,1.081969e-01
1.002057e-02,2.539568e-01,1.269788e-01
1.002257e-02,2.914805e-01,1.457407e-01
1.002457e-02,3.289581e-01,1.644795e-01
1.002657e-02,3.663838e-01,1.831925e-01
1.002857e-02,4.037518e-01,2.018765e-01
1.003057e-02,4.410560e-01,2.205287e-01
1.003257e-02,4.782907e-01,2.391461e-01
1.003457e-02,5.154499e-01,2.577257e-01
1.003657e-02,5.525279e-01,2.762648e-01
1.003857e-02,5.895186e-01,2.947602e-01
1.004057e-02,6.264164e-01,3.132091e-01
1.004257e-02,6.632153e-01,3.316086e-01
1.004457e-02,6.999096e-01,3.499559e-01
1.004657e-02,7.364935e-01,3.682479e-01
1.004857e-02,7.729612e-01,3.864818e-01
1.005057e-02,8.093070e-01,4.046547e-01
1.005257e-02,8.455251e-01,4.227638e-01
1.005457e-02,8.816098e-01,4.408062e-01
1.005657e-02,9.175555e-01,4.587791e-01
1.005857e-02,9.533564e-01,4.766796e-01
1.006057e-02,9.890069e-01,4.945049e-01
1.006257e-02,1.024501e+00,5.122522e-01
1.006457e-02,1.059834e+00,5.299187e-01
1.006657e-02,1.095000e+00,5.475016e-01
1.006857e-02,1.129993e+00,5.649982e-01
1.007057e-02,1.164808e+00,5.824056e-01
1.007257e-02,1.199439e+00,5.997211e-01
1.007457e-02,1.233880e+00,6.169420e-01
1.007657e-02,1.268127e+00,6.340656e-01
1.007857e-02,1.302174e+00,6.510892e-01
1.008057e-02,1.336016e+00,6.680100e-01
1.008257e-02,1.369647e+00,6.848255e-01
1.008457e-02,1.403062e+00,7.015329e-01
1.008657e-02,1.436255e+00,7.181297e-01
1.008857e-02,1.469222e+00,7.346132e-01
1.009057e-02,1.501957e+00,7.509808e-01
1.009257e-02,1.534455e+00,7.672299e-01
1.009457e-02,1.566711e+00,7.833581e-01
1.009657e-02,1.598720e+00,7.993626e-01
1.009857e-02,1.630477e+00,8.152410e-01
1.010057e-02,1.661977e+00,8.309908e-01
1.010257e-02,1.693214e+00,8.466096e-01
1.010457e-02,1.724184e+00,8.620947e-01
1.010657e-02,1.754883e+00,8.774439e-01
1.010857e-02,1.785304e+00,8.926547e-01
1.011057e-02,1.815444e+00,9.077246e-01
1.011257e-02,1.845297e+00,9.226514e-01
1.011457e-02,1.874860e+00,9.374326e-01
1.011657e-02,1.904126e+00,9.520659e-01
1.011857e-02,1.933092e+00,9.665490e-01
1.012057e-02,1.961754e+00,9.808797e-01
1.012257e-02,1.990105e+00,9.950556e-01
1.012457e-02,2.018143e+00,1.009075e+00
1.012657e-02,2.045863e+00,1.022934e+00
1.012857e-02,2.073259e+00,1.036633e+00
1.013057e-02,2.100329e+00,1.050168e+00
1.013257e-02,2.127067e+00,1.063537e+00
1.013457e-02,2.153470e+00,1.076738e+00
1.013657e-02,2.179533e+00,1.089770e+00
1.013857e-02,2.205252e+00,1.102629e+00
1.014057e-02,2.230624e+00,1.115315e+00
1.014257e-02,2.255643e+00,1.127825e+00
1.014457e-02,2.280307e+00,1.140157e+00
1.014657e-02,2.304611e+00,1.152309e+00
1.014857e-02,2.328551e+00,1.164279e+00
1.015057e-02,2.352124e+00,1.176066e+00
1.015257e-02,2.375326e+00,1.187667e+00
1.015457e-02,2.398153e+00,1.199080e+00
1.015657e-02,2.420602e+00,1.210305e+00
1.015857e-02,2.442669e+00,1.221338e+00
1.016057e-02,2.464351e+00,1.232179e+00
1.016257e-02,2.485644e+00,1.242826e+00
1.016457e-02,2.506545e+00,1.253276e+00
1.016657e-02,2.527051e+00,1.263529e+00
1.016857e-02,2.547157e+00,1.273582e+00
1.017057e-02,2.566862e+00,1.283435e+00
1.017257e-02,2.586162e+00,1.293085e+00
1.017457e-02,2.605055e+00,1.302531e+00
1.017657e-02,2.623536e+00,1.311772e+00
1.017857e-02,2.641603e+00,1.320805e+00
1.018057e-02,2.659254e+00,1.329631e+00
1.018257e-02,2.676485e+00,1.338246e+00
1.018457e-02,2.693294e+00,1.346651e+00
1.018657e-02,2.709678e+00,1.354843e+00
1.018857e-02,2.725634e+00,1.362821e+00
1.019057e-02,2.741161e+00,1.370584e+00
1.019257e-02,2.756255e+00,1.378132e+00
1.019457e-02,2.770914e+00,1.385461e+00
1.019657e-02,2.785136e+00,1.392572e+00
1.019857e-02,2.798919e+00,1.399464e+00
1.020057e-02,2.812261e+00,1.406135e+00
1.020257e-02,2.825158e+00,1.412583e+00
1.020457e-02,2.837610e+00,1.418809e+00
1.020657e-02,2.849615e+00,1.424812e+00
1.020857e-02,2.861170e+00,1.430589e+00
1.021057e-02,2.872273e+00,1.436141e+00
1.021257e-02,2.882923e+00,1.441466e+00
1.021457e-02,2.893119e+00,1.446564e+00
1.021657e-02,2.902858e+00,1.451433e+00
1.021857e-02,2.912140e+00,1.456074e+00
1.022057e-02,2.920961e+00,1.460485e+00
1.022257e-02,2.929323e+00,1.464666e+00
1.022457e-02,2.937222e+00,1.468615e+00
1.022657e-02,2.944657e+00,1.472333e+00
1.022857e-02,2.951628e+00,1.475819e+00
1.023057e-02,2.958134e+00,1.479071e+00
1.023257e-02,2.964173e+00,1.482091e+00
1.023457e-02,2.969744e+00,1.484876e+00
1.023657e-02,2.974847e+00,1.487428e+00
1.023857e-02,2.979480e+00,1.489745e+00
1.024057e-02,2.983644e+00,1.491826e+00
1.024257e-02,2.987336e+00,1.493673e+00
1.024457e-02,2.990558e+00,1.495283e+00
1.024657e-02,2.993308e+00,1.496658e+00
1.024857e-02,2.995585e+00,1.497797e+00
1.025057e-02,2.997390e+00,1.498700e+00
1.025257e-02,2.998722e+00,1.499366e+00
1.025457e-02,2.999582e+00,1.499795e+00
1.025657e-02,2.999967e+00,1.499988e+00
1.025857e-02,2.999880e+00,1.499945e+00
1.026057e-02,2.999320e+00,1.499664e+00
1.026257e-02,2.998286e+00,1.499147e+00
1.026457e-02,2.996779e+00,1.498394e+00
1.026657e-02,2.994800e+00,1.497404e+00
1.026857e-02,2.992348e+00,1.496178e+00
1.027057e-02,2.989424e+00,1.494716e+00
1.027257e-02,2.986028e+00,1.493019e+00
1.027457e-02,2.982162e+00,1.491085e+00
1.027657e-02,2.977825e+00,1.488917e+00
1.027857e-02,2.973018e+00,1.486514e+00
1.028057e-02,2.967742e+00,1.483876e+00
1.028257e-02,2.961998e+00,1.481004e+00
1.028457e-02,2.955787e+00,1.477898e+00
1.028657e-02,2.949110e+00,1.474559e+00
1.028857e-02,2.941967e+00,1.470988e+00
1.029057e-02,2.934360e+00,1.467185e+00
1.029257e-02,2.926291e+00,1.463150e+00
1.029457e-02,2.917759e+00,1.458884e+00
1.029657e-02,2.908768e+00,1.454388e+00
1.029857e-02,2.899317e+00,1.449663e+00
1.030057e-02,2.889409e+00,1.444709e+00
1.030257e-02,2.879046e+00,1.439527e+00
1.030457e-02,2.868228e+00,1.434118e+00
1.030657e-02,2.856958e+00,1.428483e+00
1.030857e-02,2.845237e+00,1.422623e+00
1.031057e-02,2.833067e+00,1.416538e+00
1.031257e-02,2.820450e+00,1.410229e+00
1.031457e-02,2.807389e+00,1.403698e+00
1.031657e-02,2.793884e+00,1.396946e+00
1.031857e-02,2.779939e+00,1.389974e+00
1.032057e-02,2.765555e+00,1.382782e+00
1.032257e-02,2.750735e+00,1.375372e+00
1.032457e-02,2.735481e+00,1.367745e+00
1.032657e-02,2.719795e+00,1.359902e+00
1.032857e-02,2.703681e+00,1.351844e+00
1.033057e-02,2.687140e+00,1.343574e+00
1.033257e-02,2.670175e+00,1.335091e+00
1.033457e-02,2.652788e+00,1.326398e+00
1.033657e-02,2.634984e+00,1.317496e+00
1.033857e-02,2.616763e+00,1.308386e+00
1.034057e-02,2.598130e+00,1.299069e+00
1.034257e-02,2.579087e+00,1.289547e+00
1.034457e-02,2.559637e+00,1.279822e+00
1.034657e-02,2.539784e+00,1.269896e+00
1.034857e-02,2.519529e+00,1.259768e+00
1.035057e-02,2.498877e+00,1.249442e+00
1.035257e-02,2.477831e+00,1.238919e+00
1.035457e-02,2.456395e+00,1.228201e+00
1.035657e-02,2.434570e+00,1.217289e+00
1.035857e-02,2.412362e+00,1.206184e+00
1.036057e-02,2.389773e+00,1.194890e+00
1.036257e-02,2.366807e+00,1.183407e+00
1.036457e-02,2.343467e+00,1.171737e+00
1.036657e-02,2.319758e+00,1.159883e+00
1.036857e-02,2.295683e+00,1.147845e+00
1.037057e-02,2.271246e+00,1.135627e+00
1.037257e-02,2.246451e+00,1.123229e+00
1.037457e-02,2.221301e+00,1.110654e+00
1.037657e-02,2.195801e+00,1.097904e+00
1.037857e-02,2.169954e+00,1.084980e+00
1.038057e-02,2.143765e+00,1.071886e+00
1.038257e-02,2.117238e+00,1.058622e+00
1.038457e-02,2.090377e+00,1.045192e+00
1.038657e-02,2.063186e+00,1.031596e+00
1.038857e-02,2.035670e+00,1.017838e+00
1.039057e-02,2.007833e+00,1.003919e+00
1.039257e-02,1.979678e+00,9.898421e-01
1.039457e-02,1.951212e+00,9.756089e-01
1.039657e-02,1.922438e+00,9.612217e-01
1.039857e-02,1.893360e+00,9.466828e-01
1.040057e-02,1.863984e+00,9.319947e-01
1.040257e-02,1.834313e+00,9.171595e-01
1.040457e-02,1.804354e+00,9.021796e-01
1.040657e-02,1.774109e+00,8.870574e-01
1.040857e-02,1.743585e+00,8.717953e-01
1.041057e-02,1.712786e+00,8.563956e-01
1.041257e-02,1.681717e+00,8.408609e-01
1.041457e-02,1.650382e+00,8.251935e-01
1.041657e-02,1.618787e+00,8.093959e-01
1.041857e-02,1.586937e+00,7.934706e-01
1.042057e-02,1.554836e+00,7.774202e-01
1.042257e-02,1.522490e+00,7.612471e-01
1.042457e-02,1.489903e+00,7.449540e-01
1.042657e-02,1.457082e+00,7.285433e-01
1.042857e-02,1.424031e+00,7.120177e-01
1.043057e-02,1.390755e+00,6.953798e-01
1.043257e-02,1.357260e+00,6.786322e-01
1.043457e-02,1.323551e+00,6.617775e-01
1.043657e-02,1.289633e+00,6.448184e-01
1.043857e-02,1.255511e+00,6.277576e-01
1.044057e-02,1.221192e+00,6.105978e-01
1.044257e-02,1.186680e+00,5.933416e-01
1.044457e-02,1.151980e+00,5.759919e-01
1.044657e-02,1.117099e+00,5.585513e-01
1.044857e-02,1.082042e+00,5.410225e-01
1.045057e-02,1.046814e+00,5.234085e-01
1.045257e-02,1.011421e+00,5.057118e-01
1.045457e-02,9.758679e-01,4.879354e-01
1.045657e-02,9.401612e-01,4.700820e-01
1.045857e-02,9.043063e-01,4.521545e-01
1.046057e-02,8.683086e-01,4.341556e-01
1.046257e-02,8.321740e-01,4.160882e-01
1.046457e-02,7.959081e-01,3.979552e-01
1.046657e-02,7.595167e-01,3.797595e-01
1.046857e-02,7.230054e-01,3.615038e-01
1.047057e-02,6.863801e-01,3.431911e-01
1.047257e-02,6.496465e-01,3.248242e-01
1.047457e-02,6.128104e-01,3.064061e-01
1.047657e-02,5.758776e-01,2.879397e-01
1.047857e-02,5.388540e-01,2.694278e-01
1.048057e-02,5.017454e-01,2.508735e-01
1.048257e-02,4.645577e-01,2.322795e-01
1.048457e-02,4.272967e-01,2.136490e-01
1.048657e-02,3.899682e-01,1.949847e-01
1.048857e-02,3.525782e-01,1.762897e-01
1.049057e-02,3.151327e-01,1.575668e-01
1.049257e-02,2.776374e-01,1.388191e-01
1.049457e-02,2.400983e-01,1.200495e-01
1.049657e-02,2.025213e-01,1.012610e-01
1.049857e-02,1.649124e-01,8.245644e-02
1.050057e-02,1.272775e-01,6.363892e-02
1.050257e-02,8.962245e-02,4.481136e-02
1.050457e-02,5.195330e-02,2.597673e-02
1.050657e-02,1.427596e-02,7.138001e-03
1.050857e-02,-2.340364e-02,-1.170185e-02
1.051057e-02,-6.107954e-02,-3.053986e-02
1.051257e-02,-9.874581e-02,-4.937305e-02
1.051457e-02,-1.363965e-01,-6.819845e-02
1.051657e-02,-1.740257e-01,-8.701310e-02
1.051857e-02,-2.116274e-01,-1.058140e-01
1.052057e-02,-2.491957e-01,-1.245982e-01
1.052257e-02,-2.867248e-01,-1.433628e-01
1.052457e-02,-3.242086e-01,-1.621048e-01
1.052657e-02,-3.616412e-01,-1.808211e-01
1.052857e-02,-3.990168e-01,-1.995090e-01
1.053057e-02,-4.363295e-01,-2.181654e-01
1.053257e-02,-4.735733e-01,-2.367874e-01
1.053457e-02,-5.107424e-01,-2.553720e-01
1.053657e-02,-5.478309e-01,-2.739163e-01
1.053857e-02,-5.848331e-01,-2.924174e-01
1.054057e-02,-6.217429e-01,-3.108724e-01
1.054257e-02,-6.585547e-01,-3.292783e-01
1.054457e-02,-6.952626e-01,-3.476324e-01
1.054657e-02,-7.318608e-01,-3.659315e-01
1.054857e-02,-7.683436e-01,-3.841730e-01
1.055057e-02,-8.047052e-01,-4.023538e-01
1.055257e-02,-8.409398e-01,-4.204712e-01
1.055457e-02,-8.770417e-01,-4.385222e-01
1.055657e-02,-9.130053e-01,-4.565040e-01
1.055857e-02,-9.488249e-01,-4.744139e-01
1.056057e-02,-9.844948e-01,-4.922489e-01
1.056257e-02,-1.020009e+00,-5.100062e-01
1.056457e-02,-1.055363e+00,-5.276831e-01
1.056657e-02,-1.090550e+00,-5.452768e-01
1.056857e-02,-1.125565e+00,-5.627844e-01
1.057057e-02,-1.160403e+00,-5.802033e-01
1.057257e-02,-1.195058e+00,-5.975306e-01
1.057457e-02,-1.229524e+00,-6.147636e-01
1.057657e-02,-1.263796e+00,-6.318997e-01
1.057857e-02,-1.297868e+00,-6.489361e-01
1.058057e-02,-1.331736e+00,-6.658702e-01
1.058257e-02,-1.365394e+00,-6.826992e-01
1.058457e-02,-1.398837e+00,-6.994204e-01
1.058657e-02,-1.432058e+00,-7.160314e-01
1.058857e-02,-1.465054e+00,-7.325294e-01
1.059057e-02,-1.497819e+00,-7.489118e-01
1.059257e-02,-1.530348e+00,-7.651761e-01
1.059457e-02,-1.562635e+00,-7.813197e-01
1.059657e-02,-1.594675e+00,-7.973401e-01
1.059857e-02,-1.626464e+00,-8.132346e-01
1.060057e-02,-1.657997e+00,-8.290009e-01
1.060257e-02,-1.689268e+00,-8.446364e-01
1.060457e-02,-1.720272e+00,-8.601386e-01
1.060657e-02,-1.751005e+00,-8.755052e-01
1.060857e-02,-1.781462e+00,-8.907337e-01
1.061057e-02,-1.811638e+00,-9.058216e-01
1.061257e-02,-1.841528e+00,-9.207666e-01
1.061457e-02,-1.871127e+00,-9.355664e-01
1.061657e-02,-1.900432e+00,-9.502186e-01
1.061857e-02,-1.929436e+00,-9.647209e-01
1.062057e-02,-1.958136e+00,-9.790710e-01
1.062257e-02,-1.986527e+00,-9.932667e-01
1.062457e-02,-2.014605e+00,-1.007306e+00
1.062657e-02,-2.042365e+00,-1.021186e+00
1.062857e-02,-2.069803e+00,-1.034905e+00
1.063057e-02,-2.096915e+00,-1.048460e+00
1.063257e-02,-2.123695e+00,-1.061851e+00
1.063457e-02,-2.150141e+00,-1.075074e+00
1.063657e-02,-2.176247e+00,-1.088127e+00
1.063857e-02,-2.202010e+00,-1.101008e+00
1.064057e-02,-2.227426e+00,-1.113716e+00
1.064257e-02,-2.252490e+00,-1.126248e+00
1.064457e-02,-2.277199e+00,-1.138603e+00
1.064657e-02,-2.301549e+00,-1.150778e+00
1.064857e-02,-2.325536e+00,-1.162771e+00
1.065057e-02,-2.349155e+00,-1.174581e+00
1.065257e-02,-2.372405e+00,-1.186206e+00
1.065457e-02,-2.395280e+00,-1.197643e+00
1.065657e-02,-2.417777e+00,-1.208892e+00
1.065857e-02,-2.439892e+00,-1.219950e+00
1.066057e-02,-2.461623e+00,-1.230815e+00
1.066257e-02,-2.482966e+00,-1.241487e+00
1.066457e-02,-2.503917e+00,-1.251962e+00
1.066657e-02,-2.524472e+00,-1.262240e+00
1.066857e-02,-2.544630e+00,-1.272319e+00
1.067057e-02,-2.564386e+00,-1.282197e+00
1.067257e-02,-2.583738e+00,-1.291873e+00
1.067457e-02,-2.602682e+00,-1.301345e+00
1.067657e-02,-2.621215e+00,-1.310611e+00
1.067857e-02,-2.639335e+00,-1.319671e+00
1.068057e-02,-2.657039e+00,-1.328523e+00
1.068257e-02,-2.674323e+00,-1.337166e+00
1.068457e-02,-2.691186e+00,-1.345597e+00
1.068657e-02,-2.707624e+00,-1.353816e+00
1.068857e-02,-2.723635e+00,-1.361821e+00
1.069057e-02,-2.739216e+00,-1.369612e+00
1.069257e-02,-2.754365e+00,-1.377187e+00
1.069457e-02,-2.769079e+00,-1.384544e+00
1.069657e-02,-2.783357e+00,-1.391683e+00
1.069857e-02,-2.797196e+00,-1.398602e+00
1.070057e-02,-2.810593e+00,-1.405301e+00
1.070257e-02,-2.823547e+00,-1.411778e+00
1.070457e-02,-2.836056e+00,-1.418032e+00
1.070657e-02,-2.848117e+00,-1.424063e+00
1.070857e-02,-2.859729e+00,-1.429869e+00
1.071057e-02,-2.870890e+00,-1.435449e+00
1.071257e-02,-2.881598e+00,-1.440803e+00
1.071457e-02,-2.891851e+00,-1.445930e+00
1.071657e-02,-2.901649e+00,-1.450829e+00
1.071857e-02,-2.910988e+00,-1.455498e+00
1.072057e-02,-2.919868e+00,-1.459939e+00
1.072257e-02,-2.928288e+00,-1.464148e+00
1.072457e-02,-2.936246e+00,-1.468127e+00
1.072657e-02,-2.943740e+00,-1.471874e+00
1.072857e-02,-2.950770e+00,-1.475389e+00
1.073057e-02,-2.957335e+00,-1.478672e+00
1.073257e-02,-2.963433e+00,-1.481721e+00
1.073457e-02,-2.969063e+00,-1.484536e+00
1.073657e-02,-2.974226e+00,-1.487117e+00
1.073857e-02,-2.978919e+00,-1.489464e+00
1.074057e-02,-2.983142e+00,-1.491575e+00
1.074257e-02,-2.986894e+00,-1.493452e+00
1.074457e-02,-2.990176e+00,-1.495092e+00
1.074657e-02,-2.992985e+00,-1.496497e+00
1.074857e-02,-2.995323e+00,-1.497666e+00
1.075057e-02,-2.997188e+00,-1.498598e+00
1.075257e-02,-2.998580e+00,-1.499294e+00
1.075457e-02,-2.999499e+00,-1.499754e+00
1.075657e-02,-2.999945e+00,-1.499977e+00
1.075857e-02,-2.999917e+00,-1.499963e+00
1.076057e-02,-2.999417e+00,-1.499713e+00
1.076257e-02,-2.998443e+00,-1.499226e+00
1.076457e-02,-2.996996e+00,-1.498503e+00
1.076657e-02,-2.995077e+00,-1.497543e+00
1.076857e-02,-2.992685e+00,-1.496347e+00
1.077057e-02,-2.989821e+00,-1.494915e+00
1.077257e-02,-2.986485e+00,-1.493247e+00
1.077457e-02,-2.982678e+00,-1.491344e+00
1.077657e-02,-2.978401e+00,-1.489205e+00
1.077857e-02,-2.973654e+00,-1.486831e+00
1.078057e-02,-2.968437e+00,-1.484223e+00
1.078257e-02,-2.962753e+00,-1.481381e+00
1.078457e-02,-2.956601e+00,-1.478305e+00
1.078657e-02,-2.949982e+00,-1.474996e+00
1.078857e-02,-2.942899e+00,-1.471454e+00
1.079057e-02,-2.935351e+00,-1.467680e+00
1.079257e-02,-2.927339e+00,-1.463674e+00
1.079457e-02,-2.918867e+00,-1.459438e+00
1.079657e-02,-2.909933e+00,-1.454971e+00
1.079857e-02,-2.900541e+00,-1.450275e+00
1.080057e-02,-2.890691e+00,-1.445350e+00
1.080257e-02,-2.880385e+00,-1.440197e+00
1.080457e-02,-2.869625e+00,-1.434817e+00
1.080657e-02,-2.858412e+00,-1.429210e+00
1.080857e-02,-2.846748e+00,-1.423378e+00
1.081057e-02,-2.834635e+00,-1.417322e+00
1.081257e-02,-2.822075e+00,-1.411042e+00
1.081457e-02,-2.809069e+00,-1.404539e+00
1.081657e-02,-2.795621e+00,-1.397815e+00
1.081857e-02,-2.781731e+00,-1.390870e+00
1.082057e-02,-2.767403e+00,-1.383706e+00
1.082257e-02,-2.752638e+00,-1.376323e+00
1.082457e-02,-2.737439e+00,-1.368724e+00
1.082657e-02,-2.721808e+00,-1.360908e+00
1.082857e-02,-2.705748e+00,-1.352878e+00
1.083057e-02,-2.689261e+00,-1.344634e+00
1.083257e-02,-2.672349e+00,-1.336179e+00
1.083457e-02,-2.655016e+00,-1.327512e+00
1.083657e-02,-2.637264e+00,-1.318636e+00
1.083857e-02,-2.619097e+00,-1.309552e+00
1.084057e-02,-2.600516e+00,-1.300262e+00
1.084257e-02,-2.581524e+00,-1.290766e+00
1.084457e-02,-2.562126e+00,-1.281067e+00
1.084657e-02,-2.542323e+00,-1.271165e+00
1.084857e-02,-2.522120e+00,-1.261064e+00
1.085057e-02,-2.501518e+00,-1.250763e+00
1.085257e-02,-2.480522e+00,-1.240265e+00
1.085457e-02,-2.459134e+00,-1.229571e+00
1.085657e-02,-2.437359e+00,-1.218683e+00
1.085857e-02,-2.415199e+00,-1.207603e+00
1.086057e-02,-2.392658e+00,-1.196333e+00
1.086257e-02,-2.369740e+00,-1.184873e+00
1.086457e-02,-2.346447e+00,-1.173227e+00
1.086657e-02,-2.322785e+00,-1.161396e+00
1.086857e-02,-2.298756e+00,-1.149382e+00
1.087057e-02,-2.274365e+00,-1.137186e+00
1.087257e-02,-2.249615e+00,-1.124811e+00
1.087457e-02,-2.224510e+00,-1.112258e+00
1.087657e-02,-2.199054e+00,-1.099530e+00
1.087857e-02,-2.173251e+00,-1.086629e+00
1.088057e-02,-2.147105e+00,-1.073556e+00
1.088257e-02,-2.120621e+00,-1.060313e+00
1.088457e-02,-2.093802e+00,-1.046904e+00
1.088657e-02,-2.066652e+00,-1.033329e+00
1.088857e-02,-2.039177e+00,-1.019592e+00
1.089057e-02,-2.011380e+00,-1.005693e+00
1.089257e-02,-1.983266e+00,-9.916359e-01
1.089457e-02,-1.954839e+00,-9.774223e-01
1.089657e-02,-1.926103e+00,-9.630545e-01
1.089857e-02,-1.897064e+00,-9.485347e-01
1.090057e-02,-1.867725e+00,-9.338654e-01
1.090257e-02,-1.838092e+00,-9.190487e-01
1.090457e-02,-1.808169e+00,-9.040870e-01
1.090657e-02,-1.777960e+00,-8.889828e-01
1.090857e-02,-1.747471e+00,-8.737382e-01
1.091057e-02,-1.716707e+00,-8.583559e-01
1.091257e-02,-1.685671e+00,-8.428381e-01
1.091457e-02,-1.654370e+00,-8.271874e-01
1.091657e-02,-1.622808e+00,-8.114062e-01
1.091857e-02,-1.590989e+00,-7.954970e-01
1.092057e-02,-1.558920e+00,-7.794623e-01
1.092257e-02,-1.526605e+00,-7.633046e-01
1.092457e-02,-1.494049e+00,-7.470266e-01
1.092657e-02,-1.461257e+00,-7.306307e-01
1.092857e-02,-1.428235e+00,-7.141195e-01
1.093057e-02,-1.394987e+00,-6.974957e-01
1.093257e-02,-1.361520e+00,-6.807618e-01
1.093457e-02,-1.327837e+00,-6.639205e-01
1.093657e-02,-1.293945e+00,-6.469746e-01
1.093857e-02,-1.259849e+00,-6.299265e-01
1.094057e-02,-1.225555e+00,-6.127791e-01
1.094257e-02,-1.191066e+00,-5.955350e-01
1.094457e-02,-1.156390e+00,-5.781970e-01
1.094657e-02,-1.121532e+00,-5.607677e-01
1.094857e-02,-1.086497e+00,-5.432500e-01
1.095057e-02,-1.051290e+00,-5.256466e-01
1.095257e-02,-1.015918e+00,-5.079603e-01
1.095457e-02,-9.803848e-01,-4.901939e-01
1.095657e-02,-9.446973e-01,-4.723501e-01
1.095857e-02,-9.088608e-01,-4.544318e-01
1.096057e-02,-8.728809e-01,-4.364418e-01
1.096257e-02,-8.367634e-01,-4.183829e-01
1.096457e-02,-8.005138e-01,-4.002581e-01
1.096657e-02,-7.641380e-01,-3.820701e-01
1.096857e-02,-7.276416e-01,-3.638219e-01
1.097057e-02,-6.910304e-01,-3.455162e-01
1.097257e-02,-6.543102e-01,-3.271561e-01
1.097457e-02,-6.174868e-01,-3.087443e-01
1.097657e-02,-5.805660e-01,-2.902839e-01
1.097857e-02,-5.435536e-01,-2.717776e-01
1.098057e-02,-5.064555e-01,-2.532285e-01
1.098257e-02,-4.692774e-01,-2.346394e-01
1.098457e-02,-4.320253e-01,-2.160133e-01
1.098657e-02,-3.947051e-01,-1.973532e-01
1.098857e-02,-3.573226e-01,-1.786619e-01
1.099057e-02,-3.198838e-01,-1.599424e-01
1.099257e-02,-2.823945e-01,-1.411977e-01
1.099457e-02,-2.448606e-01,-1.224307e-01
1.099657e-02,-2.072881e-01,-1.036444e-01
1.099857e-02,-1.696829e-01,-8.484171e-02
1.100057e-02,-1.320509e-01,-6.602567e-02
1.100257e-02,-9.439815e-02,-4.719922e-02
1.100457e-02,-5.673046e-02,-2.836532e-02
1.100657e-02,-1.905383e-02,-9.526944e-03
1.100857e-02,1.862581e-02,9.312932e-03
1.101057e-02,5.630251e-02,2.815134e-02
1.101257e-02,9.397033e-02,4.698530e-02
1.101457e-02,1.316233e-01,6.581186e-02
1.101657e-02,1.692556e-01,8.462803e-02
1.101857e-02,2.068611e-01,1.034309e-01
1.102057e-02,2.444340e-01,1.222174e-01
1.102257e-02,2.819683e-01,1.409846e-01
1.102457e-02,3.194582e-01,1.597296e-01
1.102657e-02,3.568976e-01,1.784494e-01
1.102857e-02,3.942808e-01,1.971410e-01
1.103057e-02,4.316018e-01,2.158015e-01
1.103257e-02,4.688546e-01,2.344280e-01
1.103457e-02,5.060336e-01,2.530175e-01
1.103657e-02,5.431326e-01,2.715671e-01
1.103857e-02,5.801461e-01,2.900739e-01
1.104057e-02,6.170679e-01,3.085349e-01
1.104257e-02,6.538925e-01,3.269472e-01
1.104457e-02,6.906139e-01,3.453080e-01
1.104657e-02,7.272263e-01,3.636143e-01
1.104857e-02,7.637240e-01,3.818632e-01
1.105057e-02,8.001013e-01,4.000518e-01
1.105257e-02,8.363523e-01,4.181774e-01
1.105457e-02,8.724714e-01,4.362370e-01
1.105657e-02,9.084529e-01,4.542278e-01
1.105857e-02,9.442910e-01,4.721469e-01
1.106057e-02,9.799802e-01,4.899916e-01
1.106257e-02,1.015515e+00,5.077589e-01
1.106457e-02,1.050889e+00,5.254462e-01
1.106657e-02,1.086098e+00,5.430505e-01
1.106857e-02,1.121135e+00,5.605692e-01
1.107057e-02,1.155996e+00,5.779995e-01
1.107257e-02,1.190674e+00,5.953386e-01
1.107457e-02,1.225164e+00,6.125837e-01
1.107657e-02,1.259461e+00,6.297323e-01
1.107857e-02,1.293559e+00,6.467815e-01
1.108057e-02,1.327453e+00,6.637286e-01
1.108257e-02,1.361138e+00,6.805711e-01
1.108457e-02,1.394608e+00,6.973062e-01
1.108657e-02,1.427858e+00,7.139313e-01
1.108857e-02,1.460883e+00,7.304437e-01
1.109057e-02,1.493677e+00,7.468410e-01
1.109257e-02,1.526236e+00,7.631204e-01
1.109457e-02,1.558554e+00,7.792794e-01
1.109657e-02,1.590626e+00,7.953156e-01
1.109857e-02,1.622448e+00,8.112262e-01
1.110057e-02,1.654013e+00,8.270089e-01
1.110257e-02,1.685317e+00,8.426611e-01
1.110457e-02,1.716356e+00,8.581804e-01
1.110657e-02,1.747123e+00,8.735643e-01
1.110857e-02,1.777615e+00,8.888104e-01
1.111057e-02,1.807827e+00,9.039163e-01
1.111257e-02,1.837754e+00,9.188795e-01
1.111457e-02,1.867390e+00,9.336979e-01
1.111657e-02,1.896732e+00,9.483689e-01
1.111857e-02,1.925775e+00,9.628904e-01
1.112057e-02,1.954514e+00,9.772599e-01
1.112257e-02,1.982945e+00,9.914753e-01
1.112457e-02,2.011062e+00,1.005534e+00
1.112657e-02,2.038863e+00,1.019435e+00
1.112857e-02,2.066342e+00,1.033174e+00
1.113057e-02,2.093495e+00,1.046751e+00
1.113257e-02,2.120318e+00,1.060162e+00
1.113457e-02,2.146806e+00,1.073406e+00
1.113657e-02,2.172956e+00,1.086481e+00
1.113857e-02,2.198762e+00,1.099385e+00
1.114057e-02,2.224222e+00,1.112115e+00
1.114257e-02,2.249332e+00,1.124669e+00
1.114457e-02,2.274086e+00,1.137046e+00
1.114657e-02,2.298481e+00,1.149244e+00
1.114857e-02,2.322514e+00,1.161261e+00
1.115057e-02,2.346181e+00,1.173094e+00
1.115257e-02,2.369477e+00,1.184742e+00
1.115457e-02,2.392400e+00,1.196203e+00
1.115657e-02,2.414945e+00,1.207476e+00
1.115857e-02,2.437109e+00,1.218558e+00
1.116057e-02,2.458889e+00,1.229448e+00
1.116257e-02,2.480281e+00,1.240144e+00
1.116457e-02,2.501282e+00,1.250645e+00
1.116657e-02,2.521888e+00,1.260948e+00
1.116857e-02,2.542096e+00,1.271052e+00
1.117057e-02,2.561903e+00,1.280955e+00
1.117257e-02,2.581306e+00,1.290657e+00
1.117457e-02,2.600302e+00,1.300155e+00
1.117657e-02,2.618888e+00,1.309448e+00
1.117857e-02,2.637060e+00,1.318534e+00
1.118057e-02,2.654817e+00,1.327412e+00
1.118257e-02,2.672155e+00,1.336081e+00
1.118457e-02,2.689071e+00,1.344539e+00
1.118657e-02,2.705563e+00,1.352785e+00
1.118857e-02,2.721628e+00,1.360818e+00
1.119057e-02,2.737264e+00,1.368636e+00
1.119257e-02,2.752468e+00,1.376238e+00
1.119457e-02,2.767238e+00,1.383623e+00
1.119657e-02,2.781571e+00,1.390790e+00
1.119857e-02,2.795466e+00,1.397737e+00
1.120057e-02,2.808919e+00,1.404464e+00
1.120257e-02,2.821929e+00,1.410969e+00
1.120457e-02,2.834495e+00,1.417252e+00
1.120657e-02,2.846613e+00,1.423311e+00
1.120857e-02,2.858282e+00,1.429145e+00
1.121057e-02,2.869500e+00,1.434754e+00
1.121257e-02,2.880265e+00,1.440137e+00
1.121457e-02,2.890577e+00,1.445293e+00
1.121657e-02,2.900432e+00,1.450220e+00
1.121857e-02,2.909829e+00,1.454919e+00
1.122057e-02,2.918768e+00,1.459388e+00
1.122257e-02,2.927246e+00,1.463627e+00
1.122457e-02,2.935262e+00,1.467635e+00
1.122657e-02,2.942815e+00,1.471412e+00
1.122857e-02,2.949904e+00,1.474957e+00
1.123057e-02,2.956528e+00,1.478268e+00
1.123257e-02,2.962685e+00,1.481347e+00
1.123457e-02,2.968375e+00,1.484192e+00
1.123657e-02,2.973597e+00,1.486803e+00
1.123857e-02,2.978350e+00,1.489179e+00
1.124057e-02,2.982632e+00,1.491321e+00
1.124257e-02,2.986444e+00,1.493227e+00
1.124457e-02,2.989786e+00,1.494897e+00
1.124657e-02,2.992655e+00,1.496332e+00
1.124857e-02,2.995052e+00,1.497531e+00
1.125057e-02,2.996977e+00,1.498493e+00
1.125257e-02,2.998429e+00,1.499219e+00
1.125457e-02,2.999408e+00,1.499709e+00
1.125657e-02,2.999914e+00,1.499962e+00
1.125857e-02,2.999947e+00,1.499978e+00
1.126057e-02,2.999507e+00,1.499758e+00
1.126257e-02,2.998593e+00,1.499301e+00
1.126457e-02,2.997206e+00,1.498608e+00
1.126657e-02,2.995346e+00,1.497678e+00
1.126857e-02,2.993014e+00,1.496512e+00
1.127057e-02,2.990210e+00,1.495110e+00
1.127257e-02,2.986934e+00,1.493472e+00
1.127457e-02,2.983187e+00,1.491598e+00
1.127657e-02,2.978969e+00,1.489489e+00
1.127857e-02,2.974282e+00,1.487145e+00
1.128057e-02,2.969125e+00,1.484567e+00
1.128257e-02,2.963499e+00,1.481754e+00
1.128457e-02,2.957407e+00,1.478708e+00
1.128657e-02,2.950847e+00,1.475428e+00
1.128857e-02,2.943822e+00,1.471916e+00
1.129057e-02,2.936333e+00,1.468171e+00
1.129257e-02,2.928381e+00,1.464195e+00
1.129457e-02,2.919967e+00,1.459988e+00
1.129657e-02,2.911092e+00,1.455550e+00
1.129857e-02,2.901757e+00,1.450883e+00
1.130057e-02,2.891965e+00,1.445987e+00
1.130257e-02,2.881717e+00,1.440863e+00
1.130457e-02,2.871014e+00,1.435511e+00
1.130657e-02,2.859859e+00,1.429934e+00
1.130857e-02,2.848252e+00,1.424130e+00
1.131057e-02,2.836196e+00,1.418102e+00
1.131257e-02,2.823692e+00,1.411850e+00
1.131457e-02,2.810743e+00,1.405376e+00
1.131657e-02,2.797351e+00,1.398680e+00
1.131857e-02,2.783517e+00,1.391763e+00
1.132057e-02,2.769244e+00,1.384626e+00
1.132257e-02,2.754534e+00,1.377271e+00
1.132457e-02,2.739390e+00,1.369699e+00
1.132657e-02,2.723814e+00,1.361911e+00
1.132857e-02,2.707808e+00,1.353908e+00
1.133057e-02,2.691375e+00,1.345691e+00
1.133257e-02,2.674517e+00,1.337263e+00
1.133457e-02,2.657237e+00,1.328623e+00
1.133657e-02,2.639539e+00,1.319773e+00
1.133857e-02,2.621423e+00,1.310716e+00
1.134057e-02,2.602895e+00,1.301451e+00
1.134257e-02,2.583955e+00,1.291981e+00
1.134457e-02,2.564608e+00,1.282308e+00
1.134657e-02,2.544857e+00,1.272432e+00
1.134857e-02,2.524704e+00,1.262356e+00
1.135057e-02,2.504152e+00,1.252080e+00
1.135257e-02,2.483206e+00,1.241607e+00
1.135457e-02,2.461868e+00,1.230938e+00
1.135657e-02,2.440141e+00,1.220074e+00
1.135857e-02,2.418030e+00,1.209019e+00
1.136057e-02,2.395537e+00,1.197772e+00
1.136257e-02,2.372667e+00,1.186337e+00
1.136457e-02,2.349422e+00,1.174714e+00
1.136657e-02,2.325806e+00,1.162906e+00
1.136857e-02,2.301823e+00,1.150915e+00
1.137057e-02,2.277478e+00,1.138742e+00
1.137257e-02,2.252773e+00,1.126390e+00
1.137457e-02,2.227713e+00,1.113860e+00
1.137657e-02,2.202301e+00,1.101154e+00
1.137857e-02,2.176542e+00,1.088274e+00
1.138057e-02,2.150439e+00,1.075223e+00
1.138257e-02,2.123997e+00,1.062002e+00
1.138457e-02,2.097221e+00,1.048614e+00
1.138657e-02,2.070113e+00,1.035060e+00
1.138857e-02,2.042679e+00,1.021343e+00
1.139057e-02,2.014922e+00,1.007464e+00
1.139257e-02,1.986848e+00,9.934271e-01
1.139457e-02,1.958460e+00,9.792332e-01
1.139657e-02,1.929764e+00,9.648848e-01
1.139857e-02,1.900763e+00,9.503842e-01
1.140057e-02,1.871462e+00,9.357337e-01
1.140257e-02,1.841866e+00,9.209356e-01
1.140457e-02,1.811979e+00,9.059922e-01
1.140657e-02,1.781806e+00,8.909058e-01
1.140857e-02,1.751353e+00,8.756790e-01
1.141057e-02,1.720623e+00,8.603140e-01
1.141257e-02,1.689621e+00,8.448133e-01
1.141457e-02,1.658354e+00,8.291793e-01
1.141657e-02,1.626824e+00,8.134145e-01
1.141857e-02,1.595038e+00,7.975213e-01
1.142057e-02,1.563000e+00,7.815024e-01
1.142257e-02,1.530716e+00,7.653602e-01
1.142457e-02,1.498190e+00,7.490973e-01
1.142657e-02,1.465428e+00,7.327162e-01
1.142857e-02,1.432435e+00,7.162195e-01
1.143057e-02,1.399215e+00,6.996098e-01
1.143257e-02,1.365775e+00,6.828897e-01
1.143457e-02,1.332120e+00,6.660619e-01
1.143657e-02,1.298254e+00,6.491291e-01
1.143857e-02,1.264184e+00,6.320938e-01
1.144057e-02,1.229914e+00,6.149589e-01
1.144257e-02,1.195450e+00,5.977269e-01
1.144457e-02,1.160798e+00,5.804006e-01
1.144657e-02,1.125962e+00,5.629828e-01
1.144857e-02,1.090949e+00,5.454761e-01
1.145057e-02,1.055764e+00,5.278835e-01
1.145257e-02,1.020412e+00,5.102075e-01
1.145457e-02,9.848991e-01,4.924510e-01
1.145657e-02,9.492310e-01,4.746169e-01
1.145857e-02,9.134131e-01,4.567079e-01
1.146057e-02,8.774511e-01,4.387268e-01
1.146257e-02,8.413506e-01,4.206766e-01
1.146457e-02,8.051175e-01,4.025600e-01
1.146657e-02,7.687574e-01,3.843798e-01
1.146857e-02,7.322759e-01,3.661391e-01
1.147057e-02,6.956790e-01,3.478405e-01
1.147257e-02,6.589723e-01,3.294871e-01
1.147457e-02,6.221617e-01,3.110818e-01
1.147657e-02,5.852529e-01,2.926273e-01
1.147857e-02,5.482518e-01,2.741267e-01
1.148057e-02,5.111642e-01,2.555829e-01
1.148257e-02,4.739959e-01,2.369987e-01
1.148457e-02,4.367529e-01,2.183771e-01
1.148657e-02,3.994410e-01,1.997211e-01
1.148857e-02,3.620661e-01,1.810336e-01
1.149057e-02,3.246341e-01,1.623175e-01
1.149257e-02,2.871508e-01,1.435758e-01
1.149457e-02,2.496223e-01,1.248115e-01
1.149657e-02,2.120544e-01,1.060275e-01
1.149857e-02,1.744530e-01,8.722675e-02
1.150057e-02,1.368241e-01,6.841225e-02
1.150257e-02,9.917361e-02,4.958695e-02
1.150457e-02,6.150748e-02,3.075383e-02
1.150657e-02,2.383166e-02,1.191586e-02
1.150857e-02,-1.384793e-02,-6.923987e-03
1.151057e-02,-5.152533e-02,-2.576274e-02
1.151257e-02,-8.919461e-02,-4.459744e-02
1.151457e-02,-1.268498e-01,-6.342510e-02
1.151657e-02,-1.644850e-01,-8.224275e-02
1.151857e-02,-2.020943e-01,-1.010474e-01
1.152057e-02,-2.396716e-01,-1.198362e-01
1.152257e-02,-2.772112e-01,-1.386060e-01
1.152457e-02,-3.147070e-01,-1.573540e-01
1.152657e-02,-3.521532e-01,-1.760771e-01
1.152857e-02,-3.895438e-01,-1.947725e-01
1.153057e-02,-4.268730e-01,-2.134371e-01
1.153257e-02,-4.641348e-01,-2.320681e-01
1.153457e-02,-5.013234e-01,-2.506625e-01
1.153657e-02,-5.384330e-01,-2.692173e-01
1.153857e-02,-5.754576e-01,-2.877296e-01
1.154057e-02,-6.123914e-01,-3.061966e-01
1.154257e-02,-6.492286e-01,-3.246153e-01
1.154457e-02,-6.859634e-01,-3.429827e-01
1.154657e-02,-7.225900e-01,-3.612961e-01
1.154857e-02,-7.591026e-01,-3.795524e-01
1.155057e-02,-7.954954e-01,-3.977489e-01
1.155257e-02,-8.317628e-01,-4.158826e-01
1.155457e-02,-8.678989e-01,-4.339507e-01
1.155657e-02,-9.038981e-01,-4.519504e-01
1.155857e-02,-9.397548e-01,-4.698788e-01
1.156057e-02,-9.754631e-01,-4.877330e-01
1.156257e-02,-1.011018e+00,-5.055103e-01
1.156457e-02,-1.046413e+00,-5.232079e-01
1.156657e-02,-1.081643e+00,-5.408229e-01
1.156857e-02,-1.116702e+00,-5.583526e-01
1.157057e-02,-1.151585e+00,-5.757943e-01
1.157257e-02,-1.186287e+00,-5.931451e-01
1.157457e-02,-1.220801e+00,-6.104023e-01
1.157657e-02,-1.255123e+00,-6.275632e-01
1.157857e-02,-1.289246e+00,-6.446252e-01
1.158057e-02,-1.323167e+00,-6.615854e-01
1.158257e-02,-1.356878e+00,-6.784413e-01
1.158457e-02,-1.390376e+00,-6.951901e-01
1.158657e-02,-1.423654e+00,-7.118293e-01
1.158857e-02,-1.456708e+00,-7.283562e-01
1.159057e-02,-1.489532e+00,-7.447682e-01
1.159257e-02,-1.522121e+00,-7.610627e-01
1.159457e-02,-1.554470e+00,-7.772372e-01
1.159657e-02,-1.586573e+00,-7.932890e-01
1.159857e-02,-1.618427e+00,-8.092157e-01
1.160057e-02,-1.650025e+00,-8.250147e-01
1.160257e-02,-1.681362e+00,-8.406836e-01
1.160457e-02,-1.712435e+00,-8.562199e-01
1.160657e-02,-1.743237e+00,-8.716211e-01
1.160857e-02,-1.773764e+00,-8.868848e-01
1.161057e-02,-1.804012e+00,-9.020086e-01
1.161257e-02,-1.833975e+00,-9.169901e-01
1.161457e-02,-1.863648e+00,-9.318270e-01
1.161657e-02,-1.893028e+00,-9.465168e-01
1.161857e-02,-1.922109e+00,-9.610574e-01
1.162057e-02,-1.950887e+00,-9.754463e-01
1.162257e-02,-1.979357e+00,-9.896813e-01
1.162457e-02,-2.007514e+00,-1.003760e+00
1.162657e-02,-2.035356e+00,-1.017681e+00
1.162857e-02,-2.062876e+00,-1.031441e+00
1.163057e-02,-2.090070e+00,-1.045038e+00
1.163257e-02,-2.116935e+00,-1.058471e+00
1.163457e-02,-2.143466e+00,-1.071736e+00
1.163657e-02,-2.169659e+00,-1.084833e+00
1.163857e-02,-2.195509e+00,-1.097758e+00
1.164057e-02,-2.221013e+00,-1.110510e+00
1.164257e-02,-2.246167e+00,-1.123087e+00
1.164457e-02,-2.270967e+00,-1.135487e+00
1.164657e-02,-2.295408e+00,-1.147707e+00
1.164857e-02,-2.319487e+00,-1.159747e+00
1.165057e-02,-2.343200e+00,-1.171604e+00
1.165257e-02,-2.366544e+00,-1.183275e+00
1.165457e-02,-2.389514e+00,-1.194761e+00
1.165657e-02,-2.412107e+00,-1.206057e+00
1.165857e-02,-2.434320e+00,-1.217164e+00
1.166057e-02,-2.456149e+00,-1.228078e+00
1.166257e-02,-2.477590e+00,-1.238799e+00
1.166457e-02,-2.498641e+00,-1.249324e+00
1.166657e-02,-2.519297e+00,-1.259652e+00
1.166857e-02,-2.539556e+00,-1.269782e+00
1.167057e-02,-2.559414e+00,-1.279711e+00
1.167257e-02,-2.578868e+00,-1.289438e+00
1.167457e-02,-2.597916e+00,-1.298962e+00
1.167657e-02,-2.616554e+00,-1.308281e+00
1.167857e-02,-2.634779e+00,-1.317393e+00
1.168057e-02,-2.652588e+00,-1.326298e+00
1.168257e-02,-2.669979e+00,-1.334994e+00
1.168457e-02,-2.686949e+00,-1.343479e+00
1.168657e-02,-2.703495e+00,-1.351752e+00
1.168857e-02,-2.719615e+00,-1.359811e+00
1.169057e-02,-2.735305e+00,-1.367657e+00
1.169257e-02,-2.750564e+00,-1.375286e+00
1.169457e-02,-2.765389e+00,-1.382699e+00
1.169657e-02,-2.779778e+00,-1.389893e+00
1.169857e-02,-2.793728e+00,-1.396868e+00
1.170057e-02,-2.807238e+00,-1.403623e+00
1.170257e-02,-2.820304e+00,-1.410156e+00
1.170457e-02,-2.832926e+00,-1.416467e+00
1.170657e-02,-2.845101e+00,-1.422555e+00
1.170857e-02,-2.856827e+00,-1.428418e+00
1.171057e-02,-2.868102e+00,-1.434056e+00
1.171257e-02,-2.878925e+00,-1.439467e+00
1.171457e-02,-2.889294e+00,-1.444651e+00
1.171657e-02,-2.899207e+00,-1.449608e+00
1.171857e-02,-2.908663e+00,-1.454336e+00
1.172057e-02,-2.917660e+00,-1.458834e+00
1.172257e-02,-2.926196e+00,-1.463103e+00
1.172457e-02,-2.934271e+00,-1.467140e+00
1.172657e-02,-2.941883e+00,-1.470946e+00
1.172857e-02,-2.949031e+00,-1.474520e+00
1.173057e-02,-2.955714e+00,-1.477861e+00
1.173257e-02,-2.961930e+00,-1.480970e+00
1.173457e-02,-2.967680e+00,-1.483844e+00
1.173657e-02,-2.972961e+00,-1.486485e+00
1.173857e-02,-2.977773e+00,-1.488891e+00
1.174057e-02,-2.982115e+00,-1.491062e+00
1.174257e-02,-2.985987e+00,-1.492998e+00
1.174457e-02,-2.989388e+00,-1.494698e+00
1.174657e-02,-2.992317e+00,-1.496163e+00
1.174857e-02,-2.994775e+00,-1.497392e+00
1.175057e-02,-2.996759e+00,-1.498384e+00
1.175257e-02,-2.998271e+00,-1.499140e+00
1.175457e-02,-2.999310e+00,-1.499660e+00
1.175657e-02,-2.999876e+00,-1.499943e+00
1.175857e-02,-2.999969e+00,-1.499989e+00
1.176057e-02,-2.999589e+00,-1.499799e+00
1.176257e-02,-2.998735e+00,-1.499372e+00
1.176457e-02,-2.997408e+00,-1.498709e+00
1.176657e-02,-2.995608e+00,-1.497809e+00
1.176857e-02,-2.993336e+00,-1.496673e+00
1.177057e-02,-2.990592e+00,-1.495300e+00
1.177257e-02,-2.987376e+00,-1.493692e+00
1.177457e-02,-2.983688e+00,-1.491849e+00
1.177657e-02,-2.979530e+00,-1.489770e+00
1.177857e-02,-2.974902e+00,-1.487455e+00
1.178057e-02,-2.969805e+00,-1.484907e+00
1.178257e-02,-2.964239e+00,-1.482124e+00
1.178457e-02,-2.958205e+00,-1.479107e+00
1.178657e-02,-2.951705e+00,-1.475857e+00
1.178857e-02,-2.944739e+00,-1.472374e+00
1.179057e-02,-2.937309e+00,-1.468659e+00
1.179257e-02,-2.929415e+00,-1.464712e+00
1.179457e-02,-2.921059e+00,-1.460534e+00
1.179657e-02,-2.912242e+00,-1.456126e+00
1.179857e-02,-2.902966e+00,-1.451487e+00
1.180057e-02,-2.893232e+00,-1.446620e+00
1.180257e-02,-2.883042e+00,-1.441525e+00
1.180457e-02,-2.872397e+00,-1.436203e+00
1.180657e-02,-2.861298e+00,-1.430653e+00
1.180857e-02,-2.849748e+00,-1.424879e+00
1.181057e-02,-2.837749e+00,-1.418879e+00
1.181257e-02,-2.825302e+00,-1.412655e+00
1.181457e-02,-2.812410e+00,-1.406209e+00
1.181657e-02,-2.799073e+00,-1.399541e+00
1.181857e-02,-2.785295e+00,-1.392652e+00
1.182057e-02,-2.771078e+00,-1.385543e+00
1.182257e-02,-2.756424e+00,-1.378216e+00
1.182457e-02,-2.741335e+00,-1.370671e+00
1.182657e-02,-2.725813e+00,-1.362911e+00
1.182857e-02,-2.709861e+00,-1.354935e+00
1.183057e-02,-2.693482e+00,-1.346745e+00
1.183257e-02,-2.676678e+00,-1.338343e+00
1.183457e-02,-2.659452e+00,-1.329730e+00
1.183657e-02,-2.641806e+00,-1.320907e+00
1.183857e-02,-2.623743e+00,-1.311876e+00
1.184057e-02,-2.605267e+00,-1.302637e+00
1.184257e-02,-2.586379e+00,-1.293194e+00
1.184457e-02,-2.567084e+00,-1.283546e+00
1.184657e-02,-2.547383e+00,-1.273696e+00
1.184857e-02,-2.527281e+00,-1.263644e+00
1.185057e-02,-2.506780e+00,-1.253394e+00
1.185257e-02,-2.485884e+00,-1.242946e+00
1.185457e-02,-2.464595e+00,-1.232301e+00
1.185657e-02,-2.442918e+00,-1.221463e+00
1.185857e-02,-2.420855e+00,-1.210431e+00
1.186057e-02,-2.398410e+00,-1.199209e+00
1.186257e-02,-2.375587e+00,-1.187797e+00
1.186457e-02,-2.352390e+00,-1.176198e+00
1.186657e-02,-2.328821e+00,-1.164414e+00
1.186857e-02,-2.304885e+00,-1.152446e+00
1.187057e-02,-2.280585e+00,-1.140296e+00
1.187257e-02,-2.255925e+00,-1.127966e+00
1.187457e-02,-2.230910e+00,-1.115458e+00
1.187657e-02,-2.205542e+00,-1.102775e+00
1.187857e-02,-2.179827e+00,-1.089917e+00
1.188057e-02,-2.153768e+00,-1.076887e+00
1.188257e-02,-2.127369e+00,-1.063688e+00
1.188457e-02,-2.100635e+00,-1.050320e+00
1.188657e-02,-2.073569e+00,-1.036787e+00
1.188857e-02,-2.046176e+00,-1.023091e+00
1.189057e-02,-2.018460e+00,-1.009233e+00
1.189257e-02,-1.990426e+00,-9.952158e-01
1.189457e-02,-1.962077e+00,-9.810416e-01
1.189657e-02,-1.933420e+00,-9.667127e-01
1.189857e-02,-1.904457e+00,-9.522313e-01
1.190057e-02,-1.875194e+00,-9.375997e-01
1.190257e-02,-1.845635e+00,-9.228201e-01
1.190457e-02,-1.815785e+00,-9.078950e-01
1.190657e-02,-1.785648e+00,-8.928267e-01
1.190857e-02,-1.755230e+00,-8.776175e-01
1.191057e-02,-1.724535e+00,-8.622699e-01
1.191257e-02,-1.693567e+00,-8.467862e-01
1.191457e-02,-1.662333e+00,-8.311690e-01
1.191657e-02,-1.630836e+00,-8.154207e-01
1.191857e-02,-1.599083e+00,-7.995437e-01
1.192057e-02,-1.567076e+00,-7.835406e-01
1.192257e-02,-1.534823e+00,-7.674138e-01
1.192457e-02,-1.502328e+00,-7.511661e-01
1.192657e-02,-1.469595e+00,-7.347998e-01
1.192857e-02,-1.436631e+00,-7.183176e-01
1.193057e-02,-1.403440e+00,-7.017221e-01
1.193257e-02,-1.370028e+00,-6.850159e-01
1.193457e-02,-1.336399e+00,-6.682016e-01
1.193657e-02,-1.302560e+00,-6.512820e-01
1.193857e-02,-1.268515e+00,-6.342595e-01
1.194057e-02,-1.234270e+00,-6.171371e-01
1.194257e-02,-1.199831e+00,-5.999172e-01
1.194457e-02,-1.165202e+00,-5.826028e-01
1.194657e-02,-1.130389e+00,-5.651964e-01
1.194857e-02,-1.095398e+00,-5.477009e-01
1.195057e-02,-1.060235e+00,-5.301189e-01
1.195257e-02,-1.024904e+00,-5.124534e-01
1.195457e-02,-9.894110e-01,-4.947070e-01
1.195657e-02,-9.537622e-01,-4.768825e-01
1.195857e-02,-9.179630e-01,-4.589829e-01
1.196057e-02,-8.820190e-01,-4.410108e-01
1.196257e-02,-8.459358e-01,-4.229692e-01
1.196457e-02,-8.097191e-01,-4.048608e-01
1.196657e-02,-7.733748e-01,-3.866886e-01
1.196857e-02,-7.369084e-01,-3.684553e-01
1.197057e-02,-7.003258e-01,-3.501640e-01
1.197257e-02,-6.636327e-01,-3.318174e-01
1.197457e-02,-6.268349e-01,-3.134184e-01
1.197657e-02,-5.899383e-01,-2.949700e-01
1.197857e-02,-5.529486e-01,-2.764751e-01
1.198057e-02,-5.158716e-01,-2.579366e-01
1.198257e-02,-4.787133e-01,-2.393574e-01
1.198457e-02,-4.414794e-01,-2.207404e-01
1.198657e-02,-4.041759e-01,-2.020886e-01
1.198857e-02,-3.668087e-01,-1.834049e-01
1.199057e-02,-3.293836e-01,-1.646923e-01
1.199257e-02,-2.919065e-01,-1.459537e-01
1.199457e-02,-2.543833e-01,-1.271921e-01
1.199657e-02,-2.168201e-01,-1.084104e-01
1.199857e-02,-1.792226e-01,-8.961158e-02
1.200057e-02,-1.415969e-01,-7.079866e-02
1.200257e-02,-1.039488e-01,-5.197456e-02
1.200457e-02,-6.628435e-02,-3.314227e-02
1.200657e-02,-2.860942e-02,-1.430475e-02
1.200857e-02,9.070021e-03,4.535024e-03
1.201057e-02,4.674803e-02,2.337408e-02
1.201257e-02,8.441866e-02,4.220946e-02
1.201457e-02,1.220760e-01,6.103817e-02
1.201657e-02,1.597140e-01,7.985726e-02
1.201857e-02,1.973269e-01,9.866375e-02
1.202057e-02,2.349086e-01,1.174547e-01
1.202257e-02,2.724533e-01,1.362271e-01
1.202457e-02,3.099550e-01,1.549780e-01
1.202657e-02,3.474078e-01,1.737044e-01
1.202857e-02,3.848058e-01,1.924035e-01
1.203057e-02,4.221431e-01,2.110722e-01
1.203257e-02,4.594138e-01,2.297076e-01
1.203457e-02,4.966120e-01,2.483068e-01
1.203657e-02,5.337319e-01,2.668668e-01
1.203857e-02,5.707676e-01,2.853847e-01
1.204057e-02,6.077133e-01,3.038575e-01
1.204257e-02,6.445630e-01,3.222825e-01
1.204457e-02,6.813111e-01,3.406566e-01
1.204657e-02,7.179518e-01,3.589770e-01
1.204857e-02,7.544791e-01,3.772407e-01
1.205057e-02,7.908875e-01,3.954449e-01
1.205257e-02,8.271711e-01,4.135868e-01
1.205457e-02,8.633242e-01,4.316634e-01
1.205657e-02,8.993411e-01,4.496719e-01
1.205857e-02,9.352161e-01,4.676094e-01
1.206057e-02,9.709436e-01,4.854733e-01
1.206257e-02,1.006518e+00,5.032605e-01
1.206457e-02,1.041933e+00,5.209683e-01
1.206657e-02,1.077185e+00,5.385939e-01
1.206857e-02,1.112266e+00,5.561346e-01
1.207057e-02,1.147172e+00,5.735876e-01
1.207257e-02,1.181897e+00,5.909500e-01
1.207457e-02,1.216435e+00,6.082193e-01
1.207657e-02,1.250781e+00,6.253926e-01
1.207857e-02,1.284931e+00,6.424672e-01
1.208057e-02,1.318877e+00,6.594405e-01
1.208257e-02,1.352615e+00,6.763098e-01
1.208457e-02,1.386141e+00,6.930723e-01
1.208657e-02,1.419447e+00,7.097256e-01
1.208857e-02,1.452529e+00,7.262669e-01
1.209057e-02,1.485383e+00,7.426936e-01
1.209257e-02,1.518002e+00,7.590031e-01
1.209457e-02,1.550381e+00,7.751929e-01
1.209657e-02,1.582516e+00,7.912605e-01
1.209857e-02,1.614401e+00,8.072032e-01
1.210057e-02,1.646032e+00,8.230185e-01
1.210257e-02,1.677403e+00,8.387041e-01
1.210457e-02,1.708509e+00,8.542573e-01
1.210657e-02,1.739346e+00,8.696757e-01
1.210857e-02,1.769909e+00,8.849570e-01
1.211057e-02,1.800192e+00,9.000987e-01
1.211257e-02,1.830191e+00,9.150984e-01
1.211457e-02,1.859902e+00,9.299537e-01
1.211657e-02,1.889319e+00,9.446623e-01
1.211857e-02,1.918438e+00,9.592219e-01
1.212057e-02,1.947255e+00,9.736302e-01
1.212257e-02,1.975764e+00,9.878849e-01
1.212457e-02,2.003961e+00,1.001984e+00
1.212657e-02,2.031843e+00,1.015924e+00
1.212857e-02,2.059404e+00,1.029705e+00
1.213057e-02,2.086640e+00,1.043323e+00
1.213257e-02,2.113547e+00,1.056777e+00
1.213457e-02,2.140120e+00,1.070063e+00
1.213657e-02,2.166356e+00,1.083181e+00
1.213857e-02,2.192250e+00,1.096128e+00
1.214057e-02,2.217799e+00,1.108903e+00
1.214257e-02,2.242997e+00,1.121502e+00
1.214457e-02,2.267842e+00,1.133924e+00
1.214657e-02,2.292329e+00,1.146168e+00
1.214857e-02,2.316454e+00,1.158230e+00
1.215057e-02,2.340214e+00,1.170110e+00
1.215257e-02,2.363604e+00,1.181806e+00
1.215457e-02,2.386622e+00,1.193315e+00
1.215657e-02,2.409263e+00,1.204635e+00
1.215857e-02,2.431525e+00,1.215766e+00
1.216057e-02,2.453402e+00,1.226705e+00
1.216257e-02,2.474893e+00,1.237450e+00
1.216457e-02,2.495993e+00,1.248000e+00
1.216657e-02,2.516699e+00,1.258354e+00
1.216857e-02,2.537009e+00,1.268508e+00
1.217057e-02,2.556918e+00,1.278463e+00
1.217257e-02,2.576424e+00,1.288216e+00
1.217457e-02,2.595523e+00,1.297766e+00
1.217657e-02,2.614213e+00,1.307111e+00
1.217857e-02,2.632491e+00,1.316249e+00
1.218057e-02,2.650353e+00,1.325181e+00
1.218257e-02,2.667797e+00,1.333903e+00
1.218457e-02,2.684821e+00,1.342414e+00
1.218657e-02,2.701421e+00,1.350714e+00
1.218857e-02,2.717594e+00,1.358801e+00
1.219057e-02,2.733339e+00,1.366674e+00
1.219257e-02,2.748653e+00,1.374331e+00
1.219457e-02,2.763533e+00,1.381771e+00
1.219657e-02,2.777977e+00,1.388993e+00
1.219857e-02,2.791983e+00,1.395996e+00
1.220057e-02,2.805549e+00,1.402779e+00
1.220257e-02,2.818672e+00,1.409340e+00
1.220457e-02,2.831350e+00,1.415679e+00
1.220657e-02,2.843582e+00,1.421795e+00
1.220857e-02,2.855365e+00,1.427687e+00
1.221057e-02,2.866698e+00,1.433353e+00
1.221257e-02,2.877578e+00,1.438793e+00
1.221457e-02,2.888005e+00,1.444007e+00
1.221657e-02,2.897976e+00,1.448992e+00
1.221857e-02,2.907489e+00,1.453749e+00
1.222057e-02,2.916544e+00,1.458277e+00
1.222257e-02,2.925139e+00,1.462574e+00
1.222457e-02,2.933273e+00,1.466641e+00
1.222657e-02,2.940944e+00,1.470476e+00
1.222857e-02,2.948151e+00,1.474080e+00
1.223057e-02,2.954892e+00,1.477451e+00
1.223257e-02,2.961168e+00,1.480588e+00
1.223457e-02,2.966977e+00,1.483493e+00
1.223657e-02,2.972317e+00,1.486163e+00
1.223857e-02,2.977189e+00,1.488599e+00
1.224057e-02,2.981591e+00,1.490800e+00
1.224257e-02,2.985522e+00,1.492766e+00
1.224457e-02,2.988983e+00,1.494496e+00
1.224657e-02,2.991972e+00,1.495990e+00
1.224857e-02,2.994489e+00,1.497249e+00
1.225057e-02,2.996534e+00,1.498271e+00
1.225257e-02,2.998106e+00,1.499057e+00
1.225457e-02,2.999205e+00,1.499607e+00
1.225657e-02,2.999831e+00,1.499920e+00
1.225857e-02,2.999984e+00,1.499996e+00
1.226057e-02,2.999663e+00,1.499836e+00
1.226257e-02,2.998869e+00,1.499439e+00
1.226457e-02,2.997602e+00,1.498806e+00
1.226657e-02,2.995863e+00,1.497936e+00
1.226857e-02,2.993650e+00,1.496830e+00
1.227057e-02,2.990966e+00,1.495487e+00
1.227257e-02,2.987810e+00,1.493909e+00
1.227457e-02,2.984182e+00,1.492095e+00
1.227657e-02,2.980083e+00,1.490046e+00
1.227857e-02,2.975515e+00,1.487762e+00
1.228057e-02,2.970477e+00,1.485243e+00
1.228257e-02,2.964970e+00,1.482490e+00
1.228457e-02,2.958996e+00,1.479502e+00
1.228657e-02,2.952555e+00,1.476282e+00
1.228857e-02,2.945648e+00,1.472828e+00
1.229057e-02,2.938276e+00,1.469143e+00
1.229257e-02,2.930441e+00,1.465225e+00
1.229457e-02,2.922144e+00,1.461076e+00
1.229657e-02,2.913386e+00,1.456697e+00
1.229857e-02,2.904168e+00,1.452088e+00
1.230057e-02,2.894492e+00,1.447250e+00
1.230257e-02,2.884359e+00,1.442184e+00
1.230457e-02,2.873772e+00,1.436890e+00
1.230657e-02,2.862731e+00,1.431370e+00
1.230857e-02,2.851238e+00,1.425623e+00
1.231057e-02,2.839296e+00,1.419652e+00
1.231257e-02,2.826905e+00,1.413457e+00
1.231457e-02,2.814069e+00,1.407039e+00
1.231657e-02,2.800789e+00,1.400399e+00
1.231857e-02,2.787067e+00,1.393538e+00
1.232057e-02,2.772905e+00,1.386457e+00
1.232257e-02,2.758306e+00,1.379157e+00
1.232457e-02,2.743272e+00,1.371640e+00
1.232657e-02,2.727805e+00,1.363907e+00
1.232857e-02,2.711908e+00,1.355958e+00
1.233057e-02,2.695583e+00,1.347795e+00
1.233257e-02,2.678832e+00,1.339420e+00
1.233457e-02,2.661659e+00,1.330834e+00
1.233657e-02,2.644067e+00,1.322037e+00
1.233857e-02,2.626057e+00,1.313032e+00
1.234057e-02,2.607633e+00,1.303820e+00
1.234257e-02,2.588797e+00,1.294402e+00
1.234457e-02,2.569553e+00,1.284780e+00
1.234657e-02,2.549904e+00,1.274956e+00
1.234857e-02,2.529852e+00,1.264930e+00
1.235057e-02,2.509402e+00,1.254705e+00
1.235257e-02,2.488555e+00,1.244281e+00
1.235457e-02,2.467316e+00,1.233662e+00
1.235657e-02,2.445688e+00,1.222848e+00
1.235857e-02,2.423674e+00,1.211841e+00
1.236057e-02,2.401278e+00,1.200642e+00
1.236257e-02,2.378502e+00,1.189255e+00
1.236457e-02,2.355352e+00,1.177679e+00
1.236657e-02,2.331830e+00,1.165918e+00
1.236857e-02,2.307940e+00,1.153974e+00
1.237057e-02,2.283686e+00,1.141847e+00
1.237257e-02,2.259072e+00,1.129539e+00
1.237457e-02,2.234101e+00,1.117054e+00
1.237657e-02,2.208778e+00,1.104393e+00
1.237857e-02,2.183107e+00,1.091557e+00
1.238057e-02,2.157091e+00,1.078549e+00
1.238257e-02,2.130735e+00,1.065371e+00
1.238457e-02,2.104043e+00,1.052025e+00
1.238657e-02,2.077019e+00,1.038513e+00
1.238857e-02,2.049667e+00,1.024837e+00
1.239057e-02,2.021992e+00,1.010999e+00
1.239257e-02,1.993998e+00,9.970019e-01
1.239457e-02,1.965689e+00,9.828476e-01
1.239657e-02,1.937070e+00,9.685381e-01
1.239857e-02,1.908146e+00,9.540759e-01
1.240057e-02,1.878921e+00,9.394632e-01
1.240257e-02,1.849399e+00,9.247023e-01
1.240457e-02,1.819586e+00,9.097955e-01
1.240657e-02,1.789485e+00,8.947452e-01
1.240857e-02,1.759102e+00,8.795538e-01
1.241057e-02,1.728442e+00,8.642236e-01
1.241257e-02,1.697509e+00,8.487571e-01
1.241457e-02,1.666308e+00,8.331566e-01
1.241657e-02,1.634845e+00,8.174248e-01
1.241857e-02,1.603123e+00,8.015640e-01
1.242057e-02,1.571149e+00,7.855767e-01
1.242257e-02,1.538926e+00,7.694655e-01
1.242457e-02,1.506461e+00,7.532330e-01
1.242657e-02,1.473759e+00,7.368816e-01
1.242857e-02,1.440824e+00,7.204139e-01
1.243057e-02,1.407661e+00,7.038326e-01
1.243257e-02,1.374277e+00,6.871403e-01
1.243457e-02,1.340675e+00,6.703396e-01
1.243657e-02,1.306862e+00,6.534332e-01
1.243857e-02,1.272843e+00,6.364236e-01
1.244057e-02,1.238624e+00,6.193137e-01
1.244257e-02,1.204209e+00,6.021061e-01
1.244457e-02,1.169603e+00,5.848035e-01
1.244657e-02,1.134814e+00,5.674086e-01
1.244857e-02,1.099845e+00,5.499242e-01
1.245057e-02,1.064703e+00,5.323531e-01
1.245257e-02,1.029393e+00,5.146980e-01
1.245457e-02,9.939204e-01,4.969617e-01
1.245657e-02,9.582911e-01,4.791470e-01
1.245857e-02,9.225106e-01,4.612567e-01
1.246057e-02,8.865846e-01,4.432936e-01
1.246257e-02,8.505188e-01,4.252607e-01
1.246457e-02,8.143187e-01,4.071606e-01
1.246657e-02,7.779903e-01,3.889963e-01
1.246857e-02,7.415390e-01,3.707706e-01
1.247057e-02,7.049709e-01,3.524865e-01
1.247257e-02,6.682915e-01,3.341467e-01
1.247457e-02,6.315066e-01,3.157543e-01
1.247657e-02,5.946222e-01,2.973120e-01
1.247857e-02,5.576439e-01,2.788228e-01
1.248057e-02,5.205777e-01,2.602896e-01
1.248257e-02,4.834294e-01,2.417154e-01
1.248457e-02,4.462048e-01,2.231031e-01
1.248657e-02,4.089098e-01,2.044555e-01
1.248857e-02,3.715503e-01,1.857757e-01
1.249057e-02,3.341322e-01,1.670666e-01
1.249257e-02,2.966614e-01,1.483311e-01
1.249457e-02,2.591438e-01,1.295723e-01
1.249657e-02,2.215853e-01,1.107930e-01
1.249857e-02,1.839918e-01,9.199618e-02
1.250057e-02,1.463693e-01,7.318488e-02
1.250257e-02,1.087238e-01,5.436204e-02
1.250457e-02,7.106104e-02,3.553063e-02
1.250657e-02,3.338711e-02,1.669360e-02
1.250857e-02,-4.292086e-03,-2.146050e-03
1.251057e-02,-4.197061e-02,-2.098537e-02
1.251257e-02,-7.964250e-02,-3.982137e-02
1.251457e-02,-1.173018e-01,-5.865110e-02
1.251657e-02,-1.549427e-01,-7.747157e-02
1.251857e-02,-1.925591e-01,-9.627982e-02
1.252057e-02,-2.301451e-01,-1.150729e-01
1.252257e-02,-2.676948e-01,-1.338478e-01
1.252457e-02,-3.052022e-01,-1.526016e-01
1.252657e-02,-3.426616e-01,-1.713313e-01
1.252857e-02,-3.800669e-01,-1.900340e-01
1.253057e-02,-4.174122e-01,-2.087067e-01
1.253257e-02,-4.546916e-01,-2.273465e-01
1.253457e-02,-4.918994e-01,-2.459504e-01
1.253657e-02,-5.290295e-01,-2.645156e-01
1.253857e-02,-5.660762e-01,-2.830390e-01
1.254057e-02,-6.030336e-01,-3.015177e-01
1.254257e-02,-6.398959e-01,-3.199489e-01
1.254457e-02,-6.766572e-01,-3.383296e-01
1.254657e-02,-7.133118e-01,-3.566569e-01
1.254857e-02,-7.498538e-01,-3.749280e-01
1.255057e-02,-7.862776e-01,-3.931400e-01
1.255257e-02,-8.225773e-01,-4.112899e-01
1.255457e-02,-8.587472e-01,-4.293749e-01
1.255657e-02,-8.947817e-01,-4.473922e-01
1.255857e-02,-9.306751e-01,-4.653389e-01
1.256057e-02,-9.664216e-01,-4.832122e-01
1.256257e-02,-1.002016e+00,-5.010093e-01
1.256457e-02,-1.037452e+00,-5.187274e-01
1.256657e-02,-1.072724e+00,-5.363636e-01
1.256857e-02,-1.107827e+00,-5.539152e-01
1.257057e-02,-1.142755e+00,-5.713794e-01
1.257257e-02,-1.177504e+00,-5.887535e-01
1.257457e-02,-1.212066e+00,-6.060347e-01
1.257657e-02,-1.246437e+00,-6.232204e-01
1.257857e-02,-1.280611e+00,-6.403076e-01
1.258057e-02,-1.314584e+00,-6.572939e-01
1.258257e-02,-1.348349e+00,-6.741765e-01
1.258457e-02,-1.381901e+00,-6.909528e-01
1.258657e-02,-1.415236e+00,-7.076200e-01
1.258857e-02,-1.448347e+00,-7.241757e-01
1.259057e-02,-1.481230e+00,-7.406170e-01
1.259257e-02,-1.513879e+00,-7.569416e-01
1.259457e-02,-1.546289e+00,-7.731467e-01
1.259657e-02,-1.578455e+00,-7.892299e-01
1.259857e-02,-1.610372e+00,-8.051886e-01
1.260057e-02,-1.642035e+00,-8.210202e-01
1.260257e-02,-1.673440e+00,-8.367223e-01
1.260457e-02,-1.704580e+00,-8.522925e-01
1.260657e-02,-1.735451e+00,-8.677282e-01
1.260857e-02,-1.766049e+00,-8.830270e-01
1.261057e-02,-1.796368e+00,-8.981865e-01
1.261257e-02,-1.826403e+00,-9.132043e-01
1.261457e-02,-1.856151e+00,-9.280781e-01
1.261657e-02,-1.885605e+00,-9.428054e-01
1.261857e-02,-1.914762e+00,-9.573840e-01
1.262057e-02,-1.943617e+00,-9.718116e-01
1.262257e-02,-1.972166e+00,-9.860859e-01
1.262457e-02,-2.000403e+00,-1.000205e+00
1.262657e-02,-2.028325e+00,-1.014166e+00
1.262857e-02,-2.055927e+00,-1.027967e+00
1.263057e-02,-2.083204e+00,-1.041605e+00
1.263257e-02,-2.110153e+00,-1.055080e+00
1.263457e-02,-2.136769e+00,-1.068388e+00
1.263657e-02,-2.163048e+00,-1.081527e+00
1.263857e-02,-2.188986e+00,-1.094496e+00
1.264057e-02,-2.214578e+00,-1.107292e+00
1.264257e-02,-2.239821e+00,-1.119914e+00
1.264457e-02,-2.264711e+00,-1.132359e+00
1.264657e-02,-2.289243e+00,-1.144625e+00
1.264857e-02,-2.313415e+00,-1.156711e+00
1.265057e-02,-2.337221e+00,-1.168614e+00
1.265257e-02,-2.360659e+00,-1.180333e+00
1.265457e-02,-2.383724e+00,-1.191866e+00
1.265657e-02,-2.406413e+00,-1.203210e+00
1.265857e-02,-2.428723e+00,-1.214365e+00
1.266057e-02,-2.450649e+00,-1.225328e+00
1.266257e-02,-2.472189e+00,-1.236098e+00
1.266457e-02,-2.493339e+00,-1.246673e+00
1.266657e-02,-2.514096e+00,-1.257052e+00
1.266857e-02,-2.534456e+00,-1.267232e+00
1.267057e-02,-2.554416e+00,-1.277212e+00
1.267257e-02,-2.573973e+00,-1.286990e+00
1.267457e-02,-2.593124e+00,-1.296566e+00
1.267657e-02,-2.611866e+00,-1.305937e+00
1.267857e-02,-2.630196e+00,-1.315102e+00
1.268057e-02,-2.648111e+00,-1.324060e+00
1.268257e-02,-2.665609e+00,-1.332808e+00
1.268457e-02,-2.682686e+00,-1.341347e+00
1.268657e-02,-2.699339e+00,-1.349674e+00
1.268857e-02,-2.715567e+00,-1.357788e+00
1.269057e-02,-2.731367e+00,-1.365687e+00
1.269257e-02,-2.746735e+00,-1.373372e+00
1.269457e-02,-2.761670e+00,-1.380839e+00
1.269657e-02,-2.776170e+00,-1.388089e+00
1.269857e-02,-2.790232e+00,-1.395120e+00
1.270057e-02,-2.803853e+00,-1.401931e+00
1.270257e-02,-2.817033e+00,-1.408520e+00
1.270457e-02,-2.829767e+00,-1.414888e+00
1.270657e-02,-2.842056e+00,-1.421032e+00
1.270857e-02,-2.853896e+00,-1.426952e+00
1.271057e-02,-2.865286e+00,-1.432647e+00
1.271257e-02,-2.876224e+00,-1.438116e+00
1.271457e-02,-2.886708e+00,-1.443358e+00
1.271657e-02,-2.896736e+00,-1.448373e+00
1.271857e-02,-2.906308e+00,-1.453158e+00
1.272057e-02,-2.915422e+00,-1.457715e+00
1.272257e-02,-2.924075e+00,-1.462042e+00
1.272457e-02,-2.932267e+00,-1.466138e+00
1.272657e-02,-2.939997e+00,-1.470003e+00
1.272857e-02,-2.947262e+00,-1.473636e+00
1.273057e-02,-2.954063e+00,-1.477036e+00
1.273257e-02,-2.960398e+00,-1.480203e+00
1.273457e-02,-2.966266e+00,-1.483137e+00
1.273657e-02,-2.971666e+00,-1.485837e+00
1.273857e-02,-2.976597e+00,-1.488303e+00
1.274057e-02,-2.981058e+00,-1.490534e+00
1.274257e-02,-2.985050e+00,-1.492529e+00
1.274457e-02,-2.988570e+00,-1.494290e+00
1.274657e-02,-2.991619e+00,-1.495814e+00
1.274857e-02,-2.994196e+00,-1.497103e+00
1.275057e-02,-2.996301e+00,-1.498155e+00
1.275257e-02,-2.997933e+00,-1.498971e+00
1.275457e-02,-2.999092e+00,-1.499550e+00
1.275657e-02,-2.999778e+00,-1.499893e+00
1.275857e-02,-2.999990e+00,-1.500000e+00
1.276057e-02,-2.999730e+00,-1.499869e+00
1.276257e-02,-2.998996e+00,-1.499503e+00
1.276457e-02,-2.997789e+00,-1.498899e+00
1.276657e-02,-2.996110e+00,-1.498059e+00
1.276857e-02,-2.993957e+00,-1.496983e+00
1.277057e-02,-2.991332e+00,-1.495671e+00
1.277257e-02,-2.988236e+00,-1.494122e+00
1.277457e-02,-2.984668e+00,-1.492338e+00
1.277657e-02,-2.980629e+00,-1.490319e+00
1.277857e-02,-2.976120e+00,-1.488065e+00
1.278057e-02,-2.971142e+00,-1.485575e+00
1.278257e-02,-2.965694e+00,-1.482852e+00
1.278457e-02,-2.959779e+00,-1.479894e+00
1.278657e-02,-2.953397e+00,-1.476703e+00
1.278857e-02,-2.946550e+00,-1.473279e+00
1.279057e-02,-2.939237e+00,-1.469623e+00
1.279257e-02,-2.931461e+00,-1.465735e+00
1.279457e-02,-2.923222e+00,-1.461615e+00
1.279657e-02,-2.914522e+00,-1.457265e+00
1.279857e-02,-2.905362e+00,-1.452685e+00
1.280057e-02,-2.895744e+00,-1.447876e+00
1.280257e-02,-2.885669e+00,-1.442839e+00
1.280457e-02,-2.875139e+00,-1.437574e+00
1.280657e-02,-2.864156e+00,-1.432082e+00
1.280857e-02,-2.852720e+00,-1.426364e+00
1.281057e-02,-2.840835e+00,-1.420422e+00
1.281257e-02,-2.828501e+00,-1.414255e+00
1.281457e-02,-2.815721e+00,-1.407865e+00
1.281657e-02,-2.802497e+00,-1.401253e+00
1.281857e-02,-2.788831e+00,-1.394420e+00
1.282057e-02,-2.774725e+00,-1.387367e+00
1.282257e-02,-2.760182e+00,-1.380095e+00
1.282457e-02,-2.745202e+00,-1.372605e+00
1.282657e-02,-2.729790e+00,-1.364899e+00
1.282857e-02,-2.713947e+00,-1.356978e+00
1.283057e-02,-2.697676e+00,-1.348842e+00
1.283257e-02,-2.680980e+00,-1.340494e+00
1.283457e-02,-2.663860e+00,-1.331934e+00
1.283657e-02,-2.646321e+00,-1.323164e+00
1.283857e-02,-2.628363e+00,-1.314186e+00
1.284057e-02,-2.609992e+00,-1.305000e+00
1.284257e-02,-2.591208e+00,-1.295608e+00
1.284457e-02,-2.572016e+00,-1.286012e+00
1.284657e-02,-2.552418e+00,-1.276213e+00
1.284857e-02,-2.532417e+00,-1.266212e+00
1.285057e-02,-2.512017e+00,-1.256012e+00
1.285257e-02,-2.491220e+00,-1.245614e+00
1.285457e-02,-2.470031e+00,-1.235019e+00
1.285657e-02,-2.448452e+00,-1.224230e+00
1.285857e-02,-2.426487e+00,-1.213247e+00
1.286057e-02,-2.404139e+00,-1.202073e+00
1.286257e-02,-2.381411e+00,-1.190709e+00
1.286457e-02,-2.358308e+00,-1.179158e+00
1.286657e-02,-2.334833e+00,-1.167420e+00
1.286857e-02,-2.310990e+00,-1.155498e+00
1.287057e-02,-2.286782e+00,-1.143394e+00
1.287257e-02,-2.262213e+00,-1.131110e+00
1.287457e-02,-2.237287e+00,-1.118647e+00
1.287657e-02,-2.212009e+00,-1.106008e+00
1.287857e-02,-2.186381e+00,-1.093194e+00
1.288057e-02,-2.160409e+00,-1.080208e+00
1.288257e-02,-2.134096e+00,-1.067051e+00
1.288457e-02,-2.107446e+00,-1.053726e+00
1.288657e-02,-2.080464e+00,-1.040235e+00
1.288857e-02,-2.053153e+00,-1.026580e+00
1.289057e-02,-2.025519e+00,-1.012763e+00
1.289257e-02,-1.997565e+00,-9.987856e-01
1.289457e-02,-1.969296e+00,-9.846510e-01
1.289657e-02,-1.940716e+00,-9.703611e-01
1.289857e-02,-1.911831e+00,-9.559182e-01
1.290057e-02,-1.882643e+00,-9.413244e-01
1.290257e-02,-1.853159e+00,-9.265822e-01
1.290457e-02,-1.823382e+00,-9.116938e-01
1.290657e-02,-1.793318e+00,-8.966615e-01
1.290857e-02,-1.762970e+00,-8.814879e-01
1.291057e-02,-1.732345e+00,-8.661751e-01
1.291257e-02,-1.701446e+00,-8.507257e-01
1.291457e-02,-1.670279e+00,-8.351421e-01
1.291657e-02,-1.638849e+00,-8.194268e-01
1.291857e-02,-1.607160e+00,-8.035822e-01
1.292057e-02,-1.575217e+00,-7.876109e-01
1.292257e-02,-1.543026e+00,-7.715153e-01
1.292457e-02,-1.510591e+00,-7.552979e-01
1.292657e-02,-1.477919e+00,-7.389615e-01
1.292857e-02,-1.445013e+00,-7.225084e-01
1.293057e-02,-1.411879e+00,-7.059414e-01
1.293257e-02,-1.378522e+00,-6.892630e-01
1.293457e-02,-1.344948e+00,-6.724759e-01
1.293657e-02,-1.311162e+00,-6.555827e-01
1.293857e-02,-1.277168e+00,-6.385861e-01
1.294057e-02,-1.242974e+00,-6.214888e-01
1.294257e-02,-1.208583e+00,-6.042934e-01
1.294457e-02,-1.174002e+00,-5.870027e-01
1.294657e-02,-1.139235e+00,-5.696193e-01
1.294857e-02,-1.104289e+00,-5.521462e-01
1.295057e-02,-1.069169e+00,-5.345859e-01
1.295257e-02,-1.033879e+00,-5.169413e-01
1.295457e-02,-9.984272e-01,-4.992151e-01
1.295657e-02,-9.628175e-01,-4.814102e-01
1.295857e-02,-9.270559e-01,-4.635293e-01
1.296057e-02,-8.911480e-01,-4.455753e-01
1.296257e-02,-8.550996e-01,-4.275511e-01
1.296457e-02,-8.189163e-01,-4.094594e-01
1.296657e-02,-7.826038e-01,-3.913031e-01
1.296857e-02,-7.461678e-01,-3.730850e-01
1.297057e-02,-7.096141e-01,-3.548081e-01
1.297257e-02,-6.729485e-01,-3.364753e-01
1.297457e-02,-6.361767e-01,-3.180893e-01
1.297657e-02,-5.993046e-01,-2.996532e-01
1.297857e-02,-5.623379e-01,-2.811698e-01
1.298057e-02,-5.252825e-01,-2.626421e-01
1.298257e-02,-4.881443e-01,-2.440729e-01
1.298457e-02,-4.509290e-01,-2.254652e-01
1.298657e-02,-4.136426e-01,-2.068219e-01
1.298857e-02,-3.762910e-01,-1.881461e-01
1.299057e-02,-3.388800e-01,-1.694405e-01
1.299257e-02,-3.014155e-01,-1.507082e-01
1.299457e-02,-2.639035e-01,-1.319522e-01
1.299657e-02,-2.263499e-01,-1.131753e-01
1.299857e-02,-1.887605e-01,-9.438054e-02
1.300057e-02,-1.511414e-01,-7.557092e-02
1.300257e-02,-1.134984e-01,-5.674938e-02
1.300457e-02,-7.583755e-02,-3.791889e-02
1.300657e-02,-3.816472e-02,-1.908242e-02
1.300857e-02,-4.858585e-04,-2.429300e-04
1.301057e-02,3.719308e-02,1.859659e-02
1.301257e-02,7.486614e-02,3.743318e-02
1.301457e-02,1.125274e-01,5.626387e-02
1.301657e-02,1.501709e-01,7.508568e-02
1.301857e-02,1.877907e-01,9.389564e-02
1.302057e-02,2.253809e-01,1.126908e-01
1.302257e-02,2.629355e-01,1.314682e-01
1.302457e-02,3.004487e-01,1.502248e-01
1.302657e-02,3.379145e-01,1.689577e-01
1.302857e-02,3.753269e-01,1.876640e-01
1.303057e-02,4.126802e-01,2.063407e-01
1.303257e-02,4.499683e-01,2.249848e-01
1.303457e-02,4.871855e-01,2.435935e-01
1.303657e-02,5.243258e-01,2.621637e-01
1.303857e-02,5.613834e-01,2.806925e-01
1.304057e-02,5.983524e-01,2.991771e-01
1.304257e-02,6.352271e-01,3.176145e-01
1.304457e-02,6.720015e-01,3.360018e-01
1.304657e-02,7.086699e-01,3.543360e-01
1.304857e-02,7.452266e-01,3.726144e-01
1.305057e-02,7.816656e-01,3.908340e-01
1.305257e-02,8.179814e-01,4.089919e-01
1.305457e-02,8.541681e-01,4.270853e-01
1.305657e-02,8.902201e-01,4.451114e-01
1.305857e-02,9.261317e-01,4.630672e-01
1.306057e-02,9.618971e-01,4.809500e-01
1.306257e-02,9.975108e-01,4.987569e-01
1.306457e-02,1.032967e+00,5.164851e-01
1.306657e-02,1.068261e+00,5.341319e-01
1.306857e-02,1.103385e+00,5.516944e-01
1.307057e-02,1.138336e+00,5.691698e-01
1.307257e-02,1.173108e+00,5.865555e-01
1.307457e-02,1.207694e+00,6.038487e-01
1.307657e-02,1.242089e+00,6.210465e-01
1.307857e-02,1.276289e+00,6.381465e-01
1.308057e-02,1.310287e+00,6.551457e-01
1.308257e-02,1.344079e+00,6.720416e-01
1.308457e-02,1.377659e+00,6.888315e-01
1.308657e-02,1.411021e+00,7.055127e-01
1.308857e-02,1.444161e+00,7.220826e-01
1.309057e-02,1.477073e+00,7.385386e-01
1.309257e-02,1.509752e+00,7.548781e-01
1.309457e-02,1.542192e+00,7.710985e-01
1.309657e-02,1.574390e+00,7.871973e-01
1.309857e-02,1.606339e+00,8.031719e-01
1.310057e-02,1.638035e+00,8.190198e-01
1.310257e-02,1.669472e+00,8.347385e-01
1.310457e-02,1.700646e+00,8.503255e-01
1.310657e-02,1.731552e+00,8.657784e-01
1.310857e-02,1.762184e+00,8.810947e-01
1.311057e-02,1.792539e+00,8.962720e-01
1.311257e-02,1.822610e+00,9.113079e-01
1.311457e-02,1.852395e+00,9.262001e-01
1.311657e-02,1.881887e+00,9.409461e-01
1.311857e-02,1.911082e+00,9.555437e-01
1.312057e-02,1.939975e+00,9.699906e-01
1.312257e-02,1.968563e+00,9.842844e-01
1.312457e-02,1.996840e+00,9.984230e-01
1.312657e-02,2.024802e+00,1.012404e+00
1.312857e-02,2.052445e+00,1.026225e+00
1.313057e-02,2.079764e+00,1.039885e+00
1.313257e-02,2.106754e+00,1.053380e+00
1.313457e-02,2.133413e+00,1.066710e+00
1.313657e-02,2.159735e+00,1.079871e+00
1.313857e-02,2.185716e+00,1.092861e+00
1.314057e-02,2.211352e+00,1.105680e+00
1.314257e-02,2.236640e+00,1.118323e+00
1.314457e-02,2.261575e+00,1.130791e+00
1.314657e-02,2.286153e+00,1.143080e+00
1.314857e-02,2.310370e+00,1.155188e+00
1.315057e-02,2.334223e+00,1.167115e+00
1.315257e-02,2.357707e+00,1.178857e+00
1.315457e-02,2.380820e+00,1.190414e+00
1.315657e-02,2.403557e+00,1.201782e+00
1.315857e-02,2.425915e+00,1.212961e+00
1.316057e-02,2.447890e+00,1.223949e+00
1.316257e-02,2.469479e+00,1.234743e+00
1.316457e-02,2.490679e+00,1.245343e+00
1.316657e-02,2.511486e+00,1.255747e+00
1.316857e-02,2.531896e+00,1.265952e+00
1.317057e-02,2.551907e+00,1.275957e+00
1.317257e-02,2.571515e+00,1.285762e+00
1.317457e-02,2.590718e+00,1.295363e+00
1.317657e-02,2.609512e+00,1.304760e+00
1.317857e-02,2.627895e+00,1.313951e+00
1.318057e-02,2.645863e+00,1.322935e+00
1.318257e-02,2.663413e+00,1.331711e+00
1.318457e-02,2.680544e+00,1.340276e+00
1.318657e-02,2.697251e+00,1.348630e+00
1.318857e-02,2.713533e+00,1.356771e+00
1.319057e-02,2.729387e+00,1.364698e+00
1.319257e-02,2.744810e+00,1.372409e+00
1.319457e-02,2.759801e+00,1.379904e+00
1.319657e-02,2.774356e+00,1.387182e+00
1.319857e-02,2.788473e+00,1.394241e+00
1.320057e-02,2.802150e+00,1.401079e+00
1.320257e-02,2.815386e+00,1.407697e+00
1.320457e-02,2.828177e+00,1.414093e+00
1.320657e-02,2.840522e+00,1.420265e+00
1.320857e-02,2.852419e+00,1.426214e+00
1.321057e-02,2.863866e+00,1.431938e+00
1.321257e-02,2.874862e+00,1.437435e+00
1.321457e-02,2.885403e+00,1.442706e+00
1.321657e-02,2.895490e+00,1.447749e+00
1.321857e-02,2.905120e+00,1.452564e+00
1.322057e-02,2.914291e+00,1.457150e+00
1.322257e-02,2.923003e+00,1.461506e+00
1.322457e-02,2.931254e+00,1.465631e+00
1.322657e-02,2.939042e+00,1.469526e+00
1.322857e-02,2.946367e+00,1.473188e+00
1.323057e-02,2.953227e+00,1.476618e+00
1.323257e-02,2.959621e+00,1.479815e+00
1.323457e-02,2.965548e+00,1.482778e+00
1.323657e-02,2.971007e+00,1.485508e+00
1.323857e-02,2.975998e+00,1.488003e+00
1.324057e-02,2.980519e+00,1.490264e+00
1.324257e-02,2.984570e+00,1.492289e+00
1.324457e-02,2.988150e+00,1.494079e+00
1.324657e-02,2.991259e+00,1.495634e+00
1.324857e-02,2.993895e+00,1.496952e+00
1.325057e-02,2.996060e+00,1.498034e+00
1.325257e-02,2.997752e+00,1.498880e+00
1.325457e-02,2.998971e+00,1.499490e+00
1.325657e-02,2.999717e+00,1.499863e+00
1.325857e-02,2.999990e+00,1.499999e+00
1.326057e-02,2.999789e+00,1.499899e+00
1.326257e-02,2.999115e+00,1.499562e+00
1.326457e-02,2.997969e+00,1.498989e+00
1.326657e-02,2.996349e+00,1.498179e+00
1.326857e-02,2.994256e+00,1.497133e+00
1.327057e-02,2.991691e+00,1.495850e+00
1.327257e-02,2.988655e+00,1.494332e+00
1.327457e-02,2.985146e+00,1.492578e+00
1.327657e-02,2.981167e+00,1.490588e+00
1.327857e-02,2.976718e+00,1.488363e+00
1.328057e-02,2.971799e+00,1.485904e+00
1.328257e-02,2.966411e+00,1.483210e+00
1.328457e-02,2.960555e+00,1.480282e+00
1.328657e-02,2.954233e+00,1.477121e+00
1.328857e-02,2.947444e+00,1.473726e+00
1.329057e-02,2.940190e+00,1.470099e+00
1.329257e-02,2.932472e+00,1.466241e+00
1.329457e-02,2.924292e+00,1.462150e+00
1.329657e-02,2.915651e+00,1.457830e+00
1.329857e-02,2.906549e+00,1.453279e+00
1.330057e-02,2.896989e+00,1.448499e+00
1.330257e-02,2.886972e+00,1.443490e+00
1.330457e-02,2.876500e+00,1.438254e+00
1.330657e-02,2.865573e+00,1.432791e+00
1.330857e-02,2.854195e+00,1.427102e+00
1.331057e-02,2.842367e+00,1.421188e+00
1.331257e-02,2.830090e+00,1.415049e+00
1.331457e-02,2.817367e+00,1.408687e+00
1.331657e-02,2.804199e+00,1.402104e+00
1.331857e-02,2.790589e+00,1.395298e+00
1.332057e-02,2.776538e+00,1.388273e+00
1.332257e-02,2.762050e+00,1.381029e+00
1.332457e-02,2.747126e+00,1.373567e+00
1.332657e-02,2.731768e+00,1.365888e+00
1.332857e-02,2.715980e+00,1.357994e+00
1.333057e-02,2.699763e+00,1.349886e+00
1.333257e-02,2.683120e+00,1.341564e+00
1.333457e-02,2.666054e+00,1.333031e+00
1.333657e-02,2.648568e+00,1.324288e+00
1.333857e-02,2.630663e+00,1.315336e+00
1.334057e-02,2.612344e+00,1.306176e+00
1.334257e-02,2.593613e+00,1.296810e+00
1.334457e-02,2.574472e+00,1.287240e+00
1.334657e-02,2.554925e+00,1.277466e+00
1.334857e-02,2.534975e+00,1.267492e+00
1.335057e-02,2.514626e+00,1.257317e+00
1.335257e-02,2.493879e+00,1.246943e+00
1.335457e-02,2.472740e+00,1.236374e+00
1.335657e-02,2.451210e+00,1.225609e+00
1.335857e-02,2.429293e+00,1.214650e+00
1.336057e-02,2.406993e+00,1.203500e+00
1.336257e-02,2.384314e+00,1.192161e+00
1.336457e-02,2.361258e+00,1.180633e+00
1.336657e-02,2.337830e+00,1.168919e+00
1.336857e-02,2.314033e+00,1.157020e+00
1.337057e-02,2.289871e+00,1.144939e+00
1.337257e-02,2.265348e+00,1.132678e+00
1.337457e-02,2.240468e+00,1.120237e+00
1.337657e-02,2.215234e+00,1.107620e+00
1.337857e-02,2.189650e+00,1.094828e+00
1.338057e-02,2.163721e+00,1.081864e+00
1.338257e-02,2.137451e+00,1.068729e+00
1.338457e-02,2.110844e+00,1.055425e+00
1.338657e-02,2.083904e+00,1.041955e+00
1.338857e-02,2.056634e+00,1.028320e+00
1.339057e-02,2.029041e+00,1.014524e+00
1.339257e-02,2.001127e+00,1.000567e+00
1.339457e-02,1.972898e+00,9.864520e-01
1.339657e-02,1.944357e+00,9.721817e-01
1.339857e-02,1.915510e+00,9.577580e-01
1.340057e-02,1.886361e+00,9.431832e-01
1.340257e-02,1.856914e+00,9.284597e-01
1.340457e-02,1.827174e+00,9.135897e-01
1.340657e-02,1.797146e+00,8.985756e-01
1.340857e-02,1.766834e+00,8.834197e-01
1.341057e-02,1.736244e+00,8.681244e-01
1.341257e-02,1.705379e+00,8.526923e-01
1.341457e-02,1.674246e+00,8.371255e-01
1.341657e-02,1.642849e+00,8.214268e-01
1.341857e-02,1.611192e+00,8.055984e-01
1.342057e-02,1.579281e+00,7.896430e-01
1.342257e-02,1.547121e+00,7.735630e-01
1.342457e-02,1.514717e+00,7.573610e-01
1.342657e-02,1.482075e+00,7.410395e-01
1.342857e-02,1.449198e+00,7.246011e-01
1.343057e-02,1.416093e+00,7.080484e-01
1.343257e-02,1.382764e+00,6.913840e-01
1.343457e-02,1.349217e+00,6.746105e-01
1.343657e-02,1.315457e+00,6.577306e-01
1.343857e-02,1.281490e+00,6.407470e-01
1.344057e-02,1.247321e+00,6.236623e-01
1.344257e-02,1.212955e+00,6.064791e-01
1.344457e-02,1.178397e+00,5.892004e-01
1.344657e-02,1.143654e+00,5.718286e-01
1.344857e-02,1.108730e+00,5.543667e-01
1.345057e-02,1.073631e+00,5.368173e-01
1.345257e-02,1.038363e+00,5.191832e-01
1.345457e-02,1.002932e+00,5.014673e-01
1.345657e-02,9.673414e-01,4.836722e-01
1.345857e-02,9.315988e-01,4.658008e-01
1.346057e-02,8.957092e-01,4.478559e-01
1.346257e-02,8.596782e-01,4.298404e-01
1.346457e-02,8.235117e-01,4.117571e-01
1.346657e-02,7.872153e-01,3.936088e-01
1.346857e-02,7.507946e-01,3.753984e-01
1.347057e-02,7.142556e-01,3.571289e-01
1.347257e-02,6.776038e-01,3.388029e-01
1.347457e-02,6.408452e-01,3.204236e-01
1.347657e-02,6.039855e-01,3.019936e-01
1.347857e-02,5.670304e-01,2.835161e-01
1.348057e-02,5.299860e-01,2.649938e-01
1.348257e-02,4.928579e-01,2.464297e-01
1.348457e-02,4.556521e-01,2.278267e-01
1.348657e-02,4.183744e-01,2.091878e-01
1.348857e-02,3.810307e-01,1.905159e-01
1.349057e-02,3.436269e-01,1.718140e-01
1.349257e-02,3.061689e-01,1.530849e-01
1.349457e-02,2.686626e-01,1.343317e-01
1.349657e-02,2.311139e-01,1.155573e-01
1.349857e-02,1.935288e-01,9.676467e-02
1.350057e-02,1.559131e-01,7.795677e-02
1.350257e-02,1.182728e-01,5.913658e-02
1.350457e-02,8.061387e-02,4.030706e-02
1.350657e-02,4.294223e-02,2.147118e-02
1.350857e-02,5.263802e-03,2.631909e-03
1.351057e-02,-3.241545e-02,-1.620777e-02
1.351257e-02,-7.008959e-02,-3.504490e-02
1.351457e-02,-1.077527e-01,-5.387650e-02
1.351657e-02,-1.453988e-01,-7.269960e-02
1.351857e-02,-1.830219e-01,-9.151123e-02
1.352057e-02,-2.206162e-01,-1.103084e-01
1.352257e-02,-2.581757e-01,-1.290882e-01
1.352457e-02,-2.956944e-01,-1.478476e-01
1.352657e-02,-3.331665e-01,-1.665838e-01
1.352857e-02,-3.705860e-01,-1.852936e-01
1.353057e-02,-4.079471e-01,-2.039742e-01
1.353257e-02,-4.452439e-01,-2.226226e-01
1.353457e-02,-4.824703e-01,-2.412359e-01
1.353657e-02,-5.196207e-01,-2.598111e-01
1.353857e-02,-5.566891e-01,-2.783454e-01
1.354057e-02,-5.936697e-01,-2.968358e-01
1.354257e-02,-6.305567e-01,-3.152793e-01
1.354457e-02,-6.673441e-01,-3.336731e-01
1.354657e-02,-7.040263e-01,-3.520142e-01
1.354857e-02,-7.405974e-01,-3.702998e-01
1.355057e-02,-7.770517e-01,-3.885270e-01
1.355257e-02,-8.133835e-01,-4.066930e-01
1.355457e-02,-8.495869e-01,-4.247947e-01
1.355657e-02,-8.856563e-01,-4.428295e-01
1.355857e-02,-9.215859e-01,-4.607943e-01
1.356057e-02,-9.573702e-01,-4.786865e-01
1.356257e-02,-9.930035e-01,-4.965032e-01
1.356457e-02,-1.028480e+00,-5.142416e-01
1.356657e-02,-1.063794e+00,-5.318988e-01
1.356857e-02,-1.098941e+00,-5.494722e-01
1.357057e-02,-1.133914e+00,-5.669588e-01
1.357257e-02,-1.168709e+00,-5.843560e-01
1.357457e-02,-1.203318e+00,-6.016610e-01
1.357657e-02,-1.237739e+00,-6.188712e-01
1.357857e-02,-1.271963e+00,-6.359836e-01
1.358057e-02,-1.305988e+00,-6.529958e-01
1.358257e-02,-1.339806e+00,-6.699049e-01
1.358457e-02,-1.373413e+00,-6.867084e-01
1.358657e-02,-1.406803e+00,-7.034036e-01
1.358857e-02,-1.439971e+00,-7.199877e-01
1.359057e-02,-1.472912e+00,-7.364583e-01
1.359257e-02,-1.505621e+00,-7.528128e-01
1.359457e-02,-1.538092e+00,-7.690484e-01
1.359657e-02,-1.570321e+00,-7.851628e-01
1.359857e-02,-1.602302e+00,-8.011532e-01
1.360057e-02,-1.634030e+00,-8.170174e-01
1.360257e-02,-1.665500e+00,-8.327526e-01
1.360457e-02,-1.696708e+00,-8.483564e-01
1.360657e-02,-1.727648e+00,-8.638264e-01
1.360857e-02,-1.758315e+00,-8.791602e-01
1.361057e-02,-1.788705e+00,-8.943552e-01
1.361257e-02,-1.818813e+00,-9.094092e-01
1.361457e-02,-1.848634e+00,-9.243197e-01
1.361657e-02,-1.878163e+00,-9.390844e-01
1.361857e-02,-1.907396e+00,-9.537010e-01
1.362057e-02,-1.936328e+00,-9.681671e-01
1.362257e-02,-1.964955e+00,-9.824805e-01
1.362457e-02,-1.993272e+00,-9.966389e-01
1.362657e-02,-2.021274e+00,-1.010640e+00
1.362857e-02,-2.048957e+00,-1.024482e+00
1.363057e-02,-2.076318e+00,-1.038162e+00
1.363257e-02,-2.103350e+00,-1.051678e+00
1.363457e-02,-2.130051e+00,-1.065029e+00
1.363657e-02,-2.156416e+00,-1.078211e+00
1.363857e-02,-2.182440e+00,-1.091224e+00
1.364057e-02,-2.208121e+00,-1.104064e+00
1.364257e-02,-2.233453e+00,-1.116730e+00
1.364457e-02,-2.258432e+00,-1.129220e+00
1.364657e-02,-2.283056e+00,-1.141531e+00
1.364857e-02,-2.307319e+00,-1.153663e+00
1.365057e-02,-2.331218e+00,-1.165613e+00
1.365257e-02,-2.354750e+00,-1.177379e+00
1.365457e-02,-2.377910e+00,-1.188959e+00
1.365657e-02,-2.400695e+00,-1.200351e+00
1.365857e-02,-2.423101e+00,-1.211554e+00
1.366057e-02,-2.445125e+00,-1.222566e+00
1.366257e-02,-2.466763e+00,-1.233385e+00
1.366457e-02,-2.488012e+00,-1.244010e+00
1.366657e-02,-2.508869e+00,-1.254438e+00
1.366857e-02,-2.529330e+00,-1.264669e+00
1.367057e-02,-2.549392e+00,-1.274700e+00
1.367257e-02,-2.569051e+00,-1.284530e+00
1.367457e-02,-2.588306e+00,-1.294157e+00
1.367657e-02,-2.607152e+00,-1.303580e+00
1.367857e-02,-2.625587e+00,-1.312797e+00
1.368057e-02,-2.643607e+00,-1.321808e+00
1.368257e-02,-2.661211e+00,-1.330609e+00
1.368457e-02,-2.678395e+00,-1.339201e+00
1.368657e-02,-2.695156e+00,-1.347582e+00
1.368857e-02,-2.711492e+00,-1.355750e+00
1.369057e-02,-2.727400e+00,-1.363704e+00
1.369257e-02,-2.742879e+00,-1.371443e+00
1.369457e-02,-2.757924e+00,-1.378966e+00
1.369657e-02,-2.772534e+00,-1.386271e+00
1.369857e-02,-2.786707e+00,-1.393358e+00
1.370057e-02,-2.800441e+00,-1.400224e+00
1.370257e-02,-2.813732e+00,-1.406870e+00
1.370457e-02,-2.826580e+00,-1.413294e+00
1.370657e-02,-2.838982e+00,-1.419495e+00
1.370857e-02,-2.850936e+00,-1.425472e+00
1.371057e-02,-2.862440e+00,-1.431224e+00
1.371257e-02,-2.873493e+00,-1.436751e+00
1.371457e-02,-2.884092e+00,-1.442050e+00
1.371657e-02,-2.894236e+00,-1.447122e+00
1.371857e-02,-2.903924e+00,-1.451966e+00
1.372057e-02,-2.913154e+00,-1.456581e+00
1.372257e-02,-2.921924e+00,-1.460966e+00
1.372457e-02,-2.930233e+00,-1.465121e+00
1.372657e-02,-2.938080e+00,-1.469045e+00
1.372857e-02,-2.945464e+00,-1.472736e+00
1.373057e-02,-2.952383e+00,-1.476196e+00
1.373257e-02,-2.958836e+00,-1.479422e+00
1.373457e-02,-2.964822e+00,-1.482415e+00
1.373657e-02,-2.970341e+00,-1.485175e+00
1.373857e-02,-2.975391e+00,-1.487700e+00
1.374057e-02,-2.979971e+00,-1.489990e+00
1.374257e-02,-2.984082e+00,-1.492046e+00
1.374457e-02,-2.987722e+00,-1.493865e+00
1.374657e-02,-2.990890e+00,-1.495450e+00
1.374857e-02,-2.993587e+00,-1.496798e+00
1.375057e-02,-2.995812e+00,-1.497910e+00
1.375257e-02,-2.997564e+00,-1.498786e+00
1.375457e-02,-2.998843e+00,-1.499426e+00
1.375657e-02,-2.999648e+00,-1.499829e+00
1.375857e-02,-2.999981e+00,-1.499995e+00
1.376057e-02,-2.999841e+00,-1.499925e+00
1.376257e-02,-2.999227e+00,-1.499618e+00
1.376457e-02,-2.998140e+00,-1.499075e+00
1.376657e-02,-2.996580e+00,-1.498295e+00
1.376857e-02,-2.994548e+00,-1.497278e+00
1.377057e-02,-2.992043e+00,-1.496026e+00
1.377257e-02,-2.989066e+00,-1.494537e+00
1.377457e-02,-2.985617e+00,-1.492813e+00
1.377657e-02,-2.981698e+00,-1.490853e+00
1.377857e-02,-2.977308e+00,-1.488659e+00
1.378057e-02,-2.972449e+00,-1.486229e+00
1.378257e-02,-2.967120e+00,-1.483565e+00
1.378457e-02,-2.961324e+00,-1.480666e+00
1.378657e-02,-2.955060e+00,-1.477534e+00
1.378857e-02,-2.948330e+00,-1.474170e+00
1.379057e-02,-2.941135e+00,-1.470572e+00
1.379257e-02,-2.933477e+00,-1.466743e+00
1.379457e-02,-2.925355e+00,-1.462682e+00
1.379657e-02,-2.916772e+00,-1.458390e+00
1.379857e-02,-2.907729e+00,-1.453869e+00
1.380057e-02,-2.898227e+00,-1.449118e+00
1.380257e-02,-2.888268e+00,-1.444138e+00
1.380457e-02,-2.877853e+00,-1.438931e+00
1.380657e-02,-2.866984e+00,-1.433496e+00
1.380857e-02,-2.855663e+00,-1.427836e+00
1.381057e-02,-2.843891e+00,-1.421950e+00
1.381257e-02,-2.831671e+00,-1.415840e+00
1.381457e-02,-2.819005e+00,-1.409506e+00
1.381657e-02,-2.805893e+00,-1.402951e+00
1.381857e-02,-2.792339e+00,-1.396174e+00
1.382057e-02,-2.778344e+00,-1.389176e+00
1.382257e-02,-2.763911e+00,-1.381960e+00
1.382457e-02,-2.749042e+00,-1.374525e+00
1.382657e-02,-2.733740e+00,-1.366874e+00
1.382857e-02,-2.718006e+00,-1.359007e+00
1.383057e-02,-2.701843e+00,-1.350926e+00
1.383257e-02,-2.685254e+00,-1.342631e+00
1.383457e-02,-2.668242e+00,-1.334125e+00
1.383657e-02,-2.650808e+00,-1.325408e+00
1.383857e-02,-2.632957e+00,-1.316482e+00
1.384057e-02,-2.614690e+00,-1.307349e+00
1.384257e-02,-2.596011e+00,-1.298009e+00
1.384457e-02,-2.576922e+00,-1.288465e+00
1.384657e-02,-2.557426e+00,-1.278717e+00
1.384857e-02,-2.537527e+00,-1.268767e+00
1.385057e-02,-2.517228e+00,-1.258618e+00
1.385257e-02,-2.496532e+00,-1.248270e+00
1.385457e-02,-2.475442e+00,-1.237725e+00
1.385657e-02,-2.453961e+00,-1.226984e+00
1.385857e-02,-2.432094e+00,-1.216050e+00
1.386057e-02,-2.409842e+00,-1.204925e+00
1.386257e-02,-2.387211e+00,-1.193609e+00
1.386457e-02,-2.364203e+00,-1.182105e+00
1.386657e-02,-2.340821e+00,-1.170414e+00
1.386857e-02,-2.317071e+00,-1.158539e+00
1.387057e-02,-2.292955e+00,-1.146481e+00
1.387257e-02,-2.268478e+00,-1.134242e+00
1.387457e-02,-2.243642e+00,-1.121825e+00
1.387657e-02,-2.218453e+00,-1.109230e+00
1.387857e-02,-2.192914e+00,-1.096460e+00
1.388057e-02,-2.167028e+00,-1.083517e+00
1.388257e-02,-2.140801e+00,-1.070404e+00
1.388457e-02,-2.114236e+00,-1.057121e+00
1.388657e-02,-2.087338e+00,-1.043672e+00
1.388857e-02,-2.060110e+00,-1.030058e+00
1.389057e-02,-2.032558e+00,-1.016282e+00
1.389257e-02,-2.004684e+00,-1.002345e+00
1.389457e-02,-1.976495e+00,-9.882504e-01
1.389657e-02,-1.947994e+00,-9.739997e-01
1.389857e-02,-1.919185e+00,-9.595954e-01
1.390057e-02,-1.890074e+00,-9.450397e-01
1.390257e-02,-1.860664e+00,-9.303349e-01
1.390457e-02,-1.830961e+00,-9.154833e-01
1.390657e-02,-1.800969e+00,-9.004873e-01
1.390857e-02,-1.770693e+00,-8.853493e-01
1.391057e-02,-1.740138e+00,-8.700716e-01
1.391257e-02,-1.709308e+00,-8.546566e-01
1.391457e-02,-1.678209e+00,-8.391068e-01
1.391657e-02,-1.646844e+00,-8.234247e-01
1.391857e-02,-1.615220e+00,-8.076126e-01
1.392057e-02,-1.583342e+00,-7.916732e-01
1.392257e-02,-1.551213e+00,-7.756088e-01
1.392457e-02,-1.518840e+00,-7.594221e-01
1.392657e-02,-1.486227e+00,-7.431157e-01
1.392857e-02,-1.453380e+00,-7.266919e-01
1.393057e-02,-1.420303e+00,-7.101536e-01
1.393257e-02,-1.387002e+00,-6.935032e-01
1.393457e-02,-1.353483e+00,-6.767434e-01
1.393657e-02,-1.319750e+00,-6.598769e-01
1.393857e-02,-1.285809e+00,-6.429062e-01
1.394057e-02,-1.251665e+00,-6.258342e-01
1.394257e-02,-1.217323e+00,-6.086634e-01
1.394457e-02,-1.182790e+00,-5.913966e-01
1.394657e-02,-1.148070e+00,-5.740365e-01
1.394857e-02,-1.113168e+00,-5.565858e-01
1.395057e-02,-1.078092e+00,-5.390474e-01
1.395257e-02,-1.042845e+00,-5.214239e-01
1.395457e-02,-1.007433e+00,-5.037181e-01
1.395657e-02,-9.718630e-01,-4.859329e-01
1.395857e-02,-9.361393e-01,-4.680711e-01
1.396057e-02,-9.002680e-01,-4.501354e-01
1.396257e-02,-8.642547e-01,-4.321287e-01
1.396457e-02,-8.281051e-01,-4.140538e-01
1.396657e-02,-7.918248e-01,-3.959136e-01
1.396857e-02,-7.554196e-01,-3.777109e-01
1.397057e-02,-7.188952e-01,-3.594487e-01
1.397257e-02,-6.822574e-01,-3.411297e-01
1.397457e-02,-6.455120e-01,-3.227570e-01
1.397657e-02,-6.086648e-01,-3.043333e-01
1.397857e-02,-5.717216e-01,-2.858616e-01
1.398057e-02,-5.346881e-01,-2.673449e-01
1.398257e-02,-4.975703e-01,-2.487859e-01
1.398457e-02,-4.603740e-01,-2.301877e-01
1.398657e-02,-4.231051e-01,-2.115532e-01
1.398857e-02,-3.857695e-01,-1.928853e-01
1.399057e-02,-3.483730e-01,-1.741870e-01
1.399257e-02,-3.109215e-01,-1.554612e-01
1.399457e-02,-2.734210e-01,-1.367109e-01
1.399657e-02,-2.358774e-01,-1.179390e-01
1.399857e-02,-1.982965e-01,-9.914855e-02
1.400057e-02,-1.606844e-01,-8.034243e-02
1.400257e-02,-1.230469e-01,-6.152363e-02
1.400457e-02,-8.538999e-02,-4.269512e-02
1.400657e-02,-4.771963e-02,-2.385988e-02
1.400857e-02,-1.004173e-02,-5.020881e-03
1.401057e-02,2.763774e-02,1.381891e-02
1.401257e-02,6.531286e-02,3.265653e-02
1.401457e-02,1.029777e-01,5.148899e-02
1.401657e-02,1.406262e-01,7.031333e-02
1.401857e-02,1.782526e-01,8.912658e-02
1.402057e-02,2.158509e-01,1.079258e-01
1.402257e-02,2.534151e-01,1.267079e-01
1.402457e-02,2.909393e-01,1.454701e-01
1.402657e-02,3.284177e-01,1.642093e-01
1.402857e-02,3.658442e-01,1.829227e-01
1.403057e-02,4.032130e-01,2.016071e-01
1.403257e-02,4.405183e-01,2.202598e-01
1.403457e-02,4.777540e-01,2.388777e-01
1.403657e-02,5.149143e-01,2.574579e-01
1.403857e-02,5.519935e-01,2.759976e-01
1.404057e-02,5.889855e-01,2.944936e-01
1.404257e-02,6.258846e-01,3.129433e-01
1.404457e-02,6.626850e-01,3.313435e-01
1.404657e-02,6.993809e-01,3.496915e-01
1.404857e-02,7.359664e-01,3.679843e-01
1.405057e-02,7.724359e-01,3.862191e-01
1.405257e-02,8.087835e-01,4.043929e-01
1.405457e-02,8.450034e-01,4.225030e-01
1.405657e-02,8.810901e-01,4.405464e-01
1.405857e-02,9.170378e-01,4.585203e-01
1.406057e-02,9.528409e-01,4.764219e-01
1.406257e-02,9.884936e-01,4.942483e-01
1.406457e-02,1.023990e+00,5.119967e-01
1.406657e-02,1.059326e+00,5.296644e-01
1.406857e-02,1.094494e+00,5.472485e-01
1.407057e-02,1.129489e+00,5.647463e-01
1.407257e-02,1.164307e+00,5.821550e-01
1.407457e-02,1.198940e+00,5.994719e-01
1.407657e-02,1.233385e+00,6.166942e-01
1.407857e-02,1.267635e+00,6.338192e-01
1.408057e-02,1.301685e+00,6.508442e-01
1.408257e-02,1.335529e+00,6.677666e-01
1.408457e-02,1.369163e+00,6.845836e-01
1.408657e-02,1.402581e+00,7.012926e-01
1.408857e-02,1.435778e+00,7.178910e-01
1.409057e-02,1.468748e+00,7.343762e-01
1.409257e-02,1.501486e+00,7.507455e-01
1.409457e-02,1.533988e+00,7.669963e-01
1.409657e-02,1.566248e+00,7.831262e-01
1.409857e-02,1.598260e+00,7.991325e-01
1.410057e-02,1.630021e+00,8.150128e-01
1.410257e-02,1.661524e+00,8.307645e-01
1.410457e-02,1.692765e+00,8.463851e-01
1.410657e-02,1.723739e+00,8.618723e-01
1.410857e-02,1.754442e+00,8.772234e-01
1.411057e-02,1.784867e+00,8.924362e-01
1.411257e-02,1.815011e+00,9.075082e-01
1.411457e-02,1.844869e+00,9.224370e-01
1.411657e-02,1.874435e+00,9.372204e-01
1.411857e-02,1.903706e+00,9.518558e-01
1.412057e-02,1.932676e+00,9.663411e-01
1.412257e-02,1.961342e+00,9.806740e-01
1.412457e-02,1.989698e+00,9.948522e-01
1.412657e-02,2.017741e+00,1.008873e+00
1.412857e-02,2.045465e+00,1.022735e+00
1.413057e-02,2.072866e+00,1.036436e+00
1.413257e-02,2.099941e+00,1.049973e+00
1.413457e-02,2.126684e+00,1.063345e+00
1.413657e-02,2.153091e+00,1.076549e+00
1.413857e-02,2.179159e+00,1.089583e+00
1.414057e-02,2.204884e+00,1.102445e+00
1.414257e-02,2.230260e+00,1.115133e+00
1.414457e-02,2.255285e+00,1.127646e+00
1.414657e-02,2.279953e+00,1.139980e+00
1.414857e-02,2.304263e+00,1.152135e+00
1.415057e-02,2.328208e+00,1.164108e+00
1.415257e-02,2.351787e+00,1.175897e+00
1.415457e-02,2.374994e+00,1.187501e+00
1.415657e-02,2.397827e+00,1.198917e+00
1.415857e-02,2.420281e+00,1.210144e+00
1.416057e-02,2.442354e+00,1.221181e+00
1.416257e-02,2.464041e+00,1.232024e+00
1.416457e-02,2.485340e+00,1.242674e+00
1.416657e-02,2.506246e+00,1.253127e+00
1.416857e-02,2.526757e+00,1.263383e+00
1.417057e-02,2.546870e+00,1.273439e+00
1.417257e-02,2.566581e+00,1.283294e+00
1.417457e-02,2.585887e+00,1.292947e+00
1.417657e-02,2.604785e+00,1.302396e+00
1.417857e-02,2.623272e+00,1.311640e+00
1.418057e-02,2.641345e+00,1.320677e+00
1.418257e-02,2.659002e+00,1.329505e+00
1.418457e-02,2.676239e+00,1.338124e+00
1.418657e-02,2.693054e+00,1.346531e+00
1.418857e-02,2.709444e+00,1.354726e+00
1.419057e-02,2.725407e+00,1.362708e+00
1.419257e-02,2.740940e+00,1.370474e+00
1.419457e-02,2.756040e+00,1.378024e+00
1.419657e-02,2.770706e+00,1.385357e+00
1.419857e-02,2.784934e+00,1.392471e+00
1.420057e-02,2.798724e+00,1.399366e+00
1.420257e-02,2.812071e+00,1.406040e+00
1.420457e-02,2.824975e+00,1.412492e+00
1.420657e-02,2.837434e+00,1.418721e+00
1.420857e-02,2.849445e+00,1.424727e+00
1.421057e-02,2.861006e+00,1.430507e+00
1.421257e-02,2.872116e+00,1.436062e+00
1.421457e-02,2.882773e+00,1.441391e+00
1.421657e-02,2.892975e+00,1.446492e+00
1.421857e-02,2.902721e+00,1.451365e+00
1.422057e-02,2.912009e+00,1.456009e+00
1.422257e-02,2.920837e+00,1.460423e+00
1.422457e-02,2.929205e+00,1.464607e+00
1.422657e-02,2.937111e+00,1.468560e+00
1.422857e-02,2.944553e+00,1.472281e+00
1.423057e-02,2.951531e+00,1.475770e+00
1.423257e-02,2.958043e+00,1.479026e+00
1.423457e-02,2.964089e+00,1.482049e+00
1.423657e-02,2.969667e+00,1.484838e+00
1.423857e-02,2.974776e+00,1.487393e+00
1.424057e-02,2.979417e+00,1.489713e+00
1.424257e-02,2.983587e+00,1.491798e+00
1.424457e-02,2.987286e+00,1.493648e+00
1.424657e-02,2.990515e+00,1.495262e+00
1.424857e-02,2.993271e+00,1.496640e+00
1.425057e-02,2.995556e+00,1.497782e+00
1.425257e-02,2.997368e+00,1.498688e+00
1.425457e-02,2.998707e+00,1.499358e+00
1.425657e-02,2.999572e+00,1.499791e+00
1.425857e-02,2.999965e+00,1.499987e+00
1.426057e-02,2.999885e+00,1.499947e+00
1.426257e-02,2.999331e+00,1.499670e+00
1.426457e-02,2.998304e+00,1.499157e+00
1.426657e-02,2.996804e+00,1.498407e+00
1.426857e-02,2.994832e+00,1.497420e+00
1.427057e-02,2.992387e+00,1.496198e+00
1.427257e-02,2.989469e+00,1.494739e+00
1.427457e-02,2.986081e+00,1.493045e+00
1.427657e-02,2.982221e+00,1.491115e+00
1.427857e-02,2.977891e+00,1.488950e+00
1.428057e-02,2.973091e+00,1.486550e+00
1.428257e-02,2.967822e+00,1.483915e+00
1.428457e-02,2.962085e+00,1.481047e+00
1.428657e-02,2.955880e+00,1.477945e+00
1.428857e-02,2.949209e+00,1.474609e+00
1.429057e-02,2.942073e+00,1.471041e+00
1.429257e-02,2.934473e+00,1.467241e+00
1.429457e-02,2.926410e+00,1.463210e+00
1.429657e-02,2.917886e+00,1.458947e+00
1.429857e-02,2.908901e+00,1.454455e+00
1.430057e-02,2.899457e+00,1.449733e+00
1.430257e-02,2.889556e+00,1.444782e+00
1.430457e-02,2.879199e+00,1.439604e+00
1.430657e-02,2.868387e+00,1.434198e+00
1.430857e-02,2.857124e+00,1.428566e+00
1.431057e-02,2.845409e+00,1.422709e+00
1.431257e-02,2.833246e+00,1.416627e+00
1.431457e-02,2.820635e+00,1.410322e+00
1.431657e-02,2.807580e+00,1.403794e+00
1.431857e-02,2.794082e+00,1.397045e+00
1.432057e-02,2.780143e+00,1.390076e+00
1.432257e-02,2.765766e+00,1.382887e+00
1.432457e-02,2.750952e+00,1.375480e+00
1.432657e-02,2.735704e+00,1.367856e+00
1.432857e-02,2.720025e+00,1.360016e+00
1.433057e-02,2.703916e+00,1.351962e+00
1.433257e-02,2.687381e+00,1.343695e+00
1.433457e-02,2.670422e+00,1.335215e+00
1.433657e-02,2.653042e+00,1.326525e+00
1.433857e-02,2.635244e+00,1.317626e+00
1.434057e-02,2.617029e+00,1.308518e+00
1.434257e-02,2.598402e+00,1.299205e+00
1.434457e-02,2.579365e+00,1.289686e+00
1.434657e-02,2.559921e+00,1.279964e+00
1.434857e-02,2.540073e+00,1.270040e+00
1.435057e-02,2.519824e+00,1.259916e+00
1.435257e-02,2.499178e+00,1.249593e+00
1.435457e-02,2.478138e+00,1.239073e+00
1.435657e-02,2.456707e+00,1.228357e+00
1.435857e-02,2.434888e+00,1.217448e+00
1.436057e-02,2.412685e+00,1.206346e+00
1.436257e-02,2.390101e+00,1.195054e+00
1.436457e-02,2.367141e+00,1.183574e+00
1.436657e-02,2.343807e+00,1.171907e+00
1.436857e-02,2.320103e+00,1.160055e+00
1.437057e-02,2.296033e+00,1.148020e+00
1.437257e-02,2.271601e+00,1.135804e+00
1.437457e-02,2.246811e+00,1.123409e+00
1.437657e-02,2.221666e+00,1.110837e+00
1.437857e-02,2.196171e+00,1.098089e+00
1.438057e-02,2.170330e+00,1.085168e+00
1.438257e-02,2.144146e+00,1.072076e+00
1.438457e-02,2.117623e+00,1.058815e+00
1.438657e-02,2.090767e+00,1.045387e+00
1.438857e-02,2.063581e+00,1.031794e+00
1.439057e-02,2.036069e+00,1.018038e+00
1.439257e-02,2.008236e+00,1.004121e+00
1.439457e-02,1.980087e+00,9.900464e-01
1.439657e-02,1.951625e+00,9.758153e-01
1.439857e-02,1.922855e+00,9.614303e-01
1.440057e-02,1.893782e+00,9.468937e-01
1.440257e-02,1.864410e+00,9.322077e-01
1.440457e-02,1.834744e+00,9.173746e-01
1.440657e-02,1.804788e+00,9.023968e-01
1.440857e-02,1.774548e+00,8.872766e-01
1.441057e-02,1.744028e+00,8.720165e-01
1.441257e-02,1.713232e+00,8.566188e-01
1.441457e-02,1.682167e+00,8.410860e-01
1.441657e-02,1.650836e+00,8.254205e-01
1.441857e-02,1.619245e+00,8.096248e-01
1.442057e-02,1.587398e+00,7.937013e-01
1.442257e-02,1.555301e+00,7.776527e-01
1.442457e-02,1.522958e+00,7.614814e-01
1.442657e-02,1.490375e+00,7.451899e-01
1.442857e-02,1.457557e+00,7.287809e-01
1.443057e-02,1.424510e+00,7.122570e-01
1.443257e-02,1.391237e+00,6.956206e-01
1.443457e-02,1.357745e+00,6.788746e-01
1.443657e-02,1.324039e+00,6.620214e-01
1.443857e-02,1.290124e+00,6.450638e-01
1.444057e-02,1.256005e+00,6.280045e-01
1.444257e-02,1.221688e+00,6.108461e-01
1.444457e-02,1.187179e+00,5.935913e-01
1.444657e-02,1.152482e+00,5.762429e-01
1.444857e-02,1.117604e+00,5.588036e-01
1.445057e-02,1.082549e+00,5.412761e-01
1.445257e-02,1.047323e+00,5.236632e-01
1.445457e-02,1.011932e+00,5.059678e-01
1.445657e-02,9.763820e-01,4.881925e-01
1.445857e-02,9.406775e-01,4.703402e-01
1.446057e-02,9.048246e-01,4.524137e-01
1.446257e-02,8.688290e-01,4.344158e-01
1.446457e-02,8.326963e-01,4.163494e-01
1.446657e-02,7.964323e-01,3.982173e-01
1.446857e-02,7.600426e-01,3.800224e-01
1.447057e-02,7.235330e-01,3.617676e-01
1.447257e-02,6.869093e-01,3.434557e-01
1.447457e-02,6.501772e-01,3.250896e-01
1.447657e-02,6.133426e-01,3.066722e-01
1.447857e-02,5.764112e-01,2.882065e-01
1.448057e-02,5.393889e-01,2.696952e-01
1.448257e-02,5.022815e-01,2.511415e-01
1.448457e-02,4.650948e-01,2.325481e-01
1.448657e-02,4.278348e-01,2.139180e-01
1.448857e-02,3.905073e-01,1.952542e-01
1.449057e-02,3.531182e-01,1.765596e-01
1.449257e-02,3.156733e-01,1.578371e-01
1.449457e-02,2.781787e-01,1.390898e-01
1.449657e-02,2.406402e-01,1.203205e-01
1.449857e-02,2.030637e-01,1.015322e-01
1.450057e-02,1.654553e-01,8.272787e-02
1.450257e-02,1.278207e-01,6.391052e-02
1.450457e-02,9.016589e-02,4.508308e-02
1.450657e-02,5.249691e-02,2.624853e-02
1.450857e-02,1.481964e-02,7.409841e-03
1.451057e-02,-2.285997e-02,-1.143002e-02
1.451257e-02,-6.053597e-02,-3.026807e-02
1.451457e-02,-9.820242e-02,-4.910136e-02
1.451657e-02,-1.358534e-01,-6.792689e-02
1.451857e-02,-1.734829e-01,-8.674171e-02
1.452057e-02,-2.110851e-01,-1.055428e-01
1.452257e-02,-2.486539e-01,-1.243273e-01
1.452457e-02,-2.861836e-01,-1.430922e-01
1.452657e-02,-3.236680e-01,-1.618345e-01
1.452857e-02,-3.611015e-01,-1.805513e-01
1.453057e-02,-3.984779e-01,-1.992396e-01
1.453257e-02,-4.357915e-01,-2.178964e-01
1.453457e-02,-4.730364e-01,-2.365189e-01
1.453657e-02,-5.102066e-01,-2.551041e-01
1.453857e-02,-5.472964e-01,-2.736490e-01
1.454057e-02,-5.842998e-01,-2.921508e-01
1.454257e-02,-6.212110e-01,-3.106065e-01
1.454457e-02,-6.580243e-01,-3.290131e-01
1.454657e-02,-6.947337e-01,-3.473679e-01
1.454857e-02,-7.313336e-01,-3.656679e-01
1.455057e-02,-7.678180e-01,-3.839102e-01
1.455257e-02,-8.041814e-01,-4.020919e-01
1.455457e-02,-8.404179e-01,-4.202102e-01
1.455657e-02,-8.765218e-01,-4.382622e-01
1.455857e-02,-9.124874e-01,-4.562451e-01
1.456057e-02,-9.483091e-01,-4.741560e-01
1.456257e-02,-9.839812e-01,-4.919921e-01
1.456457e-02,-1.019498e+00,-5.097506e-01
1.456657e-02,-1.054854e+00,-5.274286e-01
1.456857e-02,-1.090044e+00,-5.450235e-01
1.457057e-02,-1.125061e+00,-5.625324e-01
1.457257e-02,-1.159902e+00,-5.799526e-01
1.457457e-02,-1.194559e+00,-5.972812e-01
1.457657e-02,-1.229028e+00,-6.145157e-01
1.457857e-02,-1.263303e+00,-6.316532e-01
1.458057e-02,-1.297378e+00,-6.486910e-01
1.458257e-02,-1.331249e+00,-6.656266e-01
1.458457e-02,-1.364910e+00,-6.824571e-01
1.458657e-02,-1.398356e+00,-6.991799e-01
1.458857e-02,-1.431581e+00,-7.157925e-01
1.459057e-02,-1.464580e+00,-7.322922e-01
1.459257e-02,-1.497348e+00,-7.486763e-01
1.459457e-02,-1.529880e+00,-7.649423e-01
1.459657e-02,-1.562171e+00,-7.810877e-01
1.459857e-02,-1.594215e+00,-7.971098e-01
1.460057e-02,-1.626008e+00,-8.130062e-01
1.460257e-02,-1.657544e+00,-8.287743e-01
1.460457e-02,-1.688818e+00,-8.444117e-01
1.460657e-02,-1.719827e+00,-8.599159e-01
1.460857e-02,-1.750564e+00,-8.752845e-01
1.461057e-02,-1.781024e+00,-8.905149e-01
1.461257e-02,-1.811204e+00,-9.056049e-01
1.461457e-02,-1.841099e+00,-9.205520e-01
1.461657e-02,-1.870702e+00,-9.353539e-01
1.461857e-02,-1.900011e+00,-9.500083e-01
1.462057e-02,-1.929020e+00,-9.645127e-01
1.462257e-02,-1.957724e+00,-9.788651e-01
1.462457e-02,-1.986120e+00,-9.930630e-01
1.462657e-02,-2.014202e+00,-1.007104e+00
1.462857e-02,-2.041967e+00,-1.020987e+00
1.463057e-02,-2.069410e+00,-1.034708e+00
1.463257e-02,-2.096526e+00,-1.048266e+00
1.463457e-02,-2.123311e+00,-1.061659e+00
1.463657e-02,-2.149762e+00,-1.074884e+00
1.463857e-02,-2.175873e+00,-1.087940e+00
1.464057e-02,-2.201641e+00,-1.100824e+00
1.464257e-02,-2.227062e+00,-1.113534e+00
1.464457e-02,-2.252131e+00,-1.126069e+00
1.464657e-02,-2.276845e+00,-1.138426e+00
1.464857e-02,-2.301200e+00,-1.150604e+00
1.465057e-02,-2.325192e+00,-1.162600e+00
1.465257e-02,-2.348817e+00,-1.174412e+00
1.465457e-02,-2.372072e+00,-1.186039e+00
1.465657e-02,-2.394952e+00,-1.197480e+00
1.465857e-02,-2.417455e+00,-1.208731e+00
1.466057e-02,-2.439576e+00,-1.219792e+00
1.466257e-02,-2.461312e+00,-1.230660e+00
1.466457e-02,-2.482661e+00,-1.241334e+00
1.466657e-02,-2.503617e+00,-1.251812e+00
1.466857e-02,-2.524179e+00,-1.262093e+00
1.467057e-02,-2.544342e+00,-1.272175e+00
1.467257e-02,-2.564104e+00,-1.282056e+00
1.467457e-02,-2.583461e+00,-1.291735e+00
1.467657e-02,-2.602411e+00,-1.301210e+00
1.467857e-02,-2.620951e+00,-1.310479e+00
1.468057e-02,-2.639077e+00,-1.319542e+00
1.468257e-02,-2.656786e+00,-1.328397e+00
1.468457e-02,-2.674077e+00,-1.337042e+00
1.468657e-02,-2.690945e+00,-1.345477e+00
1.468857e-02,-2.707390e+00,-1.353699e+00
1.469057e-02,-2.723407e+00,-1.361707e+00
1.469257e-02,-2.738994e+00,-1.369501e+00
1.469457e-02,-2.754149e+00,-1.377079e+00
1.469657e-02,-2.768870e+00,-1.384439e+00
1.469857e-02,-2.783154e+00,-1.391581e+00
1.470057e-02,-2.796999e+00,-1.398504e+00
1.470257e-02,-2.810403e+00,-1.405206e+00
1.470457e-02,-2.823364e+00,-1.411686e+00
1.470657e-02,-2.835879e+00,-1.417944e+00
1.470857e-02,-2.847947e+00,-1.423978e+00
1.471057e-02,-2.859565e+00,-1.429787e+00
1.471257e-02,-2.870732e+00,-1.435370e+00
1.471457e-02,-2.881447e+00,-1.440728e+00
1.471657e-02,-2.891707e+00,-1.445858e+00
1.471857e-02,-2.901511e+00,-1.450760e+00
1.472057e-02,-2.910857e+00,-1.455433e+00
1.472257e-02,-2.919743e+00,-1.459876e+00
1.472457e-02,-2.928170e+00,-1.464089e+00
1.472657e-02,-2.936134e+00,-1.468071e+00
1.472857e-02,-2.943635e+00,-1.471822e+00
1.473057e-02,-2.950672e+00,-1.475340e+00
1.473257e-02,-2.957243e+00,-1.478626e+00
1.473457e-02,-2.963348e+00,-1.481679e+00
1.473657e-02,-2.968985e+00,-1.484497e+00
1.473857e-02,-2.974154e+00,-1.487082e+00
1.474057e-02,-2.978854e+00,-1.489432e+00
1.474257e-02,-2.983084e+00,-1.491547e+00
1.474457e-02,-2.986843e+00,-1.493426e+00
1.474657e-02,-2.990132e+00,-1.495070e+00
1.474857e-02,-2.992948e+00,-1.496478e+00
1.475057e-02,-2.995292e+00,-1.497651e+00
1.475257e-02,-2.997164e+00,-1.498586e+00
1.475457e-02,-2.998563e+00,-1.499286e+00
1.475657e-02,-2.999489e+00,-1.499749e+00
1.475857e-02,-2.999942e+00,-1.499975e+00
1.476057e-02,-2.999921e+00,-1.499965e+00
1.476257e-02,-2.999427e+00,-1.499718e+00
1.476457e-02,-2.998461e+00,-1.499235e+00
1.476657e-02,-2.997021e+00,-1.498515e+00
1.476857e-02,-2.995108e+00,-1.497558e+00
1.477057e-02,-2.992723e+00,-1.496366e+00
1.477257e-02,-2.989865e+00,-1.494937e+00
1.477457e-02,-2.986537e+00,-1.493273e+00
1.477657e-02,-2.982736e+00,-1.491373e+00
1.477857e-02,-2.978466e+00,-1.489237e+00
1.478057e-02,-2.973725e+00,-1.486867e+00
1.478257e-02,-2.968516e+00,-1.484262e+00
1.478457e-02,-2.962838e+00,-1.481423e+00
1.478657e-02,-2.956693e+00,-1.478351e+00
1.478857e-02,-2.950081e+00,-1.475045e+00
1.479057e-02,-2.943004e+00,-1.471506e+00
1.479257e-02,-2.935463e+00,-1.467736e+00
1.479457e-02,-2.927458e+00,-1.463734e+00
1.479657e-02,-2.918992e+00,-1.459500e+00
1.479857e-02,-2.910065e+00,-1.455037e+00
1.480057e-02,-2.900680e+00,-1.450344e+00
1.480257e-02,-2.890836e+00,-1.445423e+00
1.480457e-02,-2.880537e+00,-1.440273e+00
1.480657e-02,-2.869783e+00,-1.434896e+00
1.480857e-02,-2.858577e+00,-1.429293e+00
1.481057e-02,-2.846919e+00,-1.423464e+00
1.481257e-02,-2.834813e+00,-1.417411e+00
1.481457e-02,-2.822259e+00,-1.411134e+00
1.481657e-02,-2.809260e+00,-1.404634e+00
1.481857e-02,-2.795818e+00,-1.397913e+00
1.482057e-02,-2.781935e+00,-1.390972e+00
1.482257e-02,-2.767613e+00,-1.383811e+00
1.482457e-02,-2.752854e+00,-1.376431e+00
1.482657e-02,-2.737661e+00,-1.368835e+00
1.482857e-02,-2.722037e+00,-1.361022e+00
1.483057e-02,-2.705983e+00,-1.352995e+00
1.483257e-02,-2.689502e+00,-1.344755e+00
1.483457e-02,-2.672596e+00,-1.336302e+00
1.483657e-02,-2.655269e+00,-1.327639e+00
1.483857e-02,-2.637524e+00,-1.318766e+00
1.484057e-02,-2.619362e+00,-1.309685e+00
1.484257e-02,-2.600787e+00,-1.300397e+00
1.484457e-02,-2.581801e+00,-1.290905e+00
1.484657e-02,-2.562409e+00,-1.281208e+00
1.484857e-02,-2.542612e+00,-1.271310e+00
1.485057e-02,-2.522414e+00,-1.261211e+00
1.485257e-02,-2.501818e+00,-1.250913e+00
1.485457e-02,-2.480828e+00,-1.240418e+00
1.485657e-02,-2.459446e+00,-1.229727e+00
1.485857e-02,-2.437676e+00,-1.218842e+00
1.486057e-02,-2.415521e+00,-1.207764e+00
1.486257e-02,-2.392986e+00,-1.196497e+00
1.486457e-02,-2.370073e+00,-1.185040e+00
1.486657e-02,-2.346786e+00,-1.173397e+00
1.486857e-02,-2.323129e+00,-1.161568e+00
1.487057e-02,-2.299106e+00,-1.149556e+00
1.487257e-02,-2.274719e+00,-1.137363e+00
1.487457e-02,-2.249974e+00,-1.124991e+00
1.487657e-02,-2.224874e+00,-1.112441e+00
1.487857e-02,-2.199423e+00,-1.099715e+00
1.488057e-02,-2.173626e+00,-1.086816e+00
1.488257e-02,-2.147485e+00,-1.073746e+00
1.488457e-02,-2.121005e+00,-1.060506e+00
1.488657e-02,-2.094191e+00,-1.047099e+00
1.488857e-02,-2.067046e+00,-1.033526e+00
1.489057e-02,-2.039576e+00,-1.019791e+00
1.489257e-02,-2.011783e+00,-1.005895e+00
1.489457e-02,-1.983674e+00,-9.918398e-01
1.489657e-02,-1.955251e+00,-9.776284e-01
1.489857e-02,-1.926520e+00,-9.632628e-01
1.490057e-02,-1.897485e+00,-9.487453e-01
1.490257e-02,-1.868151e+00,-9.340781e-01
1.490457e-02,-1.838522e+00,-9.192635e-01
1.490657e-02,-1.808602e+00,-9.043039e-01
1.490857e-02,-1.778398e+00,-8.892017e-01
1.491057e-02,-1.747913e+00,-8.739592e-01
1.491257e-02,-1.717152e+00,-8.585788e-01
1.491457e-02,-1.686121e+00,-8.430630e-01
1.491657e-02,-1.654823e+00,-8.274142e-01
1.491857e-02,-1.623265e+00,-8.116348e-01
1.492057e-02,-1.591450e+00,-7.957275e-01
1.492257e-02,-1.559384e+00,-7.796945e-01
1.492457e-02,-1.527073e+00,-7.635386e-01
1.492657e-02,-1.494520e+00,-7.472623e-01
1.492857e-02,-1.461732e+00,-7.308681e-01
1.493057e-02,-1.428713e+00,-7.143585e-01
1.493257e-02,-1.395468e+00,-6.977363e-01
1.493457e-02,-1.362004e+00,-6.810040e-01
1.493657e-02,-1.328325e+00,-6.641643e-01
1.493857e-02,-1.294436e+00,-6.472198e-01
1.494057e-02,-1.260343e+00,-6.301732e-01
1.494257e-02,-1.226051e+00,-6.130272e-01
1.494457e-02,-1.191565e+00,-5.957845e-01
1.494657e-02,-1.156892e+00,-5.784478e-01
1.494857e-02,-1.122036e+00,-5.610199e-01
1.495057e-02,-1.087004e+00,-5.435034e-01
1.495257e-02,-1.051799e+00,-5.259012e-01
1.495457e-02,-1.016429e+00,-5.082161e-01
1.495657e-02,-9.808986e-01,-4.904508e-01
1.495857e-02,-9.452133e-01,-4.726081e-01
1.496057e-02,-9.093789e-01,-4.546908e-01
1.496257e-02,-8.734011e-01,-4.367019e-01
1.496457e-02,-8.372855e-01,-4.186440e-01
1.496657e-02,-8.010378e-01,-4.005201e-01
1.496857e-02,-7.646637e-01,-3.823330e-01
1.497057e-02,-7.281690e-01,-3.640856e-01
1.497257e-02,-6.915595e-01,-3.457808e-01
1.497457e-02,-6.548408e-01,-3.274214e-01
1.497657e-02,-6.180188e-01,-3.090104e-01
1.497857e-02,-5.810994e-01,-2.905506e-01
1.498057e-02,-5.440883e-01,-2.720450e-01
1.498257e-02,-5.069913e-01,-2.534964e-01
1.498457e-02,-4.698144e-01,-2.349079e-01
1.498657e-02,-4.325634e-01,-2.162823e-01
1.498857e-02,-3.952441e-01,-1.976226e-01
1.499057e-02,-3.578624e-01,-1.789318e-01
1.499257e-02,-3.204244e-01,-1.602127e-01
1.499457e-02,-2.829357e-01,-1.414683e-01
1.499657e-02,-2.454025e-01,-1.227016e-01
1.499857e-02,-2.078305e-01,-1.039156e-01
1.500057e-02,-1.702257e-01,-8.511311e-02
1.500257e-02,-1.325941e-01,-6.629725e-02
1.500457e-02,-9.494156e-02,-4.747092e-02
1.500657e-02,-5.727405e-02,-2.863711e-02
1.500857e-02,-1.959750e-02,-9.798782e-03
1.501057e-02,1.808213e-02,9.041094e-03
1.501257e-02,5.575892e-02,2.787954e-02
1.501457e-02,9.342691e-02,4.671359e-02
1.501657e-02,1.310802e-01,6.554028e-02
1.501857e-02,1.687127e-01,8.435662e-02
1.502057e-02,2.063187e-01,1.031597e-01
1.502257e-02,2.438921e-01,1.219464e-01
1.502457e-02,2.814270e-01,1.407139e-01
1.502657e-02,3.189176e-01,1.594593e-01
1.502857e-02,3.563578e-01,1.781794e-01
1.503057e-02,3.937418e-01,1.968715e-01
1.503257e-02,4.310637e-01,2.155325e-01
1.503457e-02,4.683176e-01,2.341595e-01
1.503657e-02,5.054977e-01,2.527496e-01
1.503857e-02,5.425979e-01,2.712998e-01
1.504057e-02,5.796126e-01,2.898072e-01
1.504257e-02,6.165359e-01,3.082689e-01
1.504457e-02,6.533619e-01,3.266819e-01
1.504657e-02,6.900848e-01,3.450434e-01
1.504857e-02,7.266988e-01,3.633505e-01
1.505057e-02,7.631983e-01,3.816003e-01
1.505257e-02,7.995773e-01,3.997898e-01
1.505457e-02,8.358302e-01,4.179163e-01
1.505657e-02,8.719512e-01,4.359769e-01
1.505857e-02,9.079347e-01,4.539687e-01
1.506057e-02,9.437750e-01,4.718889e-01
1.506257e-02,9.794663e-01,4.897346e-01
1.506457e-02,1.015003e+00,5.075031e-01
1.506657e-02,1.050380e+00,5.251916e-01
1.506857e-02,1.085591e+00,5.427971e-01
1.507057e-02,1.120631e+00,5.603171e-01
1.507257e-02,1.155494e+00,5.777486e-01
1.507457e-02,1.190175e+00,5.950891e-01
1.507657e-02,1.224668e+00,6.123356e-01
1.507857e-02,1.258967e+00,6.294855e-01
1.508057e-02,1.293068e+00,6.465362e-01
1.508257e-02,1.326966e+00,6.634848e-01
1.508457e-02,1.360654e+00,6.803288e-01
1.508657e-02,1.394127e+00,6.970655e-01
1.508857e-02,1.427380e+00,7.136922e-01
1.509057e-02,1.460408e+00,7.302063e-01
1.509257e-02,1.493206e+00,7.466052e-01
1.509457e-02,1.525768e+00,7.628864e-01
1.509657e-02,1.558090e+00,7.790472e-01
1.509857e-02,1.590165e+00,7.950851e-01
1.510057e-02,1.621990e+00,8.109975e-01
1.510257e-02,1.653559e+00,8.267821e-01
1.510457e-02,1.684867e+00,8.424362e-01
1.510657e-02,1.715910e+00,8.579574e-01
1.510857e-02,1.746681e+00,8.733433e-01
1.511057e-02,1.777177e+00,8.885914e-01
1.511257e-02,1.807393e+00,9.036993e-01
1.511457e-02,1.837324e+00,9.186647e-01
1.511657e-02,1.866965e+00,9.334851e-01
1.511857e-02,1.896311e+00,9.481583e-01
1.512057e-02,1.925358e+00,9.626819e-01
1.512257e-02,1.954101e+00,9.770537e-01
1.512457e-02,1.982537e+00,9.912713e-01
1.512657e-02,2.010659e+00,1.005333e+00
1.512857e-02,2.038464e+00,1.019235e+00
1.513057e-02,2.065948e+00,1.032977e+00
1.513257e-02,2.093106e+00,1.046556e+00
1.513457e-02,2.119933e+00,1.059970e+00
1.513657e-02,2.146426e+00,1.073216e+00
1.513857e-02,2.172581e+00,1.086294e+00
1.514057e-02,2.198393e+00,1.099200e+00
1.514257e-02,2.223858e+00,1.111932e+00
1.514457e-02,2.248972e+00,1.124489e+00
1.514657e-02,2.273731e+00,1.136869e+00
1.514857e-02,2.298132e+00,1.149069e+00
1.515057e-02,2.322170e+00,1.161088e+00
1.515257e-02,2.345842e+00,1.172924e+00
1.515457e-02,2.369144e+00,1.184575e+00
1.515657e-02,2.392072e+00,1.196039e+00
1.515857e-02,2.414622e+00,1.207315e+00
1.516057e-02,2.436792e+00,1.218400e+00
1.516257e-02,2.458578e+00,1.229292e+00
1.516457e-02,2.479975e+00,1.239991e+00
1.516657e-02,2.500981e+00,1.250494e+00
1.516857e-02,2.521593e+00,1.260800e+00
1.517057e-02,2.541807e+00,1.270907e+00
1.517257e-02,2.561620e+00,1.280814e+00
1.517457e-02,2.581029e+00,1.290518e+00
1.517657e-02,2.600031e+00,1.300019e+00
1.517857e-02,2.618623e+00,1.309315e+00
1.518057e-02,2.636801e+00,1.318405e+00
1.518257e-02,2.654564e+00,1.327286e+00
1.518457e-02,2.671907e+00,1.335958e+00
1.518657e-02,2.688830e+00,1.344419e+00
1.518857e-02,2.705328e+00,1.352668e+00
1.519057e-02,2.721399e+00,1.360704e+00
1.519257e-02,2.737041e+00,1.368525e+00
1.519457e-02,2.752252e+00,1.376130e+00
1.519657e-02,2.767028e+00,1.383518e+00
1.519857e-02,2.781367e+00,1.390688e+00
1.520057e-02,2.795268e+00,1.397638e+00
1.520257e-02,2.808728e+00,1.404368e+00
1.520457e-02,2.821745e+00,1.410877e+00
1.520657e-02,2.834317e+00,1.417163e+00
1.520857e-02,2.846441e+00,1.423225e+00
1.521057e-02,2.858117e+00,1.429063e+00
1.521257e-02,2.869341e+00,1.434675e+00
1.521457e-02,2.880113e+00,1.440061e+00
1.521657e-02,2.890431e+00,1.445220e+00
1.521857e-02,2.900293e+00,1.450151e+00
1.522057e-02,2.909697e+00,1.454853e+00
1.522257e-02,2.918642e+00,1.459325e+00
1.522457e-02,2.927127e+00,1.463568e+00
1.522657e-02,2.935150e+00,1.467579e+00
1.522857e-02,2.942710e+00,1.471359e+00
1.523057e-02,2.949805e+00,1.474907e+00
1.523257e-02,2.956436e+00,1.478222e+00
1.523457e-02,2.962600e+00,1.481304e+00
1.523657e-02,2.968297e+00,1.484153e+00
1.523857e-02,2.973525e+00,1.486767e+00
1.524057e-02,2.978284e+00,1.489147e+00
1.524257e-02,2.982574e+00,1.491291e+00
1.524457e-02,2.986393e+00,1.493201e+00
1.524657e-02,2.989741e+00,1.494875e+00
1.524857e-02,2.992617e+00,1.496313e+00
1.525057e-02,2.995021e+00,1.497515e+00
1.525257e-02,2.996953e+00,1.498481e+00
1.525457e-02,2.998412e+00,1.499210e+00
1.525657e-02,2.999398e+00,1.499703e+00
1.525857e-02,2.999910e+00,1.499960e+00
1.526057e-02,2.999950e+00,1.499979e+00
1.526257e-02,2.999516e+00,1.499763e+00
1.526457e-02,2.998609e+00,1.499309e+00
1.526657e-02,2.997229e+00,1.498619e+00
1.526857e-02,2.995377e+00,1.497693e+00
1.527057e-02,2.993051e+00,1.496530e+00
1.527257e-02,2.990254e+00,1.495131e+00
1.527457e-02,2.986985e+00,1.493497e+00
1.527657e-02,2.983244e+00,1.491627e+00
1.527857e-02,2.979033e+00,1.489521e+00
1.528057e-02,2.974353e+00,1.487181e+00
1.528257e-02,2.969202e+00,1.484606e+00
1.528457e-02,2.963584e+00,1.481796e+00
1.528657e-02,2.957498e+00,1.478753e+00
1.528857e-02,2.950945e+00,1.475477e+00
1.529057e-02,2.943927e+00,1.471968e+00
1.529257e-02,2.936445e+00,1.468227e+00
1.529457e-02,2.928499e+00,1.464254e+00
1.529657e-02,2.920091e+00,1.460050e+00
1.529857e-02,2.911223e+00,1.455616e+00
1.530057e-02,2.901895e+00,1.450952e+00
1.530257e-02,2.892110e+00,1.446059e+00
1.530457e-02,2.881868e+00,1.440938e+00
1.530657e-02,2.871172e+00,1.435590e+00
1.530857e-02,2.860023e+00,1.430016e+00
1.531057e-02,2.848422e+00,1.424216e+00
1.531257e-02,2.836373e+00,1.418191e+00
1.531457e-02,2.823876e+00,1.411942e+00
1.531657e-02,2.810933e+00,1.405471e+00
1.531857e-02,2.797547e+00,1.398778e+00
1.532057e-02,2.783720e+00,1.391864e+00
1.532257e-02,2.769453e+00,1.384731e+00
1.532457e-02,2.754750e+00,1.377379e+00
1.532657e-02,2.739612e+00,1.369810e+00
1.532857e-02,2.724042e+00,1.362025e+00
1.533057e-02,2.708042e+00,1.354025e+00
1.533257e-02,2.691615e+00,1.345811e+00
1.533457e-02,2.674763e+00,1.337386e+00
1.533657e-02,2.657490e+00,1.328749e+00
1.533857e-02,2.639797e+00,1.319902e+00
1.534057e-02,2.621688e+00,1.310848e+00
1.534257e-02,2.603165e+00,1.301586e+00
1.534457e-02,2.584231e+00,1.292120e+00
1.534657e-02,2.564890e+00,1.282449e+00
1.534857e-02,2.545144e+00,1.272576e+00
1.535057e-02,2.524997e+00,1.262502e+00
1.535257e-02,2.504452e+00,1.252230e+00
1.535457e-02,2.483511e+00,1.241759e+00
1.535657e-02,2.462179e+00,1.231093e+00
1.535857e-02,2.440458e+00,1.220233e+00
1.536057e-02,2.418352e+00,1.209180e+00
1.536257e-02,2.395865e+00,1.197936e+00
1.536457e-02,2.372999e+00,1.186503e+00
1.536657e-02,2.349760e+00,1.174883e+00
1.536857e-02,2.326149e+00,1.163078e+00
1.537057e-02,2.302172e+00,1.151089e+00
1.537257e-02,2.277832e+00,1.138919e+00
1.537457e-02,2.253132e+00,1.126569e+00
1.537657e-02,2.228077e+00,1.114042e+00
1.537857e-02,2.202670e+00,1.101338e+00
1.538057e-02,2.176916e+00,1.088461e+00
1.538257e-02,2.150818e+00,1.075412e+00
1.538457e-02,2.124381e+00,1.062194e+00
1.538657e-02,2.097609e+00,1.048808e+00
1.538857e-02,2.070507e+00,1.035256e+00
1.539057e-02,2.043077e+00,1.021542e+00
1.539257e-02,2.015325e+00,1.007666e+00
1.539457e-02,1.987256e+00,9.936307e-01
1.539657e-02,1.958872e+00,9.794391e-01
1.539857e-02,1.930180e+00,9.650929e-01
1.540057e-02,1.901183e+00,9.505945e-01
1.540257e-02,1.871887e+00,9.359461e-01
1.540457e-02,1.842295e+00,9.211501e-01
1.540657e-02,1.812412e+00,9.062088e-01
1.540857e-02,1.782244e+00,8.911245e-01
1.541057e-02,1.751794e+00,8.758997e-01
1.541257e-02,1.721068e+00,8.605366e-01
1.541457e-02,1.690071e+00,8.450379e-01
1.541657e-02,1.658807e+00,8.294058e-01
1.541857e-02,1.627281e+00,8.136429e-01
1.542057e-02,1.595498e+00,7.977516e-01
1.542257e-02,1.563464e+00,7.817344e-01
1.542457e-02,1.531183e+00,7.655940e-01
1.542657e-02,1.498661e+00,7.493328e-01
1.542857e-02,1.465902e+00,7.329533e-01
1.543057e-02,1.432912e+00,7.164583e-01
1.543257e-02,1.399696e+00,6.998502e-01
1.543457e-02,1.366259e+00,6.831317e-01
1.543657e-02,1.332607e+00,6.663055e-01
1.543857e-02,1.298744e+00,6.493741e-01
1.544057e-02,1.264677e+00,6.323403e-01
1.544257e-02,1.230410e+00,6.152068e-01
1.544457e-02,1.195949e+00,5.979762e-01
1.544657e-02,1.161299e+00,5.806513e-01
1.544857e-02,1.126466e+00,5.632347e-01
1.545057e-02,1.091455e+00,5.457294e-01
1.545257e-02,1.056273e+00,5.281379e-01
1.545457e-02,1.020923e+00,5.104631e-01
1.545657e-02,9.854127e-01,4.927078e-01
1.545857e-02,9.497467e-01,4.748748e-01
1.546057e-02,9.139309e-01,4.569668e-01
1.546257e-02,8.779710e-01,4.389868e-01
1.546457e-02,8.418725e-01,4.209375e-01
1.546657e-02,8.056412e-01,4.028218e-01
1.546857e-02,7.692829e-01,3.846426e-01
1.547057e-02,7.328032e-01,3.664027e-01
1.547257e-02,6.962078e-01,3.481050e-01
1.547457e-02,6.595027e-01,3.297523e-01
1.547657e-02,6.226935e-01,3.113477e-01
1.547857e-02,5.857861e-01,2.928939e-01
1.548057e-02,5.487863e-01,2.743940e-01
1.548257e-02,5.116999e-01,2.558507e-01
1.548457e-02,4.745328e-01,2.372671e-01
1.548657e-02,4.372908e-01,2.186461e-01
1.548857e-02,3.999799e-01,1.999905e-01
1.549057e-02,3.626058e-01,1.813035e-01
1.549257e-02,3.251746e-01,1.625878e-01
1.549457e-02,2.876920e-01,1.438464e-01
1.549657e-02,2.501641e-01,1.250824e-01
1.549857e-02,2.125967e-01,1.062987e-01
1.550057e-02,1.749957e-01,8.749814e-02
1.550257e-02,1.373672e-01,6.868381e-02
1.550457e-02,9.971699e-02,4.985865e-02
1.550657e-02,6.205105e-02,3.102562e-02
1.550857e-02,2.437532e-02,1.218770e-02
1.551057e-02,-1.330425e-02,-6.652146e-03
1.551257e-02,-5.098173e-02,-2.549094e-02
1.551457e-02,-8.865116e-02,-4.432571e-02
1.551657e-02,-1.263066e-01,-6.315350e-02
1.551857e-02,-1.639421e-01,-8.197131e-02
1.552057e-02,-2.015518e-01,-1.007762e-01
1.552257e-02,-2.391297e-01,-1.195652e-01
1.552457e-02,-2.766698e-01,-1.383353e-01
1.552657e-02,-3.141663e-01,-1.570836e-01
1.552857e-02,-3.516132e-01,-1.758072e-01
1.553057e-02,-3.890047e-01,-1.945029e-01
1.553257e-02,-4.263348e-01,-2.131681e-01
1.553457e-02,-4.635977e-01,-2.317995e-01
1.553657e-02,-5.007874e-01,-2.503944e-01
1.553857e-02,-5.378981e-01,-2.689499e-01
1.554057e-02,-5.749240e-01,-2.874628e-01
1.554257e-02,-6.118591e-01,-3.059305e-01
1.554457e-02,-6.486978e-01,-3.243499e-01
1.554657e-02,-6.854341e-01,-3.427181e-01
1.554857e-02,-7.220623e-01,-3.610322e-01
1.555057e-02,-7.585766e-01,-3.792894e-01
1.555257e-02,-7.949712e-01,-3.974868e-01
1.555457e-02,-8.312404e-01,-4.156214e-01
1.555657e-02,-8.673784e-01,-4.336905e-01
1.555857e-02,-9.033797e-01,-4.516912e-01
1.556057e-02,-9.392384e-01,-4.696206e-01
1.556257e-02,-9.749490e-01,-4.874760e-01
1.556457e-02,-1.010506e+00,-5.052544e-01
1.556657e-02,-1.045903e+00,-5.229531e-01
1.556857e-02,-1.081135e+00,-5.405694e-01
1.557057e-02,-1.116197e+00,-5.581003e-01
1.557257e-02,-1.151083e+00,-5.755432e-01
1.557457e-02,-1.185787e+00,-5.928954e-01
1.557657e-02,-1.220304e+00,-6.101540e-01
1.557857e-02,-1.254629e+00,-6.273163e-01
1.558057e-02,-1.288756e+00,-6.443797e-01
1.558257e-02,-1.322679e+00,-6.613414e-01
1.558457e-02,-1.356394e+00,-6.781988e-01
1.558657e-02,-1.389894e+00,-6.949492e-01
1.558857e-02,-1.423176e+00,-7.115900e-01
1.559057e-02,-1.456233e+00,-7.281186e-01
1.559257e-02,-1.489060e+00,-7.445322e-01
1.559457e-02,-1.521652e+00,-7.608285e-01
1.559657e-02,-1.554005e+00,-7.770047e-01
1.559857e-02,-1.586112e+00,-7.930583e-01
1.560057e-02,-1.617969e+00,-8.089868e-01
1.560257e-02,-1.649570e+00,-8.247877e-01
1.560457e-02,-1.680912e+00,-8.404585e-01
1.560657e-02,-1.711988e+00,-8.559967e-01
1.560857e-02,-1.742794e+00,-8.713999e-01
1.561057e-02,-1.773326e+00,-8.866656e-01
1.561257e-02,-1.803577e+00,-9.017914e-01
1.561457e-02,-1.833544e+00,-9.167750e-01
1.561657e-02,-1.863222e+00,-9.316139e-01
1.561857e-02,-1.892606e+00,-9.463059e-01
1.562057e-02,-1.921691e+00,-9.608486e-01
1.562257e-02,-1.950474e+00,-9.752397e-01
1.562457e-02,-1.978948e+00,-9.894770e-01
1.562657e-02,-2.007110e+00,-1.003558e+00
1.562857e-02,-2.034956e+00,-1.017481e+00
1.563057e-02,-2.062481e+00,-1.031243e+00
1.563257e-02,-2.089680e+00,-1.044843e+00
1.563457e-02,-2.116550e+00,-1.058278e+00
1.563657e-02,-2.143085e+00,-1.071546e+00
1.563857e-02,-2.169283e+00,-1.084645e+00
1.564057e-02,-2.195139e+00,-1.097573e+00
1.564257e-02,-2.220648e+00,-1.110327e+00
1.564457e-02,-2.245807e+00,-1.122907e+00
1.564657e-02,-2.270611e+00,-1.135309e+00
1.564857e-02,-2.295058e+00,-1.147532e+00
1.565057e-02,-2.319142e+00,-1.159575e+00
1.565257e-02,-2.342861e+00,-1.171434e+00
1.565457e-02,-2.366210e+00,-1.183108e+00
1.565657e-02,-2.389185e+00,-1.194596e+00
1.565857e-02,-2.411784e+00,-1.205896e+00
1.566057e-02,-2.434002e+00,-1.217005e+00
1.566257e-02,-2.455837e+00,-1.227922e+00
1.566457e-02,-2.477283e+00,-1.238645e+00
1.566657e-02,-2.498340e+00,-1.249174e+00
1.566857e-02,-2.519002e+00,-1.259505e+00
1.567057e-02,-2.539266e+00,-1.269637e+00
1.567257e-02,-2.559130e+00,-1.279569e+00
1.567457e-02,-2.578591e+00,-1.289299e+00
1.567657e-02,-2.597644e+00,-1.298826e+00
1.567857e-02,-2.616288e+00,-1.308148e+00
1.568057e-02,-2.634519e+00,-1.317263e+00
1.568257e-02,-2.652334e+00,-1.326171e+00
1.568457e-02,-2.669732e+00,-1.334870e+00
1.568657e-02,-2.686707e+00,-1.343358e+00
1.568857e-02,-2.703259e+00,-1.351634e+00
1.569057e-02,-2.719385e+00,-1.359697e+00
1.569257e-02,-2.735082e+00,-1.367545e+00
1.569457e-02,-2.750347e+00,-1.375178e+00
1.569657e-02,-2.765178e+00,-1.382593e+00
1.569857e-02,-2.779573e+00,-1.389791e+00
1.570057e-02,-2.793530e+00,-1.396769e+00
1.570257e-02,-2.807046e+00,-1.403527e+00
1.570457e-02,-2.820119e+00,-1.410064e+00
1.570657e-02,-2.832747e+00,-1.416378e+00
1.570857e-02,-2.844929e+00,-1.422469e+00
1.571057e-02,-2.856661e+00,-1.428335e+00
1.571257e-02,-2.867943e+00,-1.433976e+00
1.571457e-02,-2.878772e+00,-1.439391e+00
1.571657e-02,-2.889148e+00,-1.444578e+00
1.571857e-02,-2.899067e+00,-1.449538e+00
1.572057e-02,-2.908530e+00,-1.454269e+00
1.572257e-02,-2.917533e+00,-1.458771e+00
1.572457e-02,-2.926076e+00,-1.463043e+00
1.572657e-02,-2.934158e+00,-1.467083e+00
1.572857e-02,-2.941777e+00,-1.470893e+00
1.573057e-02,-2.948931e+00,-1.474470e+00
1.573257e-02,-2.955621e+00,-1.477815e+00
1.573457e-02,-2.961844e+00,-1.480926e+00
1.573657e-02,-2.967600e+00,-1.483804e+00
1.573857e-02,-2.972888e+00,-1.486448e+00
1.574057e-02,-2.977707e+00,-1.488858e+00
1.574257e-02,-2.982056e+00,-1.491032e+00
1.574457e-02,-2.985935e+00,-1.492972e+00
1.574657e-02,-2.989342e+00,-1.494676e+00
1.574857e-02,-2.992278e+00,-1.496144e+00
1.575057e-02,-2.994742e+00,-1.497376e+00
1.575257e-02,-2.996734e+00,-1.498372e+00
1.575457e-02,-2.998253e+00,-1.499131e+00
1.575657e-02,-2.999299e+00,-1.499654e+00
1.575857e-02,-2.999872e+00,-1.499940e+00
1.576057e-02,-2.999971e+00,-1.499990e+00
1.576257e-02,-2.999597e+00,-1.499803e+00
1.576457e-02,-2.998751e+00,-1.499380e+00
1.576657e-02,-2.997431e+00,-1.498720e+00
1.576857e-02,-2.995638e+00,-1.497823e+00
1.577057e-02,-2.993372e+00,-1.496691e+00
1.577257e-02,-2.990635e+00,-1.495322e+00
1.577457e-02,-2.987425e+00,-1.493717e+00
1.577657e-02,-2.983745e+00,-1.491877e+00
1.577857e-02,-2.979593e+00,-1.489801e+00
1.578057e-02,-2.974972e+00,-1.487490e+00
1.578257e-02,-2.969881e+00,-1.484945e+00
1.578457e-02,-2.964322e+00,-1.482166e+00
1.578657e-02,-2.958295e+00,-1.479152e+00
1.578857e-02,-2.951802e+00,-1.475905e+00
1.579057e-02,-2.944843e+00,-1.472426e+00
1.579257e-02,-2.937419e+00,-1.468714e+00
1.579457e-02,-2.929532e+00,-1.464770e+00
1.579657e-02,-2.921183e+00,-1.460596e+00
1.579857e-02,-2.912373e+00,-1.456191e+00
1.580057e-02,-2.903103e+00,-1.451556e+00
1.580257e-02,-2.893376e+00,-1.446692e+00
1.580457e-02,-2.883192e+00,-1.441600e+00
1.580657e-02,-2.872553e+00,-1.436281e+00
1.580857e-02,-2.861462e+00,-1.430735e+00
1.581057e-02,-2.849918e+00,-1.424963e+00
1.581257e-02,-2.837926e+00,-1.418967e+00
1.581457e-02,-2.825485e+00,-1.412747e+00
1.581657e-02,-2.812599e+00,-1.406304e+00
1.581857e-02,-2.799269e+00,-1.399639e+00
1.582057e-02,-2.785497e+00,-1.392753e+00
1.582257e-02,-2.771286e+00,-1.385647e+00
1.582457e-02,-2.756638e+00,-1.378323e+00
1.582657e-02,-2.741555e+00,-1.370782e+00
1.582857e-02,-2.726040e+00,-1.363024e+00
1.583057e-02,-2.710094e+00,-1.355051e+00
1.583257e-02,-2.693721e+00,-1.346865e+00
1.583457e-02,-2.676924e+00,-1.338466e+00
1.583657e-02,-2.659703e+00,-1.329856e+00
1.583857e-02,-2.642063e+00,-1.321036e+00
1.584057e-02,-2.624007e+00,-1.312007e+00
1.584257e-02,-2.605536e+00,-1.302772e+00
1.584457e-02,-2.586655e+00,-1.293331e+00
1.584657e-02,-2.567365e+00,-1.283686e+00
1.584857e-02,-2.547671e+00,-1.273839e+00
1.585057e-02,-2.527574e+00,-1.263791e+00
1.585257e-02,-2.507079e+00,-1.253543e+00
1.585457e-02,-2.486188e+00,-1.243098e+00
1.585657e-02,-2.464905e+00,-1.232456e+00
1.585857e-02,-2.443233e+00,-1.221620e+00
1.586057e-02,-2.421176e+00,-1.210592e+00
1.586257e-02,-2.398737e+00,-1.199372e+00
1.586457e-02,-2.375919e+00,-1.187963e+00
1.586657e-02,-2.352727e+00,-1.176367e+00
1.586857e-02,-2.329164e+00,-1.164585e+00
1.587057e-02,-2.305233e+00,-1.152620e+00
1.587257e-02,-2.280938e+00,-1.140472e+00
1.587457e-02,-2.256284e+00,-1.128145e+00
1.587657e-02,-2.231273e+00,-1.115640e+00
1.587857e-02,-2.205911e+00,-1.102959e+00
1.588057e-02,-2.180201e+00,-1.090104e+00
1.588257e-02,-2.154146e+00,-1.077076e+00
1.588457e-02,-2.127752e+00,-1.063879e+00
1.588657e-02,-2.101023e+00,-1.050514e+00
1.588857e-02,-2.073961e+00,-1.036984e+00
1.589057e-02,-2.046573e+00,-1.023290e+00
1.589257e-02,-2.018862e+00,-1.009434e+00
1.589457e-02,-1.990832e+00,-9.954191e-01
1.589657e-02,-1.962489e+00,-9.812472e-01
1.589857e-02,-1.933835e+00,-9.669205e-01
1.590057e-02,-1.904877e+00,-9.524413e-01
1.590257e-02,-1.875618e+00,-9.378118e-01
1.590457e-02,-1.846063e+00,-9.230344e-01
1.590657e-02,-1.816217e+00,-9.081114e-01
1.590857e-02,-1.786085e+00,-8.930451e-01
1.591057e-02,-1.755671e+00,-8.778379e-01
1.591257e-02,-1.724979e+00,-8.624923e-01
1.591457e-02,-1.694016e+00,-8.470106e-01
1.591657e-02,-1.662786e+00,-8.313953e-01
1.591857e-02,-1.631293e+00,-8.156488e-01
1.592057e-02,-1.599543e+00,-7.997737e-01
1.592257e-02,-1.567540e+00,-7.837724e-01
1.592457e-02,-1.535290e+00,-7.676474e-01
1.592657e-02,-1.502798e+00,-7.514014e-01
1.592857e-02,-1.470069e+00,-7.350368e-01
1.593057e-02,-1.437108e+00,-7.185562e-01
1.593257e-02,-1.403920e+00,-7.019623e-01
1.593457e-02,-1.370511e+00,-6.852577e-01
1.593657e-02,-1.336886e+00,-6.684450e-01
1.593857e-02,-1.303050e+00,-6.515268e-01
1.594057e-02,-1.269008e+00,-6.345059e-01
1.594257e-02,-1.234766e+00,-6.173848e-01
1.594457e-02,-1.200329e+00,-6.001664e-01
1.594657e-02,-1.165703e+00,-5.828533e-01
1.594857e-02,-1.130893e+00,-5.654482e-01
1.595057e-02,-1.095905e+00,-5.479539e-01
1.595257e-02,-1.060743e+00,-5.303732e-01
1.595457e-02,-1.025415e+00,-5.127089e-01
1.595657e-02,-9.899242e-01,-4.949636e-01
1.595857e-02,-9.542777e-01,-4.771403e-01
1.596057e-02,-9.184806e-01,-4.592417e-01
1.596257e-02,-8.825386e-01,-4.412706e-01
1.596457e-02,-8.464574e-01,-4.232300e-01
1.596657e-02,-8.102426e-01,-4.051225e-01
1.596857e-02,-7.739001e-01,-3.869512e-01
1.597057e-02,-7.374354e-01,-3.687188e-01
1.597257e-02,-7.008545e-01,-3.504283e-01
1.597457e-02,-6.641629e-01,-3.320825e-01
1.597657e-02,-6.273666e-01,-3.136843e-01
1.597857e-02,-5.904713e-01,-2.952366e-01
1.598057e-02,-5.534829e-01,-2.767423e-01
1.598257e-02,-5.164072e-01,-2.582044e-01
1.598457e-02,-4.792500e-01,-2.396257e-01
1.598657e-02,-4.420172e-01,-2.210093e-01
1.598857e-02,-4.047146e-01,-2.023579e-01
1.599057e-02,-3.673483e-01,-1.836747e-01
1.599257e-02,-3.299239e-01,-1.649625e-01
1.599457e-02,-2.924476e-01,-1.462242e-01
1.599657e-02,-2.549251e-01,-1.274629e-01
1.599857e-02,-2.173623e-01,-1.086815e-01
1.600057e-02,-1.797653e-01,-8.988294e-02
1.600257e-02,-1.421400e-01,-7.107019e-02
1.600457e-02,-1.044922e-01,-5.224624e-02
1.600657e-02,-6.682790e-02,-3.341405e-02
1.600857e-02,-2.915308e-02,-1.457658e-02
1.601057e-02,8.526338e-03,4.263182e-03
1.601257e-02,4.620441e-02,2.310227e-02
1.601457e-02,8.387519e-02,4.193772e-02
1.601657e-02,1.215327e-01,6.076655e-02
1.601857e-02,1.591711e-01,7.958580e-02
1.602057e-02,1.967844e-01,9.839249e-02
1.602257e-02,2.343666e-01,1.171837e-01
1.602457e-02,2.719119e-01,1.359563e-01
1.602657e-02,3.094142e-01,1.547076e-01
1.602857e-02,3.468678e-01,1.734344e-01
1.603057e-02,3.842666e-01,1.921339e-01
1.603257e-02,4.216048e-01,2.108030e-01
1.603457e-02,4.588765e-01,2.294390e-01
1.603657e-02,4.960758e-01,2.480387e-01
1.603857e-02,5.331969e-01,2.665993e-01
1.604057e-02,5.702339e-01,2.851178e-01
1.604257e-02,6.071808e-01,3.035913e-01
1.604457e-02,6.440320e-01,3.220170e-01
1.604657e-02,6.807817e-01,3.403919e-01
1.604857e-02,7.174239e-01,3.587130e-01
1.605057e-02,7.539529e-01,3.769776e-01
1.605257e-02,7.903630e-01,3.951827e-01
1.605457e-02,8.266484e-01,4.133255e-01
1.605657e-02,8.628035e-01,4.314030e-01
1.605857e-02,8.988224e-01,4.494125e-01
1.606057e-02,9.346995e-01,4.673511e-01
1.606257e-02,9.704292e-01,4.852160e-01
1.606457e-02,1.006006e+00,5.030044e-01
1.606657e-02,1.041424e+00,5.207134e-01
1.606857e-02,1.076677e+00,5.383402e-01
1.607057e-02,1.111761e+00,5.558821e-01
1.607257e-02,1.146669e+00,5.733364e-01
1.607457e-02,1.181397e+00,5.907002e-01
1.607657e-02,1.215938e+00,6.079708e-01
1.607857e-02,1.250287e+00,6.251455e-01
1.608057e-02,1.284439e+00,6.422216e-01
1.608257e-02,1.318389e+00,6.591963e-01
1.608457e-02,1.352130e+00,6.760671e-01
1.608657e-02,1.385658e+00,6.928312e-01
1.608857e-02,1.418968e+00,7.094861e-01
1.609057e-02,1.452054e+00,7.260290e-01
1.609257e-02,1.484910e+00,7.424574e-01
1.609457e-02,1.517533e+00,7.587686e-01
1.609657e-02,1.549916e+00,7.749602e-01
1.609857e-02,1.582054e+00,7.910295e-01
1.610057e-02,1.613943e+00,8.069740e-01
1.610257e-02,1.645578e+00,8.227912e-01
1.610457e-02,1.676952e+00,8.384787e-01
1.610657e-02,1.708063e+00,8.540338e-01
1.610857e-02,1.738903e+00,8.694542e-01
1.611057e-02,1.769470e+00,8.847375e-01
1.611257e-02,1.799757e+00,8.998812e-01
1.611457e-02,1.829760e+00,9.148830e-01
1.611657e-02,1.859475e+00,9.297404e-01
1.611857e-02,1.888897e+00,9.444511e-01
1.612057e-02,1.918020e+00,9.590129e-01
1.612257e-02,1.946841e+00,9.734234e-01
1.612457e-02,1.975355e+00,9.876803e-01
1.612657e-02,2.003557e+00,1.001781e+00
1.612857e-02,2.031443e+00,1.015724e+00
1.613057e-02,2.059008e+00,1.029507e+00
1.613257e-02,2.086249e+00,1.043128e+00
1.613457e-02,2.113161e+00,1.056584e+00
1.613657e-02,2.139739e+00,1.069873e+00
1.613857e-02,2.165980e+00,1.082993e+00
1.614057e-02,2.191879e+00,1.095943e+00
1.614257e-02,2.217432e+00,1.108720e+00
1.614457e-02,2.242636e+00,1.121321e+00
1.614657e-02,2.267486e+00,1.133746e+00
1.614857e-02,2.291978e+00,1.145992e+00
1.615057e-02,2.316108e+00,1.158058e+00
1.615257e-02,2.339873e+00,1.169940e+00
1.615457e-02,2.363269e+00,1.181638e+00
1.615657e-02,2.386293e+00,1.193150e+00
1.615857e-02,2.408939e+00,1.204473e+00
1.616057e-02,2.431206e+00,1.215607e+00
1.616257e-02,2.453089e+00,1.226548e+00
1.616457e-02,2.474585e+00,1.237296e+00
1.616657e-02,2.495691e+00,1.247849e+00
1.616857e-02,2.516403e+00,1.258206e+00
1.617057e-02,2.536719e+00,1.268363e+00
1.617257e-02,2.556634e+00,1.278321e+00
1.617457e-02,2.576145e+00,1.288077e+00
1.617657e-02,2.595251e+00,1.297629e+00
1.617857e-02,2.613947e+00,1.306977e+00
1.618057e-02,2.632230e+00,1.316119e+00
1.618257e-02,2.650098e+00,1.325053e+00
1.618457e-02,2.667549e+00,1.333778e+00
1.618657e-02,2.684578e+00,1.342293e+00
1.618857e-02,2.701184e+00,1.350596e+00
1.619057e-02,2.717364e+00,1.358686e+00
1.619257e-02,2.733115e+00,1.366562e+00
1.619457e-02,2.748435e+00,1.374222e+00
1.619657e-02,2.763322e+00,1.381665e+00
1.619857e-02,2.777772e+00,1.388890e+00
1.620057e-02,2.791784e+00,1.395896e+00
1.620257e-02,2.805356e+00,1.402682e+00
1.620457e-02,2.818486e+00,1.409247e+00
1.620657e-02,2.831171e+00,1.415590e+00
1.620857e-02,2.843409e+00,1.421709e+00
1.621057e-02,2.855198e+00,1.427603e+00
1.621257e-02,2.866537e+00,1.433273e+00
1.621457e-02,2.877424e+00,1.438717e+00
1.621657e-02,2.887857e+00,1.443933e+00
1.621857e-02,2.897835e+00,1.448922e+00
1.622057e-02,2.907355e+00,1.453682e+00
1.622257e-02,2.916417e+00,1.458213e+00
1.622457e-02,2.925019e+00,1.462514e+00
1.622657e-02,2.933159e+00,1.466584e+00
1.622857e-02,2.940836e+00,1.470423e+00
1.623057e-02,2.948050e+00,1.474029e+00
1.623257e-02,2.954798e+00,1.477404e+00
1.623457e-02,2.961081e+00,1.480545e+00
1.623657e-02,2.966896e+00,1.483453e+00
1.623857e-02,2.972243e+00,1.486126e+00
1.624057e-02,2.977122e+00,1.488565e+00
1.624257e-02,2.981530e+00,1.490770e+00
1.624457e-02,2.985469e+00,1.492739e+00
1.624657e-02,2.988936e+00,1.494473e+00
1.624857e-02,2.991932e+00,1.495971e+00
1.625057e-02,2.994456e+00,1.497233e+00
1.625257e-02,2.996508e+00,1.498258e+00
1.625457e-02,2.998087e+00,1.499048e+00
1.625657e-02,2.999192e+00,1.499601e+00
1.625857e-02,2.999825e+00,1.499917e+00
1.626057e-02,2.999985e+00,1.499997e+00
1.626257e-02,2.999671e+00,1.499840e+00
1.626457e-02,2.998884e+00,1.499447e+00
1.626657e-02,2.997624e+00,1.498817e+00
1.626857e-02,2.995891e+00,1.497950e+00
1.627057e-02,2.993686e+00,1.496847e+00
1.627257e-02,2.991008e+00,1.495509e+00
1.627457e-02,2.987858e+00,1.493934e+00
1.627657e-02,2.984238e+00,1.492123e+00
1.627857e-02,2.980146e+00,1.490077e+00
1.628057e-02,2.975584e+00,1.487796e+00
1.628257e-02,2.970553e+00,1.485281e+00
1.628457e-02,2.965053e+00,1.482531e+00
1.628657e-02,2.959085e+00,1.479547e+00
1.628857e-02,2.952651e+00,1.476330e+00
1.629057e-02,2.945751e+00,1.472880e+00
1.629257e-02,2.938386e+00,1.469197e+00
1.629457e-02,2.930558e+00,1.465283e+00
1.629657e-02,2.922267e+00,1.461138e+00
1.629857e-02,2.913515e+00,1.456762e+00
1.630057e-02,2.904304e+00,1.452156e+00
1.630257e-02,2.894635e+00,1.447322e+00
1.630457e-02,2.884509e+00,1.442259e+00
1.630657e-02,2.873928e+00,1.436968e+00
1.630857e-02,2.862893e+00,1.431451e+00
1.631057e-02,2.851407e+00,1.425708e+00
1.631257e-02,2.839471e+00,1.419740e+00
1.631457e-02,2.827087e+00,1.413548e+00
1.631657e-02,2.814257e+00,1.407133e+00
1.631857e-02,2.800984e+00,1.400496e+00
1.632057e-02,2.787268e+00,1.393638e+00
1.632257e-02,2.773113e+00,1.386561e+00
1.632457e-02,2.758520e+00,1.379264e+00
1.632657e-02,2.743492e+00,1.371750e+00
1.632857e-02,2.728031e+00,1.364020e+00
1.633057e-02,2.712140e+00,1.356074e+00
1.633257e-02,2.695821e+00,1.347915e+00
1.633457e-02,2.679077e+00,1.339543e+00
1.633657e-02,2.661910e+00,1.330959e+00
1.633857e-02,2.644323e+00,1.322166e+00
1.634057e-02,2.626320e+00,1.313164e+00
1.634257e-02,2.607901e+00,1.303955e+00
1.634457e-02,2.589072e+00,1.294540e+00
1.634657e-02,2.569834e+00,1.284921e+00
1.634857e-02,2.550190e+00,1.275099e+00
1.635057e-02,2.530145e+00,1.265076e+00
1.635257e-02,2.509700e+00,1.254854e+00
1.635457e-02,2.488859e+00,1.244433e+00
1.635657e-02,2.467625e+00,1.233816e+00
1.635857e-02,2.446003e+00,1.223005e+00
1.636057e-02,2.423994e+00,1.212001e+00
1.636257e-02,2.401603e+00,1.200805e+00
1.636457e-02,2.378834e+00,1.189420e+00
1.636657e-02,2.355689e+00,1.177848e+00
1.636857e-02,2.332172e+00,1.166089e+00
1.637057e-02,2.308287e+00,1.154147e+00
1.637257e-02,2.284039e+00,1.142023e+00
1.637457e-02,2.259430e+00,1.129718e+00
1.637657e-02,2.234464e+00,1.117235e+00
1.637857e-02,2.209146e+00,1.104576e+00
1.638057e-02,2.183480e+00,1.091743e+00
1.638257e-02,2.157469e+00,1.078738e+00
1.638457e-02,2.131118e+00,1.065562e+00
1.638657e-02,2.104430e+00,1.052218e+00
1.638857e-02,2.077411e+00,1.038709e+00
1.639057e-02,2.050064e+00,1.025035e+00
1.639257e-02,2.022394e+00,1.011200e+00
1.639457e-02,1.994404e+00,9.972050e-01
1.639657e-02,1.966100e+00,9.830529e-01
1.639857e-02,1.937486e+00,9.687457e-01
1.640057e-02,1.908566e+00,9.542857e-01
1.640257e-02,1.879345e+00,9.396751e-01
1.640457e-02,1.849827e+00,9.249164e-01
1.640657e-02,1.820018e+00,9.100117e-01
1.640857e-02,1.789921e+00,8.949634e-01
1.641057e-02,1.759543e+00,8.797740e-01
1.641257e-02,1.728886e+00,8.644458e-01
1.641457e-02,1.697957e+00,8.489812e-01
1.641657e-02,1.666760e+00,8.333827e-01
1.641857e-02,1.635300e+00,8.176527e-01
1.642057e-02,1.603583e+00,8.017937e-01
1.642257e-02,1.571612e+00,7.858083e-01
1.642457e-02,1.539393e+00,7.696989e-01
1.642657e-02,1.506932e+00,7.534680e-01
1.642857e-02,1.474232e+00,7.371183e-01
1.643057e-02,1.441300e+00,7.206524e-01
1.643257e-02,1.408141e+00,7.040727e-01
1.643457e-02,1.374760e+00,6.873820e-01
1.643657e-02,1.341162e+00,6.705828e-01
1.643857e-02,1.307352e+00,6.536779e-01
1.644057e-02,1.273336e+00,6.366698e-01
1.644257e-02,1.239119e+00,6.195613e-01
1.644457e-02,1.204706e+00,6.023550e-01
1.644657e-02,1.170104e+00,5.850538e-01
1.644857e-02,1.135317e+00,5.676602e-01
1.645057e-02,1.100351e+00,5.501771e-01
1.645257e-02,1.065211e+00,5.326072e-01
1.645457e-02,1.029904e+00,5.149533e-01
1.645657e-02,9.944333e-01,4.972182e-01
1.645857e-02,9.588063e-01,4.794046e-01
1.646057e-02,9.230279e-01,4.615153e-01
1.646257e-02,8.871040e-01,4.435533e-01
1.646457e-02,8.510401e-01,4.255213e-01
1.646657e-02,8.148420e-01,4.074222e-01
1.646857e-02,7.785153e-01,3.892588e-01
1.647057e-02,7.420658e-01,3.710340e-01
1.647257e-02,7.054993e-01,3.527507e-01
1.647457e-02,6.688215e-01,3.344117e-01
1.647657e-02,6.320381e-01,3.160200e-01
1.647857e-02,5.951551e-01,2.975784e-01
1.648057e-02,5.581781e-01,2.790899e-01
1.648257e-02,5.211132e-01,2.605574e-01
1.648457e-02,4.839660e-01,2.419837e-01
1.648657e-02,4.467424e-01,2.233719e-01
1.648857e-02,4.094484e-01,2.047248e-01
1.649057e-02,3.720898e-01,1.860455e-01
1.649257e-02,3.346725e-01,1.673367e-01
1.649457e-02,2.972024e-01,1.486016e-01
1.649657e-02,2.596854e-01,1.298431e-01
1.649857e-02,2.221275e-01,1.110641e-01
1.650057e-02,1.845345e-01,9.226751e-02
1.650257e-02,1.469124e-01,7.345640e-02
1.650457e-02,1.092671e-01,5.463371e-02
1.650657e-02,7.160457e-02,3.580239e-02
1.650857e-02,3.393076e-02,1.696543e-02
1.651057e-02,-3.748402e-03,-1.874207e-03
1.651257e-02,-4.142697e-02,-2.071355e-02
1.651457e-02,-7.909901e-02,-3.954962e-02
1.651657e-02,-1.167586e-01,-5.837946e-02
1.651857e-02,-1.543997e-01,-7.720009e-02
1.652057e-02,-1.920165e-01,-9.600853e-02
1.652257e-02,-2.296030e-01,-1.148018e-01
1.652457e-02,-2.671533e-01,-1.335770e-01
1.652657e-02,-3.046614e-01,-1.523311e-01
1.652857e-02,-3.421214e-01,-1.710612e-01
1.653057e-02,-3.795275e-01,-1.897643e-01
1.653257e-02,-4.168738e-01,-2.084375e-01
1.653457e-02,-4.541542e-01,-2.270778e-01
1.653657e-02,-4.913630e-01,-2.456823e-01
1.653857e-02,-5.284944e-01,-2.642480e-01
1.654057e-02,-5.655423e-01,-2.827720e-01
1.654257e-02,-6.025010e-01,-3.012514e-01
1.654457e-02,-6.393647e-01,-3.196833e-01
1.654657e-02,-6.761275e-01,-3.380648e-01
1.654857e-02,-7.127837e-01,-3.563929e-01
1.655057e-02,-7.493274e-01,-3.746648e-01
1.655257e-02,-7.857529e-01,-3.928776e-01
1.655457e-02,-8.220544e-01,-4.110284e-01
1.655657e-02,-8.582263e-01,-4.291144e-01
1.655857e-02,-8.942628e-01,-4.471327e-01
1.656057e-02,-9.301582e-01,-4.650805e-01
1.656257e-02,-9.659069e-01,-4.829549e-01
1.656457e-02,-1.001503e+00,-5.007531e-01
1.656657e-02,-1.036941e+00,-5.184723e-01
1.656857e-02,-1.072216e+00,-5.361097e-01
1.657057e-02,-1.107322e+00,-5.536626e-01
1.657257e-02,-1.142253e+00,-5.711281e-01
1.657457e-02,-1.177003e+00,-5.885035e-01
1.657657e-02,-1.211568e+00,-6.057861e-01
1.657857e-02,-1.245942e+00,-6.229731e-01
1.658057e-02,-1.280120e+00,-6.400618e-01
1.658257e-02,-1.314095e+00,-6.570496e-01
1.658457e-02,-1.347863e+00,-6.739337e-01
1.658657e-02,-1.381419e+00,-6.907115e-01
1.658857e-02,-1.414756e+00,-7.073803e-01
1.659057e-02,-1.447871e+00,-7.239376e-01
1.659257e-02,-1.480757e+00,-7.403806e-01
1.659457e-02,-1.513409e+00,-7.567069e-01
1.659657e-02,-1.545823e+00,-7.729138e-01
1.659857e-02,-1.577993e+00,-7.889987e-01
1.660057e-02,-1.609914e+00,-8.049592e-01
1.660257e-02,-1.641580e+00,-8.207927e-01
1.660457e-02,-1.672988e+00,-8.364967e-01
1.660657e-02,-1.704132e+00,-8.520688e-01
1.660857e-02,-1.735008e+00,-8.675064e-01
1.661057e-02,-1.765609e+00,-8.828072e-01
1.661257e-02,-1.795932e+00,-8.979687e-01
1.661457e-02,-1.825972e+00,-9.129886e-01
1.661657e-02,-1.855723e+00,-9.278645e-01
1.661857e-02,-1.885182e+00,-9.425940e-01
1.662057e-02,-1.914344e+00,-9.571747e-01
1.662257e-02,-1.943203e+00,-9.716045e-01
1.662457e-02,-1.971756e+00,-9.858810e-01
1.662657e-02,-1.999998e+00,-1.000002e+00
1.662857e-02,-2.027924e+00,-1.013965e+00
1.663057e-02,-2.055531e+00,-1.027769e+00
1.663257e-02,-2.082813e+00,-1.041410e+00
1.663457e-02,-2.109767e+00,-1.054887e+00
1.663657e-02,-2.136388e+00,-1.068197e+00
1.663857e-02,-2.162671e+00,-1.081339e+00
1.664057e-02,-2.188614e+00,-1.094310e+00
1.664257e-02,-2.214212e+00,-1.107109e+00
1.664457e-02,-2.239460e+00,-1.119733e+00
1.664657e-02,-2.264354e+00,-1.132181e+00
1.664857e-02,-2.288892e+00,-1.144449e+00
1.665057e-02,-2.313069e+00,-1.156538e+00
1.665257e-02,-2.336880e+00,-1.168444e+00
1.665457e-02,-2.360323e+00,-1.180165e+00
1.665657e-02,-2.383394e+00,-1.191701e+00
1.665857e-02,-2.406089e+00,-1.203048e+00
1.666057e-02,-2.428404e+00,-1.214205e+00
1.666257e-02,-2.450336e+00,-1.225172e+00
1.666457e-02,-2.471881e+00,-1.235944e+00
1.666657e-02,-2.493037e+00,-1.246522e+00
1.666857e-02,-2.513799e+00,-1.256903e+00
1.667057e-02,-2.534165e+00,-1.267086e+00
1.667257e-02,-2.554131e+00,-1.277069e+00
1.667457e-02,-2.573694e+00,-1.286851e+00
1.667657e-02,-2.592851e+00,-1.296429e+00
1.667857e-02,-2.611599e+00,-1.305803e+00
1.668057e-02,-2.629935e+00,-1.314971e+00
1.668257e-02,-2.647856e+00,-1.323932e+00
1.668457e-02,-2.665359e+00,-1.332684e+00
1.668657e-02,-2.682442e+00,-1.341225e+00
1.668857e-02,-2.699102e+00,-1.349555e+00
1.669057e-02,-2.715336e+00,-1.357672e+00
1.669257e-02,-2.731142e+00,-1.365575e+00
1.669457e-02,-2.746517e+00,-1.373262e+00
1.669657e-02,-2.761458e+00,-1.380733e+00
1.669857e-02,-2.775964e+00,-1.387986e+00
1.670057e-02,-2.790032e+00,-1.395020e+00
1.670257e-02,-2.803660e+00,-1.401834e+00
1.670457e-02,-2.816846e+00,-1.408427e+00
1.670657e-02,-2.829587e+00,-1.414798e+00
1.670857e-02,-2.841882e+00,-1.420945e+00
1.671057e-02,-2.853728e+00,-1.426868e+00
1.671257e-02,-2.865125e+00,-1.432567e+00
1.671457e-02,-2.876069e+00,-1.438039e+00
1.671657e-02,-2.886560e+00,-1.443284e+00
1.671857e-02,-2.896595e+00,-1.448302e+00
1.672057e-02,-2.906173e+00,-1.453091e+00
1.672257e-02,-2.915293e+00,-1.457651e+00
1.672457e-02,-2.923953e+00,-1.461981e+00
1.672657e-02,-2.932152e+00,-1.466080e+00
1.672857e-02,-2.939888e+00,-1.469949e+00
1.673057e-02,-2.947161e+00,-1.473585e+00
1.673257e-02,-2.953968e+00,-1.476989e+00
1.673457e-02,-2.960310e+00,-1.480159e+00
1.673657e-02,-2.966185e+00,-1.483097e+00
1.673857e-02,-2.971591e+00,-1.485800e+00
1.674057e-02,-2.976529e+00,-1.488269e+00
1.674257e-02,-2.980997e+00,-1.490503e+00
1.674457e-02,-2.984995e+00,-1.492502e+00
1.674657e-02,-2.988523e+00,-1.494266e+00
1.674857e-02,-2.991578e+00,-1.495794e+00
1.675057e-02,-2.994162e+00,-1.497086e+00
1.675257e-02,-2.996274e+00,-1.498141e+00
1.675457e-02,-2.997912e+00,-1.498961e+00
1.675657e-02,-2.999078e+00,-1.499544e+00
1.675857e-02,-2.999771e+00,-1.499890e+00
1.676057e-02,-2.999991e+00,-1.500000e+00
1.676257e-02,-2.999737e+00,-1.499873e+00
1.676457e-02,-2.999010e+00,-1.499510e+00
1.676657e-02,-2.997810e+00,-1.498910e+00
1.676857e-02,-2.996137e+00,-1.498073e+00
1.677057e-02,-2.993992e+00,-1.497000e+00
1.677257e-02,-2.991374e+00,-1.495691e+00
1.677457e-02,-2.988284e+00,-1.494146e+00
1.677657e-02,-2.984723e+00,-1.492366e+00
1.677857e-02,-2.980691e+00,-1.490350e+00
1.678057e-02,-2.976189e+00,-1.488099e+00
1.678257e-02,-2.971217e+00,-1.485613e+00
1.678457e-02,-2.965776e+00,-1.482893e+00
1.678657e-02,-2.959868e+00,-1.479938e+00
1.678857e-02,-2.953493e+00,-1.476751e+00
1.679057e-02,-2.946652e+00,-1.473330e+00
1.679257e-02,-2.939346e+00,-1.469677e+00
1.679457e-02,-2.931576e+00,-1.465792e+00
1.679657e-02,-2.923344e+00,-1.461676e+00
1.679857e-02,-2.914651e+00,-1.457330e+00
1.680057e-02,-2.905498e+00,-1.452753e+00
1.680257e-02,-2.895886e+00,-1.447947e+00
1.680457e-02,-2.885818e+00,-1.442913e+00
1.680657e-02,-2.875294e+00,-1.437652e+00
1.680857e-02,-2.864317e+00,-1.432163e+00
1.681057e-02,-2.852888e+00,-1.426448e+00
1.681257e-02,-2.841009e+00,-1.420509e+00
1.681457e-02,-2.828682e+00,-1.414345e+00
1.681657e-02,-2.815909e+00,-1.407959e+00
1.681857e-02,-2.802691e+00,-1.401350e+00
1.682057e-02,-2.789032e+00,-1.394520e+00
1.682257e-02,-2.774932e+00,-1.387470e+00
1.682457e-02,-2.760394e+00,-1.380201e+00
1.682657e-02,-2.745422e+00,-1.372715e+00
1.682857e-02,-2.730016e+00,-1.365012e+00
1.683057e-02,-2.714179e+00,-1.357094e+00
1.683257e-02,-2.697914e+00,-1.348961e+00
1.683457e-02,-2.681224e+00,-1.340616e+00
1.683657e-02,-2.664110e+00,-1.332059e+00
1.683857e-02,-2.646577e+00,-1.323292e+00
1.684057e-02,-2.628625e+00,-1.314317e+00
1.684257e-02,-2.610260e+00,-1.305134e+00
1.684457e-02,-2.591482e+00,-1.295745e+00
1.684657e-02,-2.572296e+00,-1.286152e+00
1.684857e-02,-2.552703e+00,-1.276356e+00
1.685057e-02,-2.532709e+00,-1.266358e+00
1.685257e-02,-2.512314e+00,-1.256161e+00
1.685457e-02,-2.491523e+00,-1.245765e+00
1.685657e-02,-2.470340e+00,-1.235173e+00
1.685857e-02,-2.448766e+00,-1.224387e+00
1.686057e-02,-2.426806e+00,-1.213407e+00
1.686257e-02,-2.404464e+00,-1.202235e+00
1.686457e-02,-2.381742e+00,-1.190874e+00
1.686657e-02,-2.358644e+00,-1.179326e+00
1.686857e-02,-2.335174e+00,-1.167591e+00
1.687057e-02,-2.311336e+00,-1.155672e+00
1.687257e-02,-2.287134e+00,-1.143570e+00
1.687457e-02,-2.262570e+00,-1.131288e+00
1.687657e-02,-2.237650e+00,-1.118828e+00
1.687857e-02,-2.212376e+00,-1.106191e+00
1.688057e-02,-2.186754e+00,-1.093380e+00
1.688257e-02,-2.160786e+00,-1.080396e+00
1.688457e-02,-2.134478e+00,-1.067242e+00
1.688657e-02,-2.107833e+00,-1.053920e+00
1.688857e-02,-2.080856e+00,-1.040431e+00
1.689057e-02,-2.053550e+00,-1.026778e+00
1.689257e-02,-2.025920e+00,-1.012963e+00
1.689457e-02,-1.997971e+00,-9.989884e-01
1.689657e-02,-1.969706e+00,-9.848561e-01
1.689857e-02,-1.941131e+00,-9.705684e-01
1.690057e-02,-1.912250e+00,-9.561277e-01
1.690257e-02,-1.883066e+00,-9.415361e-01
1.690457e-02,-1.853586e+00,-9.267960e-01
1.690657e-02,-1.823814e+00,-9.119096e-01
1.690857e-02,-1.793754e+00,-8.968795e-01
1.691057e-02,-1.763410e+00,-8.817078e-01
1.691257e-02,-1.732789e+00,-8.663970e-01
1.691457e-02,-1.701894e+00,-8.509496e-01
1.691657e-02,-1.670731e+00,-8.353679e-01
1.691857e-02,-1.639304e+00,-8.196545e-01
1.692057e-02,-1.607619e+00,-8.038118e-01
1.692257e-02,-1.575680e+00,-7.878422e-01
1.692457e-02,-1.543492e+00,-7.717484e-01
1.692657e-02,-1.511061e+00,-7.555328e-01
1.692857e-02,-1.478392e+00,-7.391980e-01
1.693057e-02,-1.445489e+00,-7.227467e-01
1.693257e-02,-1.412358e+00,-7.061813e-01
1.693457e-02,-1.379005e+00,-6.895045e-01
1.693657e-02,-1.345434e+00,-6.727189e-01
1.693857e-02,-1.311651e+00,-6.558272e-01
1.694057e-02,-1.277660e+00,-6.388321e-01
1.694257e-02,-1.243469e+00,-6.217362e-01
1.694457e-02,-1.209081e+00,-6.045422e-01
1.694657e-02,-1.174502e+00,-5.872528e-01
1.694857e-02,-1.139738e+00,-5.698708e-01
1.695057e-02,-1.104794e+00,-5.523989e-01
1.695257e-02,-1.069677e+00,-5.348399e-01
1.695457e-02,-1.034390e+00,-5.171964e-01
1.695657e-02,-9.989399e-01,-4.994714e-01
1.695857e-02,-9.633324e-01,-4.816676e-01
1.696057e-02,-9.275729e-01,-4.637879e-01
1.696257e-02,-8.916671e-01,-4.458349e-01
1.696457e-02,-8.556207e-01,-4.278116e-01
1.696657e-02,-8.194393e-01,-4.097209e-01
1.696857e-02,-7.831286e-01,-3.915655e-01
1.697057e-02,-7.466944e-01,-3.733483e-01
1.697257e-02,-7.101424e-01,-3.550722e-01
1.697457e-02,-6.734783e-01,-3.367402e-01
1.697657e-02,-6.367080e-01,-3.183550e-01
1.697857e-02,-5.998373e-01,-2.999196e-01
1.698057e-02,-5.628719e-01,-2.814368e-01
1.698257e-02,-5.258178e-01,-2.629097e-01
1.698457e-02,-4.886807e-01,-2.443411e-01
1.698657e-02,-4.514665e-01,-2.257339e-01
1.698857e-02,-4.141811e-01,-2.070912e-01
1.699057e-02,-3.768304e-01,-1.884158e-01
1.699257e-02,-3.394202e-01,-1.697106e-01
1.699457e-02,-3.019565e-01,-1.509787e-01
1.699657e-02,-2.644451e-01,-1.322229e-01
1.699857e-02,-2.268920e-01,-1.134463e-01
1.700057e-02,-1.893031e-01,-9.465185e-02
1.700257e-02,-1.516844e-01,-7.584242e-02
1.700457e-02,-1.140417e-01,-5.702103e-02
1.700657e-02,-7.638106e-02,-3.819065e-02
1.700857e-02,-3.870836e-02,-1.935424e-02
1.701057e-02,-1.029543e-03,-5.147731e-04
1.701257e-02,3.664943e-02,1.832477e-02
1.701457e-02,7.432263e-02,3.716142e-02
1.701657e-02,1.119841e-01,5.599222e-02
1.701857e-02,1.496279e-01,7.481417e-02
1.702057e-02,1.872481e-01,9.362433e-02
1.702257e-02,2.248388e-01,1.124197e-01
1.702457e-02,2.623940e-01,1.311974e-01
1.702657e-02,2.999078e-01,1.499543e-01
1.702857e-02,3.373742e-01,1.686876e-01
1.703057e-02,3.747875e-01,1.873943e-01
1.703257e-02,4.121416e-01,2.060714e-01
1.703457e-02,4.494308e-01,2.247161e-01
1.703657e-02,4.866490e-01,2.433252e-01
1.703857e-02,5.237905e-01,2.618960e-01
1.704057e-02,5.608493e-01,2.804255e-01
1.704257e-02,5.978197e-01,2.989107e-01
1.704457e-02,6.346957e-01,3.173488e-01
1.704657e-02,6.714716e-01,3.357368e-01
1.704857e-02,7.081416e-01,3.540719e-01
1.705057e-02,7.446999e-01,3.723511e-01
1.705257e-02,7.811407e-01,3.905715e-01
1.705457e-02,8.174583e-01,4.087304e-01
1.705657e-02,8.536469e-01,4.268248e-01
1.705857e-02,8.897009e-01,4.448518e-01
1.706057e-02,9.256145e-01,4.628086e-01
1.706257e-02,9.613821e-01,4.806925e-01
1.706457e-02,9.969981e-01,4.985005e-01
1.706657e-02,1.032457e+00,5.162299e-01
1.706857e-02,1.067753e+00,5.338779e-01
1.707057e-02,1.102880e+00,5.514416e-01
1.707257e-02,1.137833e+00,5.689183e-01
1.707457e-02,1.172607e+00,5.863053e-01
1.707657e-02,1.207196e+00,6.035998e-01
1.707857e-02,1.241594e+00,6.207991e-01
1.708057e-02,1.275797e+00,6.379004e-01
1.708257e-02,1.309798e+00,6.549011e-01
1.708457e-02,1.343593e+00,6.717986e-01
1.708657e-02,1.377176e+00,6.885900e-01
1.708857e-02,1.410541e+00,7.052728e-01
1.709057e-02,1.443684e+00,7.218443e-01
1.709257e-02,1.476600e+00,7.383020e-01
1.709457e-02,1.509282e+00,7.546432e-01
1.709657e-02,1.541726e+00,7.708654e-01
1.709857e-02,1.573927e+00,7.869659e-01
1.710057e-02,1.605880e+00,8.029423e-01
1.710257e-02,1.637579e+00,8.187921e-01
1.710457e-02,1.669020e+00,8.345126e-01
1.710657e-02,1.700198e+00,8.501016e-01
1.710857e-02,1.731108e+00,8.655564e-01
1.711057e-02,1.761744e+00,8.808747e-01
1.711257e-02,1.792103e+00,8.960540e-01
1.711457e-02,1.822178e+00,9.110920e-01
1.711657e-02,1.851967e+00,9.259862e-01
1.711857e-02,1.881463e+00,9.407344e-01
1.712057e-02,1.910663e+00,9.553342e-01
1.712257e-02,1.939561e+00,9.697832e-01
1.712457e-02,1.968153e+00,9.840793e-01
1.712657e-02,1.996434e+00,9.982201e-01
1.712857e-02,2.024401e+00,1.012203e+00
1.713057e-02,2.052048e+00,1.026027e+00
1.713257e-02,2.079372e+00,1.039689e+00
1.713457e-02,2.106367e+00,1.053187e+00
1.713657e-02,2.133031e+00,1.066519e+00
1.713857e-02,2.159357e+00,1.079682e+00
1.714057e-02,2.185344e+00,1.092675e+00
1.714257e-02,2.210985e+00,1.105496e+00
1.714457e-02,2.236278e+00,1.118142e+00
1.714657e-02,2.261217e+00,1.130612e+00
1.714857e-02,2.285801e+00,1.142904e+00
1.715057e-02,2.310023e+00,1.155015e+00
1.715257e-02,2.333881e+00,1.166944e+00
1.715457e-02,2.357371e+00,1.178689e+00
1.715657e-02,2.380489e+00,1.190248e+00
1.715857e-02,2.403232e+00,1.201619e+00
1.716057e-02,2.425595e+00,1.212801e+00
1.716257e-02,2.447576e+00,1.223792e+00
1.716457e-02,2.469171e+00,1.234589e+00
1.716657e-02,2.490376e+00,1.245192e+00
1.716857e-02,2.511188e+00,1.255598e+00
1.717057e-02,2.531604e+00,1.265806e+00
1.717257e-02,2.551621e+00,1.275814e+00
1.717457e-02,2.571235e+00,1.285622e+00
1.717657e-02,2.590444e+00,1.295226e+00
1.717857e-02,2.609244e+00,1.304626e+00
1.718057e-02,2.627633e+00,1.313820e+00
1.718257e-02,2.645606e+00,1.322807e+00
1.718457e-02,2.663163e+00,1.331585e+00
1.718657e-02,2.680299e+00,1.340154e+00
1.718857e-02,2.697013e+00,1.348511e+00
1.719057e-02,2.713301e+00,1.356655e+00
1.719257e-02,2.729161e+00,1.364585e+00
1.719457e-02,2.744591e+00,1.372300e+00
1.719657e-02,2.759587e+00,1.379798e+00
1.719857e-02,2.774149e+00,1.387079e+00
1.720057e-02,2.788272e+00,1.394140e+00
1.720257e-02,2.801956e+00,1.400982e+00
1.720457e-02,2.815198e+00,1.407603e+00
1.720657e-02,2.827996e+00,1.414002e+00
1.720857e-02,2.840347e+00,1.420178e+00
1.721057e-02,2.852251e+00,1.426130e+00
1.721257e-02,2.863704e+00,1.431857e+00
1.721457e-02,2.874706e+00,1.437357e+00
1.721657e-02,2.885255e+00,1.442632e+00
1.721857e-02,2.895348e+00,1.447678e+00
1.722057e-02,2.904984e+00,1.452496e+00
1.722257e-02,2.914162e+00,1.457086e+00
1.722457e-02,2.922881e+00,1.461445e+00
1.722657e-02,2.931138e+00,1.465573e+00
1.722857e-02,2.938933e+00,1.469471e+00
1.723057e-02,2.946264e+00,1.473137e+00
1.723257e-02,2.953131e+00,1.476570e+00
1.723457e-02,2.959532e+00,1.479770e+00
1.723657e-02,2.965466e+00,1.482737e+00
1.723857e-02,2.970932e+00,1.485470e+00
1.724057e-02,2.975929e+00,1.487969e+00
1.724257e-02,2.980457e+00,1.490233e+00
1.724457e-02,2.984515e+00,1.492262e+00
1.724657e-02,2.988101e+00,1.494055e+00
1.724857e-02,2.991217e+00,1.495613e+00
1.725057e-02,2.993861e+00,1.496935e+00
1.725257e-02,2.996032e+00,1.498021e+00
1.725457e-02,2.997731e+00,1.498870e+00
1.725657e-02,2.998957e+00,1.499483e+00
1.725857e-02,2.999709e+00,1.499859e+00
1.726057e-02,2.999989e+00,1.499999e+00
1.726257e-02,2.999795e+00,1.499902e+00
1.726457e-02,2.999128e+00,1.499569e+00
1.726657e-02,2.997988e+00,1.498999e+00
1.726857e-02,2.996375e+00,1.498192e+00
1.727057e-02,2.994290e+00,1.497149e+00
1.727257e-02,2.991732e+00,1.495870e+00
1.727457e-02,2.988702e+00,1.494355e+00
1.727657e-02,2.985200e+00,1.492605e+00
1.727857e-02,2.981228e+00,1.490619e+00
1.728057e-02,2.976785e+00,1.488397e+00
1.728257e-02,2.971873e+00,1.485941e+00
1.728457e-02,2.966492e+00,1.483251e+00
1.728657e-02,2.960643e+00,1.480326e+00
1.728857e-02,2.954327e+00,1.477168e+00
1.729057e-02,2.947545e+00,1.473777e+00
1.729257e-02,2.940298e+00,1.470153e+00
1.729457e-02,2.932587e+00,1.466298e+00
1.729657e-02,2.924413e+00,1.462211e+00
1.729857e-02,2.915778e+00,1.457894e+00
1.730057e-02,2.906684e+00,1.453346e+00
1.730257e-02,2.897130e+00,1.448569e+00
1.730457e-02,2.887120e+00,1.443564e+00
1.730657e-02,2.876654e+00,1.438331e+00
1.730857e-02,2.865734e+00,1.432871e+00
1.731057e-02,2.854363e+00,1.427186e+00
1.731257e-02,2.842541e+00,1.421275e+00
1.731457e-02,2.830270e+00,1.415139e+00
1.731657e-02,2.817553e+00,1.408781e+00
1.731857e-02,2.804392e+00,1.402200e+00
1.732057e-02,2.790788e+00,1.395398e+00
1.732257e-02,2.776744e+00,1.388376e+00
1.732457e-02,2.762262e+00,1.381135e+00
1.732657e-02,2.747344e+00,1.373676e+00
1.732857e-02,2.731993e+00,1.366001e+00
1.733057e-02,2.716211e+00,1.358109e+00
1.733257e-02,2.700000e+00,1.350004e+00
1.733457e-02,2.683364e+00,1.341686e+00
1.733657e-02,2.666304e+00,1.333156e+00
1.733857e-02,2.648823e+00,1.324416e+00
1.734057e-02,2.630925e+00,1.315466e+00
1.734257e-02,2.612611e+00,1.306310e+00
1.734457e-02,2.593886e+00,1.296947e+00
1.734657e-02,2.574751e+00,1.287379e+00
1.734857e-02,2.555210e+00,1.277609e+00
1.735057e-02,2.535266e+00,1.267637e+00
1.735257e-02,2.514922e+00,1.257465e+00
1.735457e-02,2.494182e+00,1.247095e+00
1.735657e-02,2.473047e+00,1.236527e+00
1.735857e-02,2.451523e+00,1.225765e+00
1.736057e-02,2.429612e+00,1.214810e+00
1.736257e-02,2.407318e+00,1.203663e+00
1.736457e-02,2.384644e+00,1.192326e+00
1.736657e-02,2.361594e+00,1.180800e+00
1.736857e-02,2.338171e+00,1.169089e+00
1.737057e-02,2.314379e+00,1.157193e+00
1.737257e-02,2.290223e+00,1.145115e+00
1.737457e-02,2.265705e+00,1.132856e+00
1.737657e-02,2.240829e+00,1.120418e+00
1.737857e-02,2.215600e+00,1.107803e+00
1.738057e-02,2.190022e+00,1.095014e+00
1.738257e-02,2.164098e+00,1.082052e+00
1.738457e-02,2.137833e+00,1.068920e+00
1.738657e-02,2.111230e+00,1.055618e+00
1.738857e-02,2.084295e+00,1.042150e+00
1.739057e-02,2.057030e+00,1.028518e+00
1.739257e-02,2.029441e+00,1.014724e+00
1.739457e-02,2.001532e+00,1.000769e+00
1.739657e-02,1.973308e+00,9.866567e-01
1.739857e-02,1.944772e+00,9.723887e-01
1.740057e-02,1.915929e+00,9.579672e-01
1.740257e-02,1.886784e+00,9.433946e-01
1.740457e-02,1.857341e+00,9.286732e-01
1.740657e-02,1.827605e+00,9.138053e-01
1.740857e-02,1.797581e+00,8.987932e-01
1.741057e-02,1.767273e+00,8.836394e-01
1.741257e-02,1.736687e+00,8.683461e-01
1.741457e-02,1.705827e+00,8.529159e-01
1.741657e-02,1.674697e+00,8.373511e-01
1.741857e-02,1.643304e+00,8.216542e-01
1.742057e-02,1.611651e+00,8.058277e-01
1.742257e-02,1.579744e+00,7.898741e-01
1.742457e-02,1.547587e+00,7.737959e-01
1.742657e-02,1.515187e+00,7.575956e-01
1.742857e-02,1.482547e+00,7.412758e-01
1.743057e-02,1.449674e+00,7.248391e-01
1.743257e-02,1.416572e+00,7.082880e-01
1.743457e-02,1.383246e+00,6.916252e-01
1.743657e-02,1.349703e+00,6.748533e-01
1.743857e-02,1.315946e+00,6.579749e-01
1.744057e-02,1.281982e+00,6.409928e-01
1.744257e-02,1.247815e+00,6.239095e-01
1.744457e-02,1.213452e+00,6.067278e-01
1.744657e-02,1.178897e+00,5.894503e-01
1.744857e-02,1.144156e+00,5.720799e-01
1.745057e-02,1.109235e+00,5.546193e-01
1.745257e-02,1.074139e+00,5.370711e-01
1.745457e-02,1.038873e+00,5.194383e-01
1.745657e-02,1.003444e+00,5.017235e-01
1.745857e-02,9.678561e-01,4.839295e-01
1.746057e-02,9.321156e-01,4.660592e-01
1.746257e-02,8.962280e-01,4.481154e-01
1.746457e-02,8.601991e-01,4.301008e-01
1.746657e-02,8.240345e-01,4.120185e-01
1.746857e-02,7.877399e-01,3.938711e-01
1.747057e-02,7.513210e-01,3.756616e-01
1.747257e-02,7.147836e-01,3.573929e-01
1.747457e-02,6.781334e-01,3.390677e-01
1.747657e-02,6.413763e-01,3.206891e-01
1.747857e-02,6.045180e-01,3.022599e-01
1.748057e-02,5.675643e-01,2.837830e-01
1.748257e-02,5.305211e-01,2.652614e-01
1.748457e-02,4.933942e-01,2.466978e-01
1.748657e-02,4.561895e-01,2.280954e-01
1.748857e-02,4.189128e-01,2.094570e-01
1.749057e-02,3.815700e-01,1.907856e-01
1.749257e-02,3.441670e-01,1.720840e-01
1.749457e-02,3.067097e-01,1.533553e-01
1.749657e-02,2.692041e-01,1.346025e-01
1.749857e-02,2.316560e-01,1.158283e-01
1.750057e-02,1.940713e-01,9.703595e-02
1.750257e-02,1.564560e-01,7.822825e-02
1.750457e-02,1.188161e-01,5.940821e-02
1.750657e-02,8.115736e-02,4.057880e-02
1.750857e-02,4.348585e-02,2.174299e-02
1.751057e-02,5.807486e-03,2.903752e-03
1.751257e-02,-3.187180e-02,-1.593595e-02
1.751457e-02,-6.954605e-02,-3.477313e-02
1.751657e-02,-1.072093e-01,-5.360483e-02
1.751857e-02,-1.448557e-01,-7.242807e-02
1.752057e-02,-1.824792e-01,-9.123989e-02
1.752257e-02,-2.200740e-01,-1.100373e-01
1.752457e-02,-2.576340e-01,-1.288174e-01
1.752657e-02,-2.951534e-01,-1.475771e-01
1.752857e-02,-3.326262e-01,-1.663136e-01
1.753057e-02,-3.700465e-01,-1.850238e-01
1.753257e-02,-4.074085e-01,-2.037049e-01
1.753457e-02,-4.447062e-01,-2.223538e-01
1.753657e-02,-4.819337e-01,-2.409676e-01
1.753857e-02,-5.190852e-01,-2.595434e-01
1.754057e-02,-5.561549e-01,-2.780783e-01
1.754257e-02,-5.931368e-01,-2.965693e-01
1.754457e-02,-6.300251e-01,-3.150135e-01
1.754657e-02,-6.668140e-01,-3.334080e-01
1.754857e-02,-7.034978e-01,-3.517500e-01
1.755057e-02,-7.400706e-01,-3.700364e-01
1.755257e-02,-7.765266e-01,-3.882645e-01
1.755457e-02,-8.128601e-01,-4.064313e-01
1.755657e-02,-8.490654e-01,-4.245340e-01
1.755857e-02,-8.851368e-01,-4.425697e-01
1.756057e-02,-9.210685e-01,-4.605356e-01
1.756257e-02,-9.568549e-01,-4.784289e-01
1.756457e-02,-9.924904e-01,-4.962467e-01
1.756657e-02,-1.027969e+00,-5.139862e-01
1.756857e-02,-1.063286e+00,-5.316446e-01
1.757057e-02,-1.098435e+00,-5.492192e-01
1.757257e-02,-1.133411e+00,-5.667071e-01
1.757457e-02,-1.168208e+00,-5.841056e-01
1.757657e-02,-1.202820e+00,-6.014120e-01
1.757857e-02,-1.237243e+00,-6.186235e-01
1.758057e-02,-1.271471e+00,-6.357374e-01
1.758257e-02,-1.305498e+00,-6.527511e-01
1.758457e-02,-1.339319e+00,-6.696617e-01
1.758657e-02,-1.372929e+00,-6.864667e-01
1.758857e-02,-1.406323e+00,-7.031634e-01
1.759057e-02,-1.439494e+00,-7.197492e-01
1.759257e-02,-1.472439e+00,-7.362215e-01
1.759457e-02,-1.505151e+00,-7.525776e-01
1.759657e-02,-1.537625e+00,-7.688150e-01
1.759857e-02,-1.569858e+00,-7.849311e-01
1.760057e-02,-1.601842e+00,-8.009234e-01
1.760257e-02,-1.633574e+00,-8.167894e-01
1.760457e-02,-1.665048e+00,-8.325265e-01
1.760657e-02,-1.696259e+00,-8.481322e-01
1.760857e-02,-1.727203e+00,-8.636042e-01
1.761057e-02,-1.757875e+00,-8.789399e-01
1.761257e-02,-1.788269e+00,-8.941370e-01
1.761457e-02,-1.818381e+00,-9.091930e-01
1.761657e-02,-1.848206e+00,-9.241056e-01
1.761857e-02,-1.877739e+00,-9.388724e-01
1.762057e-02,-1.906977e+00,-9.534911e-01
1.762257e-02,-1.935913e+00,-9.679594e-01
1.762457e-02,-1.964544e+00,-9.822750e-01
1.762657e-02,-1.992865e+00,-9.964357e-01
1.762857e-02,-2.020872e+00,-1.010439e+00
1.763057e-02,-2.048560e+00,-1.024283e+00
1.763257e-02,-2.075925e+00,-1.037966e+00
1.763457e-02,-2.102963e+00,-1.051484e+00
1.763657e-02,-2.129668e+00,-1.064837e+00
1.763857e-02,-2.156038e+00,-1.078022e+00
1.764057e-02,-2.182067e+00,-1.091037e+00
1.764257e-02,-2.207753e+00,-1.103880e+00
1.764457e-02,-2.233090e+00,-1.116548e+00
1.764657e-02,-2.258075e+00,-1.129041e+00
1.764857e-02,-2.282703e+00,-1.141355e+00
1.765057e-02,-2.306972e+00,-1.153489e+00
1.765257e-02,-2.330876e+00,-1.165442e+00
1.765457e-02,-2.354413e+00,-1.177210e+00
1.765657e-02,-2.377578e+00,-1.188793e+00
1.765857e-02,-2.400369e+00,-1.200188e+00
1.766057e-02,-2.422781e+00,-1.211394e+00
1.766257e-02,-2.444810e+00,-1.222409e+00
1.766457e-02,-2.466454e+00,-1.233231e+00
1.766657e-02,-2.487709e+00,-1.243858e+00
1.766857e-02,-2.508571e+00,-1.254289e+00
1.767057e-02,-2.529038e+00,-1.264523e+00
1.767257e-02,-2.549105e+00,-1.274556e+00
1.767457e-02,-2.568771e+00,-1.284389e+00
1.767657e-02,-2.588031e+00,-1.294019e+00
1.767857e-02,-2.606883e+00,-1.303445e+00
1.768057e-02,-2.625324e+00,-1.312666e+00
1.768257e-02,-2.643350e+00,-1.321679e+00
1.768457e-02,-2.660960e+00,-1.330484e+00
1.768657e-02,-2.678150e+00,-1.339079e+00
1.768857e-02,-2.694917e+00,-1.347463e+00
1.769057e-02,-2.711259e+00,-1.355634e+00
1.769257e-02,-2.727174e+00,-1.363591e+00
1.769457e-02,-2.742658e+00,-1.371333e+00
1.769657e-02,-2.757710e+00,-1.378859e+00
1.769857e-02,-2.772327e+00,-1.386167e+00
1.770057e-02,-2.786506e+00,-1.393257e+00
1.770257e-02,-2.800246e+00,-1.400127e+00
1.770457e-02,-2.813544e+00,-1.406776e+00
1.770657e-02,-2.826398e+00,-1.413203e+00
1.770857e-02,-2.838806e+00,-1.419407e+00
1.771057e-02,-2.850766e+00,-1.425387e+00
1.771257e-02,-2.862277e+00,-1.431143e+00
1.771457e-02,-2.873336e+00,-1.436672e+00
1.771657e-02,-2.883942e+00,-1.441975e+00
1.771857e-02,-2.894093e+00,-1.447051e+00
1.772057e-02,-2.903788e+00,-1.451898e+00
1.772257e-02,-2.913024e+00,-1.456516e+00
1.772457e-02,-2.921801e+00,-1.460905e+00
1.772657e-02,-2.930117e+00,-1.465063e+00
1.772857e-02,-2.937970e+00,-1.468990e+00
1.773057e-02,-2.945361e+00,-1.472685e+00
1.773257e-02,-2.952286e+00,-1.476147e+00
1.773457e-02,-2.958746e+00,-1.479377e+00
1.773657e-02,-2.964739e+00,-1.482374e+00
1.773857e-02,-2.970264e+00,-1.485137e+00
1.774057e-02,-2.975321e+00,-1.487665e+00
1.774257e-02,-2.979909e+00,-1.489959e+00
1.774457e-02,-2.984026e+00,-1.492018e+00
1.774657e-02,-2.987673e+00,-1.493841e+00
1.774857e-02,-2.990848e+00,-1.495429e+00
1.775057e-02,-2.993552e+00,-1.496780e+00
1.775257e-02,-2.995783e+00,-1.497896e+00
1.775457e-02,-2.997542e+00,-1.498775e+00
1.775657e-02,-2.998827e+00,-1.499418e+00
1.775857e-02,-2.999640e+00,-1.499825e+00
1.776057e-02,-2.999980e+00,-1.499994e+00
1.776257e-02,-2.999846e+00,-1.499928e+00
1.776457e-02,-2.999239e+00,-1.499624e+00
1.776657e-02,-2.998159e+00,-1.499084e+00
1.776857e-02,-2.996606e+00,-1.498308e+00
1.777057e-02,-2.994580e+00,-1.497295e+00
1.777257e-02,-2.992082e+00,-1.496046e+00
1.777457e-02,-2.989112e+00,-1.494561e+00
1.777657e-02,-2.985670e+00,-1.492840e+00
1.777857e-02,-2.981758e+00,-1.490883e+00
1.778057e-02,-2.977375e+00,-1.488692e+00
1.778257e-02,-2.972522e+00,-1.486265e+00
1.778457e-02,-2.967200e+00,-1.483605e+00
1.778657e-02,-2.961411e+00,-1.480710e+00
1.778857e-02,-2.955154e+00,-1.477581e+00
1.779057e-02,-2.948431e+00,-1.474220e+00
1.779257e-02,-2.941243e+00,-1.470626e+00
1.779457e-02,-2.933590e+00,-1.466800e+00
1.779657e-02,-2.925475e+00,-1.462742e+00
1.779857e-02,-2.916899e+00,-1.458454e+00
1.780057e-02,-2.907862e+00,-1.453936e+00
1.780257e-02,-2.898367e+00,-1.449188e+00
1.780457e-02,-2.888414e+00,-1.444212e+00
1.780657e-02,-2.878006e+00,-1.439007e+00
1.780857e-02,-2.867144e+00,-1.433576e+00
1.781057e-02,-2.855830e+00,-1.427919e+00
1.781257e-02,-2.844065e+00,-1.422037e+00
1.781457e-02,-2.831851e+00,-1.415930e+00
1.781657e-02,-2.819190e+00,-1.409599e+00
1.781857e-02,-2.806085e+00,-1.403047e+00
1.782057e-02,-2.792538e+00,-1.396273e+00
1.782257e-02,-2.778549e+00,-1.389279e+00
1.782457e-02,-2.764123e+00,-1.382065e+00
1.782657e-02,-2.749260e+00,-1.374634e+00
1.782857e-02,-2.733964e+00,-1.366986e+00
1.783057e-02,-2.718236e+00,-1.359122e+00
1.783257e-02,-2.702079e+00,-1.351044e+00
1.783457e-02,-2.685497e+00,-1.342752e+00
1.783657e-02,-2.668490e+00,-1.334249e+00
1.783857e-02,-2.651063e+00,-1.325535e+00
1.784057e-02,-2.633217e+00,-1.316613e+00
1.784257e-02,-2.614956e+00,-1.307482e+00
1.784457e-02,-2.596283e+00,-1.298145e+00
1.784657e-02,-2.577200e+00,-1.288604e+00
1.784857e-02,-2.557710e+00,-1.278859e+00
1.785057e-02,-2.537817e+00,-1.268912e+00
1.785257e-02,-2.517524e+00,-1.258766e+00
1.785457e-02,-2.496833e+00,-1.248420e+00
1.785657e-02,-2.475749e+00,-1.237878e+00
1.785857e-02,-2.454274e+00,-1.227141e+00
1.786057e-02,-2.432412e+00,-1.216210e+00
1.786257e-02,-2.410166e+00,-1.205087e+00
1.786457e-02,-2.387540e+00,-1.193774e+00
1.786657e-02,-2.364537e+00,-1.182272e+00
1.786857e-02,-2.341161e+00,-1.170584e+00
1.787057e-02,-2.317416e+00,-1.158712e+00
1.787257e-02,-2.293306e+00,-1.146656e+00
1.787457e-02,-2.268833e+00,-1.134420e+00
1.787657e-02,-2.244003e+00,-1.122005e+00
1.787857e-02,-2.218819e+00,-1.109413e+00
1.788057e-02,-2.193285e+00,-1.096646e+00
1.788257e-02,-2.167404e+00,-1.083705e+00
1.788457e-02,-2.141182e+00,-1.070594e+00
1.788657e-02,-2.114622e+00,-1.057314e+00
1.788857e-02,-2.087728e+00,-1.043867e+00
1.789057e-02,-2.060506e+00,-1.030256e+00
1.789257e-02,-2.032958e+00,-1.016482e+00
1.789457e-02,-2.005089e+00,-1.002547e+00
1.789657e-02,-1.976904e+00,-9.884549e-01
1.789857e-02,-1.948407e+00,-9.742065e-01
1.790057e-02,-1.919603e+00,-9.598043e-01
1.790257e-02,-1.890496e+00,-9.452508e-01
1.790457e-02,-1.861091e+00,-9.305481e-01
1.790657e-02,-1.831392e+00,-9.156986e-01
1.790857e-02,-1.801404e+00,-9.007047e-01
1.791057e-02,-1.771132e+00,-8.855687e-01
1.791257e-02,-1.740581e+00,-8.702930e-01
1.791457e-02,-1.709755e+00,-8.548800e-01
1.791657e-02,-1.678659e+00,-8.393321e-01
1.791857e-02,-1.647299e+00,-8.236519e-01
1.792057e-02,-1.615679e+00,-8.078417e-01
1.792257e-02,-1.583803e+00,-7.919041e-01
1.792457e-02,-1.551678e+00,-7.758415e-01
1.792657e-02,-1.519309e+00,-7.596566e-01
1.792857e-02,-1.486699e+00,-7.433518e-01
1.793057e-02,-1.453855e+00,-7.269297e-01
1.793257e-02,-1.420782e+00,-7.103930e-01
1.793457e-02,-1.387484e+00,-6.937442e-01
1.793657e-02,-1.353968e+00,-6.769860e-01
1.793857e-02,-1.320238e+00,-6.601210e-01
1.794057e-02,-1.286300e+00,-6.431518e-01
1.794257e-02,-1.252159e+00,-6.260812e-01
1.794457e-02,-1.217820e+00,-6.089118e-01
1.794657e-02,-1.183289e+00,-5.916464e-01
1.794857e-02,-1.148572e+00,-5.742876e-01
1.795057e-02,-1.113673e+00,-5.568383e-01
1.795257e-02,-1.078599e+00,-5.393011e-01
1.795457e-02,-1.043354e+00,-5.216788e-01
1.795657e-02,-1.007945e+00,-5.039742e-01
1.795857e-02,-9.723773e-01,-4.861901e-01
1.796057e-02,-9.366559e-01,-4.683293e-01
1.796257e-02,-9.007867e-01,-4.503947e-01
1.796457e-02,-8.647753e-01,-4.323890e-01
1.796657e-02,-8.286276e-01,-4.143151e-01
1.796857e-02,-7.923492e-01,-3.961758e-01
1.797057e-02,-7.559457e-01,-3.779740e-01
1.797257e-02,-7.194230e-01,-3.597126e-01
1.797457e-02,-6.827869e-01,-3.413945e-01
1.797657e-02,-6.460430e-01,-3.230225e-01
1.797857e-02,-6.091972e-01,-3.045995e-01
1.798057e-02,-5.722553e-01,-2.861285e-01
1.798257e-02,-5.352231e-01,-2.676123e-01
1.798457e-02,-4.981065e-01,-2.490540e-01
1.798657e-02,-4.609113e-01,-2.304563e-01
1.798857e-02,-4.236434e-01,-2.118223e-01
1.799057e-02,-3.863087e-01,-1.931549e-01
1.799257e-02,-3.489130e-01,-1.744570e-01
1.799457e-02,-3.114623e-01,-1.557316e-01
1.799657e-02,-2.739624e-01,-1.369816e-01
1.799857e-02,-2.364194e-01,-1.182100e-01
1.800057e-02,-1.988390e-01,-9.941980e-02
1.800257e-02,-1.612273e-01,-8.061388e-02
1.800457e-02,-1.235901e-01,-6.179524e-02
1.800657e-02,-8.593345e-02,-4.296686e-02
1.800857e-02,-4.826324e-02,-2.413169e-02
1.801057e-02,-1.058541e-02,-5.292723e-03
1.801257e-02,2.709408e-02,1.354708e-02
1.801457e-02,6.476931e-02,3.238475e-02
1.801657e-02,1.024343e-01,5.121731e-02
1.801857e-02,1.400832e-01,7.004179e-02
1.802057e-02,1.777099e-01,8.885522e-02
1.802257e-02,2.153086e-01,1.076546e-01
1.802457e-02,2.528734e-01,1.264371e-01
1.802657e-02,2.903982e-01,1.451995e-01
1.802857e-02,3.278773e-01,1.639391e-01
1.803057e-02,3.653046e-01,1.826528e-01
1.803257e-02,4.026743e-01,2.013377e-01
1.803457e-02,4.399805e-01,2.199909e-01
1.803657e-02,4.772172e-01,2.386093e-01
1.803857e-02,5.143787e-01,2.571901e-01
1.804057e-02,5.514591e-01,2.757304e-01
1.804257e-02,5.884524e-01,2.942271e-01
1.804457e-02,6.253529e-01,3.126774e-01
1.804657e-02,6.621548e-01,3.310784e-01
1.804857e-02,6.988522e-01,3.494271e-01
1.805057e-02,7.354394e-01,3.677208e-01
1.805257e-02,7.719105e-01,3.859564e-01
1.805457e-02,8.082599e-01,4.041312e-01
1.805657e-02,8.444818e-01,4.222421e-01
1.805857e-02,8.805704e-01,4.402865e-01
1.806057e-02,9.165202e-01,4.582615e-01
1.806257e-02,9.523253e-01,4.761641e-01
1.806457e-02,9.879803e-01,4.939916e-01
1.806657e-02,1.023479e+00,5.117412e-01
1.806857e-02,1.058817e+00,5.294101e-01
1.807057e-02,1.093988e+00,5.469954e-01
1.807257e-02,1.128986e+00,5.644945e-01
1.807457e-02,1.163805e+00,5.819045e-01
1.807657e-02,1.198442e+00,5.992227e-01
1.807857e-02,1.232889e+00,6.164464e-01
1.808057e-02,1.267142e+00,6.335728e-01
1.808257e-02,1.301195e+00,6.505993e-01
1.808457e-02,1.335042e+00,6.675232e-01
1.808657e-02,1.368679e+00,6.843417e-01
1.808857e-02,1.402100e+00,7.010523e-01
1.809057e-02,1.435300e+00,7.176523e-01
1.809257e-02,1.468274e+00,7.341391e-01
1.809457e-02,1.501016e+00,7.505101e-01
1.809657e-02,1.533521e+00,7.667627e-01
1.809857e-02,1.565784e+00,7.828943e-01
1.810057e-02,1.597800e+00,7.989025e-01
1.810257e-02,1.629564e+00,8.147846e-01
1.810457e-02,1.661071e+00,8.305381e-01
1.810657e-02,1.692316e+00,8.461607e-01
1.810857e-02,1.723294e+00,8.616498e-01
1.811057e-02,1.754001e+00,8.770029e-01
1.811257e-02,1.784430e+00,8.922177e-01
1.811457e-02,1.814578e+00,9.072917e-01
1.811657e-02,1.844440e+00,9.222227e-01
1.811857e-02,1.874011e+00,9.370081e-01
1.812057e-02,1.903286e+00,9.516457e-01
1.812257e-02,1.932261e+00,9.661332e-01
1.812457e-02,1.960931e+00,9.804683e-01
1.812657e-02,1.989291e+00,9.946487e-01
1.812857e-02,2.017338e+00,1.008672e+00
1.813057e-02,2.045067e+00,1.022537e+00
1.813257e-02,2.072473e+00,1.036240e+00
1.813457e-02,2.099552e+00,1.049779e+00
1.813657e-02,2.126300e+00,1.063153e+00
1.813857e-02,2.152713e+00,1.076360e+00
1.814057e-02,2.178786e+00,1.089396e+00
1.814257e-02,2.204515e+00,1.102261e+00
1.814457e-02,2.229896e+00,1.114952e+00
1.814657e-02,2.254926e+00,1.127466e+00
1.814857e-02,2.279600e+00,1.139803e+00
1.815057e-02,2.303914e+00,1.151961e+00
1.815257e-02,2.327865e+00,1.163936e+00
1.815457e-02,2.351449e+00,1.175728e+00
1.815657e-02,2.374662e+00,1.187334e+00
1.815857e-02,2.397500e+00,1.198754e+00
1.816057e-02,2.419960e+00,1.209984e+00
1.816257e-02,2.442038e+00,1.221023e+00
1.816457e-02,2.463731e+00,1.231869e+00
1.816657e-02,2.485035e+00,1.242521e+00
1.816857e-02,2.505947e+00,1.252977e+00
1.817057e-02,2.526464e+00,1.263236e+00
1.817257e-02,2.546583e+00,1.273295e+00
1.817457e-02,2.566299e+00,1.283154e+00
1.817657e-02,2.585611e+00,1.292809e+00
1.817857e-02,2.604515e+00,1.302261e+00
1.818057e-02,2.623008e+00,1.311508e+00
1.818257e-02,2.641087e+00,1.320548e+00
1.818457e-02,2.658750e+00,1.329379e+00
1.818657e-02,2.675993e+00,1.338001e+00
1.818857e-02,2.692814e+00,1.346411e+00
1.819057e-02,2.709211e+00,1.354609e+00
1.819257e-02,2.725180e+00,1.362594e+00
1.819457e-02,2.740719e+00,1.370363e+00
1.819657e-02,2.755825e+00,1.377917e+00
1.819857e-02,2.770497e+00,1.385253e+00
1.820057e-02,2.784732e+00,1.392370e+00
1.820257e-02,2.798528e+00,1.399268e+00
1.820457e-02,2.811882e+00,1.405945e+00
1.820657e-02,2.824792e+00,1.412400e+00
1.820857e-02,2.837257e+00,1.418633e+00
1.821057e-02,2.849275e+00,1.424642e+00
1.821257e-02,2.860842e+00,1.430426e+00
1.821457e-02,2.871959e+00,1.435984e+00
1.821657e-02,2.882622e+00,1.441316e+00
1.821857e-02,2.892831e+00,1.446420e+00
1.822057e-02,2.902584e+00,1.451296e+00
1.822257e-02,2.911878e+00,1.455943e+00
1.822457e-02,2.920713e+00,1.460361e+00
1.822657e-02,2.929088e+00,1.464548e+00
1.822857e-02,2.937000e+00,1.468504e+00
1.823057e-02,2.944449e+00,1.472229e+00
1.823257e-02,2.951434e+00,1.475721e+00
1.823457e-02,2.957953e+00,1.478981e+00
1.823657e-02,2.964005e+00,1.482007e+00
1.823857e-02,2.969590e+00,1.484799e+00
1.824057e-02,2.974706e+00,1.487357e+00
1.824257e-02,2.979353e+00,1.489681e+00
1.824457e-02,2.983530e+00,1.491770e+00
1.824657e-02,2.987236e+00,1.493623e+00
1.824857e-02,2.990472e+00,1.495240e+00
1.825057e-02,2.993235e+00,1.496622e+00
1.825257e-02,2.995526e+00,1.497768e+00
1.825457e-02,2.997345e+00,1.498677e+00
1.825657e-02,2.998691e+00,1.499350e+00
1.825857e-02,2.999563e+00,1.499786e+00
1.826057e-02,2.999963e+00,1.499986e+00
1.826257e-02,2.999889e+00,1.499949e+00
1.826457e-02,2.999342e+00,1.499676e+00
1.826657e-02,2.998322e+00,1.499166e+00
1.826857e-02,2.996829e+00,1.498419e+00
1.827057e-02,2.994863e+00,1.497436e+00
1.827257e-02,2.992425e+00,1.496217e+00
1.827457e-02,2.989515e+00,1.494762e+00
1.827657e-02,2.986133e+00,1.493071e+00
1.827857e-02,2.982280e+00,1.491144e+00
1.828057e-02,2.977957e+00,1.488983e+00
1.828257e-02,2.973163e+00,1.486586e+00
1.828457e-02,2.967901e+00,1.483955e+00
1.828657e-02,2.962171e+00,1.481090e+00
1.828857e-02,2.955973e+00,1.477991e+00
1.829057e-02,2.949309e+00,1.474659e+00
1.829257e-02,2.942180e+00,1.471094e+00
1.829457e-02,2.934586e+00,1.467298e+00
1.829657e-02,2.926530e+00,1.463269e+00
1.829857e-02,2.918012e+00,1.459010e+00
1.830057e-02,2.909034e+00,1.454521e+00
1.830257e-02,2.899596e+00,1.449803e+00
1.830457e-02,2.889702e+00,1.444855e+00
1.830657e-02,2.879351e+00,1.439680e+00
1.830857e-02,2.868546e+00,1.434278e+00
1.831057e-02,2.857289e+00,1.428649e+00
1.831257e-02,2.845581e+00,1.422795e+00
1.831457e-02,2.833424e+00,1.416716e+00
1.831657e-02,2.820821e+00,1.410414e+00
1.831857e-02,2.807772e+00,1.403890e+00
1.832057e-02,2.794280e+00,1.397144e+00
1.832257e-02,2.780347e+00,1.390178e+00
1.832457e-02,2.765976e+00,1.382992e+00
1.832657e-02,2.751169e+00,1.375588e+00
1.832857e-02,2.735927e+00,1.367968e+00
1.833057e-02,2.720254e+00,1.360131e+00
1.833257e-02,2.704152e+00,1.352080e+00
1.833457e-02,2.687623e+00,1.343815e+00
1.833657e-02,2.670670e+00,1.335339e+00
1.833857e-02,2.653296e+00,1.326652e+00
1.834057e-02,2.635503e+00,1.317756e+00
1.834257e-02,2.617295e+00,1.308651e+00
1.834457e-02,2.598674e+00,1.299341e+00
1.834657e-02,2.579642e+00,1.289825e+00
1.834857e-02,2.560204e+00,1.280106e+00
1.835057e-02,2.540362e+00,1.270185e+00
1.835257e-02,2.520119e+00,1.260063e+00
1.835457e-02,2.499479e+00,1.249743e+00
1.835657e-02,2.478444e+00,1.239226e+00
1.835857e-02,2.457019e+00,1.228513e+00
1.836057e-02,2.435205e+00,1.217606e+00
1.836257e-02,2.413008e+00,1.206508e+00
1.836457e-02,2.390430e+00,1.195219e+00
1.836657e-02,2.367475e+00,1.183741e+00
1.836857e-02,2.344146e+00,1.172077e+00
1.837057e-02,2.320448e+00,1.160227e+00
1.837257e-02,2.296383e+00,1.148195e+00
1.837457e-02,2.271957e+00,1.135982e+00
1.837657e-02,2.247171e+00,1.123589e+00
1.837857e-02,2.222032e+00,1.111019e+00
1.838057e-02,2.196542e+00,1.098274e+00
1.838257e-02,2.170705e+00,1.085356e+00
1.838457e-02,2.144526e+00,1.072266e+00
1.838657e-02,2.118008e+00,1.059007e+00
1.838857e-02,2.091157e+00,1.045582e+00
1.839057e-02,2.063976e+00,1.031991e+00
1.839257e-02,2.036469e+00,1.018237e+00
1.839457e-02,2.008640e+00,1.004323e+00
1.839657e-02,1.980495e+00,9.902506e-01
1.839857e-02,1.952038e+00,9.760218e-01
1.840057e-02,1.923272e+00,9.616390e-01
1.840257e-02,1.894203e+00,9.471045e-01
1.840457e-02,1.864836e+00,9.324206e-01
1.840657e-02,1.835174e+00,9.175896e-01
1.840857e-02,1.805222e+00,9.026139e-01
1.841057e-02,1.774986e+00,8.874958e-01
1.841257e-02,1.744470e+00,8.722377e-01
1.841457e-02,1.713679e+00,8.568419e-01
1.841657e-02,1.682617e+00,8.413110e-01
1.841857e-02,1.651290e+00,8.256474e-01
1.842057e-02,1.619702e+00,8.098536e-01
1.842257e-02,1.587859e+00,7.939320e-01
1.842457e-02,1.555766e+00,7.778851e-01
1.842657e-02,1.523427e+00,7.617156e-01
1.842857e-02,1.490847e+00,7.454258e-01
1.843057e-02,1.458033e+00,7.290185e-01
1.843257e-02,1.424988e+00,7.124962e-01
1.843457e-02,1.391719e+00,6.958615e-01
1.843657e-02,1.358230e+00,6.791170e-01
1.843857e-02,1.324527e+00,6.622653e-01
1.844057e-02,1.290615e+00,6.453092e-01
1.844257e-02,1.256499e+00,6.282513e-01
1.844457e-02,1.222185e+00,6.110943e-01
1.844657e-02,1.187678e+00,5.938409e-01
1.844857e-02,1.152984e+00,5.764939e-01
1.845057e-02,1.118108e+00,5.590558e-01
1.845257e-02,1.083056e+00,5.415296e-01
1.845457e-02,1.047833e+00,5.239180e-01
1.845657e-02,1.012444e+00,5.062237e-01
1.845857e-02,9.768961e-01,4.884495e-01
1.846057e-02,9.411938e-01,4.705983e-01
1.846257e-02,9.053430e-01,4.526728e-01
1.846457e-02,8.693494e-01,4.346760e-01
1.846657e-02,8.332186e-01,4.166106e-01
1.846857e-02,7.969565e-01,3.984794e-01
1.847057e-02,7.605685e-01,3.802854e-01
1.847257e-02,7.240607e-01,3.620314e-01
1.847457e-02,6.874385e-01,3.437203e-01
1.847657e-02,6.507080e-01,3.253550e-01
1.847857e-02,6.138748e-01,3.069383e-01
1.848057e-02,5.769448e-01,2.884732e-01
1.848257e-02,5.399237e-01,2.699627e-01
1.848457e-02,5.028175e-01,2.514095e-01
1.848657e-02,4.656319e-01,2.328167e-01
1.848857e-02,4.283729e-01,2.141871e-01
1.849057e-02,3.910463e-01,1.955237e-01
1.849257e-02,3.536581e-01,1.768296e-01
1.849457e-02,3.162140e-01,1.581075e-01
1.849657e-02,2.787201e-01,1.393604e-01
1.849857e-02,2.411821e-01,1.205914e-01
1.850057e-02,2.036062e-01,1.018034e-01
1.850257e-02,1.659981e-01,8.299930e-02
1.850457e-02,1.283638e-01,6.418211e-02
1.850657e-02,9.070933e-02,4.535480e-02
1.850857e-02,5.304051e-02,2.652033e-02
1.851057e-02,1.536332e-02,7.681681e-03
1.851257e-02,-2.231630e-02,-1.115818e-02
1.851457e-02,-5.999239e-02,-2.999629e-02
1.851657e-02,-9.765902e-02,-4.882966e-02
1.851857e-02,-1.353102e-01,-6.765533e-02
1.852057e-02,-1.729401e-01,-8.647032e-02
1.852257e-02,-2.105427e-01,-1.052717e-01
1.852457e-02,-2.481121e-01,-1.240564e-01
1.852657e-02,-2.856423e-01,-1.428216e-01
1.852857e-02,-3.231275e-01,-1.615642e-01
1.853057e-02,-3.605617e-01,-1.802814e-01
1.853257e-02,-3.979391e-01,-1.989701e-01
1.853457e-02,-4.352536e-01,-2.176275e-01
1.853657e-02,-4.724995e-01,-2.362505e-01
1.853857e-02,-5.096709e-01,-2.548362e-01
1.854057e-02,-5.467618e-01,-2.733817e-01
1.854257e-02,-5.837665e-01,-2.918841e-01
1.854457e-02,-6.206791e-01,-3.103405e-01
1.854657e-02,-6.574938e-01,-3.287479e-01
1.854857e-02,-6.942048e-01,-3.471034e-01
1.855057e-02,-7.308063e-01,-3.654042e-01
1.855257e-02,-7.672925e-01,-3.836474e-01
1.855457e-02,-8.036576e-01,-4.018300e-01
1.855657e-02,-8.398960e-01,-4.199492e-01
1.855857e-02,-8.760018e-01,-4.380022e-01
1.856057e-02,-9.119695e-01,-4.559861e-01
1.856257e-02,-9.477933e-01,-4.738981e-01
1.856457e-02,-9.834676e-01,-4.917353e-01
1.856657e-02,-1.018987e+00,-5.094949e-01
1.856857e-02,-1.054345e+00,-5.271742e-01
1.857057e-02,-1.089537e+00,-5.447702e-01
1.857257e-02,-1.124557e+00,-5.622804e-01
1.857457e-02,-1.159400e+00,-5.797019e-01
1.857657e-02,-1.194060e+00,-5.970319e-01
1.857857e-02,-1.228532e+00,-6.142677e-01
1.858057e-02,-1.262809e+00,-6.314066e-01
1.858257e-02,-1.296888e+00,-6.484459e-01
1.858457e-02,-1.330762e+00,-6.653829e-01
1.858657e-02,-1.364426e+00,-6.822150e-01
1.858857e-02,-1.397875e+00,-6.989394e-01
1.859057e-02,-1.431103e+00,-7.155536e-01
1.859257e-02,-1.464105e+00,-7.320549e-01
1.859457e-02,-1.496877e+00,-7.484407e-01
1.859657e-02,-1.529412e+00,-7.647085e-01
1.859857e-02,-1.561706e+00,-7.808556e-01
1.860057e-02,-1.593754e+00,-7.968795e-01
1.860257e-02,-1.625551e+00,-8.127777e-01
1.860457e-02,-1.657091e+00,-8.285477e-01
1.860657e-02,-1.688369e+00,-8.441870e-01
1.860857e-02,-1.719381e+00,-8.596932e-01
1.861057e-02,-1.750122e+00,-8.750637e-01
1.861257e-02,-1.780587e+00,-8.902962e-01
1.861457e-02,-1.810771e+00,-9.053882e-01
1.861657e-02,-1.840669e+00,-9.203374e-01
1.861857e-02,-1.870277e+00,-9.351414e-01
1.862057e-02,-1.899590e+00,-9.497979e-01
1.862257e-02,-1.928603e+00,-9.643045e-01
1.862457e-02,-1.957312e+00,-9.786591e-01
1.862657e-02,-1.985713e+00,-9.928592e-01
1.862857e-02,-2.013799e+00,-1.006903e+00
1.863057e-02,-2.041569e+00,-1.020787e+00
1.863257e-02,-2.069016e+00,-1.034511e+00
1.863457e-02,-2.096137e+00,-1.048072e+00
1.863657e-02,-2.122927e+00,-1.061467e+00
1.863857e-02,-2.149382e+00,-1.074694e+00
1.864057e-02,-2.175499e+00,-1.087753e+00
1.864257e-02,-2.201272e+00,-1.100639e+00
1.864457e-02,-2.226697e+00,-1.113352e+00
1.864657e-02,-2.251772e+00,-1.125889e+00
1.864857e-02,-2.276491e+00,-1.138249e+00
1.865057e-02,-2.300851e+00,-1.150429e+00
1.865257e-02,-2.324848e+00,-1.162428e+00
1.865457e-02,-2.348479e+00,-1.174243e+00
1.865657e-02,-2.371739e+00,-1.185873e+00
1.865857e-02,-2.394625e+00,-1.197316e+00
1.866057e-02,-2.417133e+00,-1.208570e+00
1.866257e-02,-2.439260e+00,-1.219633e+00
1.866457e-02,-2.461002e+00,-1.230504e+00
1.866657e-02,-2.482355e+00,-1.241181e+00
1.866857e-02,-2.503317e+00,-1.251662e+00
1.867057e-02,-2.523885e+00,-1.261946e+00
1.867257e-02,-2.544054e+00,-1.272031e+00
1.867457e-02,-2.563822e+00,-1.281915e+00
1.867657e-02,-2.583185e+00,-1.291596e+00
1.867857e-02,-2.602141e+00,-1.301074e+00
1.868057e-02,-2.620686e+00,-1.310347e+00
1.868257e-02,-2.638818e+00,-1.319413e+00
1.868457e-02,-2.656534e+00,-1.328271e+00
1.868657e-02,-2.673830e+00,-1.336919e+00
1.868857e-02,-2.690705e+00,-1.345357e+00
1.869057e-02,-2.707155e+00,-1.353582e+00
1.869257e-02,-2.723179e+00,-1.361593e+00
1.869457e-02,-2.738772e+00,-1.369390e+00
1.869657e-02,-2.753934e+00,-1.376971e+00
1.869857e-02,-2.768661e+00,-1.384335e+00
1.870057e-02,-2.782951e+00,-1.391480e+00
1.870257e-02,-2.796803e+00,-1.398406e+00
1.870457e-02,-2.810213e+00,-1.405111e+00
1.870657e-02,-2.823180e+00,-1.411594e+00
1.870857e-02,-2.835701e+00,-1.417855e+00
1.871057e-02,-2.847776e+00,-1.423892e+00
1.871257e-02,-2.859401e+00,-1.429705e+00
1.871457e-02,-2.870574e+00,-1.435292e+00
1.871657e-02,-2.881295e+00,-1.440652e+00
1.871857e-02,-2.891562e+00,-1.445785e+00
1.872057e-02,-2.901372e+00,-1.450691e+00
1.872257e-02,-2.910725e+00,-1.455367e+00
1.872457e-02,-2.919618e+00,-1.459814e+00
1.872657e-02,-2.928051e+00,-1.464030e+00
1.872857e-02,-2.936022e+00,-1.468016e+00
1.873057e-02,-2.943530e+00,-1.471770e+00
1.873257e-02,-2.950574e+00,-1.475291e+00
1.873457e-02,-2.957152e+00,-1.478580e+00
1.873657e-02,-2.963263e+00,-1.481636e+00
1.873857e-02,-2.968907e+00,-1.484458e+00
1.874057e-02,-2.974083e+00,-1.487046e+00
1.874257e-02,-2.978790e+00,-1.489399e+00
1.874457e-02,-2.983026e+00,-1.491518e+00
1.874657e-02,-2.986793e+00,-1.493401e+00
1.874857e-02,-2.990087e+00,-1.495048e+00
1.875057e-02,-2.992911e+00,-1.496460e+00
1.875257e-02,-2.995262e+00,-1.497635e+00
1.875457e-02,-2.997140e+00,-1.498575e+00
1.875657e-02,-2.998546e+00,-1.499278e+00
1.875857e-02,-2.999479e+00,-1.499744e+00
1.876057e-02,-2.999938e+00,-1.499974e+00
1.876257e-02,-2.999925e+00,-1.499967e+00
1.876457e-02,-2.999438e+00,-1.499723e+00
1.876657e-02,-2.998478e+00,-1.499243e+00
1.876857e-02,-2.997045e+00,-1.498527e+00
1.877057e-02,-2.995139e+00,-1.497574e+00
1.877257e-02,-2.992761e+00,-1.496385e+00
1.877457e-02,-2.989910e+00,-1.494960e+00
1.877657e-02,-2.986588e+00,-1.493298e+00
1.877857e-02,-2.982795e+00,-1.491402e+00
1.878057e-02,-2.978531e+00,-1.489270e+00
1.878257e-02,-2.973797e+00,-1.486903e+00
1.878457e-02,-2.968594e+00,-1.484302e+00
1.878657e-02,-2.962923e+00,-1.481466e+00
1.878857e-02,-2.956785e+00,-1.478397e+00
1.879057e-02,-2.950180e+00,-1.475094e+00
1.879257e-02,-2.943109e+00,-1.471559e+00
1.879457e-02,-2.935575e+00,-1.467792e+00
1.879657e-02,-2.927577e+00,-1.463793e+00
1.879857e-02,-2.919118e+00,-1.459563e+00
1.880057e-02,-2.910198e+00,-1.455103e+00
1.880257e-02,-2.900818e+00,-1.450414e+00
1.880457e-02,-2.890982e+00,-1.445495e+00
1.880657e-02,-2.880689e+00,-1.440349e+00
1.880857e-02,-2.869942e+00,-1.434975e+00
1.881057e-02,-2.858742e+00,-1.429375e+00
1.881257e-02,-2.847091e+00,-1.423550e+00
1.881457e-02,-2.834991e+00,-1.417500e+00
1.881657e-02,-2.822443e+00,-1.411226e+00
1.881857e-02,-2.809451e+00,-1.404730e+00
1.882057e-02,-2.796015e+00,-1.398012e+00
1.882257e-02,-2.782138e+00,-1.391073e+00
1.882457e-02,-2.767823e+00,-1.383915e+00
1.882657e-02,-2.753070e+00,-1.376539e+00
1.882857e-02,-2.737884e+00,-1.368946e+00
1.883057e-02,-2.722265e+00,-1.361137e+00
1.883257e-02,-2.706217e+00,-1.353113e+00
1.883457e-02,-2.689742e+00,-1.344875e+00
1.883657e-02,-2.672843e+00,-1.336426e+00
1.883857e-02,-2.655522e+00,-1.327765e+00
1.884057e-02,-2.637783e+00,-1.318895e+00
1.884257e-02,-2.619627e+00,-1.309817e+00
1.884457e-02,-2.601058e+00,-1.300533e+00
1.884657e-02,-2.582078e+00,-1.291043e+00
1.884857e-02,-2.562691e+00,-1.281350e+00
1.885057e-02,-2.542900e+00,-1.271454e+00
1.885257e-02,-2.522708e+00,-1.261358e+00
1.885457e-02,-2.502118e+00,-1.251063e+00
1.885657e-02,-2.481133e+00,-1.240570e+00
1.885857e-02,-2.459757e+00,-1.229882e+00
1.886057e-02,-2.437993e+00,-1.219000e+00
1.886257e-02,-2.415844e+00,-1.207926e+00
1.886457e-02,-2.393314e+00,-1.196661e+00
1.886657e-02,-2.370406e+00,-1.185207e+00
1.886857e-02,-2.347125e+00,-1.173566e+00
1.887057e-02,-2.323473e+00,-1.161740e+00
1.887257e-02,-2.299455e+00,-1.149731e+00
1.887457e-02,-2.275074e+00,-1.137540e+00
1.887657e-02,-2.250334e+00,-1.125170e+00
1.887857e-02,-2.225239e+00,-1.112623e+00
1.888057e-02,-2.199793e+00,-1.099900e+00
1.888257e-02,-2.174000e+00,-1.087003e+00
1.888457e-02,-2.147864e+00,-1.073935e+00
1.888657e-02,-2.121390e+00,-1.060698e+00
1.888857e-02,-2.094580e+00,-1.047293e+00
1.889057e-02,-2.067440e+00,-1.033723e+00
1.889257e-02,-2.039974e+00,-1.019990e+00
1.889457e-02,-2.012187e+00,-1.006096e+00
1.889657e-02,-1.984082e+00,-9.920437e-01
1.889857e-02,-1.955663e+00,-9.778346e-01
1.890057e-02,-1.926937e+00,-9.634712e-01
1.890257e-02,-1.897906e+00,-9.489558e-01
1.890457e-02,-1.868576e+00,-9.342908e-01
1.890657e-02,-1.838951e+00,-9.194783e-01
1.890857e-02,-1.809036e+00,-9.045208e-01
1.891057e-02,-1.778836e+00,-8.894206e-01
1.891257e-02,-1.748355e+00,-8.741801e-01
1.891457e-02,-1.717598e+00,-8.588017e-01
1.891657e-02,-1.686571e+00,-8.432878e-01
1.891857e-02,-1.655277e+00,-8.276409e-01
1.892057e-02,-1.623722e+00,-8.118634e-01
1.892257e-02,-1.591911e+00,-7.959579e-01
1.892457e-02,-1.559849e+00,-7.799268e-01
1.892657e-02,-1.527541e+00,-7.637726e-01
1.892857e-02,-1.494991e+00,-7.474980e-01
1.893057e-02,-1.462206e+00,-7.311054e-01
1.893257e-02,-1.429191e+00,-7.145976e-01
1.893457e-02,-1.395950e+00,-6.979769e-01
1.893657e-02,-1.362488e+00,-6.812462e-01
1.893857e-02,-1.328812e+00,-6.644080e-01
1.894057e-02,-1.294926e+00,-6.474650e-01
1.894257e-02,-1.260836e+00,-6.304199e-01
1.894457e-02,-1.226547e+00,-6.132753e-01
1.894657e-02,-1.192064e+00,-5.960340e-01
1.894857e-02,-1.157394e+00,-5.786986e-01
1.895057e-02,-1.122541e+00,-5.612720e-01
1.895257e-02,-1.087510e+00,-5.437568e-01
1.895457e-02,-1.052308e+00,-5.261558e-01
1.895657e-02,-1.016941e+00,-5.084718e-01
1.895857e-02,-9.814124e-01,-4.907077e-01
1.896057e-02,-9.457293e-01,-4.728661e-01
1.896257e-02,-9.098970e-01,-4.549499e-01
1.896457e-02,-8.739212e-01,-4.369619e-01
1.896657e-02,-8.378075e-01,-4.189050e-01
1.896857e-02,-8.015617e-01,-4.007821e-01
1.897057e-02,-7.651894e-01,-3.825959e-01
1.897257e-02,-7.286964e-01,-3.643493e-01
1.897457e-02,-6.920885e-01,-3.460453e-01
1.897657e-02,-6.553714e-01,-3.276867e-01
1.897857e-02,-6.185509e-01,-3.092764e-01
1.898057e-02,-5.816328e-01,-2.908173e-01
1.898257e-02,-5.446229e-01,-2.723123e-01
1.898457e-02,-5.075272e-01,-2.537644e-01
1.898657e-02,-4.703514e-01,-2.351764e-01
1.898857e-02,-4.331013e-01,-2.165513e-01
1.899057e-02,-3.957830e-01,-1.978921e-01
1.899257e-02,-3.584022e-01,-1.792017e-01
1.899457e-02,-3.209649e-01,-1.604829e-01
1.899657e-02,-2.834770e-01,-1.417389e-01
1.899857e-02,-2.459443e-01,-1.229725e-01
1.900057e-02,-2.083729e-01,-1.041867e-01
1.900257e-02,-1.707685e-01,-8.538452e-02
1.900457e-02,-1.331372e-01,-6.656882e-02
1.900657e-02,-9.548497e-02,-4.774263e-02
1.900857e-02,-5.781764e-02,-2.890890e-02
1.901057e-02,-2.014118e-02,-1.007062e-02
1.901257e-02,1.753846e-02,8.769255e-03
1.901457e-02,5.521533e-02,2.760775e-02
1.901657e-02,9.288349e-02,4.644188e-02
1.901857e-02,1.305370e-01,6.526869e-02
1.902057e-02,1.681699e-01,8.408521e-02
1.902257e-02,2.057763e-01,1.028885e-01
1.902457e-02,2.433502e-01,1.216755e-01
1.902657e-02,2.808857e-01,1.404433e-01
1.902857e-02,3.183770e-01,1.591890e-01
1.903057e-02,3.558180e-01,1.779095e-01
1.903257e-02,3.932028e-01,1.966020e-01
1.903457e-02,4.305257e-01,2.152635e-01
1.903657e-02,4.677806e-01,2.338910e-01
1.903857e-02,5.049617e-01,2.524816e-01
1.904057e-02,5.420632e-01,2.710324e-01
1.904257e-02,5.790792e-01,2.895405e-01
1.904457e-02,6.160038e-01,3.080028e-01
1.904657e-02,6.528312e-01,3.264166e-01
1.904857e-02,6.895557e-01,3.447789e-01
1.905057e-02,7.261713e-01,3.630868e-01
1.905257e-02,7.626725e-01,3.813374e-01
1.905457e-02,7.990533e-01,3.995278e-01
1.905657e-02,8.353080e-01,4.176553e-01
1.905857e-02,8.714310e-01,4.357168e-01
1.906057e-02,9.074165e-01,4.537096e-01
1.906257e-02,9.432589e-01,4.716309e-01
1.906457e-02,9.789524e-01,4.894777e-01
1.906657e-02,1.014492e+00,5.072473e-01
1.906857e-02,1.049871e+00,5.249369e-01
1.907057e-02,1.085084e+00,5.425437e-01
1.907257e-02,1.120126e+00,5.600649e-01
1.907457e-02,1.154992e+00,5.774978e-01
1.907657e-02,1.189675e+00,5.948395e-01
1.907857e-02,1.224171e+00,6.120874e-01
1.908057e-02,1.258474e+00,6.292388e-01
1.908257e-02,1.292578e+00,6.462909e-01
1.908457e-02,1.326478e+00,6.632410e-01
1.908657e-02,1.360169e+00,6.800865e-01
1.908857e-02,1.393645e+00,6.968248e-01
1.909057e-02,1.426902e+00,7.134531e-01
1.909257e-02,1.459933e+00,7.299688e-01
1.909457e-02,1.492734e+00,7.463694e-01
1.909657e-02,1.525300e+00,7.626523e-01
1.909857e-02,1.557625e+00,7.788148e-01
1.910057e-02,1.589704e+00,7.948545e-01
1.910257e-02,1.621533e+00,8.107688e-01
1.910457e-02,1.653106e+00,8.265552e-01
1.910657e-02,1.684417e+00,8.422112e-01
1.910857e-02,1.715464e+00,8.577344e-01
1.911057e-02,1.746239e+00,8.731222e-01
1.911257e-02,1.776739e+00,8.883723e-01
1.911457e-02,1.806959e+00,9.034823e-01
1.911657e-02,1.836894e+00,9.184498e-01
1.911857e-02,1.866539e+00,9.332723e-01
1.912057e-02,1.895890e+00,9.479476e-01
1.912257e-02,1.924941e+00,9.624734e-01
1.912457e-02,1.953689e+00,9.768474e-01
1.912657e-02,1.982129e+00,9.910672e-01
1.912857e-02,2.010255e+00,1.005131e+00
1.913057e-02,2.038065e+00,1.019036e+00
1.913257e-02,2.065554e+00,1.032780e+00
1.913457e-02,2.092716e+00,1.046361e+00
1.913657e-02,2.119548e+00,1.059777e+00
1.913857e-02,2.146046e+00,1.073026e+00
1.914057e-02,2.172206e+00,1.086106e+00
1.914257e-02,2.198023e+00,1.099015e+00
1.914457e-02,2.223493e+00,1.111750e+00
1.914657e-02,2.248612e+00,1.124309e+00
1.914857e-02,2.273376e+00,1.136692e+00
1.915057e-02,2.297782e+00,1.148895e+00
1.915257e-02,2.321826e+00,1.160916e+00
1.915457e-02,2.345503e+00,1.172755e+00
1.915657e-02,2.368810e+00,1.184409e+00
1.915857e-02,2.391744e+00,1.195875e+00
1.916057e-02,2.414300e+00,1.207153e+00
1.916257e-02,2.436475e+00,1.218241e+00
1.916457e-02,2.458266e+00,1.229137e+00
1.916657e-02,2.479669e+00,1.239838e+00
1.916857e-02,2.500681e+00,1.250344e+00
1.917057e-02,2.521299e+00,1.260653e+00
1.917257e-02,2.541518e+00,1.270763e+00
1.917457e-02,2.561337e+00,1.280672e+00
1.917657e-02,2.580752e+00,1.290380e+00
1.917857e-02,2.599760e+00,1.299884e+00
1.918057e-02,2.618357e+00,1.309183e+00
1.918257e-02,2.636542e+00,1.318275e+00
1.918457e-02,2.654310e+00,1.327159e+00
1.918657e-02,2.671660e+00,1.335834e+00
1.918857e-02,2.688589e+00,1.344298e+00
1.919057e-02,2.705093e+00,1.352551e+00
1.919257e-02,2.721170e+00,1.360589e+00
1.919457e-02,2.736819e+00,1.368413e+00
1.919657e-02,2.752035e+00,1.376022e+00
1.919857e-02,2.766818e+00,1.383413e+00
1.920057e-02,2.781164e+00,1.390586e+00
1.920257e-02,2.795071e+00,1.397540e+00
1.920457e-02,2.808537e+00,1.404273e+00
1.920657e-02,2.821560e+00,1.410784e+00
1.920857e-02,2.834138e+00,1.417073e+00
1.921057e-02,2.846269e+00,1.423139e+00
1.921257e-02,2.857951e+00,1.428980e+00
1.921457e-02,2.869183e+00,1.434596e+00
1.921657e-02,2.879961e+00,1.439985e+00
1.921857e-02,2.890285e+00,1.445147e+00
1.922057e-02,2.900154e+00,1.450081e+00
1.922257e-02,2.909564e+00,1.454787e+00
1.922457e-02,2.918516e+00,1.459262e+00
1.922657e-02,2.927008e+00,1.463508e+00
1.922857e-02,2.935037e+00,1.467523e+00
1.923057e-02,2.942604e+00,1.471306e+00
1.923257e-02,2.949706e+00,1.474858e+00
1.923457e-02,2.956343e+00,1.478176e+00
1.923657e-02,2.962514e+00,1.481262e+00
1.923857e-02,2.968218e+00,1.484113e+00
1.924057e-02,2.973453e+00,1.486731e+00
1.924257e-02,2.978219e+00,1.489114e+00
1.924457e-02,2.982515e+00,1.491262e+00
1.924657e-02,2.986341e+00,1.493175e+00
1.924857e-02,2.989696e+00,1.494852e+00
1.925057e-02,2.992579e+00,1.496294e+00
1.925257e-02,2.994990e+00,1.497499e+00
1.925457e-02,2.996928e+00,1.498469e+00
1.925657e-02,2.998394e+00,1.499202e+00
1.925857e-02,2.999387e+00,1.499698e+00
1.926057e-02,2.999906e+00,1.499958e+00
1.926257e-02,2.999953e+00,1.499981e+00
1.926457e-02,2.999526e+00,1.499767e+00
1.926657e-02,2.998626e+00,1.499317e+00
1.926857e-02,2.997253e+00,1.498631e+00
1.927057e-02,2.995407e+00,1.497708e+00
1.927257e-02,2.993088e+00,1.496549e+00
1.927457e-02,2.990298e+00,1.495153e+00
1.927657e-02,2.987035e+00,1.493522e+00
1.927857e-02,2.983302e+00,1.491655e+00
1.928057e-02,2.979098e+00,1.489553e+00
1.928257e-02,2.974423e+00,1.487216e+00
1.928457e-02,2.969280e+00,1.484644e+00
1.928657e-02,2.963668e+00,1.481839e+00
1.928857e-02,2.957589e+00,1.478799e+00
1.929057e-02,2.951043e+00,1.475526e+00
1.929257e-02,2.944032e+00,1.472020e+00
1.929457e-02,2.936556e+00,1.468282e+00
1.929657e-02,2.928617e+00,1.464313e+00
1.929857e-02,2.920216e+00,1.460112e+00
1.930057e-02,2.911354e+00,1.455681e+00
1.930257e-02,2.902033e+00,1.451021e+00
1.930457e-02,2.892254e+00,1.446131e+00
1.930657e-02,2.882019e+00,1.441014e+00
1.930857e-02,2.871330e+00,1.435669e+00
1.931057e-02,2.860187e+00,1.430098e+00
1.931257e-02,2.848593e+00,1.424301e+00
1.931457e-02,2.836550e+00,1.418279e+00
1.931657e-02,2.824059e+00,1.412034e+00
1.931857e-02,2.811123e+00,1.405566e+00
1.932057e-02,2.797743e+00,1.398876e+00
1.932257e-02,2.783922e+00,1.391965e+00
1.932457e-02,2.769662e+00,1.384835e+00
1.932657e-02,2.754965e+00,1.377487e+00
1.932857e-02,2.739833e+00,1.369921e+00
1.933057e-02,2.724269e+00,1.362139e+00
1.933257e-02,2.708276e+00,1.354142e+00
1.933457e-02,2.691855e+00,1.345932e+00
1.933657e-02,2.675009e+00,1.337509e+00
1.933857e-02,2.657742e+00,1.328875e+00
1.934057e-02,2.640055e+00,1.320032e+00
1.934257e-02,2.621952e+00,1.310980e+00
1.934457e-02,2.603435e+00,1.301721e+00
1.934657e-02,2.584507e+00,1.292258e+00
1.934857e-02,2.565172e+00,1.282590e+00
1.935057e-02,2.545432e+00,1.272720e+00
1.935257e-02,2.525291e+00,1.262649e+00
1.935457e-02,2.504751e+00,1.252379e+00
1.935657e-02,2.483816e+00,1.241912e+00
1.935857e-02,2.462489e+00,1.231248e+00
1.936057e-02,2.440774e+00,1.220391e+00
1.936257e-02,2.418674e+00,1.209340e+00
1.936457e-02,2.396192e+00,1.198099e+00
1.936657e-02,2.373332e+00,1.186669e+00
1.936857e-02,2.350098e+00,1.175052e+00
1.937057e-02,2.326493e+00,1.163250e+00
1.937257e-02,2.302521e+00,1.151264e+00
1.937457e-02,2.278185e+00,1.139096e+00
1.937657e-02,2.253491e+00,1.126749e+00
1.937857e-02,2.228441e+00,1.114224e+00
1.938057e-02,2.203039e+00,1.101523e+00
1.938257e-02,2.177290e+00,1.088648e+00
1.938457e-02,2.151197e+00,1.075602e+00
1.938657e-02,2.124765e+00,1.062386e+00
1.938857e-02,2.097998e+00,1.049002e+00
1.939057e-02,2.070900e+00,1.035453e+00
1.939257e-02,2.043475e+00,1.021741e+00
1.939457e-02,2.015728e+00,1.007867e+00
1.939657e-02,1.987663e+00,9.938344e-01
1.939857e-02,1.959284e+00,9.796450e-01
1.940057e-02,1.930596e+00,9.653010e-01
1.940257e-02,1.901604e+00,9.508048e-01
1.940457e-02,1.872312e+00,9.361586e-01
1.940657e-02,1.842724e+00,9.213647e-01
1.940857e-02,1.812845e+00,9.064254e-01
1.941057e-02,1.782681e+00,8.913432e-01
1.941257e-02,1.752235e+00,8.761203e-01
1.941457e-02,1.721513e+00,8.607593e-01
1.941657e-02,1.690520e+00,8.452625e-01
1.941857e-02,1.659260e+00,8.296323e-01
1.942057e-02,1.627738e+00,8.138712e-01
1.942257e-02,1.595959e+00,7.979818e-01
1.942457e-02,1.563928e+00,7.819664e-01
1.942657e-02,1.531651e+00,7.658278e-01
1.942857e-02,1.499132e+00,7.495683e-01
1.943057e-02,1.466377e+00,7.331905e-01
1.943257e-02,1.433390e+00,7.166971e-01
1.943457e-02,1.400177e+00,7.000906e-01
1.943657e-02,1.366743e+00,6.833737e-01
1.943857e-02,1.333094e+00,6.665490e-01
1.944057e-02,1.299234e+00,6.496192e-01
1.944257e-02,1.265170e+00,6.325868e-01
1.944457e-02,1.230906e+00,6.154547e-01
1.944657e-02,1.196447e+00,5.982255e-01
1.944857e-02,1.161800e+00,5.809019e-01
1.945057e-02,1.126970e+00,5.634867e-01
1.945257e-02,1.091962e+00,5.459826e-01
1.945457e-02,1.056781e+00,5.283923e-01
1.945657e-02,1.021434e+00,5.107187e-01
1.945857e-02,9.859262e-01,4.929646e-01
1.946057e-02,9.502624e-01,4.751326e-01
1.946257e-02,9.144487e-01,4.572257e-01
1.946457e-02,8.784908e-01,4.392467e-01
1.946657e-02,8.423943e-01,4.211984e-01
1.946857e-02,8.061649e-01,4.030837e-01
1.947057e-02,7.698084e-01,3.849053e-01
1.947257e-02,7.333304e-01,3.666663e-01
1.947457e-02,6.967367e-01,3.483694e-01
1.947657e-02,6.600331e-01,3.300175e-01
1.947857e-02,6.232254e-01,3.116136e-01
1.948057e-02,5.863193e-01,2.931605e-01
1.948257e-02,5.493208e-01,2.746612e-01
1.948457e-02,5.122356e-01,2.561186e-01
1.948657e-02,4.750696e-01,2.375355e-01
1.948857e-02,4.378287e-01,2.189150e-01
1.949057e-02,4.005187e-01,2.002599e-01
1.949257e-02,3.631455e-01,1.815733e-01
1.949457e-02,3.257150e-01,1.628580e-01
1.949657e-02,2.882332e-01,1.441170e-01
1.949857e-02,2.507059e-01,1.253533e-01
1.950057e-02,2.131390e-01,1.065698e-01
1.950257e-02,1.755385e-01,8.776951e-02
1.950457e-02,1.379103e-01,6.895537e-02
1.950657e-02,1.002604e-01,5.013034e-02
1.950857e-02,6.259462e-02,3.129740e-02
1.951057e-02,2.491899e-02,1.245953e-02
1.951257e-02,-1.276057e-02,-6.380306e-03
1.951457e-02,-5.043812e-02,-2.521914e-02
1.951657e-02,-8.810771e-02,-4.405399e-02
1.951857e-02,-1.257634e-01,-6.288189e-02
1.952057e-02,-1.633993e-01,-8.169988e-02
1.952257e-02,-2.010093e-01,-1.005050e-01
1.952457e-02,-2.385877e-01,-1.192942e-01
1.952657e-02,-2.761284e-01,-1.380646e-01
1.952857e-02,-3.136256e-01,-1.568133e-01
1.953057e-02,-3.510733e-01,-1.755372e-01
1.953257e-02,-3.884656e-01,-1.942334e-01
1.953457e-02,-4.257966e-01,-2.128990e-01
1.953657e-02,-4.630605e-01,-2.315309e-01
1.953857e-02,-5.002513e-01,-2.501264e-01
1.954057e-02,-5.373632e-01,-2.686824e-01
1.954257e-02,-5.743903e-01,-2.871960e-01
1.954457e-02,-6.113269e-01,-3.056644e-01
1.954657e-02,-6.481669e-01,-3.240844e-01
1.954857e-02,-6.849048e-01,-3.424534e-01
1.955057e-02,-7.215346e-01,-3.607684e-01
1.955257e-02,-7.580505e-01,-3.790264e-01
1.955457e-02,-7.944469e-01,-3.972246e-01
1.955657e-02,-8.307180e-01,-4.153602e-01
1.955857e-02,-8.668580e-01,-4.334303e-01
1.956057e-02,-9.028612e-01,-4.514320e-01
1.956257e-02,-9.387221e-01,-4.693624e-01
1.956457e-02,-9.744348e-01,-4.872189e-01
1.956657e-02,-1.009994e+00,-5.049984e-01
1.956857e-02,-1.045394e+00,-5.226983e-01
1.957057e-02,-1.080628e+00,-5.403158e-01
1.957257e-02,-1.115693e+00,-5.578480e-01
1.957457e-02,-1.150581e+00,-5.752922e-01
1.957657e-02,-1.185288e+00,-5.926457e-01
1.957857e-02,-1.219808e+00,-6.099056e-01
1.958057e-02,-1.254135e+00,-6.270694e-01
1.958257e-02,-1.288265e+00,-6.441342e-01
1.958457e-02,-1.322191e+00,-6.610974e-01
1.958657e-02,-1.355909e+00,-6.779563e-01
1.958857e-02,-1.389412e+00,-6.947083e-01
1.959057e-02,-1.422697e+00,-7.113507e-01
1.959257e-02,-1.455757e+00,-7.278809e-01
1.959457e-02,-1.488588e+00,-7.442962e-01
1.959657e-02,-1.521184e+00,-7.605942e-01
1.959857e-02,-1.553540e+00,-7.767721e-01
1.960057e-02,-1.585650e+00,-7.928275e-01
1.960257e-02,-1.617511e+00,-8.087579e-01
1.960457e-02,-1.649116e+00,-8.245606e-01
1.960657e-02,-1.680462e+00,-8.402333e-01
1.960857e-02,-1.711542e+00,-8.557734e-01
1.961057e-02,-1.742352e+00,-8.711786e-01
1.961257e-02,-1.772887e+00,-8.864463e-01
1.961457e-02,-1.803143e+00,-9.015742e-01
1.961657e-02,-1.833114e+00,-9.165598e-01
1.961857e-02,-1.862796e+00,-9.314009e-01
1.962057e-02,-1.892184e+00,-9.460950e-01
1.962257e-02,-1.921274e+00,-9.606399e-01
1.962457e-02,-1.950061e+00,-9.750332e-01
1.962657e-02,-1.978539e+00,-9.892727e-01
1.962857e-02,-2.006706e+00,-1.003356e+00
1.963057e-02,-2.034557e+00,-1.017281e+00
1.963257e-02,-2.062086e+00,-1.031046e+00
1.963457e-02,-2.089290e+00,-1.044648e+00
1.963657e-02,-2.116164e+00,-1.058085e+00
1.963857e-02,-2.142705e+00,-1.071356e+00
1.964057e-02,-2.168908e+00,-1.084457e+00
1.964257e-02,-2.194768e+00,-1.097387e+00
1.964457e-02,-2.220282e+00,-1.110144e+00
1.964657e-02,-2.245446e+00,-1.122726e+00
1.964857e-02,-2.270256e+00,-1.135131e+00
1.965057e-02,-2.294708e+00,-1.147357e+00
1.965257e-02,-2.318797e+00,-1.159402e+00
1.965457e-02,-2.342521e+00,-1.171264e+00
1.965657e-02,-2.365875e+00,-1.182941e+00
1.965857e-02,-2.388856e+00,-1.194432e+00
1.966057e-02,-2.411461e+00,-1.205734e+00
1.966257e-02,-2.433684e+00,-1.216846e+00
1.966457e-02,-2.455524e+00,-1.227766e+00
1.966657e-02,-2.476977e+00,-1.238492e+00
1.966857e-02,-2.498039e+00,-1.249023e+00
1.967057e-02,-2.518706e+00,-1.259357e+00
1.967257e-02,-2.538977e+00,-1.269492e+00
1.967457e-02,-2.558846e+00,-1.279427e+00
1.967657e-02,-2.578313e+00,-1.289160e+00
1.967857e-02,-2.597372e+00,-1.298690e+00
1.968057e-02,-2.616022e+00,-1.308015e+00
1.968257e-02,-2.634259e+00,-1.317133e+00
1.968457e-02,-2.652080e+00,-1.326044e+00
1.968657e-02,-2.669483e+00,-1.334746e+00
1.968857e-02,-2.686465e+00,-1.343237e+00
1.969057e-02,-2.703024e+00,-1.351516e+00
1.969257e-02,-2.719155e+00,-1.359582e+00
1.969457e-02,-2.734858e+00,-1.367433e+00
1.969657e-02,-2.750130e+00,-1.375069e+00
1.969857e-02,-2.764967e+00,-1.382488e+00
1.970057e-02,-2.779369e+00,-1.389689e+00
1.970257e-02,-2.793332e+00,-1.396670e+00
1.970457e-02,-2.806854e+00,-1.403431e+00
1.970657e-02,-2.819933e+00,-1.409971e+00
1.970857e-02,-2.832568e+00,-1.416288e+00
1.971057e-02,-2.844756e+00,-1.422382e+00
1.971257e-02,-2.856495e+00,-1.428252e+00
1.971457e-02,-2.867783e+00,-1.433896e+00
1.971657e-02,-2.878619e+00,-1.439314e+00
1.971857e-02,-2.889001e+00,-1.444505e+00
1.972057e-02,-2.898928e+00,-1.449468e+00
1.972257e-02,-2.908396e+00,-1.454203e+00
1.972457e-02,-2.917407e+00,-1.458708e+00
1.972657e-02,-2.925956e+00,-1.462983e+00
1.972857e-02,-2.934045e+00,-1.467027e+00
1.973057e-02,-2.941670e+00,-1.470839e+00
1.973257e-02,-2.948831e+00,-1.474420e+00
1.973457e-02,-2.955528e+00,-1.477768e+00
1.973657e-02,-2.961758e+00,-1.480883e+00
1.973857e-02,-2.967520e+00,-1.483765e+00
1.974057e-02,-2.972815e+00,-1.486412e+00
1.974257e-02,-2.977641e+00,-1.488825e+00
1.974457e-02,-2.981996e+00,-1.491003e+00
1.974657e-02,-2.985882e+00,-1.492945e+00
1.974857e-02,-2.989296e+00,-1.494653e+00
1.975057e-02,-2.992239e+00,-1.496124e+00
1.975257e-02,-2.994710e+00,-1.497360e+00
1.975457e-02,-2.996709e+00,-1.498359e+00
1.975657e-02,-2.998234e+00,-1.499122e+00
1.975857e-02,-2.999287e+00,-1.499648e+00
1.976057e-02,-2.999867e+00,-1.499938e+00
1.976257e-02,-2.999973e+00,-1.499991e+00
1.976457e-02,-2.999606e+00,-1.499808e+00
1.976657e-02,-2.998766e+00,-1.499388e+00
1.976857e-02,-2.997453e+00,-1.498731e+00
1.977057e-02,-2.995667e+00,-1.497838e+00
1.977257e-02,-2.993408e+00,-1.496709e+00
1.977457e-02,-2.990678e+00,-1.495343e+00
1.977657e-02,-2.987475e+00,-1.493742e+00
1.977857e-02,-2.983801e+00,-1.491905e+00
1.978057e-02,-2.979657e+00,-1.489833e+00
1.978257e-02,-2.975042e+00,-1.487526e+00
1.978457e-02,-2.969958e+00,-1.484984e+00
1.978657e-02,-2.964406e+00,-1.482207e+00
1.978857e-02,-2.958386e+00,-1.479197e+00
1.979057e-02,-2.951899e+00,-1.475954e+00
1.979257e-02,-2.944947e+00,-1.472478e+00
1.979457e-02,-2.937530e+00,-1.468769e+00
1.979657e-02,-2.929649e+00,-1.464829e+00
1.979857e-02,-2.921307e+00,-1.460658e+00
1.980057e-02,-2.912503e+00,-1.456256e+00
1.980257e-02,-2.903240e+00,-1.451625e+00
1.980457e-02,-2.893520e+00,-1.446764e+00
1.980657e-02,-2.883342e+00,-1.441675e+00
1.980857e-02,-2.872710e+00,-1.436359e+00
1.981057e-02,-2.861625e+00,-1.430817e+00
1.981257e-02,-2.850088e+00,-1.425048e+00
1.981457e-02,-2.838102e+00,-1.419055e+00
1.981657e-02,-2.825668e+00,-1.412838e+00
1.981857e-02,-2.812788e+00,-1.406398e+00
1.982057e-02,-2.799464e+00,-1.399736e+00
1.982257e-02,-2.785699e+00,-1.392854e+00
1.982457e-02,-2.771495e+00,-1.385751e+00
1.982657e-02,-2.756853e+00,-1.378431e+00
1.982857e-02,-2.741776e+00,-1.370892e+00
1.983057e-02,-2.726267e+00,-1.363138e+00
1.983257e-02,-2.710328e+00,-1.355168e+00
1.983457e-02,-2.693961e+00,-1.346984e+00
1.983657e-02,-2.677169e+00,-1.338588e+00
1.983857e-02,-2.659955e+00,-1.329981e+00
1.984057e-02,-2.642321e+00,-1.321164e+00
1.984257e-02,-2.624270e+00,-1.312139e+00
1.984457e-02,-2.605806e+00,-1.302907e+00
1.984657e-02,-2.586930e+00,-1.293469e+00
1.984857e-02,-2.567646e+00,-1.283827e+00
1.985057e-02,-2.547958e+00,-1.273983e+00
1.985257e-02,-2.527867e+00,-1.263937e+00
1.985457e-02,-2.507377e+00,-1.253692e+00
1.985657e-02,-2.486492e+00,-1.243250e+00
1.985857e-02,-2.465215e+00,-1.232611e+00
1.986057e-02,-2.443549e+00,-1.221778e+00
1.986257e-02,-2.421497e+00,-1.210752e+00
1.986457e-02,-2.399063e+00,-1.199535e+00
1.986657e-02,-2.376251e+00,-1.188129e+00
1.986857e-02,-2.353064e+00,-1.176536e+00
1.987057e-02,-2.329506e+00,-1.164757e+00
1.987257e-02,-2.305581e+00,-1.152794e+00
1.987457e-02,-2.281291e+00,-1.140649e+00
1.987657e-02,-2.256642e+00,-1.128324e+00
1.987857e-02,-2.231637e+00,-1.115822e+00
1.988057e-02,-2.206279e+00,-1.103143e+00
1.988257e-02,-2.180574e+00,-1.090290e+00
1.988457e-02,-2.154525e+00,-1.077266e+00
1.988657e-02,-2.128136e+00,-1.064071e+00
1.988857e-02,-2.101411e+00,-1.050708e+00
1.989057e-02,-2.074354e+00,-1.037180e+00
1.989257e-02,-2.046971e+00,-1.023488e+00
1.989457e-02,-2.019264e+00,-1.009635e+00
1.989657e-02,-1.991239e+00,-9.956225e-01
1.989857e-02,-1.962900e+00,-9.814528e-01
1.990057e-02,-1.934251e+00,-9.671284e-01
1.990257e-02,-1.905297e+00,-9.526513e-01
1.990457e-02,-1.876042e+00,-9.380240e-01
1.990657e-02,-1.846492e+00,-9.232487e-01
1.990857e-02,-1.816650e+00,-9.083277e-01
1.991057e-02,-1.786522e+00,-8.932635e-01
1.991257e-02,-1.756111e+00,-8.780584e-01
1.991457e-02,-1.725424e+00,-8.627147e-01
1.991657e-02,-1.694465e+00,-8.472349e-01
1.991857e-02,-1.663238e+00,-8.316215e-01
1.992057e-02,-1.631749e+00,-8.158769e-01
1.992257e-02,-1.600002e+00,-8.000036e-01
1.992457e-02,-1.568004e+00,-7.840041e-01
1.992657e-02,-1.535757e+00,-7.678809e-01
1.992857e-02,-1.503269e+00,-7.516366e-01
1.993057e-02,-1.470543e+00,-7.352737e-01
1.993257e-02,-1.437585e+00,-7.187948e-01
1.993457e-02,-1.404401e+00,-7.022026e-01
1.993657e-02,-1.370995e+00,-6.854995e-01
1.993857e-02,-1.337373e+00,-6.686883e-01
1.994057e-02,-1.303539e+00,-6.517717e-01
1.994257e-02,-1.269501e+00,-6.347522e-01
1.994457e-02,-1.235261e+00,-6.176326e-01
1.994657e-02,-1.200827e+00,-6.004155e-01
1.994857e-02,-1.166204e+00,-5.831037e-01
1.995057e-02,-1.131397e+00,-5.657000e-01
1.995257e-02,-1.096411e+00,-5.482070e-01
1.995457e-02,-1.061252e+00,-5.306275e-01
1.995657e-02,-1.025926e+00,-5.129643e-01
1.995857e-02,-9.904375e-01,-4.952202e-01
1.996057e-02,-9.547931e-01,-4.773980e-01
1.996257e-02,-9.189981e-01,-4.595005e-01
1.996457e-02,-8.830582e-01,-4.415304e-01
1.996657e-02,-8.469790e-01,-4.234908e-01
1.996857e-02,-8.107661e-01,-4.053843e-01
1.997057e-02,-7.744254e-01,-3.872138e-01
1.997257e-02,-7.379624e-01,-3.689823e-01
1.997457e-02,-7.013831e-01,-3.506926e-01
1.997657e-02,-6.646931e-01,-3.323476e-01
1.997857e-02,-6.278983e-01,-3.139501e-01
1.998057e-02,-5.910044e-01,-2.955031e-01
1.998257e-02,-5.540173e-01,-2.770095e-01
1.998457e-02,-5.169427e-01,-2.584721e-01
1.998657e-02,-4.797867e-01,-2.398941e-01
1.998857e-02,-4.425549e-01,-2.212781e-01
1.999057e-02,-4.052534e-01,-2.026273e-01
1.999257e-02,-3.678879e-01,-1.839445e-01
1.999457e-02,-3.304643e-01,-1.652327e-01
1.999657e-02,-2.929887e-01,-1.464948e-01
1.999857e-02,-2.554668e-01,-1.277338e-01
2.000057e-02,-2.179046e-01,-1.089526e-01
2.000257e-02,-1.803080e-01,-9.015429e-02
2.000457e-02,-1.426830e-01,-7.134173e-02
2.000657e-02,-1.050355e-01,-5.251792e-02
2.000857e-02,-6.737144e-02,-3.368582e-02
2.001057e-02,-2.969674e-02,-1.484841e-02
2.001257e-02,7.982656e-03,3.991340e-03
2.001457e-02,4.566079e-02,2.283046e-02
2.001657e-02,8.333172e-02,4.166598e-02
2.001857e-02,1.209895e-01,6.049493e-02
2.002057e-02,1.586282e-01,7.931434e-02
2.002257e-02,1.962419e-01,9.812123e-02
2.002457e-02,2.338246e-01,1.169126e-01
2.002657e-02,2.713704e-01,1.356856e-01
2.002857e-02,3.088734e-01,1.544372e-01
2.003057e-02,3.463277e-01,1.731644e-01
2.003257e-02,3.837274e-01,1.918643e-01
2.003457e-02,4.210665e-01,2.105339e-01
2.003657e-02,4.583392e-01,2.291703e-01
2.003857e-02,4.955396e-01,2.477706e-01
2.004057e-02,5.326619e-01,2.663317e-01
2.004257e-02,5.697001e-01,2.848509e-01
2.004457e-02,6.066484e-01,3.033251e-01
2.004657e-02,6.435010e-01,3.217515e-01
2.004857e-02,6.802521e-01,3.401271e-01
2.005057e-02,7.168960e-01,3.584491e-01
2.005257e-02,7.534267e-01,3.767145e-01
2.005457e-02,7.898385e-01,3.949204e-01
2.005657e-02,8.261258e-01,4.130641e-01
2.005857e-02,8.622827e-01,4.311427e-01
2.006057e-02,8.983036e-01,4.491532e-01
2.006257e-02,9.341828e-01,4.670928e-01
2.006457e-02,9.699147e-01,4.849588e-01
2.006657e-02,1.005494e+00,5.027483e-01
2.006857e-02,1.040914e+00,5.204584e-01
2.007057e-02,1.076170e+00,5.380865e-01
2.007257e-02,1.111256e+00,5.556297e-01
2.007457e-02,1.146167e+00,5.730852e-01
2.007657e-02,1.180897e+00,5.904503e-01
2.007857e-02,1.215441e+00,6.077223e-01
2.008057e-02,1.249793e+00,6.248984e-01
2.008257e-02,1.283948e+00,6.419759e-01
2.008457e-02,1.317900e+00,6.589521e-01
2.008657e-02,1.351645e+00,6.758244e-01
2.008857e-02,1.385176e+00,6.925901e-01
2.009057e-02,1.418489e+00,7.092466e-01
2.009257e-02,1.451578e+00,7.257911e-01
2.009457e-02,1.484438e+00,7.422212e-01
2.009657e-02,1.517064e+00,7.585341e-01
2.009857e-02,1.549450e+00,7.747274e-01
2.010057e-02,1.581592e+00,7.907985e-01
2.010257e-02,1.613485e+00,8.067449e-01
2.010457e-02,1.645123e+00,8.225639e-01
2.010657e-02,1.676501e+00,8.382532e-01
2.010857e-02,1.707616e+00,8.538103e-01
2.011057e-02,1.738460e+00,8.692327e-01
2.011257e-02,1.769031e+00,8.845180e-01
2.011457e-02,1.799322e+00,8.996637e-01
2.011657e-02,1.829330e+00,9.146675e-01
2.011857e-02,1.859048e+00,9.295270e-01
2.012057e-02,1.888474e+00,9.442399e-01
2.012257e-02,1.917602e+00,9.588039e-01
2.012457e-02,1.946427e+00,9.732165e-01
2.012657e-02,1.974945e+00,9.874757e-01
2.012857e-02,2.003152e+00,1.001579e+00
2.013057e-02,2.031043e+00,1.015524e+00
2.013257e-02,2.058613e+00,1.029310e+00
2.013457e-02,2.085859e+00,1.042932e+00
2.013657e-02,2.112775e+00,1.056391e+00
2.013857e-02,2.139358e+00,1.069682e+00
2.014057e-02,2.165604e+00,1.082805e+00
2.014257e-02,2.191508e+00,1.095757e+00
2.014457e-02,2.217066e+00,1.108536e+00
2.014657e-02,2.242275e+00,1.121141e+00
2.014857e-02,2.267130e+00,1.133568e+00
2.015057e-02,2.291627e+00,1.145817e+00
2.015257e-02,2.315763e+00,1.157885e+00
2.015457e-02,2.339533e+00,1.169770e+00
2.015657e-02,2.362934e+00,1.181471e+00
2.015857e-02,2.385963e+00,1.192985e+00
2.016057e-02,2.408615e+00,1.204311e+00
2.016257e-02,2.430887e+00,1.215447e+00
2.016457e-02,2.452776e+00,1.226392e+00
2.016657e-02,2.474278e+00,1.237143e+00
2.016857e-02,2.495390e+00,1.247699e+00
2.017057e-02,2.516107e+00,1.258057e+00
2.017257e-02,2.536428e+00,1.268218e+00
2.017457e-02,2.556349e+00,1.278178e+00
2.017657e-02,2.575867e+00,1.287937e+00
2.017857e-02,2.594978e+00,1.297493e+00
2.018057e-02,2.613680e+00,1.306844e+00
2.018257e-02,2.631969e+00,1.315989e+00
2.018457e-02,2.649844e+00,1.324926e+00
2.018657e-02,2.667300e+00,1.333654e+00
2.018857e-02,2.684335e+00,1.342172e+00
2.019057e-02,2.700948e+00,1.350478e+00
2.019257e-02,2.717134e+00,1.358571e+00
2.019457e-02,2.732891e+00,1.366450e+00
2.019657e-02,2.748217e+00,1.374113e+00
2.019857e-02,2.763110e+00,1.381559e+00
2.020057e-02,2.777567e+00,1.388788e+00
2.020257e-02,2.791585e+00,1.395797e+00
2.020457e-02,2.805164e+00,1.402586e+00
2.020657e-02,2.818299e+00,1.409154e+00
2.020857e-02,2.830991e+00,1.415500e+00
2.021057e-02,2.843235e+00,1.421622e+00
2.021257e-02,2.855031e+00,1.427520e+00
2.021457e-02,2.866377e+00,1.433193e+00
2.021657e-02,2.877271e+00,1.438640e+00
2.021857e-02,2.887710e+00,1.443859e+00
2.022057e-02,2.897694e+00,1.448851e+00
2.022257e-02,2.907221e+00,1.453615e+00
2.022457e-02,2.916289e+00,1.458149e+00
2.022657e-02,2.924898e+00,1.462453e+00
2.022857e-02,2.933045e+00,1.466527e+00
2.023057e-02,2.940729e+00,1.470369e+00
2.023257e-02,2.947949e+00,1.473979e+00
2.023457e-02,2.954704e+00,1.477357e+00
2.023657e-02,2.960993e+00,1.480501e+00
2.023857e-02,2.966816e+00,1.483412e+00
2.024057e-02,2.972170e+00,1.486089e+00
2.024257e-02,2.977055e+00,1.488532e+00
2.024457e-02,2.981470e+00,1.490740e+00
2.024657e-02,2.985415e+00,1.492712e+00
2.024857e-02,2.988890e+00,1.494449e+00
2.025057e-02,2.991892e+00,1.495951e+00
2.025257e-02,2.994423e+00,1.497216e+00
2.025457e-02,2.996481e+00,1.498245e+00
2.025657e-02,2.998067e+00,1.499038e+00
2.025857e-02,2.999180e+00,1.499594e+00
2.026057e-02,2.999819e+00,1.499914e+00
2.026257e-02,2.999986e+00,1.499997e+00
2.026457e-02,2.999679e+00,1.499844e+00
2.026657e-02,2.998899e+00,1.499454e+00
2.026857e-02,2.997646e+00,1.498827e+00
2.027057e-02,2.995920e+00,1.497964e+00
2.027257e-02,2.993721e+00,1.496865e+00
2.027457e-02,2.991050e+00,1.495529e+00
2.027657e-02,2.987907e+00,1.493958e+00
2.027857e-02,2.984293e+00,1.492151e+00
2.028057e-02,2.980208e+00,1.490109e+00
2.028257e-02,2.975653e+00,1.487831e+00
2.028457e-02,2.970629e+00,1.485319e+00
2.028657e-02,2.965136e+00,1.482572e+00
2.028857e-02,2.959175e+00,1.479592e+00
2.029057e-02,2.952747e+00,1.476378e+00
2.029257e-02,2.945854e+00,1.472931e+00
2.029457e-02,2.938496e+00,1.469252e+00
2.029657e-02,2.930674e+00,1.465341e+00
2.029857e-02,2.922390e+00,1.461199e+00
2.030057e-02,2.913645e+00,1.456827e+00
2.030257e-02,2.904440e+00,1.452225e+00
2.030457e-02,2.894778e+00,1.447393e+00
2.030657e-02,2.884658e+00,1.442333e+00
2.030857e-02,2.874083e+00,1.437046e+00
2.031057e-02,2.863056e+00,1.431532e+00
2.031257e-02,2.851576e+00,1.425792e+00
2.031457e-02,2.839647e+00,1.419828e+00
2.031657e-02,2.827269e+00,1.413639e+00
2.031857e-02,2.814446e+00,1.407227e+00
2.032057e-02,2.801178e+00,1.400593e+00
2.032257e-02,2.787469e+00,1.393739e+00
2.032457e-02,2.773320e+00,1.386664e+00
2.032657e-02,2.758734e+00,1.379371e+00
2.032857e-02,2.743712e+00,1.371860e+00
2.033057e-02,2.728257e+00,1.364133e+00
2.033257e-02,2.712372e+00,1.356190e+00
2.033457e-02,2.696060e+00,1.348034e+00
2.033657e-02,2.679322e+00,1.339665e+00
2.033857e-02,2.662161e+00,1.331084e+00
2.034057e-02,2.644580e+00,1.322294e+00
2.034257e-02,2.626582e+00,1.313295e+00
2.034457e-02,2.608170e+00,1.304089e+00
2.034657e-02,2.589346e+00,1.294677e+00
2.034857e-02,2.570114e+00,1.285061e+00
2.035057e-02,2.550477e+00,1.275242e+00
2.035257e-02,2.530437e+00,1.265222e+00
2.035457e-02,2.509997e+00,1.255003e+00
2.035657e-02,2.489162e+00,1.244585e+00
2.035857e-02,2.467935e+00,1.233971e+00
2.036057e-02,2.446318e+00,1.223162e+00
2.036257e-02,2.424315e+00,1.212161e+00
2.036457e-02,2.401929e+00,1.200968e+00
2.036657e-02,2.379165e+00,1.189586e+00
2.036857e-02,2.356025e+00,1.178016e+00
2.037057e-02,2.332514e+00,1.166260e+00
2.037257e-02,2.308635e+00,1.154321e+00
2.037457e-02,2.284391e+00,1.142199e+00
2.037657e-02,2.259787e+00,1.129897e+00
2.037857e-02,2.234827e+00,1.117417e+00
2.038057e-02,2.209514e+00,1.104760e+00
2.038257e-02,2.183853e+00,1.091930e+00
2.038457e-02,2.157847e+00,1.078927e+00
2.038657e-02,2.131501e+00,1.065753e+00
2.038857e-02,2.104818e+00,1.052412e+00
2.039057e-02,2.077803e+00,1.038905e+00
2.039257e-02,2.050461e+00,1.025234e+00
2.039457e-02,2.022795e+00,1.011401e+00
2.039657e-02,1.994810e+00,9.974081e-01
2.039857e-02,1.966511e+00,9.832582e-01
2.040057e-02,1.937901e+00,9.689532e-01
2.040257e-02,1.908985e+00,9.544954e-01
2.040457e-02,1.879768e+00,9.398870e-01
2.040657e-02,1.850255e+00,9.251304e-01
2.040857e-02,1.820450e+00,9.102278e-01
2.041057e-02,1.790358e+00,8.951816e-01
2.041257e-02,1.759983e+00,8.799941e-01
2.041457e-02,1.729331e+00,8.646679e-01
2.041657e-02,1.698405e+00,8.492053e-01
2.041857e-02,1.667212e+00,8.336087e-01
2.042057e-02,1.635756e+00,8.178806e-01
2.042257e-02,1.604042e+00,8.020235e-01
2.042457e-02,1.572075e+00,7.860398e-01
2.042657e-02,1.539860e+00,7.699322e-01
2.042857e-02,1.507402e+00,7.537031e-01
2.043057e-02,1.474706e+00,7.373551e-01
2.043257e-02,1.441777e+00,7.208908e-01
2.043457e-02,1.408621e+00,7.043127e-01
2.043657e-02,1.375243e+00,6.876236e-01
2.043857e-02,1.341648e+00,6.708260e-01
2.044057e-02,1.307841e+00,6.539225e-01
2.044257e-02,1.273828e+00,6.369159e-01
2.044457e-02,1.239614e+00,6.198088e-01
2.044657e-02,1.205204e+00,6.026040e-01
2.044857e-02,1.170605e+00,5.853041e-01
2.045057e-02,1.135820e+00,5.679118e-01
2.045257e-02,1.100857e+00,5.504300e-01
2.045457e-02,1.065719e+00,5.328613e-01
2.045657e-02,1.030414e+00,5.152086e-01
2.045857e-02,9.949462e-01,4.974746e-01
2.046057e-02,9.593214e-01,4.796621e-01
2.046257e-02,9.235452e-01,4.617740e-01
2.046457e-02,8.876234e-01,4.438130e-01
2.046657e-02,8.515615e-01,4.257820e-01
2.046857e-02,8.153652e-01,4.076838e-01
2.047057e-02,7.790404e-01,3.895214e-01
2.047257e-02,7.425926e-01,3.712974e-01
2.047457e-02,7.060277e-01,3.530149e-01
2.047657e-02,6.693515e-01,3.346767e-01
2.047857e-02,6.325696e-01,3.162857e-01
2.048057e-02,5.956879e-01,2.978449e-01
2.048257e-02,5.587123e-01,2.793570e-01
2.048457e-02,5.216486e-01,2.608251e-01
2.048657e-02,4.845025e-01,2.422520e-01
2.048857e-02,4.472800e-01,2.236407e-01
2.049057e-02,4.099870e-01,2.049941e-01
2.049257e-02,3.726293e-01,1.863152e-01
2.049457e-02,3.352128e-01,1.676069e-01
2.049657e-02,2.977434e-01,1.488721e-01
2.049857e-02,2.602270e-01,1.301139e-01
2.050057e-02,2.226696e-01,1.113352e-01
2.050257e-02,1.850771e-01,9.253884e-02
2.050457e-02,1.474554e-01,7.372792e-02
2.050657e-02,1.098104e-01,5.490537e-02
2.050857e-02,7.214810e-02,3.607416e-02
2.051057e-02,3.447441e-02,1.723726e-02
2.051257e-02,-3.204718e-03,-1.602364e-03
2.051457e-02,-4.088334e-02,-2.044173e-02
2.051657e-02,-7.855551e-02,-3.927787e-02
2.051857e-02,-1.162153e-01,-5.810782e-02
2.052057e-02,-1.538567e-01,-7.692860e-02
2.052257e-02,-1.914739e-01,-9.573725e-02
2.052457e-02,-2.290609e-01,-1.145308e-01
2.052657e-02,-2.666117e-01,-1.333063e-01
2.052857e-02,-3.041205e-01,-1.520607e-01
2.053057e-02,-3.415813e-01,-1.707912e-01
2.053257e-02,-3.789882e-01,-1.894947e-01
2.053457e-02,-4.163354e-01,-2.081683e-01
2.053657e-02,-4.536168e-01,-2.268091e-01
2.053857e-02,-4.908267e-01,-2.454141e-01
2.054057e-02,-5.279592e-01,-2.639804e-01
2.054257e-02,-5.650083e-01,-2.825050e-01
2.054457e-02,-6.019684e-01,-3.009851e-01
2.054657e-02,-6.388335e-01,-3.194177e-01
2.054857e-02,-6.755978e-01,-3.377999e-01
2.055057e-02,-7.122555e-01,-3.561288e-01
2.055257e-02,-7.488009e-01,-3.744016e-01
2.055457e-02,-7.852282e-01,-3.926153e-01
2.055657e-02,-8.215315e-01,-4.107670e-01
2.055857e-02,-8.577053e-01,-4.288539e-01
2.056057e-02,-8.937438e-01,-4.468732e-01
2.056257e-02,-9.296413e-01,-4.648220e-01
2.056457e-02,-9.653921e-01,-4.826975e-01
2.056657e-02,-1.000991e+00,-5.004968e-01
2.056857e-02,-1.036431e+00,-5.182172e-01
2.057057e-02,-1.071708e+00,-5.358558e-01
2.057257e-02,-1.106816e+00,-5.534099e-01
2.057457e-02,-1.141750e+00,-5.708767e-01
2.057657e-02,-1.176503e+00,-5.882534e-01
2.057857e-02,-1.211071e+00,-6.055374e-01
2.058057e-02,-1.245448e+00,-6.227258e-01
2.058257e-02,-1.279628e+00,-6.398159e-01
2.058457e-02,-1.313606e+00,-6.568052e-01
2.058657e-02,-1.347378e+00,-6.736908e-01
2.058857e-02,-1.380936e+00,-6.904702e-01
2.059057e-02,-1.414277e+00,-7.071406e-01
2.059257e-02,-1.447395e+00,-7.236995e-01
2.059457e-02,-1.480284e+00,-7.401442e-01
2.059657e-02,-1.512940e+00,-7.564721e-01
2.059857e-02,-1.545357e+00,-7.726808e-01
2.060057e-02,-1.577530e+00,-7.887675e-01
2.060257e-02,-1.609455e+00,-8.047298e-01
2.060457e-02,-1.641125e+00,-8.205651e-01
2.060657e-02,-1.672537e+00,-8.362711e-01
2.060857e-02,-1.703685e+00,-8.518450e-01
2.061057e-02,-1.734564e+00,-8.672846e-01
2.061257e-02,-1.765170e+00,-8.825874e-01
2.061457e-02,-1.795497e+00,-8.977510e-01
2.061657e-02,-1.825540e+00,-9.127729e-01
2.061857e-02,-1.855296e+00,-9.276509e-01
2.062057e-02,-1.884759e+00,-9.423825e-01
2.062257e-02,-1.913925e+00,-9.569654e-01
2.062457e-02,-1.942789e+00,-9.713974e-01
2.062657e-02,-1.971346e+00,-9.856761e-01
2.062857e-02,-1.999593e+00,-9.997994e-01
2.063057e-02,-2.027524e+00,-1.013765e+00
2.063257e-02,-2.055135e+00,-1.027571e+00
2.063457e-02,-2.082422e+00,-1.041214e+00
2.063657e-02,-2.109380e+00,-1.054693e+00
2.063857e-02,-2.136006e+00,-1.068006e+00
2.064057e-02,-2.162295e+00,-1.081151e+00
2.064257e-02,-2.188242e+00,-1.094124e+00
2.064457e-02,-2.213845e+00,-1.106926e+00
2.064657e-02,-2.239098e+00,-1.119552e+00
2.064857e-02,-2.263998e+00,-1.132002e+00
2.065057e-02,-2.288541e+00,-1.144274e+00
2.065257e-02,-2.312722e+00,-1.156365e+00
2.065457e-02,-2.336539e+00,-1.168273e+00
2.065657e-02,-2.359988e+00,-1.179997e+00
2.065857e-02,-2.383064e+00,-1.191535e+00
2.066057e-02,-2.405764e+00,-1.202886e+00
2.066257e-02,-2.428084e+00,-1.214046e+00
2.066457e-02,-2.450022e+00,-1.225015e+00
2.066657e-02,-2.471573e+00,-1.235790e+00
2.066857e-02,-2.492734e+00,-1.246371e+00
2.067057e-02,-2.513502e+00,-1.256755e+00
2.067257e-02,-2.533874e+00,-1.266941e+00
2.067457e-02,-2.553845e+00,-1.276927e+00
2.067657e-02,-2.573414e+00,-1.286711e+00
2.067857e-02,-2.592577e+00,-1.296292e+00
2.068057e-02,-2.611331e+00,-1.305669e+00
2.068257e-02,-2.629673e+00,-1.314840e+00
2.068457e-02,-2.647600e+00,-1.323804e+00
2.068657e-02,-2.665110e+00,-1.332559e+00
2.068857e-02,-2.682199e+00,-1.341103e+00
2.069057e-02,-2.698865e+00,-1.349436e+00
2.069257e-02,-2.715105e+00,-1.357556e+00
2.069457e-02,-2.730917e+00,-1.365462e+00
2.069657e-02,-2.746298e+00,-1.373153e+00
2.069857e-02,-2.761246e+00,-1.380627e+00
2.070057e-02,-2.775758e+00,-1.387883e+00
2.070257e-02,-2.789832e+00,-1.394920e+00
2.070457e-02,-2.803466e+00,-1.401737e+00
2.070657e-02,-2.816658e+00,-1.408333e+00
2.070857e-02,-2.829406e+00,-1.414707e+00
2.071057e-02,-2.841707e+00,-1.420858e+00
2.071257e-02,-2.853560e+00,-1.426785e+00
2.071457e-02,-2.864963e+00,-1.432486e+00
2.071657e-02,-2.875914e+00,-1.437961e+00
2.071857e-02,-2.886412e+00,-1.443210e+00
2.072057e-02,-2.896453e+00,-1.448231e+00
2.072257e-02,-2.906038e+00,-1.453024e+00
2.072457e-02,-2.915165e+00,-1.457587e+00
2.072657e-02,-2.923832e+00,-1.461920e+00
2.072857e-02,-2.932037e+00,-1.466023e+00
2.073057e-02,-2.939780e+00,-1.469894e+00
2.073257e-02,-2.947059e+00,-1.473534e+00
2.073457e-02,-2.953874e+00,-1.476941e+00
2.073657e-02,-2.960222e+00,-1.480115e+00
2.073857e-02,-2.966103e+00,-1.483056e+00
2.074057e-02,-2.971517e+00,-1.485763e+00
2.074257e-02,-2.976461e+00,-1.488235e+00
2.074457e-02,-2.980936e+00,-1.490473e+00
2.074657e-02,-2.984941e+00,-1.492475e+00
2.074857e-02,-2.988475e+00,-1.494242e+00
2.075057e-02,-2.991538e+00,-1.495773e+00
2.075257e-02,-2.994128e+00,-1.497069e+00
2.075457e-02,-2.996247e+00,-1.498128e+00
2.075657e-02,-2.997892e+00,-1.498951e+00
2.075857e-02,-2.999065e+00,-1.499537e+00
2.076057e-02,-2.999765e+00,-1.499887e+00
2.076257e-02,-2.999991e+00,-1.500000e+00
2.076457e-02,-2.999744e+00,-1.499877e+00
2.076657e-02,-2.999024e+00,-1.499516e+00
2.076857e-02,-2.997831e+00,-1.498920e+00
2.077057e-02,-2.996165e+00,-1.498087e+00
2.077257e-02,-2.994026e+00,-1.497017e+00
2.077457e-02,-2.991415e+00,-1.495712e+00
2.077657e-02,-2.988332e+00,-1.494170e+00
2.077857e-02,-2.984777e+00,-1.492393e+00
2.078057e-02,-2.980752e+00,-1.490381e+00
2.078257e-02,-2.976257e+00,-1.488133e+00
2.078457e-02,-2.971292e+00,-1.485650e+00
2.078657e-02,-2.965858e+00,-1.482934e+00
2.078857e-02,-2.959957e+00,-1.479983e+00
2.079057e-02,-2.953588e+00,-1.476799e+00
2.079257e-02,-2.946754e+00,-1.473381e+00
2.079457e-02,-2.939454e+00,-1.469732e+00
2.079657e-02,-2.931691e+00,-1.465850e+00
2.079857e-02,-2.923466e+00,-1.461737e+00
2.080057e-02,-2.914779e+00,-1.457394e+00
2.080257e-02,-2.905633e+00,-1.452821e+00
2.080457e-02,-2.896028e+00,-1.448018e+00
2.080657e-02,-2.885966e+00,-1.442988e+00
2.080857e-02,-2.875449e+00,-1.437729e+00
2.081057e-02,-2.864479e+00,-1.432244e+00
2.081257e-02,-2.853057e+00,-1.426533e+00
2.081457e-02,-2.841184e+00,-1.420596e+00
2.081657e-02,-2.828863e+00,-1.414436e+00
2.081857e-02,-2.816096e+00,-1.408052e+00
2.082057e-02,-2.802885e+00,-1.401447e+00
2.082257e-02,-2.789232e+00,-1.394620e+00
2.082457e-02,-2.775138e+00,-1.387573e+00
2.082657e-02,-2.760607e+00,-1.380308e+00
2.082857e-02,-2.745641e+00,-1.372824e+00
2.083057e-02,-2.730241e+00,-1.365125e+00
2.083257e-02,-2.714410e+00,-1.357209e+00
2.083457e-02,-2.698152e+00,-1.349080e+00
2.083657e-02,-2.681468e+00,-1.340738e+00
2.083857e-02,-2.664360e+00,-1.332184e+00
2.084057e-02,-2.646833e+00,-1.323420e+00
2.084257e-02,-2.628887e+00,-1.314448e+00
2.084457e-02,-2.610528e+00,-1.305268e+00
2.084657e-02,-2.591756e+00,-1.295882e+00
2.084857e-02,-2.572575e+00,-1.286292e+00
2.085057e-02,-2.552989e+00,-1.276498e+00
2.085257e-02,-2.533000e+00,-1.266504e+00
2.085457e-02,-2.512611e+00,-1.256309e+00
2.085657e-02,-2.491826e+00,-1.245917e+00
2.085857e-02,-2.470648e+00,-1.235328e+00
2.086057e-02,-2.449080e+00,-1.224544e+00
2.086257e-02,-2.427126e+00,-1.213567e+00
2.086457e-02,-2.404789e+00,-1.202398e+00
2.086657e-02,-2.382072e+00,-1.191040e+00
2.086857e-02,-2.358980e+00,-1.179494e+00
2.087057e-02,-2.335516e+00,-1.167761e+00
2.087257e-02,-2.311683e+00,-1.155845e+00
2.087457e-02,-2.287485e+00,-1.143746e+00
2.087657e-02,-2.262927e+00,-1.131467e+00
2.087857e-02,-2.238012e+00,-1.119009e+00
2.088057e-02,-2.212743e+00,-1.106375e+00
2.088257e-02,-2.187126e+00,-1.093566e+00
2.088457e-02,-2.161163e+00,-1.080585e+00
2.088657e-02,-2.134860e+00,-1.067433e+00
2.088857e-02,-2.108220e+00,-1.054113e+00
2.089057e-02,-2.081247e+00,-1.040627e+00
2.089257e-02,-2.053946e+00,-1.026976e+00
2.089457e-02,-2.026321e+00,-1.013164e+00
2.089657e-02,-1.998376e+00,-9.991911e-01
2.089857e-02,-1.970116e+00,-9.850611e-01
2.090057e-02,-1.941546e+00,-9.707757e-01
2.090257e-02,-1.912668e+00,-9.563371e-01
2.090457e-02,-1.883490e+00,-9.417477e-01
2.090657e-02,-1.854014e+00,-9.270097e-01
2.090857e-02,-1.824245e+00,-9.121255e-01
2.091057e-02,-1.794189e+00,-8.970973e-01
2.091257e-02,-1.763850e+00,-8.819277e-01
2.091457e-02,-1.733233e+00,-8.666189e-01
2.091657e-02,-1.702342e+00,-8.511735e-01
2.091857e-02,-1.671182e+00,-8.355937e-01
2.092057e-02,-1.639759e+00,-8.198822e-01
2.092257e-02,-1.608078e+00,-8.040413e-01
2.092457e-02,-1.576142e+00,-7.880735e-01
2.092657e-02,-1.543958e+00,-7.719815e-01
2.092857e-02,-1.511531e+00,-7.557676e-01
2.093057e-02,-1.478865e+00,-7.394346e-01
2.093257e-02,-1.445965e+00,-7.229848e-01
2.093457e-02,-1.412838e+00,-7.064211e-01
2.093657e-02,-1.379488e+00,-6.897459e-01
2.093857e-02,-1.345920e+00,-6.729619e-01
2.094057e-02,-1.312139e+00,-6.560717e-01
2.094257e-02,-1.278152e+00,-6.390780e-01
2.094457e-02,-1.243963e+00,-6.219836e-01
2.094657e-02,-1.209578e+00,-6.047910e-01
2.094857e-02,-1.175002e+00,-5.875029e-01
2.095057e-02,-1.140241e+00,-5.701223e-01
2.095257e-02,-1.105300e+00,-5.526516e-01
2.095457e-02,-1.070184e+00,-5.350938e-01
2.095657e-02,-1.034900e+00,-5.174516e-01
2.095857e-02,-9.994525e-01,-4.997278e-01
2.096057e-02,-9.638473e-01,-4.819251e-01
2.096257e-02,-9.280900e-01,-4.640464e-01
2.096457e-02,-8.921862e-01,-4.460945e-01
2.096657e-02,-8.561418e-01,-4.280722e-01
2.096857e-02,-8.199623e-01,-4.099824e-01
2.097057e-02,-7.836534e-01,-3.918279e-01
2.097257e-02,-7.472209e-01,-3.736116e-01
2.097457e-02,-7.106706e-01,-3.553364e-01
2.097657e-02,-6.740081e-01,-3.370051e-01
2.097857e-02,-6.372393e-01,-3.186206e-01
2.098057e-02,-6.003700e-01,-3.001859e-01
2.098257e-02,-5.634060e-01,-2.817038e-01
2.098457e-02,-5.263531e-01,-2.631773e-01
2.098657e-02,-4.892171e-01,-2.446093e-01
2.098857e-02,-4.520040e-01,-2.260027e-01
2.099057e-02,-4.147196e-01,-2.073604e-01
2.099257e-02,-3.773697e-01,-1.886854e-01
2.099457e-02,-3.399604e-01,-1.699807e-01
2.099657e-02,-3.024974e-01,-1.512491e-01
2.099857e-02,-2.649866e-01,-1.324937e-01
2.100057e-02,-2.274341e-01,-1.137174e-01
2.100257e-02,-1.898457e-01,-9.492315e-02
2.100457e-02,-1.522274e-01,-7.611392e-02
2.100657e-02,-1.145850e-01,-5.729268e-02
2.100857e-02,-7.692457e-02,-3.846240e-02
2.101057e-02,-3.925199e-02,-1.962606e-02
2.101257e-02,-1.573228e-03,-7.866161e-04
2.101457e-02,3.610579e-02,1.805295e-02
2.101657e-02,7.377911e-02,3.688966e-02
2.101857e-02,1.114408e-01,5.572056e-02
2.102057e-02,1.490849e-01,7.454267e-02
2.102257e-02,1.867055e-01,9.335302e-02
2.102457e-02,2.242966e-01,1.121486e-01
2.102657e-02,2.618523e-01,1.309266e-01
2.102857e-02,2.993668e-01,1.496838e-01
2.103057e-02,3.368340e-01,1.684175e-01
2.103257e-02,3.742481e-01,1.871246e-01
2.103457e-02,4.116031e-01,2.058022e-01
2.103657e-02,4.488932e-01,2.244473e-01
2.103857e-02,4.861125e-01,2.430570e-01
2.104057e-02,5.232551e-01,2.616283e-01
2.104257e-02,5.603152e-01,2.801584e-01
2.104457e-02,5.972869e-01,2.986443e-01
2.104657e-02,6.341643e-01,3.170831e-01
2.104857e-02,6.709417e-01,3.354719e-01
2.105057e-02,7.076133e-01,3.538077e-01
2.105257e-02,7.441732e-01,3.720877e-01
2.105457e-02,7.806158e-01,3.903091e-01
2.105657e-02,8.169352e-01,4.084688e-01
2.105857e-02,8.531257e-01,4.265641e-01
2.106057e-02,8.891817e-01,4.445922e-01
2.106257e-02,9.250973e-01,4.625501e-01
2.106457e-02,9.608671e-01,4.804350e-01
2.106657e-02,9.964853e-01,4.982441e-01
2.106857e-02,1.031946e+00,5.159747e-01
2.107057e-02,1.067244e+00,5.336238e-01
2.107257e-02,1.102374e+00,5.511888e-01
2.107457e-02,1.137330e+00,5.686668e-01
2.107657e-02,1.172107e+00,5.860551e-01
2.107857e-02,1.206698e+00,6.033509e-01
2.108057e-02,1.241099e+00,6.205516e-01
2.108257e-02,1.275305e+00,6.376544e-01
2.108457e-02,1.309309e+00,6.546566e-01
2.108657e-02,1.343107e+00,6.715555e-01
2.108857e-02,1.376693e+00,6.883485e-01
2.109057e-02,1.410061e+00,7.050328e-01
2.109257e-02,1.443208e+00,7.216060e-01
2.109457e-02,1.476126e+00,7.380654e-01
2.109657e-02,1.508812e+00,7.544083e-01
2.109857e-02,1.541260e+00,7.706321e-01
2.110057e-02,1.573464e+00,7.867345e-01
2.110257e-02,1.605421e+00,8.027127e-01
2.110457e-02,1.637124e+00,8.185643e-01
2.110657e-02,1.668568e+00,8.342867e-01
2.110857e-02,1.699750e+00,8.498776e-01
2.111057e-02,1.730664e+00,8.653344e-01
2.111257e-02,1.761304e+00,8.806546e-01
2.111457e-02,1.791667e+00,8.958360e-01
2.111657e-02,1.821747e+00,9.108760e-01
2.111857e-02,1.851539e+00,9.257723e-01
2.112057e-02,1.881040e+00,9.405226e-01
2.112257e-02,1.910243e+00,9.551246e-01
2.112457e-02,1.939146e+00,9.695758e-01
2.112657e-02,1.967742e+00,9.838741e-01
2.112857e-02,1.996028e+00,9.980172e-01
2.113057e-02,2.024000e+00,1.012003e+00
2.113257e-02,2.051652e+00,1.025829e+00
2.113457e-02,2.078980e+00,1.039493e+00
2.113657e-02,2.105980e+00,1.052993e+00
2.113857e-02,2.132648e+00,1.066327e+00
2.114057e-02,2.158980e+00,1.079493e+00
2.114257e-02,2.184971e+00,1.092489e+00
2.114457e-02,2.210617e+00,1.105312e+00
2.114657e-02,2.235915e+00,1.117961e+00
2.114857e-02,2.260860e+00,1.130433e+00
2.115057e-02,2.285448e+00,1.142728e+00
2.115257e-02,2.309676e+00,1.154842e+00
2.115457e-02,2.333540e+00,1.166773e+00
2.115657e-02,2.357035e+00,1.178521e+00
2.115857e-02,2.380158e+00,1.190083e+00
2.116057e-02,2.402906e+00,1.201457e+00
2.116257e-02,2.425275e+00,1.212641e+00
2.116457e-02,2.447262e+00,1.223634e+00
2.116657e-02,2.468862e+00,1.234435e+00
2.116857e-02,2.490073e+00,1.245040e+00
2.117057e-02,2.510891e+00,1.255449e+00
2.117257e-02,2.531313e+00,1.265660e+00
2.117457e-02,2.551335e+00,1.275671e+00
2.117657e-02,2.570955e+00,1.285482e+00
2.117857e-02,2.590170e+00,1.295089e+00
2.118057e-02,2.608976e+00,1.304492e+00
2.118257e-02,2.627370e+00,1.313689e+00
2.118457e-02,2.645350e+00,1.322679e+00
2.118657e-02,2.662913e+00,1.331460e+00
2.118857e-02,2.680055e+00,1.340032e+00
2.119057e-02,2.696775e+00,1.348391e+00
2.119257e-02,2.713069e+00,1.356539e+00
2.119457e-02,2.728935e+00,1.364472e+00
2.119657e-02,2.744371e+00,1.372190e+00
2.119857e-02,2.759374e+00,1.379691e+00
2.120057e-02,2.773942e+00,1.386975e+00
2.120257e-02,2.788072e+00,1.394040e+00
2.120457e-02,2.801762e+00,1.400885e+00
2.120657e-02,2.815010e+00,1.407509e+00
2.120857e-02,2.827814e+00,1.413911e+00
2.121057e-02,2.840172e+00,1.420090e+00
2.121257e-02,2.852082e+00,1.426045e+00
2.121457e-02,2.863542e+00,1.431775e+00
2.121657e-02,2.874551e+00,1.437280e+00
2.121857e-02,2.885106e+00,1.442557e+00
2.122057e-02,2.895205e+00,1.447607e+00
2.122257e-02,2.904848e+00,1.452429e+00
2.122457e-02,2.914033e+00,1.457021e+00
2.122657e-02,2.922758e+00,1.461384e+00
2.122857e-02,2.931022e+00,1.465516e+00
2.123057e-02,2.938824e+00,1.469416e+00
2.123257e-02,2.946162e+00,1.473085e+00
2.123457e-02,2.953035e+00,1.476522e+00
2.123657e-02,2.959443e+00,1.479726e+00
2.123857e-02,2.965383e+00,1.482696e+00
2.124057e-02,2.970856e+00,1.485432e+00
2.124257e-02,2.975860e+00,1.487935e+00
2.124457e-02,2.980395e+00,1.490202e+00
2.124657e-02,2.984459e+00,1.492234e+00
2.124857e-02,2.988053e+00,1.494031e+00
2.125057e-02,2.991175e+00,1.495592e+00
2.125257e-02,2.993826e+00,1.496917e+00
2.125457e-02,2.996004e+00,1.498007e+00
2.125657e-02,2.997710e+00,1.498859e+00
2.125857e-02,2.998942e+00,1.499476e+00
2.126057e-02,2.999702e+00,1.499855e+00
2.126257e-02,2.999988e+00,1.499999e+00
2.126457e-02,2.999802e+00,1.499905e+00
2.126657e-02,2.999141e+00,1.499575e+00
2.126857e-02,2.998008e+00,1.499009e+00
2.127057e-02,2.996402e+00,1.498206e+00
2.127257e-02,2.994323e+00,1.497166e+00
2.127457e-02,2.991772e+00,1.495891e+00
2.127657e-02,2.988749e+00,1.494379e+00
2.127857e-02,2.985254e+00,1.492632e+00
2.128057e-02,2.981289e+00,1.490649e+00
2.128257e-02,2.976853e+00,1.488431e+00
2.128457e-02,2.971947e+00,1.485978e+00
2.128657e-02,2.966573e+00,1.483291e+00
2.128857e-02,2.960731e+00,1.480370e+00
2.129057e-02,2.954422e+00,1.477215e+00
2.129257e-02,2.947646e+00,1.473827e+00
2.129457e-02,2.940406e+00,1.470207e+00
2.129657e-02,2.932701e+00,1.466355e+00
2.129857e-02,2.924535e+00,1.462272e+00
2.130057e-02,2.915906e+00,1.457958e+00
2.130257e-02,2.906818e+00,1.453413e+00
2.130457e-02,2.897271e+00,1.448640e+00
2.130657e-02,2.887268e+00,1.443638e+00
2.130857e-02,2.876808e+00,1.438408e+00
2.131057e-02,2.865895e+00,1.432952e+00
2.131257e-02,2.854530e+00,1.427269e+00
2.131457e-02,2.842714e+00,1.421361e+00
2.131657e-02,2.830450e+00,1.415229e+00
2.131857e-02,2.817740e+00,1.408874e+00
2.132057e-02,2.804585e+00,1.402297e+00
2.132257e-02,2.790988e+00,1.395498e+00
2.132457e-02,2.776950e+00,1.388479e+00
2.132657e-02,2.762474e+00,1.381241e+00
2.132857e-02,2.747563e+00,1.373785e+00
2.133057e-02,2.732218e+00,1.366113e+00
2.133257e-02,2.716442e+00,1.358225e+00
2.133457e-02,2.700237e+00,1.350123e+00
2.133657e-02,2.683607e+00,1.341807e+00
2.133857e-02,2.666553e+00,1.333280e+00
2.134057e-02,2.649078e+00,1.324543e+00
2.134257e-02,2.631186e+00,1.315597e+00
2.134457e-02,2.612879e+00,1.306443e+00
2.134657e-02,2.594159e+00,1.297083e+00
2.134857e-02,2.575030e+00,1.287519e+00
2.135057e-02,2.555495e+00,1.277751e+00
2.135257e-02,2.535557e+00,1.267782e+00
2.135457e-02,2.515219e+00,1.257613e+00
2.135657e-02,2.494484e+00,1.247246e+00
2.135857e-02,2.473355e+00,1.236681e+00
2.136057e-02,2.451836e+00,1.225922e+00
2.136257e-02,2.429931e+00,1.214969e+00
2.136457e-02,2.407642e+00,1.203825e+00
2.136657e-02,2.384974e+00,1.192490e+00
2.136857e-02,2.361929e+00,1.180968e+00
2.137057e-02,2.338511e+00,1.169259e+00
2.137257e-02,2.314725e+00,1.157366e+00
2.137457e-02,2.290574e+00,1.145290e+00
2.137657e-02,2.266061e+00,1.133034e+00
2.137857e-02,2.241191e+00,1.120599e+00
2.138057e-02,2.215967e+00,1.107987e+00
2.138257e-02,2.190393e+00,1.095200e+00
2.138457e-02,2.164474e+00,1.082240e+00
2.138657e-02,2.138214e+00,1.069110e+00
2.138857e-02,2.111616e+00,1.055811e+00
2.139057e-02,2.084686e+00,1.042346e+00
2.139257e-02,2.057426e+00,1.028716e+00
2.139457e-02,2.029842e+00,1.014924e+00
2.139657e-02,2.001937e+00,1.000972e+00
2.139857e-02,1.973717e+00,9.868615e-01
2.140057e-02,1.945185e+00,9.725956e-01
2.140257e-02,1.916347e+00,9.581764e-01
2.140457e-02,1.887206e+00,9.436059e-01
2.140657e-02,1.857768e+00,9.288867e-01
2.140857e-02,1.828036e+00,9.140208e-01
2.141057e-02,1.798016e+00,8.990108e-01
2.141257e-02,1.767713e+00,8.838590e-01
2.141457e-02,1.737130e+00,8.685678e-01
2.141657e-02,1.706274e+00,8.531395e-01
2.141857e-02,1.675148e+00,8.375766e-01
2.142057e-02,1.643758e+00,8.218817e-01
2.142257e-02,1.612109e+00,8.060570e-01
2.142457e-02,1.580206e+00,7.901052e-01
2.142657e-02,1.548053e+00,7.740288e-01
2.142857e-02,1.515656e+00,7.578302e-01
2.143057e-02,1.483020e+00,7.415122e-01
2.143257e-02,1.450150e+00,7.250771e-01
2.143457e-02,1.417051e+00,7.085277e-01
2.143657e-02,1.383729e+00,6.918664e-01
2.143857e-02,1.350188e+00,6.750961e-01
2.144057e-02,1.316434e+00,6.582192e-01
2.144257e-02,1.282473e+00,6.412385e-01
2.144457e-02,1.248310e+00,6.241567e-01
2.144657e-02,1.213949e+00,6.069764e-01
2.144857e-02,1.179397e+00,5.897003e-01
2.145057e-02,1.144659e+00,5.723312e-01
2.145257e-02,1.109740e+00,5.548719e-01
2.145457e-02,1.074647e+00,5.373249e-01
2.145657e-02,1.039383e+00,5.196933e-01
2.145857e-02,1.003956e+00,5.019796e-01
2.146057e-02,9.683707e-01,4.841868e-01
2.146257e-02,9.326323e-01,4.663176e-01
2.146457e-02,8.967469e-01,4.483748e-01
2.146657e-02,8.607200e-01,4.303613e-01
2.146857e-02,8.245573e-01,4.122799e-01
2.147057e-02,7.882645e-01,3.941334e-01
2.147257e-02,7.518474e-01,3.759248e-01
2.147457e-02,7.153116e-01,3.576569e-01
2.147657e-02,6.786631e-01,3.393325e-01
2.147857e-02,6.419074e-01,3.209547e-01
2.148057e-02,6.050505e-01,3.025262e-01
2.148257e-02,5.680982e-01,2.840499e-01
2.148457e-02,5.310562e-01,2.655289e-01
2.148657e-02,4.939305e-01,2.469660e-01
2.148857e-02,4.567268e-01,2.283641e-01
2.149057e-02,4.194511e-01,2.097262e-01
2.149257e-02,3.821093e-01,1.910552e-01
2.149457e-02,3.447071e-01,1.723541e-01
2.149657e-02,3.072506e-01,1.536258e-01
2.149857e-02,2.697456e-01,1.348732e-01
2.150057e-02,2.321980e-01,1.160994e-01
2.150257e-02,1.946139e-01,9.730722e-02
2.150457e-02,1.569990e-01,7.849972e-02
2.150657e-02,1.193593e-01,5.967984e-02
2.150857e-02,8.170085e-02,4.085055e-02
2.151057e-02,4.402948e-02,2.201481e-02
2.151257e-02,6.351169e-03,3.175594e-03
2.151457e-02,-3.132814e-02,-1.566412e-02
2.151657e-02,-6.900251e-02,-3.450136e-02
2.151857e-02,-1.066660e-01,-5.333316e-02
2.152057e-02,-1.443127e-01,-7.215655e-02
2.152257e-02,-1.819366e-01,-9.096855e-02
2.152457e-02,-2.195317e-01,-1.097662e-01
2.152657e-02,-2.570923e-01,-1.285465e-01
2.152857e-02,-2.946123e-01,-1.473066e-01
2.153057e-02,-3.320858e-01,-1.660434e-01
2.153257e-02,-3.695070e-01,-1.847540e-01
2.153457e-02,-4.068698e-01,-2.034355e-01
2.153657e-02,-4.441685e-01,-2.220849e-01
2.153857e-02,-4.813971e-01,-2.406993e-01
2.154057e-02,-5.185498e-01,-2.592757e-01
2.154257e-02,-5.556206e-01,-2.778111e-01
2.154457e-02,-5.926038e-01,-2.963028e-01
2.154657e-02,-6.294935e-01,-3.147477e-01
2.154857e-02,-6.662840e-01,-3.331430e-01
2.155057e-02,-7.029693e-01,-3.514857e-01
2.155257e-02,-7.395437e-01,-3.697730e-01
2.155457e-02,-7.760014e-01,-3.880019e-01
2.155657e-02,-8.123368e-01,-4.061696e-01
2.155857e-02,-8.485440e-01,-4.242733e-01
2.156057e-02,-8.846173e-01,-4.423100e-01
2.156257e-02,-9.205511e-01,-4.602769e-01
2.156457e-02,-9.563396e-01,-4.781713e-01
2.156657e-02,-9.919773e-01,-4.959902e-01
2.156857e-02,-1.027459e+00,-5.137308e-01
2.157057e-02,-1.062778e+00,-5.313904e-01
2.157257e-02,-1.097929e+00,-5.489662e-01
2.157457e-02,-1.132907e+00,-5.664554e-01
2.157657e-02,-1.167707e+00,-5.838552e-01
2.157857e-02,-1.202322e+00,-6.011630e-01
2.158057e-02,-1.236748e+00,-6.183759e-01
2.158257e-02,-1.270979e+00,-6.354912e-01
2.158457e-02,-1.305009e+00,-6.525063e-01
2.158657e-02,-1.338833e+00,-6.694185e-01
2.158857e-02,-1.372446e+00,-6.862250e-01
2.159057e-02,-1.405842e+00,-7.029233e-01
2.159257e-02,-1.439017e+00,-7.195107e-01
2.159457e-02,-1.471965e+00,-7.359846e-01
2.159657e-02,-1.504680e+00,-7.523425e-01
2.159857e-02,-1.537159e+00,-7.685816e-01
2.160057e-02,-1.569394e+00,-7.846995e-01
2.160257e-02,-1.601382e+00,-8.006936e-01
2.160457e-02,-1.633118e+00,-8.165613e-01
2.160657e-02,-1.664596e+00,-8.323003e-01
2.160857e-02,-1.695811e+00,-8.479080e-01
2.161057e-02,-1.726759e+00,-8.633819e-01
2.161257e-02,-1.757434e+00,-8.787196e-01
2.161457e-02,-1.787832e+00,-8.939187e-01
2.161657e-02,-1.817948e+00,-9.089768e-01
2.161857e-02,-1.847777e+00,-9.238915e-01
2.162057e-02,-1.877315e+00,-9.386604e-01
2.162257e-02,-1.906557e+00,-9.532813e-01
2.162457e-02,-1.935498e+00,-9.677518e-01
2.162657e-02,-1.964133e+00,-9.820696e-01
2.162857e-02,-1.992459e+00,-9.962325e-01
2.163057e-02,-2.020470e+00,-1.010238e+00
2.163257e-02,-2.048163e+00,-1.024085e+00
2.163457e-02,-2.075533e+00,-1.037769e+00
2.163657e-02,-2.102575e+00,-1.051291e+00
2.163857e-02,-2.129285e+00,-1.064646e+00
2.164057e-02,-2.155660e+00,-1.077833e+00
2.164257e-02,-2.181694e+00,-1.090850e+00
2.164457e-02,-2.207385e+00,-1.103696e+00
2.164657e-02,-2.232727e+00,-1.116367e+00
2.164857e-02,-2.257717e+00,-1.128862e+00
2.165057e-02,-2.282350e+00,-1.141179e+00
2.165257e-02,-2.306624e+00,-1.153315e+00
2.165457e-02,-2.330534e+00,-1.165270e+00
2.165657e-02,-2.354076e+00,-1.177042e+00
2.165857e-02,-2.377247e+00,-1.188627e+00
2.166057e-02,-2.400043e+00,-1.200025e+00
2.166257e-02,-2.422460e+00,-1.211234e+00
2.166457e-02,-2.444495e+00,-1.222251e+00
2.166657e-02,-2.466144e+00,-1.233076e+00
2.166857e-02,-2.487405e+00,-1.243706e+00
2.167057e-02,-2.508273e+00,-1.254140e+00
2.167257e-02,-2.528745e+00,-1.264376e+00
2.167457e-02,-2.548818e+00,-1.274413e+00
2.167657e-02,-2.568490e+00,-1.284249e+00
2.167857e-02,-2.587756e+00,-1.293882e+00
2.168057e-02,-2.606614e+00,-1.303311e+00
2.168257e-02,-2.625061e+00,-1.312534e+00
2.168457e-02,-2.643093e+00,-1.321551e+00
2.168657e-02,-2.660709e+00,-1.330358e+00
2.168857e-02,-2.677905e+00,-1.338956e+00
2.169057e-02,-2.694678e+00,-1.347343e+00
2.169257e-02,-2.711027e+00,-1.355517e+00
2.169457e-02,-2.726947e+00,-1.363478e+00
2.169657e-02,-2.742438e+00,-1.371223e+00
2.169857e-02,-2.757496e+00,-1.378752e+00
2.170057e-02,-2.772119e+00,-1.386064e+00
2.170257e-02,-2.786304e+00,-1.393156e+00
2.170457e-02,-2.800050e+00,-1.400029e+00
2.170657e-02,-2.813355e+00,-1.406682e+00
2.170857e-02,-2.826215e+00,-1.413112e+00
2.171057e-02,-2.838630e+00,-1.419319e+00
2.171257e-02,-2.850597e+00,-1.425303e+00
2.171457e-02,-2.862114e+00,-1.431061e+00
2.171657e-02,-2.873180e+00,-1.436594e+00
2.171857e-02,-2.883792e+00,-1.441901e+00
2.172057e-02,-2.893950e+00,-1.446979e+00
2.172257e-02,-2.903651e+00,-1.451830e+00
2.172457e-02,-2.912894e+00,-1.456451e+00
2.172657e-02,-2.921677e+00,-1.460843e+00
2.172857e-02,-2.930000e+00,-1.465004e+00
2.173057e-02,-2.937860e+00,-1.468935e+00
2.173257e-02,-2.945257e+00,-1.472633e+00
2.173457e-02,-2.952189e+00,-1.476099e+00
2.173657e-02,-2.958656e+00,-1.479332e+00
2.173857e-02,-2.964656e+00,-1.482332e+00
2.174057e-02,-2.970188e+00,-1.485098e+00
2.174257e-02,-2.975252e+00,-1.487630e+00
2.174457e-02,-2.979846e+00,-1.489927e+00
2.174657e-02,-2.983970e+00,-1.491989e+00
2.174857e-02,-2.987623e+00,-1.493816e+00
2.175057e-02,-2.990806e+00,-1.495407e+00
2.175257e-02,-2.993516e+00,-1.496762e+00
2.175457e-02,-2.995754e+00,-1.497882e+00
2.175657e-02,-2.997520e+00,-1.498764e+00
2.175857e-02,-2.998812e+00,-1.499411e+00
2.176057e-02,-2.999632e+00,-1.499820e+00
2.176257e-02,-2.999978e+00,-1.499994e+00
2.176457e-02,-2.999851e+00,-1.499930e+00
2.176657e-02,-2.999251e+00,-1.499630e+00
2.176857e-02,-2.998178e+00,-1.499094e+00
2.177057e-02,-2.996632e+00,-1.498320e+00
2.177257e-02,-2.994613e+00,-1.497311e+00
2.177457e-02,-2.992122e+00,-1.496065e+00
2.177657e-02,-2.989158e+00,-1.494584e+00
2.177857e-02,-2.985723e+00,-1.492866e+00
2.178057e-02,-2.981818e+00,-1.490913e+00
2.178257e-02,-2.977441e+00,-1.488725e+00
2.178457e-02,-2.972595e+00,-1.486302e+00
2.178657e-02,-2.967281e+00,-1.483645e+00
2.178857e-02,-2.961498e+00,-1.480753e+00
2.179057e-02,-2.955247e+00,-1.477628e+00
2.179257e-02,-2.948531e+00,-1.474270e+00
2.179457e-02,-2.941350e+00,-1.470679e+00
2.179657e-02,-2.933704e+00,-1.466856e+00
2.179857e-02,-2.925596e+00,-1.462802e+00
2.180057e-02,-2.917026e+00,-1.458517e+00
2.180257e-02,-2.907996e+00,-1.454002e+00
2.180457e-02,-2.898507e+00,-1.449258e+00
2.180657e-02,-2.888561e+00,-1.444285e+00
2.180857e-02,-2.878160e+00,-1.439084e+00
2.181057e-02,-2.867304e+00,-1.433656e+00
2.181257e-02,-2.855996e+00,-1.428002e+00
2.181457e-02,-2.844237e+00,-1.422123e+00
2.181657e-02,-2.832030e+00,-1.416019e+00
2.181857e-02,-2.819376e+00,-1.409692e+00
2.182057e-02,-2.806278e+00,-1.403143e+00
2.182257e-02,-2.792736e+00,-1.396372e+00
2.182457e-02,-2.778754e+00,-1.389381e+00
2.182657e-02,-2.764334e+00,-1.382171e+00
2.182857e-02,-2.749477e+00,-1.374743e+00
2.183057e-02,-2.734187e+00,-1.367098e+00
2.183257e-02,-2.718466e+00,-1.359237e+00
2.183457e-02,-2.702316e+00,-1.351162e+00
2.183657e-02,-2.685739e+00,-1.342873e+00
2.183857e-02,-2.668739e+00,-1.334373e+00
2.184057e-02,-2.651317e+00,-1.325663e+00
2.184257e-02,-2.633478e+00,-1.316743e+00
2.184457e-02,-2.615223e+00,-1.307615e+00
2.184657e-02,-2.596555e+00,-1.298282e+00
2.184857e-02,-2.577478e+00,-1.288743e+00
2.185057e-02,-2.557994e+00,-1.279001e+00
2.185257e-02,-2.538107e+00,-1.269057e+00
2.185457e-02,-2.517820e+00,-1.258914e+00
2.185657e-02,-2.497135e+00,-1.248571e+00
2.185857e-02,-2.476056e+00,-1.238032e+00
2.186057e-02,-2.454587e+00,-1.227297e+00
2.186257e-02,-2.432730e+00,-1.216369e+00
2.186457e-02,-2.410490e+00,-1.205248e+00
2.186657e-02,-2.387869e+00,-1.193938e+00
2.186857e-02,-2.364872e+00,-1.182439e+00
2.187057e-02,-2.341501e+00,-1.170754e+00
2.187257e-02,-2.317762e+00,-1.158884e+00
2.187457e-02,-2.293656e+00,-1.146832e+00
2.187657e-02,-2.269189e+00,-1.134598e+00
2.187857e-02,-2.244364e+00,-1.122185e+00
2.188057e-02,-2.219185e+00,-1.109596e+00
2.188257e-02,-2.193655e+00,-1.096831e+00
2.188457e-02,-2.167780e+00,-1.083893e+00
2.188657e-02,-2.141563e+00,-1.070785e+00
2.188857e-02,-2.115008e+00,-1.057507e+00
2.189057e-02,-2.088119e+00,-1.044063e+00
2.189257e-02,-2.060901e+00,-1.030453e+00
2.189457e-02,-2.033357e+00,-1.016682e+00
2.189657e-02,-2.005493e+00,-1.002750e+00
2.189857e-02,-1.977313e+00,-9.886594e-01
2.190057e-02,-1.948820e+00,-9.744131e-01
2.190257e-02,-1.920021e+00,-9.600132e-01
2.190457e-02,-1.890918e+00,-9.454618e-01
2.190657e-02,-1.861517e+00,-9.307613e-01
2.190857e-02,-1.831822e+00,-9.159139e-01
2.191057e-02,-1.801839e+00,-9.009221e-01
2.191257e-02,-1.771571e+00,-8.857881e-01
2.191457e-02,-1.741024e+00,-8.705144e-01
2.191657e-02,-1.710202e+00,-8.551034e-01
2.191857e-02,-1.679110e+00,-8.395574e-01
2.192057e-02,-1.647753e+00,-8.238791e-01
2.192257e-02,-1.616137e+00,-8.080707e-01
2.192457e-02,-1.584265e+00,-7.921349e-01
2.192657e-02,-1.552144e+00,-7.760741e-01
2.192857e-02,-1.519777e+00,-7.598910e-01
2.193057e-02,-1.487171e+00,-7.435879e-01
2.193257e-02,-1.454331e+00,-7.271675e-01
2.193457e-02,-1.421261e+00,-7.106324e-01
2.193657e-02,-1.387966e+00,-6.939852e-01
2.193857e-02,-1.354453e+00,-6.772286e-01
2.194057e-02,-1.320726e+00,-6.603651e-01
2.194257e-02,-1.286791e+00,-6.433974e-01
2.194457e-02,-1.252653e+00,-6.263282e-01
2.194657e-02,-1.218317e+00,-6.091603e-01
2.194857e-02,-1.183789e+00,-5.918962e-01
2.195057e-02,-1.149074e+00,-5.745387e-01
2.195257e-02,-1.114178e+00,-5.570907e-01
2.195457e-02,-1.079106e+00,-5.395547e-01
2.195657e-02,-1.043864e+00,-5.219336e-01
2.195857e-02,-1.008457e+00,-5.042302e-01
2.196057e-02,-9.728916e-01,-4.864473e-01
2.196257e-02,-9.371723e-01,-4.685876e-01
2.196457e-02,-9.013052e-01,-4.506540e-01
2.196657e-02,-8.652959e-01,-4.326493e-01
2.196857e-02,-8.291501e-01,-4.145763e-01
2.197057e-02,-7.928735e-01,-3.964380e-01
2.197257e-02,-7.564719e-01,-3.782371e-01
2.197457e-02,-7.199509e-01,-3.599765e-01
2.197657e-02,-6.833163e-01,-3.416592e-01
2.197857e-02,-6.465739e-01,-3.232879e-01
2.198057e-02,-6.097295e-01,-3.048657e-01
2.198257e-02,-5.727890e-01,-2.863953e-01
2.198457e-02,-5.357580e-01,-2.678798e-01
2.198657e-02,-4.986426e-01,-2.493220e-01
2.198857e-02,-4.614485e-01,-2.307249e-01
2.199057e-02,-4.241816e-01,-2.120914e-01
2.199257e-02,-3.868478e-01,-1.934245e-01
2.199457e-02,-3.494530e-01,-1.747270e-01
2.199657e-02,-3.120030e-01,-1.560020e-01
2.199857e-02,-2.745038e-01,-1.372523e-01
2.200057e-02,-2.369613e-01,-1.184810e-01
2.200257e-02,-1.993815e-01,-9.969104e-02
2.200457e-02,-1.617702e-01,-8.088533e-02
2.200657e-02,-1.241333e-01,-6.206685e-02
2.200857e-02,-8.647691e-02,-4.323859e-02
2.201057e-02,-4.880685e-02,-2.440350e-02
2.201257e-02,-1.112909e-02,-5.564564e-03
2.201457e-02,2.655042e-02,1.327525e-02
2.201657e-02,6.422575e-02,3.211297e-02
2.201857e-02,1.018909e-01,5.094562e-02
2.202057e-02,1.395401e-01,6.977024e-02
2.202257e-02,1.771672e-01,8.858385e-02
2.202457e-02,2.147663e-01,1.073835e-01
2.202657e-02,2.523316e-01,1.261662e-01
2.202857e-02,2.898571e-01,1.449290e-01
2.203057e-02,3.273368e-01,1.636689e-01
2.203257e-02,3.647649e-01,1.823830e-01
2.203457e-02,4.021355e-01,2.010684e-01
2.203657e-02,4.394426e-01,2.197220e-01
2.203857e-02,4.766805e-01,2.383409e-01
2.204057e-02,5.138431e-01,2.569223e-01
2.204257e-02,5.509246e-01,2.754631e-01
2.204457e-02,5.879193e-01,2.939605e-01
2.204657e-02,6.248212e-01,3.124115e-01
2.204857e-02,6.616245e-01,3.308132e-01
2.205057e-02,6.983235e-01,3.491628e-01
2.205257e-02,7.349123e-01,3.674572e-01
2.205457e-02,7.713851e-01,3.856937e-01
2.205657e-02,8.077363e-01,4.038694e-01
2.205857e-02,8.439600e-01,4.219813e-01
2.206057e-02,8.800507e-01,4.400267e-01
2.206257e-02,9.160025e-01,4.580026e-01
2.206457e-02,9.518097e-01,4.759063e-01
2.206657e-02,9.874669e-01,4.937349e-01
2.206857e-02,1.022968e+00,5.114857e-01
2.207057e-02,1.058308e+00,5.291557e-01
2.207257e-02,1.093481e+00,5.467423e-01
2.207457e-02,1.128482e+00,5.642426e-01
2.207657e-02,1.163304e+00,5.816539e-01
2.207857e-02,1.197943e+00,5.989735e-01
2.208057e-02,1.232393e+00,6.161985e-01
2.208257e-02,1.266649e+00,6.333264e-01
2.208457e-02,1.300705e+00,6.503544e-01
2.208657e-02,1.334555e+00,6.672797e-01
2.208857e-02,1.368196e+00,6.840998e-01
2.209057e-02,1.401620e+00,7.008120e-01
2.209257e-02,1.434823e+00,7.174136e-01
2.209457e-02,1.467800e+00,7.339021e-01
2.209657e-02,1.500545e+00,7.502747e-01
2.209857e-02,1.533054e+00,7.665291e-01
2.210057e-02,1.565320e+00,7.826625e-01
2.210257e-02,1.597340e+00,7.986724e-01
2.210457e-02,1.629108e+00,8.145563e-01
2.210657e-02,1.660619e+00,8.303118e-01
2.210857e-02,1.691867e+00,8.459362e-01
2.211057e-02,1.722849e+00,8.614272e-01
2.211257e-02,1.753559e+00,8.767824e-01
2.211457e-02,1.783993e+00,8.919992e-01
2.211657e-02,1.814145e+00,9.070753e-01
2.211857e-02,1.844011e+00,9.220083e-01
2.212057e-02,1.873586e+00,9.367958e-01
2.212257e-02,1.902865e+00,9.514356e-01
2.212457e-02,1.931845e+00,9.659253e-01
2.212657e-02,1.960519e+00,9.802626e-01
2.212857e-02,1.988884e+00,9.944452e-01
2.213057e-02,2.016936e+00,1.008471e+00
2.213257e-02,2.044669e+00,1.022338e+00
2.213457e-02,2.072080e+00,1.036043e+00
2.213657e-02,2.099164e+00,1.049585e+00
2.213857e-02,2.125917e+00,1.062962e+00
2.214057e-02,2.152334e+00,1.076170e+00
2.214257e-02,2.178412e+00,1.089209e+00
2.214457e-02,2.204146e+00,1.102076e+00
2.214657e-02,2.229533e+00,1.114770e+00
2.214857e-02,2.254567e+00,1.127287e+00
2.215057e-02,2.279247e+00,1.139627e+00
2.215257e-02,2.303566e+00,1.151787e+00
2.215457e-02,2.327522e+00,1.163765e+00
2.215657e-02,2.351111e+00,1.175559e+00
2.215857e-02,2.374329e+00,1.187168e+00
2.216057e-02,2.397173e+00,1.198590e+00
2.216257e-02,2.419638e+00,1.209823e+00
2.216457e-02,2.441722e+00,1.220865e+00
2.216657e-02,2.463421e+00,1.231714e+00
2.216857e-02,2.484731e+00,1.242369e+00
2.217057e-02,2.505648e+00,1.252828e+00
2.217257e-02,2.526171e+00,1.263089e+00
2.217457e-02,2.546295e+00,1.273151e+00
2.217657e-02,2.566018e+00,1.283013e+00
2.217857e-02,2.585335e+00,1.292672e+00
2.218057e-02,2.604245e+00,1.302127e+00
2.218257e-02,2.622744e+00,1.311376e+00
2.218457e-02,2.640830e+00,1.320419e+00
2.218657e-02,2.658498e+00,1.329253e+00
2.218857e-02,2.675748e+00,1.337878e+00
2.219057e-02,2.692575e+00,1.346291e+00
2.219257e-02,2.708977e+00,1.354493e+00
2.219457e-02,2.724952e+00,1.362480e+00
2.219657e-02,2.740498e+00,1.370253e+00
2.219857e-02,2.755610e+00,1.377809e+00
2.220057e-02,2.770289e+00,1.385148e+00
2.220257e-02,2.784530e+00,1.392269e+00
2.220457e-02,2.798332e+00,1.399170e+00
2.220657e-02,2.811692e+00,1.405850e+00
2.220857e-02,2.824609e+00,1.412309e+00
2.221057e-02,2.837081e+00,1.418545e+00
2.221257e-02,2.849104e+00,1.424556e+00
2.221457e-02,2.860679e+00,1.430344e+00
2.221657e-02,2.871802e+00,1.435905e+00
2.221857e-02,2.882472e+00,1.441240e+00
2.222057e-02,2.892687e+00,1.446348e+00
2.222257e-02,2.902446e+00,1.451227e+00
2.222457e-02,2.911747e+00,1.455878e+00
2.222657e-02,2.920589e+00,1.460299e+00
2.222857e-02,2.928970e+00,1.464489e+00
2.223057e-02,2.936889e+00,1.468449e+00
2.223257e-02,2.944345e+00,1.472177e+00
2.223457e-02,2.951336e+00,1.475673e+00
2.223657e-02,2.957862e+00,1.478935e+00
2.223857e-02,2.963921e+00,1.481965e+00
2.224057e-02,2.969512e+00,1.484761e+00
2.224257e-02,2.974635e+00,1.487322e+00
2.224457e-02,2.979289e+00,1.489649e+00
2.224657e-02,2.983473e+00,1.491741e+00
2.224857e-02,2.987186e+00,1.493598e+00
2.225057e-02,2.990428e+00,1.495219e+00
2.225257e-02,2.993198e+00,1.496604e+00
2.225457e-02,2.995496e+00,1.497753e+00
2.225657e-02,2.997322e+00,1.498665e+00
2.225857e-02,2.998675e+00,1.499342e+00
2.226057e-02,2.999554e+00,1.499782e+00
2.226257e-02,2.999961e+00,1.499985e+00
2.226457e-02,2.999894e+00,1.499951e+00
2.226657e-02,2.999354e+00,1.499681e+00
2.226857e-02,2.998340e+00,1.499175e+00
2.227057e-02,2.996854e+00,1.498432e+00
2.227257e-02,2.994895e+00,1.497452e+00
2.227457e-02,2.992464e+00,1.496236e+00
2.227657e-02,2.989560e+00,1.494785e+00
2.227857e-02,2.986185e+00,1.493097e+00
2.228057e-02,2.982339e+00,1.491174e+00
2.228257e-02,2.978022e+00,1.489016e+00
2.228457e-02,2.973236e+00,1.486622e+00
2.228657e-02,2.967980e+00,1.483995e+00
2.228857e-02,2.962257e+00,1.481133e+00
2.229057e-02,2.956066e+00,1.478037e+00
2.229257e-02,2.949408e+00,1.474709e+00
2.229457e-02,2.942286e+00,1.471147e+00
2.229657e-02,2.934699e+00,1.467354e+00
2.229857e-02,2.926649e+00,1.463329e+00
2.230057e-02,2.918138e+00,1.459073e+00
2.230257e-02,2.909166e+00,1.454588e+00
2.230457e-02,2.899736e+00,1.449872e+00
2.230657e-02,2.889848e+00,1.444928e+00
2.230857e-02,2.879504e+00,1.439756e+00
2.231057e-02,2.868706e+00,1.434357e+00
2.231257e-02,2.857455e+00,1.428732e+00
2.231457e-02,2.845753e+00,1.422881e+00
2.231657e-02,2.833603e+00,1.416806e+00
2.231857e-02,2.821006e+00,1.410507e+00
2.232057e-02,2.807963e+00,1.403986e+00
2.232257e-02,2.794478e+00,1.397243e+00
2.232457e-02,2.780551e+00,1.390280e+00
2.232657e-02,2.766187e+00,1.383097e+00
2.232857e-02,2.751385e+00,1.375697e+00
2.233057e-02,2.736150e+00,1.368079e+00
2.233257e-02,2.720483e+00,1.360246e+00
2.233457e-02,2.704387e+00,1.352198e+00
2.233657e-02,2.687864e+00,1.343936e+00
2.233857e-02,2.670918e+00,1.335463e+00
2.234057e-02,2.653550e+00,1.326779e+00
2.234257e-02,2.635763e+00,1.317885e+00
2.234457e-02,2.617561e+00,1.308784e+00
2.234657e-02,2.598945e+00,1.299476e+00
2.234857e-02,2.579920e+00,1.289964e+00
2.235057e-02,2.560487e+00,1.280248e+00
2.235257e-02,2.540651e+00,1.270329e+00
2.235457e-02,2.520414e+00,1.260211e+00
2.235657e-02,2.499780e+00,1.249894e+00
2.235857e-02,2.478751e+00,1.239379e+00
2.236057e-02,2.457331e+00,1.228669e+00
2.236257e-02,2.435523e+00,1.217765e+00
2.236457e-02,2.413331e+00,1.206669e+00
2.236657e-02,2.390758e+00,1.195383e+00
2.236857e-02,2.367809e+00,1.183908e+00
2.237057e-02,2.344485e+00,1.172246e+00
2.237257e-02,2.320792e+00,1.160400e+00
2.237457e-02,2.296733e+00,1.148370e+00
2.237657e-02,2.272312e+00,1.136159e+00
2.237857e-02,2.247532e+00,1.123769e+00
2.238057e-02,2.222397e+00,1.111202e+00
2.238257e-02,2.196912e+00,1.098459e+00
2.238457e-02,2.171080e+00,1.085543e+00
2.238657e-02,2.144906e+00,1.072456e+00
2.238857e-02,2.118393e+00,1.059200e+00
2.239057e-02,2.091547e+00,1.045777e+00
2.239257e-02,2.064370e+00,1.032188e+00
2.239457e-02,2.036868e+00,1.018437e+00
2.239657e-02,2.009044e+00,1.004525e+00
2.239857e-02,1.980904e+00,9.904547e-01
2.240057e-02,1.952450e+00,9.762282e-01
2.240257e-02,1.923689e+00,9.618476e-01
2.240457e-02,1.894625e+00,9.473153e-01
2.240657e-02,1.865261e+00,9.326335e-01
2.240857e-02,1.835604e+00,9.178047e-01
2.241057e-02,1.805657e+00,9.028310e-01
2.241257e-02,1.775425e+00,8.877149e-01
2.241457e-02,1.744912e+00,8.724588e-01
2.241657e-02,1.714125e+00,8.570650e-01
2.241857e-02,1.683067e+00,8.415361e-01
2.242057e-02,1.651744e+00,8.258744e-01
2.242257e-02,1.620160e+00,8.100824e-01
2.242457e-02,1.588320e+00,7.941626e-01
2.242657e-02,1.556230e+00,7.781175e-01
2.242857e-02,1.523895e+00,7.619497e-01
2.243057e-02,1.491319e+00,7.456617e-01
2.243257e-02,1.458508e+00,7.292561e-01
2.243457e-02,1.425467e+00,7.127354e-01
2.243657e-02,1.392200e+00,6.961023e-01
2.243857e-02,1.358715e+00,6.793593e-01
2.244057e-02,1.325015e+00,6.625092e-01
2.244257e-02,1.291105e+00,6.455546e-01
2.244457e-02,1.256993e+00,6.284982e-01
2.244657e-02,1.222682e+00,6.113426e-01
2.244857e-02,1.188178e+00,5.940906e-01
2.245057e-02,1.153486e+00,5.767448e-01
2.245257e-02,1.118613e+00,5.593081e-01
2.245457e-02,1.083563e+00,5.417831e-01
2.245657e-02,1.048342e+00,5.241727e-01
2.245857e-02,1.012956e+00,5.064795e-01
2.246057e-02,9.774101e-01,4.887065e-01
2.246257e-02,9.417100e-01,4.708564e-01
2.246457e-02,9.058613e-01,4.529320e-01
2.246657e-02,8.698697e-01,4.349362e-01
2.246857e-02,8.337409e-01,4.168717e-01
2.247057e-02,7.974806e-01,3.987415e-01
2.247257e-02,7.610945e-01,3.805484e-01
2.247457e-02,7.245883e-01,3.622952e-01
2.247657e-02,6.879678e-01,3.439849e-01
2.247857e-02,6.512387e-01,3.256203e-01
2.248057e-02,6.144070e-01,3.072044e-01
2.248257e-02,5.774783e-01,2.887400e-01
2.248457e-02,5.404585e-01,2.702301e-01
2.248657e-02,5.033534e-01,2.516775e-01
2.248857e-02,4.661690e-01,2.330852e-01
2.249057e-02,4.289110e-01,2.144562e-01
2.249257e-02,3.915854e-01,1.957933e-01
2.249457e-02,3.541979e-01,1.770995e-01
2.249657e-02,3.167546e-01,1.583778e-01
2.249857e-02,2.792614e-01,1.396311e-01
2.250057e-02,2.417241e-01,1.208624e-01
2.250257e-02,2.041486e-01,1.020746e-01
2.250457e-02,1.665410e-01,8.327073e-02
2.250657e-02,1.289070e-01,6.445371e-02
2.250857e-02,9.125276e-02,4.562652e-02
2.251057e-02,5.358410e-02,2.679213e-02
2.251257e-02,1.590699e-02,7.953520e-03
2.251457e-02,-2.177263e-02,-1.088635e-02
2.251657e-02,-5.944882e-02,-2.972450e-02
2.251857e-02,-9.711562e-02,-4.855796e-02
2.252057e-02,-1.347671e-01,-6.738376e-02
2.252257e-02,-1.723973e-01,-8.619893e-02
2.252457e-02,-2.100004e-01,-1.050005e-01
2.252657e-02,-2.475703e-01,-1.237855e-01
2.252857e-02,-2.851011e-01,-1.425510e-01
2.253057e-02,-3.225870e-01,-1.612940e-01
2.253257e-02,-3.600220e-01,-1.800115e-01
2.253457e-02,-3.974002e-01,-1.987007e-01
2.253657e-02,-4.347157e-01,-2.173585e-01
2.253857e-02,-4.719626e-01,-2.359820e-01
2.254057e-02,-5.091351e-01,-2.545683e-01
2.254257e-02,-5.462272e-01,-2.731144e-01
2.254457e-02,-5.832332e-01,-2.916175e-01
2.254657e-02,-6.201472e-01,-3.100745e-01
2.254857e-02,-6.569634e-01,-3.284827e-01
2.255057e-02,-6.936759e-01,-3.468390e-01
2.255257e-02,-7.302790e-01,-3.651406e-01
2.255457e-02,-7.667668e-01,-3.833846e-01
2.255657e-02,-8.031338e-01,-4.015681e-01
2.255857e-02,-8.393740e-01,-4.196883e-01
2.256057e-02,-8.754818e-01,-4.377422e-01
2.256257e-02,-9.114515e-01,-4.557271e-01
2.256457e-02,-9.472774e-01,-4.736401e-01
2.256657e-02,-9.829539e-01,-4.914784e-01
2.256857e-02,-1.018475e+00,-5.092392e-01
2.257057e-02,-1.053836e+00,-5.269196e-01
2.257257e-02,-1.089031e+00,-5.445170e-01
2.257457e-02,-1.124053e+00,-5.620284e-01
2.257657e-02,-1.158899e+00,-5.794511e-01
2.257857e-02,-1.193561e+00,-5.967825e-01
2.258057e-02,-1.228036e+00,-6.140197e-01
2.258257e-02,-1.262316e+00,-6.311600e-01
2.258457e-02,-1.296398e+00,-6.482008e-01
2.258657e-02,-1.330275e+00,-6.651393e-01
2.258857e-02,-1.363942e+00,-6.819729e-01
2.259057e-02,-1.397394e+00,-6.986989e-01
2.259257e-02,-1.430625e+00,-7.153147e-01
2.259457e-02,-1.463631e+00,-7.318176e-01
2.259657e-02,-1.496406e+00,-7.482051e-01
2.259857e-02,-1.528945e+00,-7.644746e-01
2.260057e-02,-1.561242e+00,-7.806235e-01
2.260257e-02,-1.593294e+00,-7.966492e-01
2.260457e-02,-1.625094e+00,-8.125492e-01
2.260657e-02,-1.656637e+00,-8.283211e-01
2.260857e-02,-1.687920e+00,-8.439623e-01
2.261057e-02,-1.718936e+00,-8.594704e-01
2.261257e-02,-1.749681e+00,-8.748429e-01
2.261457e-02,-1.780149e+00,-8.900774e-01
2.261657e-02,-1.810337e+00,-9.051714e-01
2.261857e-02,-1.840240e+00,-9.201227e-01
2.262057e-02,-1.869852e+00,-9.349288e-01
2.262257e-02,-1.899169e+00,-9.495875e-01
2.262457e-02,-1.928187e+00,-9.640963e-01
2.262657e-02,-1.956900e+00,-9.784530e-01
2.262857e-02,-1.985305e+00,-9.926554e-01
2.263057e-02,-2.013396e+00,-1.006701e+00
2.263257e-02,-2.041170e+00,-1.020588e+00
2.263457e-02,-2.068622e+00,-1.034314e+00
2.263657e-02,-2.095748e+00,-1.047877e+00
2.263857e-02,-2.122543e+00,-1.061275e+00
2.264057e-02,-2.149003e+00,-1.074505e+00
2.264257e-02,-2.175124e+00,-1.087565e+00
2.264457e-02,-2.200902e+00,-1.100454e+00
2.264657e-02,-2.226333e+00,-1.113170e+00
2.264857e-02,-2.251413e+00,-1.125710e+00
2.265057e-02,-2.276137e+00,-1.138072e+00
2.265257e-02,-2.300502e+00,-1.150255e+00
2.265457e-02,-2.324505e+00,-1.162256e+00
2.265657e-02,-2.348141e+00,-1.174074e+00
2.265857e-02,-2.371406e+00,-1.185707e+00
2.266057e-02,-2.394297e+00,-1.197152e+00
2.266257e-02,-2.416811e+00,-1.208409e+00
2.266457e-02,-2.438943e+00,-1.219475e+00
2.266657e-02,-2.460691e+00,-1.230349e+00
2.266857e-02,-2.482050e+00,-1.241029e+00
2.267057e-02,-2.503018e+00,-1.251513e+00
2.267257e-02,-2.523591e+00,-1.261799e+00
2.267457e-02,-2.543766e+00,-1.271887e+00
2.267657e-02,-2.563539e+00,-1.281773e+00
2.267857e-02,-2.582908e+00,-1.291458e+00
2.268057e-02,-2.601870e+00,-1.300939e+00
2.268257e-02,-2.620421e+00,-1.310215e+00
2.268457e-02,-2.638559e+00,-1.319284e+00
2.268657e-02,-2.656281e+00,-1.328144e+00
2.268857e-02,-2.673584e+00,-1.336796e+00
2.269057e-02,-2.690464e+00,-1.345236e+00
2.269257e-02,-2.706921e+00,-1.353465e+00
2.269457e-02,-2.722950e+00,-1.361479e+00
2.269657e-02,-2.738550e+00,-1.369279e+00
2.269857e-02,-2.753718e+00,-1.376863e+00
2.270057e-02,-2.768452e+00,-1.384230e+00
2.270257e-02,-2.782748e+00,-1.391378e+00
2.270457e-02,-2.796606e+00,-1.398307e+00
2.270657e-02,-2.810023e+00,-1.405016e+00
2.270857e-02,-2.822996e+00,-1.411502e+00
2.271057e-02,-2.835524e+00,-1.417766e+00
2.271257e-02,-2.847605e+00,-1.423807e+00
2.271457e-02,-2.859236e+00,-1.429622e+00
2.271657e-02,-2.870416e+00,-1.435213e+00
2.271857e-02,-2.881144e+00,-1.440576e+00
2.272057e-02,-2.891417e+00,-1.445713e+00
2.272257e-02,-2.901234e+00,-1.450621e+00
2.272457e-02,-2.910593e+00,-1.455301e+00
2.272657e-02,-2.919493e+00,-1.459751e+00
2.272857e-02,-2.927933e+00,-1.463971e+00
2.273057e-02,-2.935911e+00,-1.467960e+00
2.273257e-02,-2.943425e+00,-1.471717e+00
2.273457e-02,-2.950475e+00,-1.475242e+00
2.273657e-02,-2.957060e+00,-1.478535e+00
2.273857e-02,-2.963178e+00,-1.481594e+00
2.274057e-02,-2.968829e+00,-1.484419e+00
2.274257e-02,-2.974012e+00,-1.487010e+00
2.274457e-02,-2.978725e+00,-1.489367e+00
2.274657e-02,-2.982969e+00,-1.491489e+00
2.274857e-02,-2.986742e+00,-1.493375e+00
2.275057e-02,-2.990043e+00,-1.495026e+00
2.275257e-02,-2.992873e+00,-1.496441e+00
2.275457e-02,-2.995231e+00,-1.497620e+00
2.275657e-02,-2.997117e+00,-1.498563e+00
2.275857e-02,-2.998529e+00,-1.499269e+00
2.276057e-02,-2.999469e+00,-1.499739e+00
2.276257e-02,-2.999935e+00,-1.499972e+00
2.276457e-02,-2.999928e+00,-1.499969e+00
2.276657e-02,-2.999448e+00,-1.499729e+00
2.276857e-02,-2.998495e+00,-1.499252e+00
2.277057e-02,-2.997069e+00,-1.498539e+00
2.277257e-02,-2.995170e+00,-1.497589e+00
2.277457e-02,-2.992798e+00,-1.496404e+00
2.277657e-02,-2.989955e+00,-1.494982e+00
2.277857e-02,-2.986639e+00,-1.493324e+00
2.278057e-02,-2.982853e+00,-1.491431e+00
2.278257e-02,-2.978596e+00,-1.489302e+00
2.278457e-02,-2.973869e+00,-1.486939e+00
2.278657e-02,-2.968673e+00,-1.484341e+00
2.278857e-02,-2.963008e+00,-1.481509e+00
2.279057e-02,-2.956877e+00,-1.478443e+00
2.279257e-02,-2.950278e+00,-1.475144e+00
2.279457e-02,-2.943215e+00,-1.471612e+00
2.279657e-02,-2.935687e+00,-1.467848e+00
2.279857e-02,-2.927696e+00,-1.463852e+00
2.280057e-02,-2.919243e+00,-1.459626e+00
2.280257e-02,-2.910330e+00,-1.455169e+00
2.280457e-02,-2.900957e+00,-1.450483e+00
2.280657e-02,-2.891127e+00,-1.445568e+00
2.280857e-02,-2.880841e+00,-1.440425e+00
2.281057e-02,-2.870100e+00,-1.435054e+00
2.281257e-02,-2.858907e+00,-1.429458e+00
2.281457e-02,-2.847262e+00,-1.423635e+00
2.281657e-02,-2.835168e+00,-1.417588e+00
2.281857e-02,-2.822628e+00,-1.411318e+00
2.282057e-02,-2.809642e+00,-1.404825e+00
2.282257e-02,-2.796212e+00,-1.398110e+00
2.282457e-02,-2.782342e+00,-1.391175e+00
2.282657e-02,-2.768032e+00,-1.384020e+00
2.282857e-02,-2.753286e+00,-1.376647e+00
2.283057e-02,-2.738106e+00,-1.369057e+00
2.283257e-02,-2.722494e+00,-1.361251e+00
2.283457e-02,-2.706452e+00,-1.353230e+00
2.283657e-02,-2.689983e+00,-1.344996e+00
2.283857e-02,-2.673090e+00,-1.336549e+00
2.284057e-02,-2.655775e+00,-1.327892e+00
2.284257e-02,-2.638041e+00,-1.319025e+00
2.284457e-02,-2.619892e+00,-1.309950e+00
2.284657e-02,-2.601328e+00,-1.300668e+00
2.284857e-02,-2.582355e+00,-1.291181e+00
2.285057e-02,-2.562974e+00,-1.281491e+00
2.285257e-02,-2.543189e+00,-1.271598e+00
2.285457e-02,-2.523002e+00,-1.261505e+00
2.285657e-02,-2.502418e+00,-1.251213e+00
2.285857e-02,-2.481439e+00,-1.240723e+00
2.286057e-02,-2.460068e+00,-1.230038e+00
2.286257e-02,-2.438309e+00,-1.219158e+00
2.286457e-02,-2.416166e+00,-1.208087e+00
2.286657e-02,-2.393642e+00,-1.196824e+00
2.286857e-02,-2.370740e+00,-1.185373e+00
2.287057e-02,-2.347463e+00,-1.173735e+00
2.287257e-02,-2.323817e+00,-1.161912e+00
2.287457e-02,-2.299804e+00,-1.149905e+00
2.287657e-02,-2.275428e+00,-1.137718e+00
2.287857e-02,-2.250693e+00,-1.125350e+00
2.288057e-02,-2.225604e+00,-1.112805e+00
2.288257e-02,-2.200163e+00,-1.100085e+00
2.288457e-02,-2.174375e+00,-1.087191e+00
2.288657e-02,-2.148244e+00,-1.074125e+00
2.288857e-02,-2.121774e+00,-1.060890e+00
2.289057e-02,-2.094969e+00,-1.047488e+00
2.289257e-02,-2.067834e+00,-1.033920e+00
2.289457e-02,-2.040373e+00,-1.020190e+00
2.289657e-02,-2.012590e+00,-1.006298e+00
2.289857e-02,-1.984489e+00,-9.922476e-01
2.290057e-02,-1.956076e+00,-9.780407e-01
2.290257e-02,-1.927353e+00,-9.636796e-01
2.290457e-02,-1.898327e+00,-9.491664e-01
2.290657e-02,-1.869001e+00,-9.345034e-01
2.290857e-02,-1.839381e+00,-9.196931e-01
2.291057e-02,-1.809470e+00,-9.047377e-01
2.291257e-02,-1.779274e+00,-8.896395e-01
2.291457e-02,-1.748797e+00,-8.744010e-01
2.291657e-02,-1.718044e+00,-8.590246e-01
2.291857e-02,-1.687020e+00,-8.435126e-01
2.292057e-02,-1.655730e+00,-8.278676e-01
2.292257e-02,-1.624179e+00,-8.120920e-01
2.292457e-02,-1.592372e+00,-7.961883e-01
2.292657e-02,-1.560313e+00,-7.801590e-01
2.292857e-02,-1.528009e+00,-7.640066e-01
2.293057e-02,-1.495463e+00,-7.477337e-01
2.293257e-02,-1.462681e+00,-7.313428e-01
2.293457e-02,-1.429669e+00,-7.148366e-01
2.293657e-02,-1.396431e+00,-6.982175e-01
2.293857e-02,-1.362973e+00,-6.814884e-01
2.294057e-02,-1.329299e+00,-6.646517e-01
2.294257e-02,-1.295417e+00,-6.477102e-01
2.294457e-02,-1.261329e+00,-6.306666e-01
2.294657e-02,-1.227043e+00,-6.135234e-01
2.294857e-02,-1.192563e+00,-5.962834e-01
2.295057e-02,-1.157895e+00,-5.789494e-01
2.295257e-02,-1.123045e+00,-5.615241e-01
2.295457e-02,-1.088017e+00,-5.440101e-01
2.295657e-02,-1.052818e+00,-5.264104e-01
2.295857e-02,-1.017452e+00,-5.087276e-01
2.296057e-02,-9.819261e-01,-4.909645e-01
2.296257e-02,-9.462452e-01,-4.731240e-01
2.296457e-02,-9.104151e-01,-4.552089e-01
2.296657e-02,-8.744413e-01,-4.372220e-01
2.296857e-02,-8.383296e-01,-4.191660e-01
2.297057e-02,-8.020856e-01,-4.010440e-01
2.297257e-02,-7.657151e-01,-3.828587e-01
2.297457e-02,-7.292238e-01,-3.646130e-01
2.297657e-02,-6.926175e-01,-3.463098e-01
2.297857e-02,-6.559019e-01,-3.279519e-01
2.298057e-02,-6.190829e-01,-3.095424e-01
2.298257e-02,-5.821661e-01,-2.910839e-01
2.298457e-02,-5.451576e-01,-2.725796e-01
2.298657e-02,-5.080630e-01,-2.540323e-01
2.298857e-02,-4.708883e-01,-2.354449e-01
2.299057e-02,-4.336393e-01,-2.168203e-01
2.299257e-02,-3.963219e-01,-1.981616e-01
2.299457e-02,-3.589420e-01,-1.794715e-01
2.299657e-02,-3.215055e-01,-1.607532e-01
2.299857e-02,-2.840182e-01,-1.420095e-01
2.300057e-02,-2.464862e-01,-1.232435e-01
2.300257e-02,-2.089152e-01,-1.044579e-01
2.300457e-02,-1.713113e-01,-8.565592e-02
2.300657e-02,-1.336804e-01,-6.684040e-02
2.300857e-02,-9.602838e-02,-4.801433e-02
2.301057e-02,-5.836122e-02,-2.918070e-02
2.301257e-02,-2.068485e-02,-1.034246e-02
2.301457e-02,1.699478e-02,8.497417e-03
2.301657e-02,5.467173e-02,2.733595e-02
2.301857e-02,9.234006e-02,4.617017e-02
2.302057e-02,1.299938e-01,6.499711e-02
2.302257e-02,1.676271e-01,8.381379e-02
2.302457e-02,2.052339e-01,1.026172e-01
2.302657e-02,2.428083e-01,1.214045e-01
2.302857e-02,2.803444e-01,1.401726e-01
2.303057e-02,3.178364e-01,1.589187e-01
2.303257e-02,3.552781e-01,1.776396e-01
2.303457e-02,3.926638e-01,1.963325e-01
2.303657e-02,4.299876e-01,2.149945e-01
2.303857e-02,4.672436e-01,2.336225e-01
2.304057e-02,5.044258e-01,2.522137e-01
2.304257e-02,5.415285e-01,2.707650e-01
2.304457e-02,5.785457e-01,2.892737e-01
2.304657e-02,6.154717e-01,3.077368e-01
2.304857e-02,6.523006e-01,3.261513e-01
2.305057e-02,6.890265e-01,3.445143e-01
2.305257e-02,7.256438e-01,3.628230e-01
2.305457e-02,7.621466e-01,3.810745e-01
2.305657e-02,7.985292e-01,3.992658e-01
2.305857e-02,8.347858e-01,4.173942e-01
2.306057e-02,8.709107e-01,4.354567e-01
2.306257e-02,9.068983e-01,4.534505e-01
2.306457e-02,9.427427e-01,4.713728e-01
2.306657e-02,9.784385e-01,4.892207e-01
2.306857e-02,1.013980e+00,5.069915e-01
2.307057e-02,1.049361e+00,5.246822e-01
2.307257e-02,1.084577e+00,5.422903e-01
2.307457e-02,1.119622e+00,5.598127e-01
2.307657e-02,1.154490e+00,5.772469e-01
2.307857e-02,1.189176e+00,5.945899e-01
2.308057e-02,1.223675e+00,6.118392e-01
2.308257e-02,1.257980e+00,6.289920e-01
2.308457e-02,1.292087e+00,6.460456e-01
2.308657e-02,1.325990e+00,6.629972e-01
2.308857e-02,1.359684e+00,6.798442e-01
2.309057e-02,1.393164e+00,6.965840e-01
2.309257e-02,1.426424e+00,7.132139e-01
2.309457e-02,1.459458e+00,7.297313e-01
2.309657e-02,1.492263e+00,7.461336e-01
2.309857e-02,1.524832e+00,7.624182e-01
2.310057e-02,1.557160e+00,7.785825e-01
2.310257e-02,1.589243e+00,7.946240e-01
2.310457e-02,1.621075e+00,8.105401e-01
2.310657e-02,1.652652e+00,8.263284e-01
2.310857e-02,1.683968e+00,8.419863e-01
2.311057e-02,1.715018e+00,8.575114e-01
2.311257e-02,1.745797e+00,8.729012e-01
2.311457e-02,1.776301e+00,8.881533e-01
2.311657e-02,1.806525e+00,9.032653e-01
2.311857e-02,1.836464e+00,9.182348e-01
2.312057e-02,1.866113e+00,9.330595e-01
2.312257e-02,1.895468e+00,9.477369e-01
2.312457e-02,1.924524e+00,9.622649e-01
2.312657e-02,1.953276e+00,9.766411e-01
2.312857e-02,1.981720e+00,9.908632e-01
2.313057e-02,2.009852e+00,1.004929e+00
2.313257e-02,2.037666e+00,1.018836e+00
2.313457e-02,2.065159e+00,1.032583e+00
2.313657e-02,2.092326e+00,1.046166e+00
2.313857e-02,2.119164e+00,1.059585e+00
2.314057e-02,2.145666e+00,1.072836e+00
2.314257e-02,2.171831e+00,1.085919e+00
2.314457e-02,2.197653e+00,1.098830e+00
2.314657e-02,2.223128e+00,1.111567e+00
2.314857e-02,2.248252e+00,1.124129e+00
2.315057e-02,2.273022e+00,1.136514e+00
2.315257e-02,2.297433e+00,1.148720e+00
2.315457e-02,2.321481e+00,1.160744e+00
2.315657e-02,2.345164e+00,1.172585e+00
2.315857e-02,2.368476e+00,1.184242e+00
2.316057e-02,2.391415e+00,1.195711e+00
2.316257e-02,2.413977e+00,1.206992e+00
2.316457e-02,2.436158e+00,1.218083e+00
2.316657e-02,2.457954e+00,1.228981e+00
2.316857e-02,2.479363e+00,1.239685e+00
2.317057e-02,2.500381e+00,1.250194e+00
2.317257e-02,2.521004e+00,1.260506e+00
2.317457e-02,2.541230e+00,1.270619e+00
2.317657e-02,2.561054e+00,1.280531e+00
2.317857e-02,2.580475e+00,1.290241e+00
2.318057e-02,2.599488e+00,1.299748e+00
2.318257e-02,2.618092e+00,1.309050e+00
2.318457e-02,2.636282e+00,1.318145e+00
2.318657e-02,2.654057e+00,1.327032e+00
2.318857e-02,2.671413e+00,1.335710e+00
2.319057e-02,2.688347e+00,1.344178e+00
2.319257e-02,2.704858e+00,1.352433e+00
2.319457e-02,2.720941e+00,1.360475e+00
2.319657e-02,2.736596e+00,1.368302e+00
2.319857e-02,2.751819e+00,1.375914e+00
2.320057e-02,2.766607e+00,1.383308e+00
2.320257e-02,2.780960e+00,1.390484e+00
2.320457e-02,2.794873e+00,1.397441e+00
2.320657e-02,2.808346e+00,1.404177e+00
2.320857e-02,2.821375e+00,1.410692e+00
2.321057e-02,2.833960e+00,1.416984e+00
2.321257e-02,2.846098e+00,1.423053e+00
2.321457e-02,2.857786e+00,1.428897e+00
2.321657e-02,2.869024e+00,1.434516e+00
2.321857e-02,2.879809e+00,1.439909e+00
2.322057e-02,2.890140e+00,1.445074e+00
2.322257e-02,2.900014e+00,1.450012e+00
2.322457e-02,2.909432e+00,1.454720e+00
2.322657e-02,2.918390e+00,1.459200e+00
2.322857e-02,2.926888e+00,1.463449e+00
2.323057e-02,2.934925e+00,1.467467e+00
2.323257e-02,2.942498e+00,1.471253e+00
2.323457e-02,2.949607e+00,1.474808e+00
2.323657e-02,2.956251e+00,1.478130e+00
2.323857e-02,2.962429e+00,1.481219e+00
2.324057e-02,2.968139e+00,1.484074e+00
2.324257e-02,2.973381e+00,1.486695e+00
2.324457e-02,2.978154e+00,1.489081e+00
2.324657e-02,2.982457e+00,1.491233e+00
2.324857e-02,2.986289e+00,1.493149e+00
2.325057e-02,2.989651e+00,1.494830e+00
2.325257e-02,2.992541e+00,1.496275e+00
2.325457e-02,2.994958e+00,1.497484e+00
2.325657e-02,2.996904e+00,1.498456e+00
2.325857e-02,2.998376e+00,1.499193e+00
2.326057e-02,2.999376e+00,1.499692e+00
2.326257e-02,2.999902e+00,1.499956e+00
2.326457e-02,2.999955e+00,1.499982e+00
2.326657e-02,2.999535e+00,1.499772e+00
2.326857e-02,2.998642e+00,1.499326e+00
2.327057e-02,2.997276e+00,1.498642e+00
2.327257e-02,2.995437e+00,1.497723e+00
2.327457e-02,2.993125e+00,1.496567e+00
2.327657e-02,2.990341e+00,1.495175e+00
2.327857e-02,2.987086e+00,1.493547e+00
2.328057e-02,2.983359e+00,1.491684e+00
2.328257e-02,2.979162e+00,1.489585e+00
2.328457e-02,2.974494e+00,1.487252e+00
2.328657e-02,2.969358e+00,1.484683e+00
2.328857e-02,2.963753e+00,1.481881e+00
2.329057e-02,2.957680e+00,1.478844e+00
2.329257e-02,2.951141e+00,1.475575e+00
2.329457e-02,2.944136e+00,1.472073e+00
2.329657e-02,2.936667e+00,1.468338e+00
2.329857e-02,2.928735e+00,1.464372e+00
2.330057e-02,2.920340e+00,1.460175e+00
2.330257e-02,2.911485e+00,1.455747e+00
2.330457e-02,2.902171e+00,1.451090e+00
2.330657e-02,2.892399e+00,1.446204e+00
2.330857e-02,2.882170e+00,1.441089e+00
2.331057e-02,2.871487e+00,1.435748e+00
2.331257e-02,2.860351e+00,1.430180e+00
2.331457e-02,2.848764e+00,1.424386e+00
2.331657e-02,2.836727e+00,1.418368e+00
2.331857e-02,2.824243e+00,1.412126e+00
2.332057e-02,2.811313e+00,1.405661e+00
2.332257e-02,2.797940e+00,1.398974e+00
2.332457e-02,2.784125e+00,1.392067e+00
2.332657e-02,2.769871e+00,1.384940e+00
2.332857e-02,2.755180e+00,1.377594e+00
2.333057e-02,2.740055e+00,1.370032e+00
2.333257e-02,2.724497e+00,1.362253e+00
2.333457e-02,2.708510e+00,1.354259e+00
2.333657e-02,2.692095e+00,1.346051e+00
2.333857e-02,2.675255e+00,1.337632e+00
2.334057e-02,2.657994e+00,1.329001e+00
2.334257e-02,2.640313e+00,1.320161e+00
2.334457e-02,2.622216e+00,1.311112e+00
2.334657e-02,2.603705e+00,1.301856e+00
2.334857e-02,2.584783e+00,1.292396e+00
2.335057e-02,2.565454e+00,1.282731e+00
2.335257e-02,2.545720e+00,1.272864e+00
2.335457e-02,2.525584e+00,1.262796e+00
2.335657e-02,2.505050e+00,1.252529e+00
2.335857e-02,2.484121e+00,1.242064e+00
2.336057e-02,2.462800e+00,1.231403e+00
2.336257e-02,2.441090e+00,1.220549e+00
2.336457e-02,2.418995e+00,1.209501e+00
2.336657e-02,2.396519e+00,1.198263e+00
2.336857e-02,2.373664e+00,1.186836e+00
2.337057e-02,2.350435e+00,1.175221e+00
2.337257e-02,2.326836e+00,1.163421e+00
2.337457e-02,2.302869e+00,1.151438e+00
2.337657e-02,2.278539e+00,1.139273e+00
2.337857e-02,2.253850e+00,1.126928e+00
2.338057e-02,2.228805e+00,1.114406e+00
2.338257e-02,2.203408e+00,1.101707e+00
2.338457e-02,2.177664e+00,1.088835e+00
2.338657e-02,2.151576e+00,1.075791e+00
2.338857e-02,2.125149e+00,1.062578e+00
2.339057e-02,2.098387e+00,1.049196e+00
2.339257e-02,2.071293e+00,1.035650e+00
2.339457e-02,2.043873e+00,1.021940e+00
2.339657e-02,2.016131e+00,1.008068e+00
2.339857e-02,1.988070e+00,9.940380e-01
2.340057e-02,1.959696e+00,9.798508e-01
2.340257e-02,1.931012e+00,9.655091e-01
2.340457e-02,1.902024e+00,9.510150e-01
2.340657e-02,1.872736e+00,9.363710e-01
2.340857e-02,1.843153e+00,9.215792e-01
2.341057e-02,1.813279e+00,9.066420e-01
2.341257e-02,1.783118e+00,8.915618e-01
2.341457e-02,1.752677e+00,8.763410e-01
2.341657e-02,1.721959e+00,8.609819e-01
2.341857e-02,1.690969e+00,8.454870e-01
2.342057e-02,1.659712e+00,8.298587e-01
2.342257e-02,1.628194e+00,8.140995e-01
2.342457e-02,1.596419e+00,7.982119e-01
2.342657e-02,1.564392e+00,7.821984e-01
2.342857e-02,1.532118e+00,7.660615e-01
2.343057e-02,1.499603e+00,7.498037e-01
2.343257e-02,1.466851e+00,7.334277e-01
2.343457e-02,1.433868e+00,7.169359e-01
2.343657e-02,1.400658e+00,7.003311e-01
2.343857e-02,1.367227e+00,6.836157e-01
2.344057e-02,1.333581e+00,6.667926e-01
2.344257e-02,1.299724e+00,6.498642e-01
2.344457e-02,1.265663e+00,6.328333e-01
2.344657e-02,1.231402e+00,6.157026e-01
2.344857e-02,1.196946e+00,5.984748e-01
2.345057e-02,1.162302e+00,5.811525e-01
2.345257e-02,1.127474e+00,5.637386e-01
2.345457e-02,1.092468e+00,5.462358e-01
2.345657e-02,1.057290e+00,5.286467e-01
2.345857e-02,1.021946e+00,5.109743e-01
2.346057e-02,9.864396e-01,4.932213e-01
2.346257e-02,9.507781e-01,4.753905e-01
2.346457e-02,9.149665e-01,4.574846e-01
2.346657e-02,8.790107e-01,4.395066e-01
2.346857e-02,8.429161e-01,4.214593e-01
2.347057e-02,8.066886e-01,4.033455e-01
2.347257e-02,7.703338e-01,3.851681e-01
2.347457e-02,7.338575e-01,3.669299e-01
2.347657e-02,6.972655e-01,3.486338e-01
2.347857e-02,6.605634e-01,3.302827e-01
2.348057e-02,6.237572e-01,3.118795e-01
2.348257e-02,5.868525e-01,2.934271e-01
2.348457e-02,5.498553e-01,2.749285e-01
2.348657e-02,5.127713e-01,2.563864e-01
2.348857e-02,4.756064e-01,2.378039e-01
2.349057e-02,4.383665e-01,2.191839e-01
2.349257e-02,4.010575e-01,2.005294e-01
2.349457e-02,3.636852e-01,1.818431e-01
2.349657e-02,3.262555e-01,1.631282e-01
2.349857e-02,2.887743e-01,1.443876e-01
2.350057e-02,2.512476e-01,1.256242e-01
2.350257e-02,2.136813e-01,1.068410e-01
2.350457e-02,1.760813e-01,8.804089e-02
2.350657e-02,1.384534e-01,6.922692e-02
2.350857e-02,1.008038e-01,5.040203e-02
2.351057e-02,6.313818e-02,3.156919e-02
2.351257e-02,2.546265e-02,1.273137e-02
2.351457e-02,-1.221689e-02,-6.108465e-03
2.351657e-02,-4.989451e-02,-2.494733e-02
2.351857e-02,-8.756426e-02,-4.378226e-02
2.352057e-02,-1.252202e-01,-6.261029e-02
2.352257e-02,-1.628564e-01,-8.142843e-02
2.352457e-02,-2.004669e-01,-1.002337e-01
2.352657e-02,-2.380457e-01,-1.190232e-01
2.352857e-02,-2.755871e-01,-1.377939e-01
2.353057e-02,-3.130849e-01,-1.565429e-01
2.353257e-02,-3.505333e-01,-1.752672e-01
2.353457e-02,-3.879265e-01,-1.939638e-01
2.353657e-02,-4.252585e-01,-2.126299e-01
2.353857e-02,-4.625233e-01,-2.312624e-01
2.354057e-02,-4.997152e-01,-2.498584e-01
2.354257e-02,-5.368283e-01,-2.684150e-01
2.354457e-02,-5.738567e-01,-2.869292e-01
2.354657e-02,-6.107946e-01,-3.053982e-01
2.354857e-02,-6.476361e-01,-3.238190e-01
2.355057e-02,-6.843754e-01,-3.421887e-01
2.355257e-02,-7.210068e-01,-3.605045e-01
2.355457e-02,-7.575245e-01,-3.787634e-01
2.355657e-02,-7.939226e-01,-3.969625e-01
2.355857e-02,-8.301955e-01,-4.150990e-01
2.356057e-02,-8.663375e-01,-4.331700e-01
2.356257e-02,-9.023427e-01,-4.511727e-01
2.356457e-02,-9.382057e-01,-4.691042e-01
2.356657e-02,-9.739206e-01,-4.869617e-01
2.356857e-02,-1.009482e+00,-5.047424e-01
2.357057e-02,-1.044884e+00,-5.224435e-01
2.357257e-02,-1.080121e+00,-5.400622e-01
2.357457e-02,-1.115188e+00,-5.575956e-01
2.357657e-02,-1.150079e+00,-5.750411e-01
2.357857e-02,-1.184788e+00,-5.923959e-01
2.358057e-02,-1.219311e+00,-6.096573e-01
2.358257e-02,-1.253641e+00,-6.268224e-01
2.358457e-02,-1.287774e+00,-6.438887e-01
2.358657e-02,-1.321703e+00,-6.608534e-01
2.358857e-02,-1.355424e+00,-6.777138e-01
2.359057e-02,-1.388931e+00,-6.944674e-01
2.359257e-02,-1.422218e+00,-7.111114e-01
2.359457e-02,-1.455282e+00,-7.276432e-01
2.359657e-02,-1.488116e+00,-7.440602e-01
2.359857e-02,-1.520715e+00,-7.603598e-01
2.360057e-02,-1.553074e+00,-7.765395e-01
2.360257e-02,-1.585189e+00,-7.925967e-01
2.360457e-02,-1.617053e+00,-8.085289e-01
2.360657e-02,-1.648662e+00,-8.243335e-01
2.360857e-02,-1.680011e+00,-8.400081e-01
2.361057e-02,-1.711095e+00,-8.555502e-01
2.361257e-02,-1.741909e+00,-8.709573e-01
2.361457e-02,-1.772449e+00,-8.862270e-01
2.361657e-02,-1.802708e+00,-9.013569e-01
2.361857e-02,-1.832684e+00,-9.163446e-01
2.362057e-02,-1.862370e+00,-9.311877e-01
2.362257e-02,-1.891762e+00,-9.458840e-01
2.362457e-02,-1.920856e+00,-9.604311e-01
2.362657e-02,-1.949647e+00,-9.748266e-01
2.362857e-02,-1.978131e+00,-9.890683e-01
2.363057e-02,-2.006302e+00,-1.003154e+00
2.363257e-02,-2.034157e+00,-1.017082e+00
2.363457e-02,-2.061691e+00,-1.030849e+00
2.363657e-02,-2.088900e+00,-1.044453e+00
2.363857e-02,-2.115779e+00,-1.057893e+00
2.364057e-02,-2.142324e+00,-1.071165e+00
2.364257e-02,-2.168532e+00,-1.084269e+00
2.364457e-02,-2.194397e+00,-1.097202e+00
2.364657e-02,-2.219917e+00,-1.109962e+00
2.364857e-02,-2.245086e+00,-1.122546e+00
2.365057e-02,-2.269901e+00,-1.134954e+00
2.365257e-02,-2.294357e+00,-1.147182e+00
2.365457e-02,-2.318452e+00,-1.159230e+00
2.365657e-02,-2.342181e+00,-1.171094e+00
2.365857e-02,-2.365541e+00,-1.182774e+00
2.366057e-02,-2.388527e+00,-1.194267e+00
2.366257e-02,-2.411137e+00,-1.205572e+00
2.366457e-02,-2.433366e+00,-1.216687e+00
2.366657e-02,-2.455212e+00,-1.227610e+00
2.366857e-02,-2.476670e+00,-1.238339e+00
2.367057e-02,-2.497737e+00,-1.248872e+00
2.367257e-02,-2.518411e+00,-1.259209e+00
2.367457e-02,-2.538687e+00,-1.269347e+00
2.367657e-02,-2.558563e+00,-1.279285e+00
2.367857e-02,-2.578035e+00,-1.289021e+00
2.368057e-02,-2.597100e+00,-1.298554e+00
2.368257e-02,-2.615756e+00,-1.307882e+00
2.368457e-02,-2.633999e+00,-1.317003e+00
2.368657e-02,-2.651826e+00,-1.325917e+00
2.368857e-02,-2.669235e+00,-1.334622e+00
2.369057e-02,-2.686223e+00,-1.343116e+00
2.369257e-02,-2.702788e+00,-1.351398e+00
2.369457e-02,-2.718926e+00,-1.359467e+00
2.369657e-02,-2.734635e+00,-1.367321e+00
2.369857e-02,-2.749912e+00,-1.374960e+00
2.370057e-02,-2.764756e+00,-1.382382e+00
2.370257e-02,-2.779164e+00,-1.389586e+00
2.370457e-02,-2.793133e+00,-1.396571e+00
2.370657e-02,-2.806662e+00,-1.403335e+00
2.370857e-02,-2.819748e+00,-1.409878e+00
2.371057e-02,-2.832389e+00,-1.416199e+00
2.371257e-02,-2.844583e+00,-1.422296e+00
2.371457e-02,-2.856329e+00,-1.428169e+00
2.371657e-02,-2.867624e+00,-1.433816e+00
2.371857e-02,-2.878466e+00,-1.439237e+00
2.372057e-02,-2.888855e+00,-1.444432e+00
2.372257e-02,-2.898788e+00,-1.449398e+00
2.372457e-02,-2.908263e+00,-1.454136e+00
2.372657e-02,-2.917280e+00,-1.458644e+00
2.372857e-02,-2.925836e+00,-1.462923e+00
2.373057e-02,-2.933931e+00,-1.466970e+00
2.373257e-02,-2.941563e+00,-1.470786e+00
2.373457e-02,-2.948731e+00,-1.474370e+00
2.373657e-02,-2.955434e+00,-1.477722e+00
2.373857e-02,-2.961671e+00,-1.480840e+00
2.374057e-02,-2.967441e+00,-1.483725e+00
2.374257e-02,-2.972742e+00,-1.486375e+00
2.374457e-02,-2.977574e+00,-1.488792e+00
2.374657e-02,-2.981937e+00,-1.490973e+00
2.374857e-02,-2.985829e+00,-1.492919e+00
2.375057e-02,-2.989251e+00,-1.494630e+00
2.375257e-02,-2.992200e+00,-1.496105e+00
2.375457e-02,-2.994678e+00,-1.497343e+00
2.375657e-02,-2.996683e+00,-1.498346e+00
2.375857e-02,-2.998216e+00,-1.499112e+00
2.376057e-02,-2.999275e+00,-1.499642e+00
2.376257e-02,-2.999862e+00,-1.499935e+00
2.376457e-02,-2.999975e+00,-1.499992e+00
2.376657e-02,-2.999615e+00,-1.499812e+00
2.376857e-02,-2.998782e+00,-1.499395e+00
2.377057e-02,-2.997475e+00,-1.498742e+00
2.377257e-02,-2.995696e+00,-1.497853e+00
2.377457e-02,-2.993444e+00,-1.496727e+00
2.377657e-02,-2.990720e+00,-1.495365e+00
2.377857e-02,-2.987525e+00,-1.493767e+00
2.378057e-02,-2.983858e+00,-1.491933e+00
2.378257e-02,-2.979720e+00,-1.489864e+00
2.378457e-02,-2.975112e+00,-1.487560e+00
2.378657e-02,-2.970035e+00,-1.485022e+00
2.378857e-02,-2.964489e+00,-1.482249e+00
2.379057e-02,-2.958476e+00,-1.479242e+00
2.379257e-02,-2.951996e+00,-1.476002e+00
2.379457e-02,-2.945050e+00,-1.472529e+00
2.379657e-02,-2.937640e+00,-1.468824e+00
2.379857e-02,-2.929766e+00,-1.464887e+00
2.380057e-02,-2.921430e+00,-1.460720e+00
2.380257e-02,-2.912634e+00,-1.456321e+00
2.380457e-02,-2.903377e+00,-1.451693e+00
2.380657e-02,-2.893663e+00,-1.446836e+00
2.380857e-02,-2.883492e+00,-1.441751e+00
2.381057e-02,-2.872867e+00,-1.436438e+00
2.381257e-02,-2.861788e+00,-1.430898e+00
2.381457e-02,-2.850258e+00,-1.425133e+00
2.381657e-02,-2.838278e+00,-1.419143e+00
2.381857e-02,-2.825850e+00,-1.412929e+00
2.382057e-02,-2.812977e+00,-1.406493e+00
2.382257e-02,-2.799660e+00,-1.399834e+00
2.382457e-02,-2.785901e+00,-1.392955e+00
2.382657e-02,-2.771703e+00,-1.385856e+00
2.382857e-02,-2.757067e+00,-1.378538e+00
2.383057e-02,-2.741997e+00,-1.371002e+00
2.383257e-02,-2.726494e+00,-1.363251e+00
2.383457e-02,-2.710561e+00,-1.355284e+00
2.383657e-02,-2.694200e+00,-1.347104e+00
2.383857e-02,-2.677414e+00,-1.338711e+00
2.384057e-02,-2.660206e+00,-1.330107e+00
2.384257e-02,-2.642578e+00,-1.321293e+00
2.384457e-02,-2.624534e+00,-1.312271e+00
2.384657e-02,-2.606075e+00,-1.303041e+00
2.384857e-02,-2.587205e+00,-1.293607e+00
2.385057e-02,-2.567928e+00,-1.283968e+00
2.385257e-02,-2.548245e+00,-1.274126e+00
2.385457e-02,-2.528160e+00,-1.264084e+00
2.385657e-02,-2.507676e+00,-1.253842e+00
2.385857e-02,-2.486796e+00,-1.243402e+00
2.386057e-02,-2.465525e+00,-1.232766e+00
2.386257e-02,-2.443864e+00,-1.221936e+00
2.386457e-02,-2.421818e+00,-1.210913e+00
2.386657e-02,-2.399390e+00,-1.199699e+00
2.386857e-02,-2.376583e+00,-1.188295e+00
2.387057e-02,-2.353402e+00,-1.176704e+00
2.387257e-02,-2.329849e+00,-1.164928e+00
2.387457e-02,-2.305928e+00,-1.152968e+00
2.387657e-02,-2.281644e+00,-1.140826e+00
2.387857e-02,-2.257000e+00,-1.128503e+00
2.388057e-02,-2.232000e+00,-1.116003e+00
2.388257e-02,-2.206648e+00,-1.103327e+00
2.388457e-02,-2.180947e+00,-1.090477e+00
2.388657e-02,-2.154903e+00,-1.077455e+00
2.388857e-02,-2.128519e+00,-1.064263e+00
2.389057e-02,-2.101799e+00,-1.050902e+00
2.389257e-02,-2.074747e+00,-1.037377e+00
2.389457e-02,-2.047368e+00,-1.023687e+00
2.389657e-02,-2.019666e+00,-1.009836e+00
2.389857e-02,-1.991646e+00,-9.958258e-01
2.390057e-02,-1.963311e+00,-9.816584e-01
2.390257e-02,-1.934666e+00,-9.673361e-01
2.390457e-02,-1.905717e+00,-9.528613e-01
2.390657e-02,-1.876467e+00,-9.382361e-01
2.390857e-02,-1.846920e+00,-9.234629e-01
2.391057e-02,-1.817083e+00,-9.085441e-01
2.391257e-02,-1.786958e+00,-8.934819e-01
2.391457e-02,-1.756552e+00,-8.782787e-01
2.391657e-02,-1.725869e+00,-8.629371e-01
2.391857e-02,-1.694913e+00,-8.474593e-01
2.392057e-02,-1.663691e+00,-8.318478e-01
2.392257e-02,-1.632205e+00,-8.161050e-01
2.392457e-02,-1.600462e+00,-8.002336e-01
2.392657e-02,-1.568467e+00,-7.842359e-01
2.392857e-02,-1.536224e+00,-7.681144e-01
2.393057e-02,-1.503739e+00,-7.518719e-01
2.393257e-02,-1.471017e+00,-7.355107e-01
2.393457e-02,-1.438063e+00,-7.190334e-01
2.393657e-02,-1.404881e+00,-7.024428e-01
2.393857e-02,-1.371479e+00,-6.857413e-01
2.394057e-02,-1.337859e+00,-6.689317e-01
2.394257e-02,-1.304029e+00,-6.520165e-01
2.394457e-02,-1.269993e+00,-6.349985e-01
2.394657e-02,-1.235757e+00,-6.178803e-01
2.394857e-02,-1.201326e+00,-6.006646e-01
2.395057e-02,-1.166705e+00,-5.833542e-01
2.395257e-02,-1.131900e+00,-5.659517e-01
2.395457e-02,-1.096917e+00,-5.484600e-01
2.395657e-02,-1.061760e+00,-5.308818e-01
2.395857e-02,-1.026436e+00,-5.132198e-01
2.396057e-02,-9.909506e-01,-4.954768e-01
2.396257e-02,-9.553085e-01,-4.776557e-01
2.396457e-02,-9.195157e-01,-4.597592e-01
2.396657e-02,-8.835778e-01,-4.417902e-01
2.396857e-02,-8.475005e-01,-4.237515e-01
2.397057e-02,-8.112895e-01,-4.056460e-01
2.397257e-02,-7.749506e-01,-3.874765e-01
2.397457e-02,-7.384894e-01,-3.692458e-01
2.397657e-02,-7.019117e-01,-3.509569e-01
2.397857e-02,-6.652233e-01,-3.326126e-01
2.398057e-02,-6.284299e-01,-3.142159e-01
2.398257e-02,-5.915374e-01,-2.957696e-01
2.398457e-02,-5.545516e-01,-2.772766e-01
2.398657e-02,-5.174783e-01,-2.587399e-01
2.398857e-02,-4.803234e-01,-2.401624e-01
2.399057e-02,-4.430927e-01,-2.215470e-01
2.399257e-02,-4.057920e-01,-2.028966e-01
2.399457e-02,-3.684274e-01,-1.842143e-01
2.399657e-02,-3.310047e-01,-1.655028e-01
2.399857e-02,-2.935297e-01,-1.467653e-01
2.400057e-02,-2.560085e-01,-1.280046e-01
2.400257e-02,-2.184468e-01,-1.092237e-01
2.400457e-02,-1.808507e-01,-9.042564e-02
2.400657e-02,-1.432261e-01,-7.161327e-02
2.400857e-02,-1.055789e-01,-5.278960e-02
2.401057e-02,-6.791499e-02,-3.395760e-02
2.401257e-02,-3.024039e-02,-1.512024e-02
2.401457e-02,7.438973e-03,3.719498e-03
2.401657e-02,4.511717e-02,2.255865e-02
2.401857e-02,8.278824e-02,4.139425e-02
2.402057e-02,1.204463e-01,6.022331e-02
2.402257e-02,1.580853e-01,7.904287e-02
2.402457e-02,1.956994e-01,9.784997e-02
2.402657e-02,2.332826e-01,1.166416e-01
2.402857e-02,2.708290e-01,1.354149e-01
2.403057e-02,3.083326e-01,1.541668e-01
2.403257e-02,3.457877e-01,1.728944e-01
2.403457e-02,3.831882e-01,1.915947e-01
2.403657e-02,4.205282e-01,2.102647e-01
2.403857e-02,4.578019e-01,2.289017e-01
2.404057e-02,4.950034e-01,2.475025e-01
2.404257e-02,5.321268e-01,2.660642e-01
2.404457e-02,5.691663e-01,2.845840e-01
2.404657e-02,6.061159e-01,3.030589e-01
2.404857e-02,6.429700e-01,3.214860e-01
2.405057e-02,6.797226e-01,3.398623e-01
2.405257e-02,7.163680e-01,3.581851e-01
2.405457e-02,7.529004e-01,3.764513e-01
2.405657e-02,7.893140e-01,3.946582e-01
2.405857e-02,8.256031e-01,4.128028e-01
2.406057e-02,8.617620e-01,4.308823e-01
2.406257e-02,8.977849e-01,4.488938e-01
2.406457e-02,9.336662e-01,4.668345e-01
2.406657e-02,9.694002e-01,4.847015e-01
2.406857e-02,1.004981e+00,5.024921e-01
2.407057e-02,1.040404e+00,5.202035e-01
2.407257e-02,1.075662e+00,5.378327e-01
2.407457e-02,1.110751e+00,5.553771e-01
2.407657e-02,1.145664e+00,5.728339e-01
2.407857e-02,1.180397e+00,5.902004e-01
2.408057e-02,1.214944e+00,6.074737e-01
2.408257e-02,1.249299e+00,6.246512e-01
2.408457e-02,1.283457e+00,6.417302e-01
2.408657e-02,1.317412e+00,6.587079e-01
2.408857e-02,1.351159e+00,6.755817e-01
2.409057e-02,1.384694e+00,6.923490e-01
2.409257e-02,1.418010e+00,7.090070e-01
2.409457e-02,1.451102e+00,7.255532e-01
2.409657e-02,1.483965e+00,7.419849e-01
2.409857e-02,1.516595e+00,7.582996e-01
2.410057e-02,1.548985e+00,7.744946e-01
2.410257e-02,1.581130e+00,7.905675e-01
2.410457e-02,1.613026e+00,8.065157e-01
2.410657e-02,1.644668e+00,8.223366e-01
2.410857e-02,1.676051e+00,8.380278e-01
2.411057e-02,1.707168e+00,8.535868e-01
2.411257e-02,1.738017e+00,8.690112e-01
2.411457e-02,1.768592e+00,8.842984e-01
2.411657e-02,1.798887e+00,8.994462e-01
2.411857e-02,1.828899e+00,9.144520e-01
2.412057e-02,1.858622e+00,9.293137e-01
2.412257e-02,1.888052e+00,9.440287e-01
2.412457e-02,1.917184e+00,9.585948e-01
2.412657e-02,1.946013e+00,9.730097e-01
2.412857e-02,1.974536e+00,9.872710e-01
2.413057e-02,2.002747e+00,1.001377e+00
2.413257e-02,2.030643e+00,1.015324e+00
2.413457e-02,2.058218e+00,1.029112e+00
2.413657e-02,2.085468e+00,1.042737e+00
2.413857e-02,2.112389e+00,1.056198e+00
2.414057e-02,2.138977e+00,1.069492e+00
2.414257e-02,2.165228e+00,1.082617e+00
2.414457e-02,2.191137e+00,1.095572e+00
2.414657e-02,2.216700e+00,1.108353e+00
2.414857e-02,2.241914e+00,1.120960e+00
2.415057e-02,2.266774e+00,1.133390e+00
2.415257e-02,2.291276e+00,1.145641e+00
2.415457e-02,2.315417e+00,1.157712e+00
2.415657e-02,2.339193e+00,1.169600e+00
2.415857e-02,2.362599e+00,1.181303e+00
2.416057e-02,2.385633e+00,1.192820e+00
2.416257e-02,2.408291e+00,1.204149e+00
2.416457e-02,2.430569e+00,1.215288e+00
2.416657e-02,2.452463e+00,1.226235e+00
2.416857e-02,2.473971e+00,1.236989e+00
2.417057e-02,2.495088e+00,1.247548e+00
2.417257e-02,2.515811e+00,1.257909e+00
2.417457e-02,2.536138e+00,1.268073e+00
2.417657e-02,2.556065e+00,1.278036e+00
2.417857e-02,2.575588e+00,1.287798e+00
2.418057e-02,2.594705e+00,1.297356e+00
2.418257e-02,2.613413e+00,1.306710e+00
2.418457e-02,2.631708e+00,1.315858e+00
2.418657e-02,2.649589e+00,1.324798e+00
2.418857e-02,2.667051e+00,1.333530e+00
2.419057e-02,2.684093e+00,1.342050e+00
2.419257e-02,2.700711e+00,1.350360e+00
2.419457e-02,2.716903e+00,1.358456e+00
2.419657e-02,2.732667e+00,1.366337e+00
2.419857e-02,2.747999e+00,1.374004e+00
2.420057e-02,2.762898e+00,1.381453e+00
2.420257e-02,2.777361e+00,1.388685e+00
2.420457e-02,2.791386e+00,1.395697e+00
2.420657e-02,2.804971e+00,1.402490e+00
2.420857e-02,2.818113e+00,1.409061e+00
2.421057e-02,2.830811e+00,1.415410e+00
2.421257e-02,2.843062e+00,1.421535e+00
2.421457e-02,2.854864e+00,1.427436e+00
2.421657e-02,2.866217e+00,1.433113e+00
2.421857e-02,2.877117e+00,1.438563e+00
2.422057e-02,2.887563e+00,1.443786e+00
2.422257e-02,2.897553e+00,1.448781e+00
2.422457e-02,2.907087e+00,1.453548e+00
2.422657e-02,2.916162e+00,1.458085e+00
2.422857e-02,2.924777e+00,1.462393e+00
2.423057e-02,2.932930e+00,1.466470e+00
2.423257e-02,2.940621e+00,1.470315e+00
2.423457e-02,2.947848e+00,1.473929e+00
2.423657e-02,2.954610e+00,1.477310e+00
2.423857e-02,2.960906e+00,1.480457e+00
2.424057e-02,2.966735e+00,1.483372e+00
2.424257e-02,2.972096e+00,1.486052e+00
2.424457e-02,2.976988e+00,1.488498e+00
2.424657e-02,2.981410e+00,1.490709e+00
2.424857e-02,2.985362e+00,1.492685e+00
2.425057e-02,2.988843e+00,1.494426e+00
2.425257e-02,2.991852e+00,1.495931e+00
2.425457e-02,2.994390e+00,1.497199e+00
2.425657e-02,2.996455e+00,1.498232e+00
2.425857e-02,2.998048e+00,1.499028e+00
2.426057e-02,2.999167e+00,1.499588e+00
2.426257e-02,2.999814e+00,1.499911e+00
2.426457e-02,2.999987e+00,1.499998e+00
2.426657e-02,2.999687e+00,1.499848e+00
2.426857e-02,2.998913e+00,1.499461e+00
2.427057e-02,2.997667e+00,1.498838e+00
2.427257e-02,2.995948e+00,1.497978e+00
2.427457e-02,2.993756e+00,1.496883e+00
2.427657e-02,2.991092e+00,1.495550e+00
2.427857e-02,2.987956e+00,1.493982e+00
2.428057e-02,2.984349e+00,1.492179e+00
2.428257e-02,2.980271e+00,1.490140e+00
2.428457e-02,2.975722e+00,1.487866e+00
2.428657e-02,2.970705e+00,1.485357e+00
2.428857e-02,2.965218e+00,1.482614e+00
2.429057e-02,2.959264e+00,1.479637e+00
2.429257e-02,2.952843e+00,1.476426e+00
2.429457e-02,2.945957e+00,1.472983e+00
2.429657e-02,2.938605e+00,1.469307e+00
2.429857e-02,2.930790e+00,1.465399e+00
2.430057e-02,2.922513e+00,1.461261e+00
2.430257e-02,2.913774e+00,1.456892e+00
2.430457e-02,2.904576e+00,1.452293e+00
2.430657e-02,2.894920e+00,1.447464e+00
2.430857e-02,2.884807e+00,1.442408e+00
2.431057e-02,2.874239e+00,1.437124e+00
2.431257e-02,2.863218e+00,1.431613e+00
2.431457e-02,2.851745e+00,1.425877e+00
2.431657e-02,2.839822e+00,1.419915e+00
2.431857e-02,2.827451e+00,1.413730e+00
2.432057e-02,2.814634e+00,1.407321e+00
2.432257e-02,2.801373e+00,1.400691e+00
2.432457e-02,2.787670e+00,1.393839e+00
2.432657e-02,2.773527e+00,1.386768e+00
2.432857e-02,2.758947e+00,1.379478e+00
2.433057e-02,2.743932e+00,1.371970e+00
2.433257e-02,2.728483e+00,1.364246e+00
2.433457e-02,2.712605e+00,1.356306e+00
2.433657e-02,2.696298e+00,1.348153e+00
2.433857e-02,2.679566e+00,1.339787e+00
2.434057e-02,2.662411e+00,1.331210e+00
2.434257e-02,2.644837e+00,1.322422e+00
2.434457e-02,2.626845e+00,1.313426e+00
2.434657e-02,2.608439e+00,1.304223e+00
2.434857e-02,2.589621e+00,1.294814e+00
2.435057e-02,2.570395e+00,1.285201e+00
2.435257e-02,2.550763e+00,1.275385e+00
2.435457e-02,2.530729e+00,1.265368e+00
2.435657e-02,2.510295e+00,1.255151e+00
2.435857e-02,2.489466e+00,1.244737e+00
2.436057e-02,2.468244e+00,1.234126e+00
2.436257e-02,2.446632e+00,1.223320e+00
2.436457e-02,2.424635e+00,1.212321e+00
2.436657e-02,2.402255e+00,1.201131e+00
2.436857e-02,2.379496e+00,1.189752e+00
2.437057e-02,2.356362e+00,1.178184e+00
2.437257e-02,2.332856e+00,1.166431e+00
2.437457e-02,2.308982e+00,1.154494e+00
2.437657e-02,2.284744e+00,1.142375e+00
2.437857e-02,2.260145e+00,1.130076e+00
2.438057e-02,2.235190e+00,1.117598e+00
2.438257e-02,2.209882e+00,1.104944e+00
2.438457e-02,2.184225e+00,1.092116e+00
2.438657e-02,2.158224e+00,1.079115e+00
2.438857e-02,2.131883e+00,1.065945e+00
2.439057e-02,2.105205e+00,1.052606e+00
2.439257e-02,2.078195e+00,1.039101e+00
2.439457e-02,2.050858e+00,1.025432e+00
2.439657e-02,2.023197e+00,1.011601e+00
2.439857e-02,1.995216e+00,9.976111e-01
2.440057e-02,1.966921e+00,9.834635e-01
2.440257e-02,1.938316e+00,9.691607e-01
2.440457e-02,1.909404e+00,9.547051e-01
2.440657e-02,1.880192e+00,9.400989e-01
2.440857e-02,1.850683e+00,9.253443e-01
2.441057e-02,1.820882e+00,9.104438e-01
2.441257e-02,1.790794e+00,8.953997e-01
2.441457e-02,1.760423e+00,8.802143e-01
2.441657e-02,1.729775e+00,8.648900e-01
2.441857e-02,1.698854e+00,8.494293e-01
2.442057e-02,1.667664e+00,8.338347e-01
2.442257e-02,1.636212e+00,8.181084e-01
2.442457e-02,1.604502e+00,8.022532e-01
2.442657e-02,1.572538e+00,7.862713e-01
2.442857e-02,1.540326e+00,7.701655e-01
2.443057e-02,1.507872e+00,7.539381e-01
2.443257e-02,1.475179e+00,7.375918e-01
2.443457e-02,1.442254e+00,7.211291e-01
2.443657e-02,1.409101e+00,7.045527e-01
2.443857e-02,1.375726e+00,6.878652e-01
2.444057e-02,1.342134e+00,6.710691e-01
2.444257e-02,1.308330e+00,6.541672e-01
2.444457e-02,1.274320e+00,6.371620e-01
2.444657e-02,1.240109e+00,6.200564e-01
2.444857e-02,1.205702e+00,6.028529e-01
2.445057e-02,1.171105e+00,5.855544e-01
2.445257e-02,1.136323e+00,5.681634e-01
2.445457e-02,1.101362e+00,5.506829e-01
2.445657e-02,1.066228e+00,5.331154e-01
2.445857e-02,1.030925e+00,5.154639e-01
2.446057e-02,9.954591e-01,4.977311e-01
2.446257e-02,9.598365e-01,4.799197e-01
2.446457e-02,9.240625e-01,4.620326e-01
2.446657e-02,8.881427e-01,4.440727e-01
2.446857e-02,8.520828e-01,4.260427e-01
2.447057e-02,8.158884e-01,4.079454e-01
2.447257e-02,7.795654e-01,3.897839e-01
2.447457e-02,7.431194e-01,3.715608e-01
2.447657e-02,7.065561e-01,3.532791e-01
2.447857e-02,6.698814e-01,3.349417e-01
2.448057e-02,6.331010e-01,3.165515e-01
2.448257e-02,5.962208e-01,2.981113e-01
2.448457e-02,5.592465e-01,2.796241e-01
2.448657e-02,5.221840e-01,2.610928e-01
2.448857e-02,4.850391e-01,2.425203e-01
2.449057e-02,4.478176e-01,2.239095e-01
2.449257e-02,4.105256e-01,2.052634e-01
2.449457e-02,3.731687e-01,1.865849e-01
2.449657e-02,3.357530e-01,1.678770e-01
2.449857e-02,2.982844e-01,1.491426e-01
2.450057e-02,2.607687e-01,1.303847e-01
2.450257e-02,2.232118e-01,1.116062e-01
2.450457e-02,1.856198e-01,9.281016e-02
2.450657e-02,1.479984e-01,7.399943e-02
2.450857e-02,1.103537e-01,5.517703e-02
2.451057e-02,7.269162e-02,3.634592e-02
2.451257e-02,3.501806e-02,1.750908e-02
2.451457e-02,-2.661034e-03,-1.330521e-03
2.451657e-02,-4.033971e-02,-2.016991e-02
2.451857e-02,-7.801201e-02,-3.900612e-02
2.452057e-02,-1.156720e-01,-5.783618e-02
2.452257e-02,-1.533138e-01,-7.665711e-02
2.452457e-02,-1.909313e-01,-9.546595e-02
2.452657e-02,-2.285188e-01,-1.142597e-01
2.452857e-02,-2.660702e-01,-1.330355e-01
2.453057e-02,-3.035796e-01,-1.517903e-01
2.453257e-02,-3.410411e-01,-1.705211e-01
2.453457e-02,-3.784489e-01,-1.892250e-01
2.453657e-02,-4.157969e-01,-2.078991e-01
2.453857e-02,-4.530794e-01,-2.265404e-01
2.454057e-02,-4.902903e-01,-2.451459e-01
2.454257e-02,-5.274240e-01,-2.637128e-01
2.454457e-02,-5.644744e-01,-2.822380e-01
2.454657e-02,-6.014358e-01,-3.007188e-01
2.454857e-02,-6.383023e-01,-3.191521e-01
2.455057e-02,-6.750681e-01,-3.375350e-01
2.455257e-02,-7.117274e-01,-3.558648e-01
2.455457e-02,-7.482744e-01,-3.741383e-01
2.455657e-02,-7.847034e-01,-3.923529e-01
2.455857e-02,-8.210086e-01,-4.105055e-01
2.456057e-02,-8.571843e-01,-4.285934e-01
2.456257e-02,-8.932248e-01,-4.466137e-01
2.456457e-02,-9.291243e-01,-4.645636e-01
2.456657e-02,-9.648773e-01,-4.824401e-01
2.456857e-02,-1.000478e+00,-5.002406e-01
2.457057e-02,-1.035921e+00,-5.179621e-01
2.457257e-02,-1.071201e+00,-5.356019e-01
2.457457e-02,-1.106311e+00,-5.531572e-01
2.457657e-02,-1.141247e+00,-5.706253e-01
2.457857e-02,-1.176003e+00,-5.880034e-01
2.458057e-02,-1.210574e+00,-6.052886e-01
2.458257e-02,-1.244953e+00,-6.224785e-01
2.458457e-02,-1.279136e+00,-6.395701e-01
2.458657e-02,-1.313118e+00,-6.565608e-01
2.458857e-02,-1.346892e+00,-6.734479e-01
2.459057e-02,-1.380454e+00,-6.902288e-01
2.459257e-02,-1.413797e+00,-7.069008e-01
2.459457e-02,-1.446918e+00,-7.234614e-01
2.459657e-02,-1.479811e+00,-7.399077e-01
2.459857e-02,-1.512470e+00,-7.562374e-01
2.460057e-02,-1.544891e+00,-7.724478e-01
2.460257e-02,-1.577068e+00,-7.885363e-01
2.460457e-02,-1.608996e+00,-8.045004e-01
2.460657e-02,-1.640670e+00,-8.203376e-01
2.460857e-02,-1.672086e+00,-8.360454e-01
2.461057e-02,-1.703237e+00,-8.516213e-01
2.461257e-02,-1.734120e+00,-8.670628e-01
2.461457e-02,-1.764730e+00,-8.823676e-01
2.461657e-02,-1.795061e+00,-8.975332e-01
2.461857e-02,-1.825109e+00,-9.125572e-01
2.462057e-02,-1.854869e+00,-9.274372e-01
2.462257e-02,-1.884336e+00,-9.421710e-01
2.462457e-02,-1.913506e+00,-9.567561e-01
2.462657e-02,-1.942375e+00,-9.711902e-01
2.462857e-02,-1.970937e+00,-9.854712e-01
2.463057e-02,-1.999187e+00,-9.995967e-01
2.463257e-02,-2.027123e+00,-1.013565e+00
2.463457e-02,-2.054739e+00,-1.027372e+00
2.463657e-02,-2.082030e+00,-1.041018e+00
2.463857e-02,-2.108994e+00,-1.054500e+00
2.464057e-02,-2.135624e+00,-1.067815e+00
2.464257e-02,-2.161918e+00,-1.080962e+00
2.464457e-02,-2.187870e+00,-1.093938e+00
2.464657e-02,-2.213478e+00,-1.106742e+00
2.464857e-02,-2.238736e+00,-1.119371e+00
2.465057e-02,-2.263641e+00,-1.131824e+00
2.465257e-02,-2.288189e+00,-1.144098e+00
2.465457e-02,-2.312376e+00,-1.156191e+00
2.465657e-02,-2.336198e+00,-1.168103e+00
2.465857e-02,-2.359652e+00,-1.179830e+00
2.466057e-02,-2.382733e+00,-1.191370e+00
2.466257e-02,-2.405439e+00,-1.202723e+00
2.466457e-02,-2.427765e+00,-1.213886e+00
2.466657e-02,-2.449708e+00,-1.224858e+00
2.466857e-02,-2.471265e+00,-1.235636e+00
2.467057e-02,-2.492432e+00,-1.246220e+00
2.467257e-02,-2.513205e+00,-1.256606e+00
2.467457e-02,-2.533583e+00,-1.266795e+00
2.467657e-02,-2.553560e+00,-1.276784e+00
2.467857e-02,-2.573135e+00,-1.286571e+00
2.468057e-02,-2.592304e+00,-1.296156e+00
2.468257e-02,-2.611063e+00,-1.305536e+00
2.468457e-02,-2.629411e+00,-1.314710e+00
2.468657e-02,-2.647344e+00,-1.323676e+00
2.468857e-02,-2.664860e+00,-1.332434e+00
2.469057e-02,-2.681955e+00,-1.340982e+00
2.469257e-02,-2.698627e+00,-1.349318e+00
2.469457e-02,-2.714874e+00,-1.357441e+00
2.469657e-02,-2.730692e+00,-1.365350e+00
2.469857e-02,-2.746079e+00,-1.373044e+00
2.470057e-02,-2.761033e+00,-1.380521e+00
2.470257e-02,-2.775552e+00,-1.387780e+00
2.470457e-02,-2.789632e+00,-1.394820e+00
2.470657e-02,-2.803273e+00,-1.401641e+00
2.470857e-02,-2.816471e+00,-1.408240e+00
2.471057e-02,-2.829225e+00,-1.414617e+00
2.471257e-02,-2.841533e+00,-1.420771e+00
2.471457e-02,-2.853393e+00,-1.426701e+00
2.471657e-02,-2.864802e+00,-1.432405e+00
2.471857e-02,-2.875759e+00,-1.437884e+00
2.472057e-02,-2.886263e+00,-1.443136e+00
2.472257e-02,-2.896312e+00,-1.448160e+00
2.472457e-02,-2.905903e+00,-1.452956e+00
2.472657e-02,-2.915037e+00,-1.457523e+00
2.472857e-02,-2.923710e+00,-1.461859e+00
2.473057e-02,-2.931922e+00,-1.465965e+00
2.473257e-02,-2.939672e+00,-1.469840e+00
2.473457e-02,-2.946958e+00,-1.473483e+00
2.473657e-02,-2.953779e+00,-1.476894e+00
2.473857e-02,-2.960134e+00,-1.480071e+00
2.474057e-02,-2.966022e+00,-1.483015e+00
2.474257e-02,-2.971442e+00,-1.485725e+00
2.474457e-02,-2.976393e+00,-1.488201e+00
2.474657e-02,-2.980875e+00,-1.490442e+00
2.474857e-02,-2.984887e+00,-1.492448e+00
2.475057e-02,-2.988427e+00,-1.494218e+00
2.475257e-02,-2.991497e+00,-1.495753e+00
2.475457e-02,-2.994094e+00,-1.497052e+00
2.475657e-02,-2.996219e+00,-1.498114e+00
2.475857e-02,-2.997872e+00,-1.498940e+00
2.476057e-02,-2.999051e+00,-1.499530e+00
2.476257e-02,-2.999758e+00,-1.499883e+00
2.476457e-02,-2.999991e+00,-1.500000e+00
2.476657e-02,-2.999751e+00,-1.499880e+00
2.476857e-02,-2.999038e+00,-1.499523e+00
2.477057e-02,-2.997851e+00,-1.498930e+00
2.477257e-02,-2.996192e+00,-1.498101e+00
2.477457e-02,-2.994060e+00,-1.497035e+00
2.477657e-02,-2.991456e+00,-1.495732e+00
2.477857e-02,-2.988380e+00,-1.494194e+00
2.478057e-02,-2.984832e+00,-1.492421e+00
2.478257e-02,-2.980814e+00,-1.490411e+00
2.478457e-02,-2.976325e+00,-1.488167e+00
2.478657e-02,-2.971367e+00,-1.485688e+00
2.478857e-02,-2.965940e+00,-1.482974e+00
2.479057e-02,-2.960045e+00,-1.480027e+00
2.479257e-02,-2.953683e+00,-1.476846e+00
2.479457e-02,-2.946856e+00,-1.473432e+00
2.479657e-02,-2.939563e+00,-1.469786e+00
2.479857e-02,-2.931807e+00,-1.465908e+00
2.480057e-02,-2.923588e+00,-1.461798e+00
2.480257e-02,-2.914908e+00,-1.457458e+00
2.480457e-02,-2.905768e+00,-1.452888e+00
2.480657e-02,-2.896170e+00,-1.448089e+00
2.480857e-02,-2.886115e+00,-1.443062e+00
2.481057e-02,-2.875604e+00,-1.437807e+00
2.481257e-02,-2.864640e+00,-1.432325e+00
2.481457e-02,-2.853225e+00,-1.426617e+00
2.481657e-02,-2.841359e+00,-1.420684e+00
2.481857e-02,-2.829044e+00,-1.414526e+00
2.482057e-02,-2.816284e+00,-1.408146e+00
2.482257e-02,-2.803079e+00,-1.401544e+00
2.482457e-02,-2.789432e+00,-1.394720e+00
2.482657e-02,-2.775345e+00,-1.387677e+00
2.482857e-02,-2.760820e+00,-1.380414e+00
2.483057e-02,-2.745860e+00,-1.372934e+00
2.483257e-02,-2.730466e+00,-1.365237e+00
2.483457e-02,-2.714642e+00,-1.357325e+00
2.483657e-02,-2.698389e+00,-1.349199e+00
2.483857e-02,-2.681711e+00,-1.340860e+00
2.484057e-02,-2.664610e+00,-1.332309e+00
2.484257e-02,-2.647088e+00,-1.323548e+00
2.484457e-02,-2.629149e+00,-1.314579e+00
2.484657e-02,-2.610795e+00,-1.305402e+00
2.484857e-02,-2.592030e+00,-1.296019e+00
2.485057e-02,-2.572855e+00,-1.286431e+00
2.485257e-02,-2.553274e+00,-1.276641e+00
2.485457e-02,-2.533291e+00,-1.266649e+00
2.485657e-02,-2.512908e+00,-1.256458e+00
2.485857e-02,-2.492129e+00,-1.246068e+00
2.486057e-02,-2.470956e+00,-1.235482e+00
2.486257e-02,-2.449394e+00,-1.224701e+00
2.486457e-02,-2.427445e+00,-1.213726e+00
2.486657e-02,-2.405114e+00,-1.202561e+00
2.486857e-02,-2.382403e+00,-1.191205e+00
2.487057e-02,-2.359316e+00,-1.179661e+00
2.487257e-02,-2.335857e+00,-1.167932e+00
2.487457e-02,-2.312029e+00,-1.156018e+00
2.487657e-02,-2.287837e+00,-1.143922e+00
2.487857e-02,-2.263284e+00,-1.131645e+00
2.488057e-02,-2.238374e+00,-1.119190e+00
2.488257e-02,-2.213110e+00,-1.106559e+00
2.488457e-02,-2.187498e+00,-1.093752e+00
2.488657e-02,-2.161540e+00,-1.080773e+00
2.488857e-02,-2.135242e+00,-1.067624e+00
2.489057e-02,-2.108607e+00,-1.054306e+00
2.489257e-02,-2.081639e+00,-1.040822e+00
2.489457e-02,-2.054342e+00,-1.027174e+00
2.489657e-02,-2.026722e+00,-1.013364e+00
2.489857e-02,-1.998782e+00,-9.993939e-01
2.490057e-02,-1.970526e+00,-9.852661e-01
2.490257e-02,-1.941960e+00,-9.709829e-01
2.490457e-02,-1.913087e+00,-9.565465e-01
2.490657e-02,-1.883913e+00,-9.419592e-01
2.490857e-02,-1.854441e+00,-9.272234e-01
2.491057e-02,-1.824677e+00,-9.123412e-01
2.491257e-02,-1.794625e+00,-8.973152e-01
2.491457e-02,-1.764290e+00,-8.821476e-01
2.491657e-02,-1.733676e+00,-8.668408e-01
2.491857e-02,-1.702789e+00,-8.513973e-01
2.492057e-02,-1.671634e+00,-8.358195e-01
2.492257e-02,-1.640215e+00,-8.201098e-01
2.492457e-02,-1.608537e+00,-8.042707e-01
2.492657e-02,-1.576605e+00,-7.883048e-01
2.492857e-02,-1.544424e+00,-7.722145e-01
2.493057e-02,-1.512000e+00,-7.560024e-01
2.493257e-02,-1.479338e+00,-7.396711e-01
2.493457e-02,-1.446442e+00,-7.232230e-01
2.493657e-02,-1.413318e+00,-7.066609e-01
2.493857e-02,-1.379970e+00,-6.899873e-01
2.494057e-02,-1.346406e+00,-6.732048e-01
2.494257e-02,-1.312628e+00,-6.563162e-01
2.494457e-02,-1.278644e+00,-6.393240e-01
2.494657e-02,-1.244458e+00,-6.222309e-01
2.494857e-02,-1.210076e+00,-6.050397e-01
2.495057e-02,-1.175503e+00,-5.877531e-01
2.495257e-02,-1.140744e+00,-5.703737e-01
2.495457e-02,-1.105805e+00,-5.529043e-01
2.495657e-02,-1.070692e+00,-5.353478e-01
2.495857e-02,-1.035410e+00,-5.177068e-01
2.496057e-02,-9.999651e-01,-4.999841e-01
2.496257e-02,-9.643621e-01,-4.821825e-01
2.496457e-02,-9.286070e-01,-4.643049e-01
2.496657e-02,-8.927053e-01,-4.463540e-01
2.496857e-02,-8.566629e-01,-4.283327e-01
2.497057e-02,-8.204853e-01,-4.102439e-01
2.497257e-02,-7.841782e-01,-3.920903e-01
2.497457e-02,-7.477475e-01,-3.738749e-01
2.497657e-02,-7.111988e-01,-3.556005e-01
2.497857e-02,-6.745379e-01,-3.372700e-01
2.498057e-02,-6.377706e-01,-3.188862e-01
2.498257e-02,-6.009027e-01,-3.004522e-01
2.498457e-02,-5.639400e-01,-2.819708e-01
2.498657e-02,-5.268883e-01,-2.634449e-01
2.498857e-02,-4.897535e-01,-2.448775e-01
2.499057e-02,-4.525415e-01,-2.262714e-01
2.499257e-02,-4.152580e-01,-2.076296e-01
2.499457e-02,-3.779091e-01,-1.889551e-01
2.499657e-02,-3.405005e-01,-1.702508e-01
2.499857e-02,-3.030383e-01,-1.515196e-01
2.500057e-02,-2.655282e-01,-1.327645e-01
2.500257e-02,-2.279762e-01,-1.139885e-01
2.500457e-02,-1.903883e-01,-9.519444e-02
2.500657e-02,-1.527704e-01,-7.638541e-02
2.500857e-02,-1.151283e-01,-5.756432e-02
2.501057e-02,-7.746807e-02,-3.873415e-02
2.501257e-02,-3.979563e-02,-1.989788e-02
2.501457e-02,-2.116912e-03,-1.058459e-03
2.501657e-02,3.556214e-02,1.778112e-02
2.501857e-02,7.323559e-02,3.661790e-02
2.502057e-02,1.108975e-01,5.544890e-02
2.502257e-02,1.485419e-01,7.427116e-02
2.502457e-02,1.861628e-01,9.308170e-02
2.502657e-02,2.237544e-01,1.118776e-01
2.502857e-02,2.613107e-01,1.306558e-01
2.503057e-02,2.988258e-01,1.494134e-01
2.503257e-02,3.362937e-01,1.681474e-01
2.503457e-02,3.737086e-01,1.868549e-01
2.503657e-02,4.110646e-01,2.055329e-01
2.503857e-02,4.483556e-01,2.241785e-01
2.504057e-02,4.855760e-01,2.427887e-01
2.504257e-02,5.227198e-01,2.613607e-01
2.504457e-02,5.597811e-01,2.798914e-01
2.504657e-02,5.967541e-01,2.983779e-01
2.504857e-02,6.336329e-01,3.168174e-01
2.505057e-02,6.704118e-01,3.352069e-01
2.505257e-02,7.070849e-01,3.535435e-01
2.505457e-02,7.436465e-01,3.718244e-01
2.505657e-02,7.800908e-01,3.900466e-01
2.505857e-02,8.164120e-01,4.082072e-01
2.506057e-02,8.526045e-01,4.263035e-01
2.506257e-02,8.886624e-01,4.443325e-01
2.506457e-02,9.245801e-01,4.622915e-01
2.506657e-02,9.603520e-01,4.801775e-01
2.506857e-02,9.959724e-01,4.979877e-01
2.507057e-02,1.031436e+00,5.157194e-01
2.507257e-02,1.066736e+00,5.333697e-01
2.507457e-02,1.101869e+00,5.509359e-01
2.507657e-02,1.136827e+00,5.684152e-01
2.507857e-02,1.171606e+00,5.858048e-01
2.508057e-02,1.206200e+00,6.031020e-01
2.508257e-02,1.240604e+00,6.203041e-01
2.508457e-02,1.274813e+00,6.374083e-01
2.508657e-02,1.308820e+00,6.544120e-01
2.508857e-02,1.342621e+00,6.713124e-01
2.509057e-02,1.376210e+00,6.881069e-01
2.509257e-02,1.409582e+00,7.047929e-01
2.509457e-02,1.442731e+00,7.213677e-01
2.509657e-02,1.475653e+00,7.378287e-01
2.509857e-02,1.508342e+00,7.541733e-01
2.510057e-02,1.540793e+00,7.703989e-01
2.510257e-02,1.573001e+00,7.865030e-01
2.510457e-02,1.604961e+00,8.024830e-01
2.510657e-02,1.636668e+00,8.183365e-01
2.510857e-02,1.668117e+00,8.340608e-01
2.511057e-02,1.699302e+00,8.496536e-01
2.511257e-02,1.730219e+00,8.651123e-01
2.511457e-02,1.760864e+00,8.804346e-01
2.511657e-02,1.791230e+00,8.956179e-01
2.511857e-02,1.821315e+00,9.106600e-01
2.512057e-02,1.851111e+00,9.255584e-01
2.512257e-02,1.880616e+00,9.403109e-01
2.512457e-02,1.909824e+00,9.549149e-01
2.512657e-02,1.938731e+00,9.693684e-01
2.512857e-02,1.967332e+00,9.836689e-01
2.513057e-02,1.995622e+00,9.978142e-01
2.513257e-02,2.023598e+00,1.011802e+00
2.513457e-02,2.051255e+00,1.025631e+00
2.513657e-02,2.078588e+00,1.039297e+00
2.513857e-02,2.105593e+00,1.052800e+00
2.514057e-02,2.132266e+00,1.066136e+00
2.514257e-02,2.158602e+00,1.079304e+00
2.514457e-02,2.184598e+00,1.092302e+00
2.514657e-02,2.210250e+00,1.105128e+00
2.514857e-02,2.235553e+00,1.117780e+00
2.515057e-02,2.260503e+00,1.130255e+00
2.515257e-02,2.285096e+00,1.142551e+00
2.515457e-02,2.309329e+00,1.154668e+00
2.515657e-02,2.333198e+00,1.166602e+00
2.515857e-02,2.356698e+00,1.178353e+00
2.516057e-02,2.379827e+00,1.189917e+00
2.516257e-02,2.402581e+00,1.201294e+00
2.516457e-02,2.424955e+00,1.212481e+00
2.516657e-02,2.446947e+00,1.223477e+00
2.516857e-02,2.468553e+00,1.234280e+00
2.517057e-02,2.489769e+00,1.244888e+00
2.517257e-02,2.510593e+00,1.255300e+00
2.517457e-02,2.531021e+00,1.265514e+00
2.517657e-02,2.551049e+00,1.275528e+00
2.517857e-02,2.570675e+00,1.285341e+00
2.518057e-02,2.589895e+00,1.294952e+00
2.518257e-02,2.608707e+00,1.304358e+00
2.518457e-02,2.627108e+00,1.313558e+00
2.518657e-02,2.645094e+00,1.322551e+00
2.518857e-02,2.662662e+00,1.331335e+00
2.519057e-02,2.679811e+00,1.339909e+00
2.519257e-02,2.696537e+00,1.348272e+00
2.519457e-02,2.712837e+00,1.356423e+00
2.519657e-02,2.728710e+00,1.364359e+00
2.519857e-02,2.744152e+00,1.372080e+00
2.520057e-02,2.759161e+00,1.379585e+00
2.520257e-02,2.773735e+00,1.386872e+00
2.520457e-02,2.787871e+00,1.393940e+00
2.520657e-02,2.801568e+00,1.400788e+00
2.520857e-02,2.814822e+00,1.407415e+00
2.521057e-02,2.827633e+00,1.413821e+00
2.521257e-02,2.839997e+00,1.420003e+00
2.521457e-02,2.851914e+00,1.425961e+00
2.521657e-02,2.863380e+00,1.431694e+00
2.521857e-02,2.874395e+00,1.437202e+00
2.522057e-02,2.884957e+00,1.442483e+00
2.522257e-02,2.895063e+00,1.447536e+00
2.522457e-02,2.904713e+00,1.452361e+00
2.522657e-02,2.913904e+00,1.456956e+00
2.522857e-02,2.922636e+00,1.461322e+00
2.523057e-02,2.930906e+00,1.465458e+00
2.523257e-02,2.938715e+00,1.469362e+00
2.523457e-02,2.946059e+00,1.473034e+00
2.523657e-02,2.952939e+00,1.476474e+00
2.523857e-02,2.959354e+00,1.479681e+00
2.524057e-02,2.965301e+00,1.482655e+00
2.524257e-02,2.970780e+00,1.485395e+00
2.524457e-02,2.975791e+00,1.487900e+00
2.524657e-02,2.980333e+00,1.490171e+00
2.524857e-02,2.984404e+00,1.492207e+00
2.525057e-02,2.988005e+00,1.494007e+00
2.525257e-02,2.991134e+00,1.495571e+00
2.525457e-02,2.993791e+00,1.496900e+00
2.525657e-02,2.995976e+00,1.497993e+00
2.525857e-02,2.997688e+00,1.498849e+00
2.526057e-02,2.998928e+00,1.499468e+00
2.526257e-02,2.999694e+00,1.499852e+00
2.526457e-02,2.999988e+00,1.499998e+00
2.526657e-02,2.999808e+00,1.499908e+00
2.526857e-02,2.999154e+00,1.499582e+00
2.527057e-02,2.998028e+00,1.499018e+00
2.527257e-02,2.996429e+00,1.498219e+00
2.527457e-02,2.994357e+00,1.497183e+00
2.527657e-02,2.991812e+00,1.495911e+00
2.527857e-02,2.988796e+00,1.494402e+00
2.528057e-02,2.985308e+00,1.492659e+00
2.528257e-02,2.981349e+00,1.490679e+00
2.528457e-02,2.976920e+00,1.488465e+00
2.528657e-02,2.972022e+00,1.486015e+00
2.528857e-02,2.966654e+00,1.483331e+00
2.529057e-02,2.960818e+00,1.480414e+00
2.529257e-02,2.954516e+00,1.477262e+00
2.529457e-02,2.947747e+00,1.473878e+00
2.529657e-02,2.940513e+00,1.470261e+00
2.529857e-02,2.932816e+00,1.466412e+00
2.530057e-02,2.924656e+00,1.462332e+00
2.530257e-02,2.916034e+00,1.458021e+00
2.530457e-02,2.906953e+00,1.453481e+00
2.530657e-02,2.897412e+00,1.448711e+00
2.530857e-02,2.887415e+00,1.443712e+00
2.531057e-02,2.876962e+00,1.438486e+00
2.531257e-02,2.866056e+00,1.433032e+00
2.531457e-02,2.854697e+00,1.427353e+00
2.531657e-02,2.842888e+00,1.421448e+00
2.531857e-02,2.830631e+00,1.415320e+00
2.532057e-02,2.817926e+00,1.408967e+00
2.532257e-02,2.804778e+00,1.402393e+00
2.532457e-02,2.791187e+00,1.395598e+00
2.532657e-02,2.777156e+00,1.388582e+00
2.532857e-02,2.762686e+00,1.381347e+00
2.533057e-02,2.747781e+00,1.373895e+00
2.533257e-02,2.732442e+00,1.366225e+00
2.533457e-02,2.716672e+00,1.358340e+00
2.533657e-02,2.700474e+00,1.350241e+00
2.533857e-02,2.683850e+00,1.341929e+00
2.534057e-02,2.666802e+00,1.333405e+00
2.534257e-02,2.649333e+00,1.324671e+00
2.534457e-02,2.631447e+00,1.315728e+00
2.534657e-02,2.613146e+00,1.306577e+00
2.534857e-02,2.594432e+00,1.297220e+00
2.535057e-02,2.575309e+00,1.287658e+00
2.535257e-02,2.555780e+00,1.277894e+00
2.535457e-02,2.535847e+00,1.267927e+00
2.535657e-02,2.515515e+00,1.257761e+00
2.535857e-02,2.494786e+00,1.247397e+00
2.536057e-02,2.473663e+00,1.236835e+00
2.536257e-02,2.452150e+00,1.226079e+00
2.536457e-02,2.430250e+00,1.215129e+00
2.536657e-02,2.407967e+00,1.203987e+00
2.536857e-02,2.385303e+00,1.192655e+00
2.537057e-02,2.362264e+00,1.181136e+00
2.537257e-02,2.338852e+00,1.169430e+00
2.537457e-02,2.315071e+00,1.157539e+00
2.537657e-02,2.290925e+00,1.145466e+00
2.537857e-02,2.266417e+00,1.133212e+00
2.538057e-02,2.241552e+00,1.120779e+00
2.538257e-02,2.216333e+00,1.108170e+00
2.538457e-02,2.190765e+00,1.095386e+00
2.538657e-02,2.164851e+00,1.082429e+00
2.538857e-02,2.138595e+00,1.069301e+00
2.539057e-02,2.112003e+00,1.056004e+00
2.539257e-02,2.085077e+00,1.042541e+00
2.539457e-02,2.057822e+00,1.028914e+00
2.539657e-02,2.030242e+00,1.015124e+00
2.539857e-02,2.002342e+00,1.001174e+00
2.540057e-02,1.974126e+00,9.870662e-01
2.540257e-02,1.945599e+00,9.728026e-01
2.540457e-02,1.916765e+00,9.583855e-01
2.540657e-02,1.887629e+00,9.438172e-01
2.540857e-02,1.858195e+00,9.291001e-01
2.541057e-02,1.828467e+00,9.142364e-01
2.541257e-02,1.798451e+00,8.992284e-01
2.541457e-02,1.768152e+00,8.840786e-01
2.541657e-02,1.737574e+00,8.687894e-01
2.541857e-02,1.706721e+00,8.533631e-01
2.542057e-02,1.675599e+00,8.378021e-01
2.542257e-02,1.644213e+00,8.221090e-01
2.542457e-02,1.612568e+00,8.062863e-01
2.542657e-02,1.580668e+00,7.903363e-01
2.542857e-02,1.548519e+00,7.742616e-01
2.543057e-02,1.516125e+00,7.580648e-01
2.543257e-02,1.483492e+00,7.417485e-01
2.543457e-02,1.450626e+00,7.253151e-01
2.543657e-02,1.417530e+00,7.087672e-01
2.543857e-02,1.384211e+00,6.921076e-01
2.544057e-02,1.350674e+00,6.753388e-01
2.544257e-02,1.316923e+00,6.584635e-01
2.544457e-02,1.282965e+00,6.414843e-01
2.544657e-02,1.248804e+00,6.244039e-01
2.544857e-02,1.214446e+00,6.072250e-01
2.545057e-02,1.179897e+00,5.899503e-01
2.545257e-02,1.145162e+00,5.725825e-01
2.545457e-02,1.110245e+00,5.551244e-01
2.545657e-02,1.075154e+00,5.375787e-01
2.545857e-02,1.039893e+00,5.199483e-01
2.546057e-02,1.004469e+00,5.022358e-01
2.546257e-02,9.688852e-01,4.844441e-01
2.546457e-02,9.331491e-01,4.665759e-01
2.546657e-02,8.972657e-01,4.486342e-01
2.546857e-02,8.612408e-01,4.306217e-01
2.547057e-02,8.250800e-01,4.125412e-01
2.547257e-02,7.887890e-01,3.943957e-01
2.547457e-02,7.523737e-01,3.761880e-01
2.547657e-02,7.158396e-01,3.579209e-01
2.547857e-02,6.791926e-01,3.395973e-01
2.548057e-02,6.424385e-01,3.212202e-01
2.548257e-02,6.055830e-01,3.027924e-01
2.548457e-02,5.686320e-01,2.843169e-01
2.548657e-02,5.315913e-01,2.657965e-01
2.548857e-02,4.944667e-01,2.472341e-01
2.549057e-02,4.572642e-01,2.286328e-01
2.549257e-02,4.199895e-01,2.099954e-01
2.549457e-02,3.826485e-01,1.913248e-01
2.549657e-02,3.452472e-01,1.726241e-01
2.549857e-02,3.077914e-01,1.538962e-01
2.550057e-02,2.702871e-01,1.351439e-01
2.550257e-02,2.327401e-01,1.163704e-01
2.550457e-02,1.951564e-01,9.757849e-02
2.550657e-02,1.575419e-01,7.877119e-02
2.550857e-02,1.199026e-01,5.995147e-02
2.551057e-02,8.224433e-02,4.112229e-02
2.551257e-02,4.457311e-02,2.228662e-02
2.551457e-02,6.894853e-03,3.447437e-03
2.551657e-02,-3.078449e-02,-1.539229e-02
2.551857e-02,-6.845897e-02,-3.422959e-02
2.552057e-02,-1.061227e-01,-5.306149e-02
2.552257e-02,-1.437696e-01,-7.188502e-02
2.552457e-02,-1.813939e-01,-9.069720e-02
2.552657e-02,-2.189895e-01,-1.094951e-01
2.552857e-02,-2.565506e-01,-1.282757e-01
2.553057e-02,-2.940712e-01,-1.470361e-01
2.553257e-02,-3.315455e-01,-1.657732e-01
2.553457e-02,-3.689674e-01,-1.844843e-01
2.553657e-02,-4.063312e-01,-2.031662e-01
2.553857e-02,-4.436308e-01,-2.218161e-01
2.554057e-02,-4.808604e-01,-2.404309e-01
2.554257e-02,-5.180142e-01,-2.590079e-01
2.554457e-02,-5.550863e-01,-2.775440e-01
2.554657e-02,-5.920708e-01,-2.960363e-01
2.554857e-02,-6.289619e-01,-3.144819e-01
2.555057e-02,-6.657538e-01,-3.328779e-01
2.555257e-02,-7.024407e-01,-3.512214e-01
2.555457e-02,-7.390168e-01,-3.695095e-01
2.555657e-02,-7.754762e-01,-3.877393e-01
2.555857e-02,-8.118134e-01,-4.059079e-01
2.556057e-02,-8.480225e-01,-4.240125e-01
2.556257e-02,-8.840978e-01,-4.420502e-01
2.556457e-02,-9.200336e-01,-4.600182e-01
2.556657e-02,-9.558243e-01,-4.779136e-01
2.556857e-02,-9.914642e-01,-4.957336e-01
2.557057e-02,-1.026948e+00,-5.134754e-01
2.557257e-02,-1.062269e+00,-5.311362e-01
2.557457e-02,-1.097423e+00,-5.487132e-01
2.557657e-02,-1.132404e+00,-5.662037e-01
2.557857e-02,-1.167206e+00,-5.836048e-01
2.558057e-02,-1.201824e+00,-6.009139e-01
2.558257e-02,-1.236253e+00,-6.181282e-01
2.558457e-02,-1.270486e+00,-6.352449e-01
2.558657e-02,-1.304519e+00,-6.522615e-01
2.558857e-02,-1.338346e+00,-6.691752e-01
2.559057e-02,-1.371962e+00,-6.859833e-01
2.559257e-02,-1.405362e+00,-7.026832e-01
2.559457e-02,-1.438540e+00,-7.192722e-01
2.559657e-02,-1.471491e+00,-7.357478e-01
2.559857e-02,-1.504210e+00,-7.521073e-01
2.560057e-02,-1.536692e+00,-7.683481e-01
2.560257e-02,-1.568931e+00,-7.844678e-01
2.560457e-02,-1.600923e+00,-8.004637e-01
2.560657e-02,-1.632662e+00,-8.163333e-01
2.560857e-02,-1.664143e+00,-8.320741e-01
2.561057e-02,-1.695362e+00,-8.476837e-01
2.561257e-02,-1.726314e+00,-8.631596e-01
2.561457e-02,-1.756993e+00,-8.784993e-01
2.561657e-02,-1.787395e+00,-8.937004e-01
2.561857e-02,-1.817516e+00,-9.087605e-01
2.562057e-02,-1.847349e+00,-9.236773e-01
2.562257e-02,-1.876891e+00,-9.384484e-01
2.562457e-02,-1.906137e+00,-9.530714e-01
2.562657e-02,-1.935082e+00,-9.675440e-01
2.562857e-02,-1.963722e+00,-9.818641e-01
2.563057e-02,-1.992052e+00,-9.960292e-01
2.563257e-02,-2.020068e+00,-1.010037e+00
2.563457e-02,-2.047766e+00,-1.023886e+00
2.563657e-02,-2.075140e+00,-1.037573e+00
2.563857e-02,-2.102187e+00,-1.051097e+00
2.564057e-02,-2.128902e+00,-1.064454e+00
2.564257e-02,-2.155282e+00,-1.077644e+00
2.564457e-02,-2.181321e+00,-1.090664e+00
2.564657e-02,-2.207016e+00,-1.103511e+00
2.564857e-02,-2.232364e+00,-1.116185e+00
2.565057e-02,-2.257359e+00,-1.128683e+00
2.565257e-02,-2.281997e+00,-1.141002e+00
2.565457e-02,-2.306276e+00,-1.153142e+00
2.565657e-02,-2.330191e+00,-1.165099e+00
2.565857e-02,-2.353739e+00,-1.176873e+00
2.566057e-02,-2.376915e+00,-1.188461e+00
2.566257e-02,-2.399716e+00,-1.199862e+00
2.566457e-02,-2.422139e+00,-1.211073e+00
2.566657e-02,-2.444180e+00,-1.222094e+00
2.566857e-02,-2.465835e+00,-1.232921e+00
2.567057e-02,-2.487101e+00,-1.243554e+00
2.567257e-02,-2.507974e+00,-1.253991e+00
2.567457e-02,-2.528452e+00,-1.264230e+00
2.567657e-02,-2.548532e+00,-1.274270e+00
2.567857e-02,-2.568209e+00,-1.284108e+00
2.568057e-02,-2.587481e+00,-1.293744e+00
2.568257e-02,-2.606345e+00,-1.303176e+00
2.568457e-02,-2.624797e+00,-1.312403e+00
2.568657e-02,-2.642836e+00,-1.321422e+00
2.568857e-02,-2.660458e+00,-1.330233e+00
2.569057e-02,-2.677660e+00,-1.338834e+00
2.569257e-02,-2.694439e+00,-1.347224e+00
2.569457e-02,-2.710794e+00,-1.355401e+00
2.569657e-02,-2.726721e+00,-1.363364e+00
2.569857e-02,-2.742217e+00,-1.371113e+00
2.570057e-02,-2.757282e+00,-1.378645e+00
2.570257e-02,-2.771911e+00,-1.385960e+00
2.570457e-02,-2.786103e+00,-1.393056e+00
2.570657e-02,-2.799855e+00,-1.399932e+00
2.570857e-02,-2.813166e+00,-1.406587e+00
2.571057e-02,-2.826033e+00,-1.413021e+00
2.571257e-02,-2.838454e+00,-1.419231e+00
2.571457e-02,-2.850427e+00,-1.425218e+00
2.571657e-02,-2.861951e+00,-1.430980e+00
2.571857e-02,-2.873023e+00,-1.436516e+00
2.572057e-02,-2.883642e+00,-1.441826e+00
2.572257e-02,-2.893807e+00,-1.446908e+00
2.572457e-02,-2.903514e+00,-1.451761e+00
2.572657e-02,-2.912764e+00,-1.456386e+00
2.572857e-02,-2.921554e+00,-1.460781e+00
2.573057e-02,-2.929883e+00,-1.464946e+00
2.573257e-02,-2.937750e+00,-1.468879e+00
2.573457e-02,-2.945154e+00,-1.472581e+00
2.573657e-02,-2.952093e+00,-1.476051e+00
2.573857e-02,-2.958566e+00,-1.479287e+00
2.574057e-02,-2.964573e+00,-1.482291e+00
2.574257e-02,-2.970112e+00,-1.485060e+00
2.574457e-02,-2.975182e+00,-1.487595e+00
2.574657e-02,-2.979783e+00,-1.489896e+00
2.574857e-02,-2.983914e+00,-1.491961e+00
2.575057e-02,-2.987574e+00,-1.493792e+00
2.575257e-02,-2.990763e+00,-1.495386e+00
2.575457e-02,-2.993480e+00,-1.496745e+00
2.575657e-02,-2.995725e+00,-1.497867e+00
2.575857e-02,-2.997497e+00,-1.498753e+00
2.576057e-02,-2.998797e+00,-1.499403e+00
2.576257e-02,-2.999623e+00,-1.499816e+00
2.576457e-02,-2.999977e+00,-1.499993e+00
2.576657e-02,-2.999857e+00,-1.499933e+00
2.576857e-02,-2.999263e+00,-1.499636e+00
2.577057e-02,-2.998197e+00,-1.499103e+00
2.577257e-02,-2.996658e+00,-1.498333e+00
2.577457e-02,-2.994645e+00,-1.497327e+00
2.577657e-02,-2.992161e+00,-1.496085e+00
2.577857e-02,-2.989204e+00,-1.494607e+00
2.578057e-02,-2.985776e+00,-1.492893e+00
2.578257e-02,-2.981877e+00,-1.490943e+00
2.578457e-02,-2.977508e+00,-1.488758e+00
2.578657e-02,-2.972669e+00,-1.486339e+00
2.578857e-02,-2.967361e+00,-1.483685e+00
2.579057e-02,-2.961584e+00,-1.480797e+00
2.579257e-02,-2.955341e+00,-1.477675e+00
2.579457e-02,-2.948631e+00,-1.474320e+00
2.579657e-02,-2.941456e+00,-1.470733e+00
2.579857e-02,-2.933818e+00,-1.466913e+00
2.580057e-02,-2.925716e+00,-1.462862e+00
2.580257e-02,-2.917153e+00,-1.458581e+00
2.580457e-02,-2.908130e+00,-1.454069e+00
2.580657e-02,-2.898647e+00,-1.449328e+00
2.580857e-02,-2.888708e+00,-1.444358e+00
2.581057e-02,-2.878313e+00,-1.439161e+00
2.581257e-02,-2.867464e+00,-1.433736e+00
2.581457e-02,-2.856162e+00,-1.428085e+00
2.581657e-02,-2.844410e+00,-1.422209e+00
2.581857e-02,-2.832210e+00,-1.416109e+00
2.582057e-02,-2.819562e+00,-1.409785e+00
2.582257e-02,-2.806470e+00,-1.403239e+00
2.582457e-02,-2.792935e+00,-1.396472e+00
2.582657e-02,-2.778959e+00,-1.389484e+00
2.582857e-02,-2.764545e+00,-1.382277e+00
2.583057e-02,-2.749695e+00,-1.374852e+00
2.583257e-02,-2.734411e+00,-1.367210e+00
2.583457e-02,-2.718696e+00,-1.359352e+00
2.583657e-02,-2.702552e+00,-1.351280e+00
2.583857e-02,-2.685981e+00,-1.342995e+00
2.584057e-02,-2.668987e+00,-1.334497e+00
2.584257e-02,-2.651572e+00,-1.325790e+00
2.584457e-02,-2.633738e+00,-1.316873e+00
2.584657e-02,-2.615489e+00,-1.307749e+00
2.584857e-02,-2.596828e+00,-1.298418e+00
2.585057e-02,-2.577756e+00,-1.288882e+00
2.585257e-02,-2.558278e+00,-1.279143e+00
2.585457e-02,-2.538397e+00,-1.269202e+00
2.585657e-02,-2.518115e+00,-1.259061e+00
2.585857e-02,-2.497436e+00,-1.248722e+00
2.586057e-02,-2.476363e+00,-1.238185e+00
2.586257e-02,-2.454899e+00,-1.227453e+00
2.586457e-02,-2.433048e+00,-1.216528e+00
2.586657e-02,-2.410813e+00,-1.205410e+00
2.586857e-02,-2.388198e+00,-1.194103e+00
2.587057e-02,-2.365206e+00,-1.182607e+00
2.587257e-02,-2.341841e+00,-1.170924e+00
2.587457e-02,-2.318107e+00,-1.159057e+00
2.587657e-02,-2.294007e+00,-1.147007e+00
2.587857e-02,-2.269545e+00,-1.134776e+00
2.588057e-02,-2.244725e+00,-1.122366e+00
2.588257e-02,-2.219551e+00,-1.109779e+00
2.588457e-02,-2.194026e+00,-1.097016e+00
2.588657e-02,-2.168156e+00,-1.084081e+00
2.588857e-02,-2.141943e+00,-1.070975e+00
2.589057e-02,-2.115393e+00,-1.057700e+00
2.589257e-02,-2.088509e+00,-1.044258e+00
2.589457e-02,-2.061296e+00,-1.030651e+00
2.589657e-02,-2.033757e+00,-1.016882e+00
2.589857e-02,-2.005898e+00,-1.002952e+00
2.590057e-02,-1.977722e+00,-9.888638e-01
2.590257e-02,-1.949234e+00,-9.746198e-01
2.590457e-02,-1.920438e+00,-9.602221e-01
2.590657e-02,-1.891340e+00,-9.456728e-01
2.590857e-02,-1.861943e+00,-9.309744e-01
2.591057e-02,-1.832253e+00,-9.161292e-01
2.591257e-02,-1.802273e+00,-9.011394e-01
2.591457e-02,-1.772010e+00,-8.860075e-01
2.591657e-02,-1.741466e+00,-8.707358e-01
2.591857e-02,-1.710648e+00,-8.553267e-01
2.592057e-02,-1.679560e+00,-8.397827e-01
2.592257e-02,-1.648207e+00,-8.241062e-01
2.592457e-02,-1.616595e+00,-8.082997e-01
2.592657e-02,-1.584727e+00,-7.923658e-01
2.592857e-02,-1.552609e+00,-7.763068e-01
2.593057e-02,-1.520246e+00,-7.601253e-01
2.593257e-02,-1.487643e+00,-7.438240e-01
2.593457e-02,-1.454806e+00,-7.274053e-01
2.593657e-02,-1.421739e+00,-7.108718e-01
2.593857e-02,-1.388448e+00,-6.942262e-01
2.594057e-02,-1.354938e+00,-6.774711e-01
2.594257e-02,-1.321214e+00,-6.606091e-01
2.594457e-02,-1.287282e+00,-6.436430e-01
2.594657e-02,-1.253147e+00,-6.265752e-01
2.594857e-02,-1.218814e+00,-6.094087e-01
2.595057e-02,-1.184288e+00,-5.921460e-01
2.595257e-02,-1.149576e+00,-5.747898e-01
2.595457e-02,-1.114683e+00,-5.573431e-01
2.595657e-02,-1.079613e+00,-5.398083e-01
2.595857e-02,-1.044374e+00,-5.221885e-01
2.596057e-02,-1.008969e+00,-5.044862e-01
2.596257e-02,-9.734059e-01,-4.867044e-01
2.596457e-02,-9.376888e-01,-4.688458e-01
2.596657e-02,-9.018238e-01,-4.509132e-01
2.596857e-02,-8.658165e-01,-4.329095e-01
2.597057e-02,-8.296726e-01,-4.148376e-01
2.597257e-02,-7.933979e-01,-3.967001e-01
2.597457e-02,-7.569980e-01,-3.785001e-01
2.597657e-02,-7.204786e-01,-3.602404e-01
2.597857e-02,-6.838457e-01,-3.419239e-01
2.598057e-02,-6.471048e-01,-3.235534e-01
2.598257e-02,-6.102618e-01,-3.051318e-01
2.598457e-02,-5.733226e-01,-2.866622e-01
2.598657e-02,-5.362930e-01,-2.681473e-01
2.598857e-02,-4.991787e-01,-2.495901e-01
2.599057e-02,-4.619857e-01,-2.309935e-01
2.599257e-02,-4.247198e-01,-2.123605e-01
2.599457e-02,-3.873869e-01,-1.936941e-01
2.599657e-02,-3.499929e-01,-1.749970e-01
2.599857e-02,-3.125437e-01,-1.562723e-01
2.600057e-02,-2.750452e-01,-1.375230e-01
2.600257e-02,-2.375033e-01,-1.187520e-01
2.600457e-02,-1.999240e-01,-9.996228e-02
2.600657e-02,-1.623131e-01,-8.115677e-02
2.600857e-02,-1.246765e-01,-6.233846e-02
2.601057e-02,-8.702037e-02,-4.351032e-02
2.601257e-02,-4.935047e-02,-2.467531e-02
2.601457e-02,-1.167278e-02,-5.836405e-03
2.601657e-02,2.600676e-02,1.300342e-02
2.601857e-02,6.368219e-02,3.184119e-02
2.602057e-02,1.013476e-01,5.067394e-02
2.602257e-02,1.389970e-01,6.949869e-02
2.602457e-02,1.766244e-01,8.831248e-02
2.602657e-02,2.142240e-01,1.071123e-01
2.602857e-02,2.517898e-01,1.258953e-01
2.603057e-02,2.893159e-01,1.446584e-01
2.603257e-02,3.267964e-01,1.633987e-01
2.603457e-02,3.642253e-01,1.821132e-01
2.603657e-02,4.015967e-01,2.007990e-01
2.603857e-02,4.389048e-01,2.194531e-01
2.604057e-02,4.761437e-01,2.380726e-01
2.604257e-02,5.133074e-01,2.566545e-01
2.604457e-02,5.503902e-01,2.751959e-01
2.604657e-02,5.873861e-01,2.936939e-01
2.604857e-02,6.242894e-01,3.121456e-01
2.605057e-02,6.610942e-01,3.305481e-01
2.605257e-02,6.977947e-01,3.488984e-01
2.605457e-02,7.343851e-01,3.671937e-01
2.605657e-02,7.708597e-01,3.854310e-01
2.605857e-02,8.072127e-01,4.036075e-01
2.606057e-02,8.434383e-01,4.217204e-01
2.606257e-02,8.795309e-01,4.397668e-01
2.606457e-02,9.154847e-01,4.577437e-01
2.606657e-02,9.512941e-01,4.756485e-01
2.606857e-02,9.869535e-01,4.934782e-01
2.607057e-02,1.022457e+00,5.112301e-01
2.607257e-02,1.057799e+00,5.289013e-01
2.607457e-02,1.092975e+00,5.464891e-01
2.607657e-02,1.127978e+00,5.639907e-01
2.607857e-02,1.162803e+00,5.814033e-01
2.608057e-02,1.197445e+00,5.987242e-01
2.608257e-02,1.231898e+00,6.159507e-01
2.608457e-02,1.266156e+00,6.330800e-01
2.608657e-02,1.300215e+00,6.501094e-01
2.608857e-02,1.334068e+00,6.670362e-01
2.609057e-02,1.367712e+00,6.838579e-01
2.609257e-02,1.401139e+00,7.005716e-01
2.609457e-02,1.434345e+00,7.171749e-01
2.609657e-02,1.467326e+00,7.336650e-01
2.609857e-02,1.500074e+00,7.500393e-01
2.610057e-02,1.532586e+00,7.662954e-01
2.610257e-02,1.564856e+00,7.824305e-01
2.610457e-02,1.596880e+00,7.984423e-01
2.610657e-02,1.628651e+00,8.143280e-01
2.610857e-02,1.660166e+00,8.300854e-01
2.611057e-02,1.691418e+00,8.457117e-01
2.611257e-02,1.722404e+00,8.612047e-01
2.611457e-02,1.753118e+00,8.765618e-01
2.611657e-02,1.783556e+00,8.917806e-01
2.611857e-02,1.813712e+00,9.068587e-01
2.612057e-02,1.843582e+00,9.217938e-01
2.612257e-02,1.873161e+00,9.365835e-01
2.612457e-02,1.902445e+00,9.512254e-01
2.612657e-02,1.931429e+00,9.657173e-01
2.612857e-02,1.960108e+00,9.800568e-01
2.613057e-02,1.988477e+00,9.942417e-01
2.613257e-02,2.016533e+00,1.008270e+00
2.613457e-02,2.044271e+00,1.022139e+00
2.613657e-02,2.071687e+00,1.035847e+00
2.613857e-02,2.098776e+00,1.049391e+00
2.614057e-02,2.125533e+00,1.062770e+00
2.614257e-02,2.151955e+00,1.075981e+00
2.614457e-02,2.178038e+00,1.089022e+00
2.614657e-02,2.203777e+00,1.101892e+00
2.614857e-02,2.229169e+00,1.114588e+00
2.615057e-02,2.254209e+00,1.127108e+00
2.615257e-02,2.278893e+00,1.139450e+00
2.615457e-02,2.303218e+00,1.151612e+00
2.615657e-02,2.327179e+00,1.163593e+00
2.615857e-02,2.350774e+00,1.175390e+00
2.616057e-02,2.373997e+00,1.187002e+00
2.616257e-02,2.396846e+00,1.198427e+00
2.616457e-02,2.419317e+00,1.209662e+00
2.616657e-02,2.441406e+00,1.220707e+00
2.616857e-02,2.463110e+00,1.231559e+00
2.617057e-02,2.484426e+00,1.242217e+00
2.617257e-02,2.505349e+00,1.252678e+00
2.617457e-02,2.525878e+00,1.262943e+00
2.617657e-02,2.546008e+00,1.273008e+00
2.617857e-02,2.565736e+00,1.282872e+00
2.618057e-02,2.585060e+00,1.292534e+00
2.618257e-02,2.603975e+00,1.301992e+00
2.618457e-02,2.622480e+00,1.311244e+00
2.618657e-02,2.640572e+00,1.320290e+00
2.618857e-02,2.658246e+00,1.329127e+00
2.619057e-02,2.675502e+00,1.337755e+00
2.619257e-02,2.692335e+00,1.346172e+00
2.619457e-02,2.708744e+00,1.354376e+00
2.619657e-02,2.724725e+00,1.362367e+00
2.619857e-02,2.740276e+00,1.370142e+00
2.620057e-02,2.755395e+00,1.377702e+00
2.620257e-02,2.770080e+00,1.385044e+00
2.620457e-02,2.784327e+00,1.392168e+00
2.620657e-02,2.798136e+00,1.399072e+00
2.620857e-02,2.811503e+00,1.405756e+00
2.621057e-02,2.824426e+00,1.412217e+00
2.621257e-02,2.836904e+00,1.418456e+00
2.621457e-02,2.848934e+00,1.424471e+00
2.621657e-02,2.860515e+00,1.430262e+00
2.621857e-02,2.871645e+00,1.435827e+00
2.622057e-02,2.882321e+00,1.441165e+00
2.622257e-02,2.892543e+00,1.446276e+00
2.622457e-02,2.902309e+00,1.451159e+00
2.622657e-02,2.911616e+00,1.455813e+00
2.622857e-02,2.920465e+00,1.460237e+00
2.623057e-02,2.928853e+00,1.464431e+00
2.623257e-02,2.936778e+00,1.468394e+00
2.623457e-02,2.944241e+00,1.472125e+00
2.623657e-02,2.951239e+00,1.475624e+00
2.623857e-02,2.957771e+00,1.478890e+00
2.624057e-02,2.963837e+00,1.481923e+00
2.624257e-02,2.969435e+00,1.484722e+00
2.624457e-02,2.974565e+00,1.487287e+00
2.624657e-02,2.979225e+00,1.489617e+00
2.624857e-02,2.983416e+00,1.491713e+00
2.625057e-02,2.987136e+00,1.493573e+00
2.625257e-02,2.990385e+00,1.495197e+00
2.625457e-02,2.993162e+00,1.496585e+00
2.625657e-02,2.995467e+00,1.497738e+00
2.625857e-02,2.997299e+00,1.498654e+00
2.626057e-02,2.998658e+00,1.499334e+00
2.626257e-02,2.999545e+00,1.499777e+00
2.626457e-02,2.999958e+00,1.499984e+00
2.626657e-02,2.999898e+00,1.499954e+00
2.626857e-02,2.999365e+00,1.499687e+00
2.627057e-02,2.998358e+00,1.499184e+00
2.627257e-02,2.996879e+00,1.498444e+00
2.627457e-02,2.994927e+00,1.497468e+00
2.627657e-02,2.992502e+00,1.496256e+00
2.627857e-02,2.989605e+00,1.494807e+00
2.628057e-02,2.986237e+00,1.493123e+00
2.628257e-02,2.982398e+00,1.491203e+00
2.628457e-02,2.978088e+00,1.489048e+00
2.628657e-02,2.973308e+00,1.486659e+00
2.628857e-02,2.968060e+00,1.484034e+00
2.629057e-02,2.962343e+00,1.481176e+00
2.629257e-02,2.956158e+00,1.478084e+00
2.629457e-02,2.949508e+00,1.474758e+00
2.629657e-02,2.942392e+00,1.471200e+00
2.629857e-02,2.934812e+00,1.467410e+00
2.630057e-02,2.926769e+00,1.463389e+00
2.630257e-02,2.918264e+00,1.459136e+00
2.630457e-02,2.909299e+00,1.454654e+00
2.630657e-02,2.899875e+00,1.449942e+00
2.630857e-02,2.889994e+00,1.445001e+00
2.631057e-02,2.879656e+00,1.439832e+00
2.631257e-02,2.868865e+00,1.434437e+00
2.631457e-02,2.857620e+00,1.428815e+00
2.631657e-02,2.845925e+00,1.422967e+00
2.631857e-02,2.833781e+00,1.416895e+00
2.632057e-02,2.821190e+00,1.410599e+00
2.632257e-02,2.808154e+00,1.404081e+00
2.632457e-02,2.794675e+00,1.397342e+00
2.632657e-02,2.780756e+00,1.390382e+00
2.632857e-02,2.766397e+00,1.383203e+00
2.633057e-02,2.751602e+00,1.375805e+00
2.633257e-02,2.736373e+00,1.368191e+00
2.633457e-02,2.720712e+00,1.360360e+00
2.633657e-02,2.704622e+00,1.352315e+00
2.633857e-02,2.688106e+00,1.344057e+00
2.634057e-02,2.671165e+00,1.335587e+00
2.634257e-02,2.653803e+00,1.326906e+00
2.634457e-02,2.636023e+00,1.318015e+00
2.634657e-02,2.617826e+00,1.308917e+00
2.634857e-02,2.599217e+00,1.299612e+00
2.635057e-02,2.580197e+00,1.290103e+00
2.635257e-02,2.560771e+00,1.280389e+00
2.635457e-02,2.540940e+00,1.270474e+00
2.635657e-02,2.520709e+00,1.260358e+00
2.635857e-02,2.500080e+00,1.250044e+00
2.636057e-02,2.479057e+00,1.239532e+00
2.636257e-02,2.457642e+00,1.228825e+00
2.636457e-02,2.435840e+00,1.217924e+00
2.636657e-02,2.413654e+00,1.206831e+00
2.636857e-02,2.391087e+00,1.195547e+00
2.637057e-02,2.368142e+00,1.184075e+00
2.637257e-02,2.344825e+00,1.172416e+00
2.637457e-02,2.321137e+00,1.160572e+00
2.637657e-02,2.297083e+00,1.148545e+00
2.637857e-02,2.272666e+00,1.136337e+00
2.638057e-02,2.247892e+00,1.123949e+00
2.638257e-02,2.222762e+00,1.111384e+00
2.638457e-02,2.197282e+00,1.098644e+00
2.638657e-02,2.171455e+00,1.085731e+00
2.638857e-02,2.145286e+00,1.072646e+00
2.639057e-02,2.118778e+00,1.059392e+00
2.639257e-02,2.091936e+00,1.045971e+00
2.639457e-02,2.064765e+00,1.032385e+00
2.639657e-02,2.037267e+00,1.018637e+00
2.639857e-02,2.009448e+00,1.004727e+00
2.640057e-02,1.981312e+00,9.906589e-01
2.640257e-02,1.952863e+00,9.764345e-01
2.640457e-02,1.924107e+00,9.620562e-01
2.640657e-02,1.895046e+00,9.475260e-01
2.640857e-02,1.865687e+00,9.328464e-01
2.641057e-02,1.836034e+00,9.180197e-01
2.641257e-02,1.806091e+00,9.030481e-01
2.641457e-02,1.775863e+00,8.879340e-01
2.641657e-02,1.745355e+00,8.726799e-01
2.641857e-02,1.714571e+00,8.572881e-01
2.642057e-02,1.683517e+00,8.417611e-01
2.642257e-02,1.652198e+00,8.261013e-01
2.642457e-02,1.620617e+00,8.103112e-01
2.642657e-02,1.588782e+00,7.943932e-01
2.642857e-02,1.556695e+00,7.783499e-01
2.643057e-02,1.524363e+00,7.621839e-01
2.643257e-02,1.491791e+00,7.458976e-01
2.643457e-02,1.458983e+00,7.294936e-01
2.643657e-02,1.425945e+00,7.129746e-01
2.643857e-02,1.392682e+00,6.963431e-01
2.644057e-02,1.359199e+00,6.796017e-01
2.644257e-02,1.325502e+00,6.627531e-01
2.644457e-02,1.291596e+00,6.458000e-01
2.644657e-02,1.257486e+00,6.287450e-01
2.644857e-02,1.223178e+00,6.115908e-01
2.645057e-02,1.188677e+00,5.943402e-01
2.645257e-02,1.153988e+00,5.769957e-01
2.645457e-02,1.119117e+00,5.595603e-01
2.645657e-02,1.084070e+00,5.420366e-01
2.645857e-02,1.048852e+00,5.244274e-01
2.646057e-02,1.013468e+00,5.067354e-01
2.646257e-02,9.779241e-01,4.889635e-01
2.646457e-02,9.422262e-01,4.711145e-01
2.646657e-02,9.063796e-01,4.531912e-01
2.646857e-02,8.703900e-01,4.351963e-01
2.647057e-02,8.342632e-01,4.171328e-01
2.647257e-02,7.980047e-01,3.990035e-01
2.647457e-02,7.616203e-01,3.808113e-01
2.647657e-02,7.251158e-01,3.625590e-01
2.647857e-02,6.884969e-01,3.442495e-01
2.648057e-02,6.517694e-01,3.258857e-01
2.648257e-02,6.149391e-01,3.074705e-01
2.648457e-02,5.780118e-01,2.890068e-01
2.648657e-02,5.409933e-01,2.704974e-01
2.648857e-02,5.038894e-01,2.519455e-01
2.649057e-02,4.667061e-01,2.333537e-01
2.649257e-02,4.294491e-01,2.147252e-01
2.649457e-02,3.921244e-01,1.960628e-01
2.649657e-02,3.547378e-01,1.773694e-01
2.649857e-02,3.172953e-01,1.586481e-01
2.650057e-02,2.798027e-01,1.399018e-01
2.650257e-02,2.422660e-01,1.211334e-01
2.650457e-02,2.046910e-01,1.023458e-01
2.650657e-02,1.670838e-01,8.354215e-02
2.650857e-02,1.294502e-01,6.472530e-02
2.651057e-02,9.179619e-02,4.589824e-02
2.651257e-02,5.412770e-02,2.706393e-02
2.651457e-02,1.645067e-02,8.225359e-03
2.651657e-02,-2.122896e-02,-1.061451e-02
2.651857e-02,-5.890524e-02,-2.945271e-02
2.652057e-02,-9.657222e-02,-4.828626e-02
2.652257e-02,-1.342240e-01,-6.711219e-02
2.652457e-02,-1.718546e-01,-8.592753e-02
2.652657e-02,-2.094580e-01,-1.047293e-01
2.652857e-02,-2.470284e-01,-1.235146e-01
2.653057e-02,-2.845599e-01,-1.422804e-01
2.653257e-02,-3.220465e-01,-1.610237e-01
2.653457e-02,-3.594822e-01,-1.797417e-01
2.653657e-02,-3.968613e-01,-1.984312e-01
2.653857e-02,-4.341777e-01,-2.170895e-01
2.654057e-02,-4.714257e-01,-2.357136e-01
2.654257e-02,-5.085993e-01,-2.543004e-01
2.654457e-02,-5.456926e-01,-2.728471e-01
2.654657e-02,-5.826999e-01,-2.913508e-01
2.654857e-02,-6.196153e-01,-3.098086e-01
2.655057e-02,-6.564329e-01,-3.282174e-01
2.655257e-02,-6.931469e-01,-3.465745e-01
2.655457e-02,-7.297516e-01,-3.648769e-01
2.655657e-02,-7.662412e-01,-3.831218e-01
2.655857e-02,-8.026099e-01,-4.013062e-01
2.656057e-02,-8.388520e-01,-4.194273e-01
2.656257e-02,-8.749618e-01,-4.374822e-01
2.656457e-02,-9.109335e-01,-4.554681e-01
2.656657e-02,-9.467616e-01,-4.733822e-01
2.656857e-02,-9.824403e-01,-4.912216e-01
2.657057e-02,-1.017964e+00,-5.089835e-01
2.657257e-02,-1.053327e+00,-5.266651e-01
2.657457e-02,-1.088524e+00,-5.442637e-01
2.657657e-02,-1.123549e+00,-5.617763e-01
2.657857e-02,-1.158397e+00,-5.792004e-01
2.658057e-02,-1.193063e+00,-5.965331e-01
2.658257e-02,-1.227540e+00,-6.137716e-01
2.658457e-02,-1.261823e+00,-6.309134e-01
2.658657e-02,-1.295907e+00,-6.479556e-01
2.658857e-02,-1.329787e+00,-6.648956e-01
2.659057e-02,-1.363457e+00,-6.817308e-01
2.659257e-02,-1.396912e+00,-6.984583e-01
2.659457e-02,-1.430147e+00,-7.150757e-01
2.659657e-02,-1.463156e+00,-7.315803e-01
2.659857e-02,-1.495935e+00,-7.479695e-01
2.660057e-02,-1.528477e+00,-7.642407e-01
2.660257e-02,-1.560778e+00,-7.803913e-01
2.660457e-02,-1.592833e+00,-7.964188e-01
2.660657e-02,-1.624637e+00,-8.123207e-01
2.660857e-02,-1.656184e+00,-8.280945e-01
2.661057e-02,-1.687470e+00,-8.437376e-01
2.661257e-02,-1.718490e+00,-8.592476e-01
2.661457e-02,-1.749239e+00,-8.746220e-01
2.661657e-02,-1.779712e+00,-8.898585e-01
2.661857e-02,-1.809904e+00,-9.049546e-01
2.662057e-02,-1.839810e+00,-9.199080e-01
2.662257e-02,-1.869427e+00,-9.347162e-01
2.662457e-02,-1.898748e+00,-9.493770e-01
2.662657e-02,-1.927770e+00,-9.638880e-01
2.662857e-02,-1.956488e+00,-9.782470e-01
2.663057e-02,-1.984897e+00,-9.924516e-01
2.663257e-02,-2.012993e+00,-1.006500e+00
2.663457e-02,-2.040772e+00,-1.020389e+00
2.663657e-02,-2.068228e+00,-1.034117e+00
2.663857e-02,-2.095359e+00,-1.047683e+00
2.664057e-02,-2.122159e+00,-1.061082e+00
2.664257e-02,-2.148624e+00,-1.074315e+00
2.664457e-02,-2.174750e+00,-1.087378e+00
2.664657e-02,-2.200533e+00,-1.100270e+00
2.664857e-02,-2.225968e+00,-1.112988e+00
2.665057e-02,-2.251053e+00,-1.125530e+00
2.665257e-02,-2.275783e+00,-1.137895e+00
2.665457e-02,-2.300153e+00,-1.150080e+00
2.665657e-02,-2.324161e+00,-1.162084e+00
2.665857e-02,-2.347802e+00,-1.173905e+00
2.666057e-02,-2.371073e+00,-1.185540e+00
2.666257e-02,-2.393970e+00,-1.196988e+00
2.666457e-02,-2.416489e+00,-1.208248e+00
2.666657e-02,-2.438626e+00,-1.219317e+00
2.666857e-02,-2.460380e+00,-1.230193e+00
2.667057e-02,-2.481745e+00,-1.240876e+00
2.667257e-02,-2.502718e+00,-1.251363e+00
2.667457e-02,-2.523297e+00,-1.261652e+00
2.667657e-02,-2.543477e+00,-1.271743e+00
2.667857e-02,-2.563257e+00,-1.281632e+00
2.668057e-02,-2.582632e+00,-1.291320e+00
2.668257e-02,-2.601599e+00,-1.300804e+00
2.668457e-02,-2.620157e+00,-1.310082e+00
2.668657e-02,-2.638301e+00,-1.319154e+00
2.668857e-02,-2.656028e+00,-1.328018e+00
2.669057e-02,-2.673337e+00,-1.336672e+00
2.669257e-02,-2.690224e+00,-1.345116e+00
2.669457e-02,-2.706687e+00,-1.353347e+00
2.669657e-02,-2.722722e+00,-1.361365e+00
2.669857e-02,-2.738328e+00,-1.369168e+00
2.670057e-02,-2.753502e+00,-1.376755e+00
2.670257e-02,-2.768242e+00,-1.384125e+00
2.670457e-02,-2.782545e+00,-1.391277e+00
2.670657e-02,-2.796409e+00,-1.398209e+00
2.670857e-02,-2.809832e+00,-1.404920e+00
2.671057e-02,-2.822812e+00,-1.411410e+00
2.671257e-02,-2.835346e+00,-1.417677e+00
2.671457e-02,-2.847433e+00,-1.423721e+00
2.671657e-02,-2.859071e+00,-1.429540e+00
2.671857e-02,-2.870258e+00,-1.435133e+00
2.672057e-02,-2.880992e+00,-1.440501e+00
2.672257e-02,-2.891272e+00,-1.445640e+00
2.672457e-02,-2.901096e+00,-1.450552e+00
2.672657e-02,-2.910461e+00,-1.455235e+00
2.672857e-02,-2.919368e+00,-1.459689e+00
2.673057e-02,-2.927814e+00,-1.463912e+00
2.673257e-02,-2.935799e+00,-1.467904e+00
2.673457e-02,-2.943320e+00,-1.471664e+00
2.673657e-02,-2.950377e+00,-1.475193e+00
2.673857e-02,-2.956968e+00,-1.478489e+00
2.674057e-02,-2.963094e+00,-1.481551e+00
2.674257e-02,-2.968751e+00,-1.484380e+00
2.674457e-02,-2.973940e+00,-1.486975e+00
2.674657e-02,-2.978661e+00,-1.489335e+00
2.674857e-02,-2.982911e+00,-1.491460e+00
2.675057e-02,-2.986690e+00,-1.493350e+00
2.675257e-02,-2.989999e+00,-1.495004e+00
2.675457e-02,-2.992836e+00,-1.496422e+00
2.675657e-02,-2.995201e+00,-1.497605e+00
2.675857e-02,-2.997093e+00,-1.498551e+00
2.676057e-02,-2.998512e+00,-1.499261e+00
2.676257e-02,-2.999459e+00,-1.499734e+00
2.676457e-02,-2.999932e+00,-1.499970e+00
2.676657e-02,-2.999932e+00,-1.499970e+00
2.676857e-02,-2.999459e+00,-1.499734e+00
2.677057e-02,-2.998512e+00,-1.499261e+00
2.677257e-02,-2.997093e+00,-1.498551e+00
2.677457e-02,-2.995201e+00,-1.497605e+00
2.677657e-02,-2.992836e+00,-1.496422e+00
2.677857e-02,-2.989999e+00,-1.495004e+00
2.678057e-02,-2.986690e+00,-1.493350e+00
2.678257e-02,-2.982911e+00,-1.491460e+00
2.678457e-02,-2.978660e+00,-1.489335e+00
2.678657e-02,-2.973940e+00,-1.486975e+00
2.678857e-02,-2.968751e+00,-1.484380e+00
2.679057e-02,-2.963093e+00,-1.481551e+00
2.679257e-02,-2.956968e+00,-1.478489e+00
2.679457e-02,-2.950377e+00,-1.475193e+00
2.679657e-02,-2.943320e+00,-1.471664e+00
2.679857e-02,-2.935799e+00,-1.467904e+00
2.680057e-02,-2.927814e+00,-1.463912e+00
2.680257e-02,-2.919368e+00,-1.459688e+00
2.680457e-02,-2.910461e+00,-1.455235e+00
2.680657e-02,-2.901095e+00,-1.450552e+00
2.680857e-02,-2.891272e+00,-1.445640e+00
2.681057e-02,-2.880992e+00,-1.440500e+00
2.681257e-02,-2.870258e+00,-1.435133e+00
2.681457e-02,-2.859071e+00,-1.429540e+00
2.681657e-02,-2.847433e+00,-1.423721e+00
2.681857e-02,-2.835346e+00,-1.417677e+00
2.682057e-02,-2.822812e+00,-1.411410e+00
2.682257e-02,-2.809832e+00,-1.404920e+00
2.682457e-02,-2.796409e+00,-1.398209e+00
2.682657e-02,-2.782545e+00,-1.391277e+00
2.682857e-02,-2.768242e+00,-1.384125e+00
2.683057e-02,-2.753502e+00,-1.376755e+00
2.683257e-02,-2.738328e+00,-1.369168e+00
2.683457e-02,-2.722722e+00,-1.361365e+00
2.683657e-02,-2.706686e+00,-1.353347e+00
2.683857e-02,-2.690224e+00,-1.345116e+00
2.684057e-02,-2.673337e+00,-1.336672e+00
2.684257e-02,-2.656028e+00,-1.328018e+00
2.684457e-02,-2.638300e+00,-1.319154e+00
2.684657e-02,-2.620156e+00,-1.310082e+00
2.684857e-02,-2.601599e+00,-1.300804e+00
2.685057e-02,-2.582632e+00,-1.291320e+00
2.685257e-02,-2.563257e+00,-1.281632e+00
2.685457e-02,-2.543477e+00,-1.271742e+00
2.685657e-02,-2.523297e+00,-1.261652e+00
2.685857e-02,-2.502718e+00,-1.251363e+00
2.686057e-02,-2.481744e+00,-1.240876e+00
2.686257e-02,-2.460379e+00,-1.230193e+00
2.686457e-02,-2.438626e+00,-1.219317e+00
2.686657e-02,-2.416488e+00,-1.208248e+00
2.686857e-02,-2.393969e+00,-1.196988e+00
2.687057e-02,-2.371073e+00,-1.185540e+00
2.687257e-02,-2.347802e+00,-1.173904e+00
2.687457e-02,-2.324161e+00,-1.162084e+00
2.687657e-02,-2.300153e+00,-1.150080e+00
2.687857e-02,-2.275782e+00,-1.137895e+00
2.688057e-02,-2.251053e+00,-1.125530e+00
2.688257e-02,-2.225968e+00,-1.112987e+00
2.688457e-02,-2.200532e+00,-1.100269e+00
2.688657e-02,-2.174749e+00,-1.087378e+00
2.688857e-02,-2.148623e+00,-1.074315e+00
2.689057e-02,-2.122158e+00,-1.061082e+00
2.689257e-02,-2.095359e+00,-1.047682e+00
2.689457e-02,-2.068228e+00,-1.034117e+00
2.689657e-02,-2.040772e+00,-1.020389e+00
2.689857e-02,-2.012993e+00,-1.006500e+00
2.690057e-02,-1.984897e+00,-9.924515e-01
2.690257e-02,-1.956488e+00,-9.782468e-01
2.690457e-02,-1.927770e+00,-9.638879e-01
2.690657e-02,-1.898748e+00,-9.493768e-01
2.690857e-02,-1.869426e+00,-9.347161e-01
2.691057e-02,-1.839810e+00,-9.199078e-01
2.691257e-02,-1.809903e+00,-9.049545e-01
2.691457e-02,-1.779711e+00,-8.898584e-01
2.691657e-02,-1.749238e+00,-8.746219e-01
2.691857e-02,-1.718490e+00,-8.592474e-01
2.692057e-02,-1.687470e+00,-8.437374e-01
2.692257e-02,-1.656184e+00,-8.280943e-01
2.692457e-02,-1.624636e+00,-8.123205e-01
2.692657e-02,-1.592833e+00,-7.964187e-01
2.692857e-02,-1.560778e+00,-7.803911e-01
2.693057e-02,-1.528476e+00,-7.642405e-01
2.693257e-02,-1.495934e+00,-7.479693e-01
2.693457e-02,-1.463156e+00,-7.315801e-01
2.693657e-02,-1.430147e+00,-7.150755e-01
2.693857e-02,-1.396912e+00,-6.984581e-01
2.694057e-02,-1.363457e+00,-6.817306e-01
2.694257e-02,-1.329787e+00,-6.648954e-01
2.694457e-02,-1.295907e+00,-6.479554e-01
2.694657e-02,-1.261823e+00,-6.309132e-01
2.694857e-02,-1.227539e+00,-6.137714e-01
2.695057e-02,-1.193062e+00,-5.965329e-01
2.695257e-02,-1.158397e+00,-5.792002e-01
2.695457e-02,-1.123549e+00,-5.617761e-01
2.695657e-02,-1.088524e+00,-5.442634e-01
2.695857e-02,-1.053327e+00,-5.266649e-01
2.696057e-02,-1.017964e+00,-5.089833e-01
2.696257e-02,-9.824398e-01,-4.912214e-01
2.696457e-02,-9.467611e-01,-4.733820e-01
2.696657e-02,-9.109331e-01,-4.554679e-01
2.696857e-02,-8.749614e-01,-4.374820e-01
2.697057e-02,-8.388516e-01,-4.194271e-01
2.697257e-02,-8.026095e-01,-4.013060e-01
2.697457e-02,-7.662408e-01,-3.831215e-01
2.697657e-02,-7.297512e-01,-3.648767e-01
2.697857e-02,-6.931465e-01,-3.465743e-01
2.698057e-02,-6.564324e-01,-3.282172e-01
2.698257e-02,-6.196148e-01,-3.098083e-01
2.698457e-02,-5.826995e-01,-2.913506e-01
2.698657e-02,-5.456922e-01,-2.728469e-01
2.698857e-02,-5.085988e-01,-2.543002e-01
2.699057e-02,-4.714253e-01,-2.357133e-01
2.699257e-02,-4.341773e-01,-2.170893e-01
2.699457e-02,-3.968608e-01,-1.984310e-01
2.699657e-02,-3.594818e-01,-1.797414e-01
2.699857e-02,-3.220460e-01,-1.610235e-01
2.700057e-02,-2.845595e-01,-1.422802e-01
2.700257e-02,-2.470280e-01,-1.235144e-01
2.700457e-02,-2.094576e-01,-1.047291e-01
2.700657e-02,-1.718541e-01,-8.592732e-02
2.700857e-02,-1.342235e-01,-6.711197e-02
2.701057e-02,-9.657179e-02,-4.828604e-02
2.701257e-02,-5.890480e-02,-2.945249e-02
2.701457e-02,-2.122852e-02,-1.061429e-02
2.701657e-02,1.645111e-02,8.225578e-03
2.701857e-02,5.412814e-02,2.706415e-02
2.702057e-02,9.179663e-02,4.589845e-02
2.702257e-02,1.294506e-01,6.472552e-02
2.702457e-02,1.670842e-01,8.354237e-02
2.702657e-02,2.046915e-01,1.023460e-01
2.702857e-02,2.422664e-01,1.211336e-01
2.703057e-02,2.798031e-01,1.399020e-01
2.703257e-02,3.172957e-01,1.586483e-01
2.703457e-02,3.547383e-01,1.773697e-01
2.703657e-02,3.921248e-01,1.960630e-01
2.703857e-02,4.294495e-01,2.147254e-01
2.704057e-02,4.667065e-01,2.333540e-01
2.704257e-02,5.038898e-01,2.519457e-01
2.704457e-02,5.409937e-01,2.704977e-01
2.704657e-02,5.780122e-01,2.890070e-01
2.704857e-02,6.149395e-01,3.074707e-01
2.705057e-02,6.517699e-01,3.258859e-01
2.705257e-02,6.884974e-01,3.442497e-01
2.705457e-02,7.251163e-01,3.625592e-01
2.705657e-02,7.616208e-01,3.808115e-01
2.705857e-02,7.980051e-01,3.990038e-01
2.706057e-02,8.342636e-01,4.171330e-01
2.706257e-02,8.703905e-01,4.351965e-01
2.706457e-02,9.063800e-01,4.531914e-01
2.706657e-02,9.422266e-01,4.711147e-01
2.706857e-02,9.779245e-01,4.889637e-01
2.707057e-02,1.013468e+00,5.067356e-01
2.707257e-02,1.048852e+00,5.244276e-01
2.707457e-02,1.084070e+00,5.420368e-01
2.707657e-02,1.119118e+00,5.595605e-01
2.707857e-02,1.153988e+00,5.769959e-01
2.708057e-02,1.188677e+00,5.943404e-01
2.708257e-02,1.223178e+00,6.115910e-01
2.708457e-02,1.257487e+00,6.287452e-01
2.708657e-02,1.291597e+00,6.458002e-01
2.708857e-02,1.325503e+00,6.627533e-01
2.709057e-02,1.359200e+00,6.796019e-01
2.709257e-02,1.392682e+00,6.963433e-01
2.709457e-02,1.425945e+00,7.129748e-01
2.709657e-02,1.458983e+00,7.294938e-01
2.709857e-02,1.491791e+00,7.458978e-01
2.710057e-02,1.524364e+00,7.621841e-01
2.710257e-02,1.556696e+00,7.783501e-01
2.710457e-02,1.588782e+00,7.943934e-01
2.710657e-02,1.620618e+00,8.103114e-01
2.710857e-02,1.652198e+00,8.261015e-01
2.711057e-02,1.683518e+00,8.417613e-01
2.711257e-02,1.714571e+00,8.572883e-01
2.711457e-02,1.745355e+00,8.726801e-01
2.711657e-02,1.775863e+00,8.879342e-01
2.711857e-02,1.806091e+00,9.030483e-01
2.712057e-02,1.836034e+00,9.180198e-01
2.712257e-02,1.865688e+00,9.328466e-01
2.712457e-02,1.895047e+00,9.475262e-01
2.712657e-02,1.924107e+00,9.620563e-01
2.712857e-02,1.952864e+00,9.764347e-01
2.713057e-02,1.981312e+00,9.906590e-01
2.713257e-02,2.009448e+00,1.004727e+00
2.713457e-02,2.037267e+00,1.018637e+00
2.713657e-02,2.064765e+00,1.032386e+00
2.713857e-02,2.091937e+00,1.045972e+00
2.714057e-02,2.118779e+00,1.059393e+00
2.714257e-02,2.145286e+00,1.072646e+00
2.714457e-02,2.171456e+00,1.085731e+00
2.714657e-02,2.197282e+00,1.098644e+00
2.714857e-02,2.222762e+00,1.111385e+00
2.715057e-02,2.247892e+00,1.123949e+00
2.715257e-02,2.272667e+00,1.136337e+00
2.715457e-02,2.297083e+00,1.148545e+00
2.715657e-02,2.321137e+00,1.160572e+00
2.715857e-02,2.344825e+00,1.172416e+00
2.716057e-02,2.368143e+00,1.184075e+00
2.716257e-02,2.391087e+00,1.195547e+00
2.716457e-02,2.413654e+00,1.206831e+00
2.716657e-02,2.435840e+00,1.217924e+00
2.716857e-02,2.457643e+00,1.228825e+00
2.717057e-02,2.479057e+00,1.239532e+00
2.717257e-02,2.500080e+00,1.250044e+00
2.717457e-02,2.520709e+00,1.260358e+00
2.717657e-02,2.540941e+00,1.270474e+00
2.717857e-02,2.560771e+00,1.280389e+00
2.718057e-02,2.580197e+00,1.290103e+00
2.718257e-02,2.599217e+00,1.299612e+00
2.718457e-02,2.617826e+00,1.308917e+00
2.718657e-02,2.636023e+00,1.318015e+00
2.718857e-02,2.653803e+00,1.326906e+00
2.719057e-02,2.671165e+00,1.335587e+00
2.719257e-02,2.688106e+00,1.344057e+00
2.719457e-02,2.704623e+00,1.352315e+00
2.719657e-02,2.720712e+00,1.360360e+00
2.719857e-02,2.736373e+00,1.368191e+00
2.720057e-02,2.751602e+00,1.375805e+00
2.720257e-02,2.766397e+00,1.383203e+00
2.720457e-02,2.780756e+00,1.390382e+00
2.720657e-02,2.794676e+00,1.397342e+00
2.720857e-02,2.808155e+00,1.404082e+00
2.721057e-02,2.821191e+00,1.410600e+00
2.721257e-02,2.833782e+00,1.416895e+00
2.721457e-02,2.845926e+00,1.422967e+00
2.721657e-02,2.857621e+00,1.428815e+00
2.721857e-02,2.868865e+00,1.434437e+00
2.722057e-02,2.879656e+00,1.439833e+00
2.722257e-02,2.889994e+00,1.445001e+00
2.722457e-02,2.899875e+00,1.449942e+00
2.722657e-02,2.909299e+00,1.454654e+00
2.722857e-02,2.918264e+00,1.459137e+00
2.723057e-02,2.926769e+00,1.463389e+00
2.723257e-02,2.934812e+00,1.467410e+00
2.723457e-02,2.942392e+00,1.471200e+00
2.723657e-02,2.949508e+00,1.474758e+00
2.723857e-02,2.956158e+00,1.478084e+00
2.724057e-02,2.962343e+00,1.481176e+00
2.724257e-02,2.968060e+00,1.484034e+00
2.724457e-02,2.973308e+00,1.486659e+00
2.724657e-02,2.978088e+00,1.489048e+00
2.724857e-02,2.982398e+00,1.491203e+00
2.725057e-02,2.986237e+00,1.493123e+00
2.725257e-02,2.989606e+00,1.494807e+00
2.725457e-02,2.992502e+00,1.496256e+00
2.725657e-02,2.994927e+00,1.497468e+00
2.725857e-02,2.996879e+00,1.498444e+00
2.726057e-02,2.998358e+00,1.499184e+00
2.726257e-02,2.999365e+00,1.499687e+00
2.726457e-02,2.999898e+00,1.499954e+00
2.726657e-02,2.999958e+00,1.499984e+00
2.726857e-02,2.999545e+00,1.499777e+00
2.727057e-02,2.998658e+00,1.499334e+00
2.727257e-02,2.997299e+00,1.498654e+00
2.727457e-02,2.995467e+00,1.497738e+00
2.727657e-02,2.993162e+00,1.496585e+00
2.727857e-02,2.990385e+00,1.495197e+00
2.728057e-02,2.987136e+00,1.493572e+00
2.728257e-02,2.983416e+00,1.491713e+00
2.728457e-02,2.979225e+00,1.489617e+00
2.728657e-02,2.974565e+00,1.487287e+00
2.728857e-02,2.969435e+00,1.484722e+00
2.729057e-02,2.963837e+00,1.481923e+00
2.729257e-02,2.957771e+00,1.478890e+00
2.729457e-02,2.951239e+00,1.475624e+00
2.729657e-02,2.944241e+00,1.472125e+00
2.729857e-02,2.936778e+00,1.468393e+00
2.730057e-02,2.928852e+00,1.464431e+00
2.730257e-02,2.920465e+00,1.460237e+00
2.730457e-02,2.911616e+00,1.455812e+00
2.730657e-02,2.902308e+00,1.451159e+00
2.730857e-02,2.892543e+00,1.446276e+00
2.731057e-02,2.882321e+00,1.441165e+00
2.731257e-02,2.871644e+00,1.435827e+00
2.731457e-02,2.860515e+00,1.430262e+00
2.731657e-02,2.848934e+00,1.424471e+00
2.731857e-02,2.836904e+00,1.418456e+00
2.732057e-02,2.824426e+00,1.412217e+00
2.732257e-02,2.811502e+00,1.405755e+00
2.732457e-02,2.798136e+00,1.399072e+00
2.732657e-02,2.784327e+00,1.392168e+00
2.732857e-02,2.770080e+00,1.385044e+00
2.733057e-02,2.755395e+00,1.377702e+00
2.733257e-02,2.740276e+00,1.370142e+00
2.733457e-02,2.724725e+00,1.362366e+00
2.733657e-02,2.708743e+00,1.354376e+00
2.733857e-02,2.692335e+00,1.346171e+00
2.734057e-02,2.675501e+00,1.337755e+00
2.734257e-02,2.658246e+00,1.329127e+00
2.734457e-02,2.640571e+00,1.320290e+00
2.734657e-02,2.622480e+00,1.311244e+00
2.734857e-02,2.603975e+00,1.301991e+00
2.735057e-02,2.585059e+00,1.292534e+00
2.735257e-02,2.565736e+00,1.282872e+00
2.735457e-02,2.546008e+00,1.273008e+00
2.735657e-02,2.525878e+00,1.262943e+00
2.735857e-02,2.505349e+00,1.252678e+00
2.736057e-02,2.484426e+00,1.242217e+00
2.736257e-02,2.463110e+00,1.231559e+00
2.736457e-02,2.441406e+00,1.220707e+00
2.736657e-02,2.419317e+00,1.209662e+00
2.736857e-02,2.396846e+00,1.198426e+00
2.737057e-02,2.373997e+00,1.187002e+00
2.737257e-02,2.350773e+00,1.175390e+00
2.737457e-02,2.327179e+00,1.163593e+00
2.737657e-02,2.303218e+00,1.151612e+00
2.737857e-02,2.278893e+00,1.139450e+00
2.738057e-02,2.254208e+00,1.127108e+00
2.738257e-02,2.229169e+00,1.114588e+00
2.738457e-02,2.203777e+00,1.101892e+00
2.738657e-02,2.178038e+00,1.089022e+00
2.738857e-02,2.151955e+00,1.075981e+00
2.739057e-02,2.125533e+00,1.062770e+00
2.739257e-02,2.098775e+00,1.049391e+00
2.739457e-02,2.071687e+00,1.035846e+00
2.739657e-02,2.044271e+00,1.022139e+00
2.739857e-02,2.016533e+00,1.008270e+00
2.740057e-02,1.988477e+00,9.942415e-01
2.740257e-02,1.960107e+00,9.800566e-01
2.740457e-02,1.931428e+00,9.657171e-01
2.740657e-02,1.902445e+00,9.512252e-01
2.740857e-02,1.873161e+00,9.365833e-01
2.741057e-02,1.843582e+00,9.217936e-01
2.741257e-02,1.813712e+00,9.068586e-01
2.741457e-02,1.783555e+00,8.917804e-01
2.741657e-02,1.753118e+00,8.765616e-01
2.741857e-02,1.722404e+00,8.612045e-01
2.742057e-02,1.691418e+00,8.457115e-01
2.742257e-02,1.660165e+00,8.300852e-01
2.742457e-02,1.628651e+00,8.143279e-01
2.742657e-02,1.596879e+00,7.984421e-01
2.742857e-02,1.564856e+00,7.824303e-01
2.743057e-02,1.532586e+00,7.662952e-01
2.743257e-02,1.500074e+00,7.500391e-01
2.743457e-02,1.467325e+00,7.336648e-01
2.743657e-02,1.434345e+00,7.171747e-01
2.743857e-02,1.401139e+00,7.005714e-01
2.744057e-02,1.367711e+00,6.838577e-01
2.744257e-02,1.334068e+00,6.670360e-01
2.744457e-02,1.300214e+00,6.501092e-01
2.744657e-02,1.266156e+00,6.330798e-01
2.744857e-02,1.231897e+00,6.159505e-01
2.745057e-02,1.197444e+00,5.987240e-01
2.745257e-02,1.162803e+00,5.814031e-01
2.745457e-02,1.127978e+00,5.639905e-01
2.745657e-02,1.092975e+00,5.464889e-01
2.745857e-02,1.057799e+00,5.289011e-01
2.746057e-02,1.022457e+00,5.112299e-01
2.746257e-02,9.869531e-01,4.934780e-01
2.746457e-02,9.512937e-01,4.756483e-01
2.746657e-02,9.154843e-01,4.577435e-01
2.746857e-02,8.795305e-01,4.397666e-01
2.747057e-02,8.434379e-01,4.217202e-01
2.747257e-02,8.072123e-01,4.036073e-01
2.747457e-02,7.708593e-01,3.854308e-01
2.747657e-02,7.343847e-01,3.671935e-01
2.747857e-02,6.977943e-01,3.488982e-01
2.748057e-02,6.610938e-01,3.305479e-01
2.748257e-02,6.242890e-01,3.121454e-01
2.748457e-02,5.873857e-01,2.936937e-01
2.748657e-02,5.503897e-01,2.751957e-01
2.748857e-02,5.133070e-01,2.566543e-01
2.749057e-02,4.761432e-01,2.380723e-01
2.749257e-02,4.389044e-01,2.194529e-01
2.749457e-02,4.015963e-01,2.007988e-01
2.749657e-02,3.642249e-01,1.821130e-01
2.749857e-02,3.267960e-01,1.633985e-01
2.750057e-02,2.893155e-01,1.446582e-01
2.750257e-02,2.517894e-01,1.258951e-01
2.750457e-02,2.142236e-01,1.071121e-01
2.750657e-02,1.766240e-01,8.831226e-02
2.750857e-02,1.389965e-01,6.949847e-02
2.751057e-02,1.013471e-01,5.067372e-02
2.751257e-02,6.368175e-02,3.184097e-02
2.751457e-02,2.600632e-02,1.300320e-02
2.751657e-02,-1.167321e-02,-5.836624e-03
2.751857e-02,-4.935090e-02,-2.467553e-02
2.752057e-02,-8.702081e-02,-4.351053e-02
2.752257e-02,-1.246770e-01,-6.233868e-02
2.752457e-02,-1.623135e-01,-8.115699e-02
2.752657e-02,-1.999244e-01,-9.996250e-02
2.752857e-02,-2.375038e-01,-1.187522e-01
2.753057e-02,-2.750457e-01,-1.375232e-01
2.753257e-02,-3.125442e-01,-1.562726e-01
2.753457e-02,-3.499934e-01,-1.749972e-01
2.753657e-02,-3.873874e-01,-1.936943e-01
2.753857e-02,-4.247203e-01,-2.123608e-01
2.754057e-02,-4.619861e-01,-2.309938e-01
2.754257e-02,-4.991791e-01,-2.495903e-01
2.754457e-02,-5.362934e-01,-2.681475e-01
2.754657e-02,-5.733231e-01,-2.866624e-01
2.754857e-02,-6.102623e-01,-3.051321e-01
2.755057e-02,-6.471052e-01,-3.235536e-01
2.755257e-02,-6.838461e-01,-3.419241e-01
2.755457e-02,-7.204791e-01,-3.602406e-01
2.755657e-02,-7.569984e-01,-3.785003e-01
2.755857e-02,-7.933983e-01,-3.967003e-01
2.756057e-02,-8.296731e-01,-4.148378e-01
2.756257e-02,-8.658169e-01,-4.329098e-01
2.756457e-02,-9.018242e-01,-4.509135e-01
2.756657e-02,-9.376892e-01,-4.688460e-01
2.756857e-02,-9.734063e-01,-4.867046e-01
2.757057e-02,-1.008970e+00,-5.044864e-01
2.757257e-02,-1.044374e+00,-5.221887e-01
2.757457e-02,-1.079614e+00,-5.398086e-01
2.757657e-02,-1.114683e+00,-5.573433e-01
2.757857e-02,-1.149577e+00,-5.747900e-01
2.758057e-02,-1.184289e+00,-5.921462e-01
2.758257e-02,-1.218814e+00,-6.094089e-01
2.758457e-02,-1.253147e+00,-6.265754e-01
2.758657e-02,-1.287282e+00,-6.436432e-01
2.758857e-02,-1.321215e+00,-6.606093e-01
2.759057e-02,-1.354939e+00,-6.774713e-01
2.759257e-02,-1.388449e+00,-6.942264e-01
2.759457e-02,-1.421740e+00,-7.108720e-01
2.759657e-02,-1.454807e+00,-7.274055e-01
2.759857e-02,-1.487644e+00,-7.438241e-01
2.760057e-02,-1.520246e+00,-7.601255e-01
2.760257e-02,-1.552609e+00,-7.763070e-01
2.760457e-02,-1.584727e+00,-7.923659e-01
2.760657e-02,-1.616595e+00,-8.082999e-01
2.760857e-02,-1.648208e+00,-8.241064e-01
2.761057e-02,-1.679561e+00,-8.397829e-01
2.761257e-02,-1.710649e+00,-8.553269e-01
2.761457e-02,-1.741467e+00,-8.707359e-01
2.761657e-02,-1.772010e+00,-8.860076e-01
2.761857e-02,-1.802274e+00,-9.011396e-01
2.762057e-02,-1.832253e+00,-9.161294e-01
2.762257e-02,-1.861944e+00,-9.309746e-01
2.762457e-02,-1.891340e+00,-9.456730e-01
2.762657e-02,-1.920439e+00,-9.602222e-01
2.762857e-02,-1.949234e+00,-9.746200e-01
2.763057e-02,-1.977722e+00,-9.888640e-01
2.763257e-02,-2.005898e+00,-1.002952e+00
2.763457e-02,-2.033757e+00,-1.016882e+00
2.763657e-02,-2.061296e+00,-1.030651e+00
2.763857e-02,-2.088509e+00,-1.044258e+00
2.764057e-02,-2.115393e+00,-1.057700e+00
2.764257e-02,-2.141944e+00,-1.070975e+00
2.764457e-02,-2.168156e+00,-1.084081e+00
2.764657e-02,-2.194027e+00,-1.097017e+00
2.764857e-02,-2.219551e+00,-1.109779e+00
2.765057e-02,-2.244725e+00,-1.122366e+00
2.765257e-02,-2.269545e+00,-1.134776e+00
2.765457e-02,-2.294007e+00,-1.147007e+00
2.765657e-02,-2.318107e+00,-1.159057e+00
2.765857e-02,-2.341842e+00,-1.170924e+00
2.766057e-02,-2.365207e+00,-1.182607e+00
2.766257e-02,-2.388198e+00,-1.194103e+00
2.766457e-02,-2.410814e+00,-1.205410e+00
2.766657e-02,-2.433048e+00,-1.216528e+00
2.766857e-02,-2.454899e+00,-1.227453e+00
2.767057e-02,-2.476363e+00,-1.238185e+00
2.767257e-02,-2.497436e+00,-1.248722e+00
2.767457e-02,-2.518115e+00,-1.259061e+00
2.767657e-02,-2.538397e+00,-1.269202e+00
2.767857e-02,-2.558279e+00,-1.279143e+00
2.768057e-02,-2.577757e+00,-1.288882e+00
2.768257e-02,-2.596828e+00,-1.298418e+00
2.768457e-02,-2.615489e+00,-1.307749e+00
2.768657e-02,-2.633738e+00,-1.316873e+00
2.768857e-02,-2.651572e+00,-1.325790e+00
2.769057e-02,-2.668987e+00,-1.334498e+00
2.769257e-02,-2.685981e+00,-1.342995e+00
2.769457e-02,-2.702552e+00,-1.351280e+00
2.769657e-02,-2.718696e+00,-1.359352e+00
2.769857e-02,-2.734411e+00,-1.367210e+00
2.770057e-02,-2.749695e+00,-1.374852e+00
2.770257e-02,-2.764545e+00,-1.382277e+00
2.770457e-02,-2.778959e+00,-1.389484e+00
2.770657e-02,-2.792935e+00,-1.396472e+00
2.770857e-02,-2.806470e+00,-1.403239e+00
2.771057e-02,-2.819562e+00,-1.409785e+00
2.771257e-02,-2.832210e+00,-1.416109e+00
2.771457e-02,-2.844410e+00,-1.422210e+00
2.771657e-02,-2.856163e+00,-1.428086e+00
2.771857e-02,-2.867464e+00,-1.433736e+00
2.772057e-02,-2.878313e+00,-1.439161e+00
2.772257e-02,-2.888708e+00,-1.444358e+00
2.772457e-02,-2.898648e+00,-1.449328e+00
2.772657e-02,-2.908130e+00,-1.454069e+00
2.772857e-02,-2.917153e+00,-1.458581e+00
2.773057e-02,-2.925716e+00,-1.462862e+00
2.773257e-02,-2.933818e+00,-1.466913e+00
2.773457e-02,-2.941457e+00,-1.470733e+00
2.773657e-02,-2.948631e+00,-1.474320e+00
2.773857e-02,-2.955341e+00,-1.477675e+00
2.774057e-02,-2.961584e+00,-1.480797e+00
2.774257e-02,-2.967361e+00,-1.483685e+00
2.774457e-02,-2.972669e+00,-1.486339e+00
2.774657e-02,-2.977508e+00,-1.488758e+00
2.774857e-02,-2.981877e+00,-1.490943e+00
2.775057e-02,-2.985776e+00,-1.492893e+00
2.775257e-02,-2.989205e+00,-1.494607e+00
2.775457e-02,-2.992161e+00,-1.496085e+00
2.775657e-02,-2.994646e+00,-1.497327e+00
2.775857e-02,-2.996658e+00,-1.498333e+00
2.776057e-02,-2.998197e+00,-1.499103e+00
2.776257e-02,-2.999263e+00,-1.499636e+00
2.776457e-02,-2.999857e+00,-1.499933e+00
2.776657e-02,-2.999977e+00,-1.499993e+00
2.776857e-02,-2.999623e+00,-1.499816e+00
2.777057e-02,-2.998797e+00,-1.499403e+00
2.777257e-02,-2.997497e+00,-1.498753e+00
2.777457e-02,-2.995725e+00,-1.497867e+00
2.777657e-02,-2.993480e+00,-1.496745e+00
2.777857e-02,-2.990763e+00,-1.495386e+00
2.778057e-02,-2.987574e+00,-1.493792e+00
2.778257e-02,-2.983914e+00,-1.491961e+00
2.778457e-02,-2.979783e+00,-1.489896e+00
2.778657e-02,-2.975182e+00,-1.487595e+00
2.778857e-02,-2.970111e+00,-1.485060e+00
2.779057e-02,-2.964573e+00,-1.482291e+00
2.779257e-02,-2.958566e+00,-1.479287e+00
2.779457e-02,-2.952093e+00,-1.476051e+00
2.779657e-02,-2.945154e+00,-1.472581e+00
2.779857e-02,-2.937750e+00,-1.468879e+00
2.780057e-02,-2.929883e+00,-1.464946e+00
2.780257e-02,-2.921554e+00,-1.460781e+00
2.780457e-02,-2.912764e+00,-1.456386e+00
2.780657e-02,-2.903514e+00,-1.451761e+00
2.780857e-02,-2.893806e+00,-1.446908e+00
2.781057e-02,-2.883642e+00,-1.441826e+00
2.781257e-02,-2.873023e+00,-1.436516e+00
2.781457e-02,-2.861951e+00,-1.430980e+00
2.781657e-02,-2.850427e+00,-1.425218e+00
2.781857e-02,-2.838454e+00,-1.419231e+00
2.782057e-02,-2.826033e+00,-1.413021e+00
2.782257e-02,-2.813166e+00,-1.406587e+00
2.782457e-02,-2.799855e+00,-1.399932e+00
2.782657e-02,-2.786103e+00,-1.393055e+00
2.782857e-02,-2.771911e+00,-1.385960e+00
2.783057e-02,-2.757281e+00,-1.378645e+00
2.783257e-02,-2.742217e+00,-1.371113e+00
2.783457e-02,-2.726720e+00,-1.363364e+00
2.783657e-02,-2.710794e+00,-1.355401e+00
2.783857e-02,-2.694439e+00,-1.347224e+00
2.784057e-02,-2.677659e+00,-1.338834e+00
2.784257e-02,-2.660457e+00,-1.330233e+00
2.784457e-02,-2.642836e+00,-1.321422e+00
2.784657e-02,-2.624797e+00,-1.312402e+00
2.784857e-02,-2.606344e+00,-1.303176e+00
2.785057e-02,-2.587481e+00,-1.293744e+00
2.785257e-02,-2.568209e+00,-1.284108e+00
2.785457e-02,-2.548531e+00,-1.274270e+00
2.785657e-02,-2.528452e+00,-1.264230e+00
2.785857e-02,-2.507974e+00,-1.253991e+00
2.786057e-02,-2.487101e+00,-1.243554e+00
2.786257e-02,-2.465834e+00,-1.232921e+00
2.786457e-02,-2.444179e+00,-1.222093e+00
2.786657e-02,-2.422139e+00,-1.211073e+00
2.786857e-02,-2.399716e+00,-1.199862e+00
2.787057e-02,-2.376915e+00,-1.188461e+00
2.787257e-02,-2.353739e+00,-1.176873e+00
2.787457e-02,-2.330191e+00,-1.165099e+00
2.787657e-02,-2.306276e+00,-1.153142e+00
2.787857e-02,-2.281997e+00,-1.141002e+00
2.788057e-02,-2.257358e+00,-1.128683e+00
2.788257e-02,-2.232363e+00,-1.116185e+00
2.788457e-02,-2.207016e+00,-1.103511e+00
2.788657e-02,-2.181321e+00,-1.090664e+00
2.788857e-02,-2.155281e+00,-1.077644e+00
2.789057e-02,-2.128902e+00,-1.064454e+00
2.789257e-02,-2.102187e+00,-1.051096e+00
2.789457e-02,-2.075140e+00,-1.037573e+00
2.789657e-02,-2.047765e+00,-1.023886e+00
2.789857e-02,-2.020068e+00,-1.010037e+00
2.790057e-02,-1.992052e+00,-9.960291e-01
2.790257e-02,-1.963722e+00,-9.818639e-01
2.790457e-02,-1.935082e+00,-9.675439e-01
2.790657e-02,-1.906137e+00,-9.530712e-01
2.790857e-02,-1.876891e+00,-9.384482e-01
2.791057e-02,-1.847349e+00,-9.236771e-01
2.791257e-02,-1.817515e+00,-9.087603e-01
2.791457e-02,-1.787395e+00,-8.937002e-01
2.791657e-02,-1.756993e+00,-8.784991e-01
2.791857e-02,-1.726314e+00,-8.631594e-01
2.792057e-02,-1.695362e+00,-8.476835e-01
2.792257e-02,-1.664143e+00,-8.320740e-01
2.792457e-02,-1.632661e+00,-8.163331e-01
2.792657e-02,-1.600922e+00,-8.004635e-01
2.792857e-02,-1.568930e+00,-7.844676e-01
2.793057e-02,-1.536691e+00,-7.683479e-01
2.793257e-02,-1.504210e+00,-7.521071e-01
2.793457e-02,-1.471491e+00,-7.357476e-01
2.793657e-02,-1.438540e+00,-7.192720e-01
2.793857e-02,-1.405362e+00,-7.026830e-01
2.794057e-02,-1.371962e+00,-6.859831e-01
2.794257e-02,-1.338346e+00,-6.691750e-01
2.794457e-02,-1.304519e+00,-6.522613e-01
2.794657e-02,-1.270486e+00,-6.352448e-01
2.794857e-02,-1.236252e+00,-6.181280e-01
2.795057e-02,-1.201824e+00,-6.009137e-01
2.795257e-02,-1.167206e+00,-5.836046e-01
2.795457e-02,-1.132404e+00,-5.662035e-01
2.795657e-02,-1.097423e+00,-5.487130e-01
2.795857e-02,-1.062269e+00,-5.311360e-01
2.796057e-02,-1.026947e+00,-5.134752e-01
2.796257e-02,-9.914638e-01,-4.957334e-01
2.796457e-02,-9.558239e-01,-4.779134e-01
2.796657e-02,-9.200332e-01,-4.600180e-01
2.796857e-02,-8.840973e-01,-4.420500e-01
2.797057e-02,-8.480220e-01,-4.240123e-01
2.797257e-02,-8.118130e-01,-4.059077e-01
2.797457e-02,-7.754758e-01,-3.877391e-01
2.797657e-02,-7.390163e-01,-3.695093e-01
2.797857e-02,-7.024403e-01,-3.512212e-01
2.798057e-02,-6.657534e-01,-3.328777e-01
2.798257e-02,-6.289615e-01,-3.144817e-01
2.798457e-02,-5.920704e-01,-2.960361e-01
2.798657e-02,-5.550859e-01,-2.775438e-01
2.798857e-02,-5.180138e-01,-2.590077e-01
2.799057e-02,-4.808600e-01,-2.404307e-01
2.799257e-02,-4.436304e-01,-2.218158e-01
2.799457e-02,-4.063307e-01,-2.031660e-01
2.799657e-02,-3.689670e-01,-1.844841e-01
2.799857e-02,-3.315451e-01,-1.657730e-01
2.800057e-02,-2.940708e-01,-1.470358e-01
2.800257e-02,-2.565502e-01,-1.282755e-01
2.800457e-02,-2.189891e-01,-1.094949e-01
2.800657e-02,-1.813934e-01,-9.069699e-02
2.800857e-02,-1.437692e-01,-7.188480e-02
2.801057e-02,-1.061222e-01,-5.306127e-02
2.801257e-02,-6.845853e-02,-3.422937e-02
2.801457e-02,-3.078405e-02,-1.539207e-02
2.801657e-02,6.895290e-03,3.447655e-03
2.801857e-02,4.457354e-02,2.228684e-02
2.802057e-02,8.224476e-02,4.112251e-02
2.802257e-02,1.199030e-01,5.995169e-02
2.802457e-02,1.575423e-01,7.877141e-02
2.802657e-02,1.951568e-01,9.757870e-02
2.802857e-02,2.327405e-01,1.163706e-01
2.803057e-02,2.702875e-01,1.351442e-01
2.803257e-02,3.077918e-01,1.538964e-01
2.803457e-02,3.452476e-01,1.726243e-01
2.803657e-02,3.826489e-01,1.913250e-01
2.803857e-02,4.199899e-01,2.099956e-01
2.804057e-02,4.572646e-01,2.286330e-01
2.804257e-02,4.944672e-01,2.472343e-01
2.804457e-02,5.315917e-01,2.657967e-01
2.804657e-02,5.686324e-01,2.843171e-01
2.804857e-02,6.055835e-01,3.027926e-01
2.805057e-02,6.424389e-01,3.212204e-01
2.805257e-02,6.791931e-01,3.395975e-01
2.805457e-02,7.158400e-01,3.579211e-01
2.805657e-02,7.523741e-01,3.761882e-01
2.805857e-02,7.887895e-01,3.943959e-01
2.806057e-02,8.250804e-01,4.125414e-01
2.806257e-02,8.612412e-01,4.306219e-01
2.806457e-02,8.972661e-01,4.486344e-01
2.806657e-02,9.331495e-01,4.665761e-01
2.806857e-02,9.688856e-01,4.844443e-01
2.807057e-02,1.004469e+00,5.022360e-01
2.807257e-02,1.039894e+00,5.199485e-01
2.807457e-02,1.075155e+00,5.375789e-01
2.807657e-02,1.110246e+00,5.551246e-01
2.807857e-02,1.145162e+00,5.725827e-01
2.808057e-02,1.179897e+00,5.899505e-01
2.808257e-02,1.214447e+00,6.072252e-01
2.808457e-02,1.248804e+00,6.244041e-01
2.808657e-02,1.282965e+00,6.414845e-01
2.808857e-02,1.316923e+00,6.584637e-01
2.809057e-02,1.350674e+00,6.753390e-01
2.809257e-02,1.384211e+00,6.921078e-01
2.809457e-02,1.417531e+00,7.087674e-01
2.809657e-02,1.450626e+00,7.253152e-01
2.809857e-02,1.483493e+00,7.417486e-01
2.810057e-02,1.516125e+00,7.580650e-01
2.810257e-02,1.548519e+00,7.742618e-01
2.810457e-02,1.580668e+00,7.903365e-01
2.810657e-02,1.612568e+00,8.062864e-01
2.810857e-02,1.644214e+00,8.221092e-01
2.811057e-02,1.675600e+00,8.378023e-01
2.811257e-02,1.706721e+00,8.533633e-01
2.811457e-02,1.737574e+00,8.687896e-01
2.811657e-02,1.768152e+00,8.840788e-01
2.811857e-02,1.798452e+00,8.992286e-01
2.812057e-02,1.828468e+00,9.142365e-01
2.812257e-02,1.858195e+00,9.291003e-01
2.812457e-02,1.887629e+00,9.438174e-01
2.812657e-02,1.916766e+00,9.583857e-01
2.812857e-02,1.945600e+00,9.728027e-01
2.813057e-02,1.974127e+00,9.870664e-01
2.813257e-02,2.002343e+00,1.001174e+00
2.813457e-02,2.030242e+00,1.015124e+00
2.813657e-02,2.057822e+00,1.028914e+00
2.813857e-02,2.085077e+00,1.042542e+00
2.814057e-02,2.112003e+00,1.056005e+00
2.814257e-02,2.138596e+00,1.069301e+00
2.814457e-02,2.164851e+00,1.082429e+00
2.814657e-02,2.190765e+00,1.095386e+00
2.814857e-02,2.216334e+00,1.108170e+00
2.815057e-02,2.241552e+00,1.120780e+00
2.815257e-02,2.266417e+00,1.133212e+00
2.815457e-02,2.290925e+00,1.145466e+00
2.815657e-02,2.315071e+00,1.157539e+00
2.815857e-02,2.338852e+00,1.169430e+00
2.816057e-02,2.362264e+00,1.181136e+00
2.816257e-02,2.385304e+00,1.192655e+00
2.816457e-02,2.407967e+00,1.203987e+00
2.816657e-02,2.430250e+00,1.215129e+00
2.816857e-02,2.452150e+00,1.226079e+00
2.817057e-02,2.473663e+00,1.236835e+00
2.817257e-02,2.494786e+00,1.247397e+00
2.817457e-02,2.515515e+00,1.257761e+00
2.817657e-02,2.535848e+00,1.267928e+00
2.817857e-02,2.555780e+00,1.277894e+00
2.818057e-02,2.575309e+00,1.287658e+00
2.818257e-02,2.594432e+00,1.297220e+00
2.818457e-02,2.613146e+00,1.306577e+00
2.818657e-02,2.631447e+00,1.315728e+00
2.818857e-02,2.649334e+00,1.324671e+00
2.819057e-02,2.666802e+00,1.333405e+00
2.819257e-02,2.683850e+00,1.341929e+00
2.819457e-02,2.700474e+00,1.350241e+00
2.819657e-02,2.716672e+00,1.358340e+00
2.819857e-02,2.732442e+00,1.366225e+00
2.820057e-02,2.747781e+00,1.373895e+00
2.820257e-02,2.762686e+00,1.381347e+00
2.820457e-02,2.777156e+00,1.388582e+00
2.820657e-02,2.791187e+00,1.395598e+00
2.820857e-02,2.804778e+00,1.402393e+00
2.821057e-02,2.817927e+00,1.408968e+00
2.821257e-02,2.830631e+00,1.415320e+00
2.821457e-02,2.842888e+00,1.421448e+00
2.821657e-02,2.854697e+00,1.427353e+00
2.821857e-02,2.866056e+00,1.433032e+00
2.822057e-02,2.876963e+00,1.438486e+00
2.822257e-02,2.887415e+00,1.443712e+00
2.822457e-02,2.897412e+00,1.448711e+00
2.822657e-02,2.906953e+00,1.453481e+00
2.822857e-02,2.916034e+00,1.458021e+00
2.823057e-02,2.924656e+00,1.462332e+00
2.823257e-02,2.932816e+00,1.466412e+00
2.823457e-02,2.940514e+00,1.470261e+00
2.823657e-02,2.947747e+00,1.473878e+00
2.823857e-02,2.954516e+00,1.477262e+00
2.824057e-02,2.960819e+00,1.480414e+00
2.824257e-02,2.966654e+00,1.483331e+00
2.824457e-02,2.972022e+00,1.486015e+00
2.824657e-02,2.976920e+00,1.488465e+00
2.824857e-02,2.981349e+00,1.490679e+00
2.825057e-02,2.985308e+00,1.492659e+00
2.825257e-02,2.988796e+00,1.494402e+00
2.825457e-02,2.991812e+00,1.495911e+00
2.825657e-02,2.994357e+00,1.497183e+00
2.825857e-02,2.996429e+00,1.498219e+00
2.826057e-02,2.998028e+00,1.499018e+00
2.826257e-02,2.999154e+00,1.499582e+00
2.826457e-02,2.999808e+00,1.499908e+00
2.826657e-02,2.999988e+00,1.499998e+00
2.826857e-02,2.999694e+00,1.499852e+00
2.827057e-02,2.998928e+00,1.499468e+00
2.827257e-02,2.997688e+00,1.498849e+00
2.827457e-02,2.995976e+00,1.497993e+00
2.827657e-02,2.993791e+00,1.496900e+00
2.827857e-02,2.991134e+00,1.495571e+00
2.828057e-02,2.988005e+00,1.494007e+00
2.828257e-02,2.984404e+00,1.492206e+00
2.828457e-02,2.980333e+00,1.490171e+00
2.828657e-02,2.975791e+00,1.487900e+00
2.828857e-02,2.970780e+00,1.485395e+00
2.829057e-02,2.965301e+00,1.482655e+00
2.829257e-02,2.959353e+00,1.479681e+00
2.829457e-02,2.952939e+00,1.476474e+00
2.829657e-02,2.946059e+00,1.473034e+00
2.829857e-02,2.938715e+00,1.469362e+00
2.830057e-02,2.930906e+00,1.465458e+00
2.830257e-02,2.922636e+00,1.461322e+00
2.830457e-02,2.913904e+00,1.456956e+00
2.830657e-02,2.904712e+00,1.452361e+00
2.830857e-02,2.895063e+00,1.447536e+00
2.831057e-02,2.884956e+00,1.442483e+00
2.831257e-02,2.874395e+00,1.437202e+00
2.831457e-02,2.863380e+00,1.431694e+00
2.831657e-02,2.851914e+00,1.425961e+00
2.831857e-02,2.839997e+00,1.420003e+00
2.832057e-02,2.827633e+00,1.413821e+00
2.832257e-02,2.814822e+00,1.407415e+00
2.832457e-02,2.801567e+00,1.400788e+00
2.832657e-02,2.787871e+00,1.393940e+00
2.832857e-02,2.773735e+00,1.386871e+00
2.833057e-02,2.759161e+00,1.379584e+00
2.833257e-02,2.744151e+00,1.372080e+00
2.833457e-02,2.728709e+00,1.364359e+00
2.833657e-02,2.712837e+00,1.356423e+00
2.833857e-02,2.696536e+00,1.348272e+00
2.834057e-02,2.679811e+00,1.339909e+00
2.834257e-02,2.662662e+00,1.331335e+00
2.834457e-02,2.645093e+00,1.322551e+00
2.834657e-02,2.627107e+00,1.313558e+00
2.834857e-02,2.608707e+00,1.304357e+00
2.835057e-02,2.589895e+00,1.294952e+00
2.835257e-02,2.570675e+00,1.285341e+00
2.835457e-02,2.551049e+00,1.275528e+00
2.835657e-02,2.531021e+00,1.265514e+00
2.835857e-02,2.510593e+00,1.255300e+00
2.836057e-02,2.489769e+00,1.244888e+00
2.836257e-02,2.468553e+00,1.234280e+00
2.836457e-02,2.446947e+00,1.223477e+00
2.836657e-02,2.424955e+00,1.212481e+00
2.836857e-02,2.402580e+00,1.201294e+00
2.837057e-02,2.379827e+00,1.189917e+00
2.837257e-02,2.356698e+00,1.178353e+00
2.837457e-02,2.333198e+00,1.166602e+00
2.837657e-02,2.309329e+00,1.154668e+00
2.837857e-02,2.285096e+00,1.142551e+00
2.838057e-02,2.260502e+00,1.130255e+00
2.838257e-02,2.235552e+00,1.117779e+00
2.838457e-02,2.210250e+00,1.105128e+00
2.838657e-02,2.184598e+00,1.092302e+00
2.838857e-02,2.158602e+00,1.079304e+00
2.839057e-02,2.132266e+00,1.066136e+00
2.839257e-02,2.105593e+00,1.052799e+00
2.839457e-02,2.078588e+00,1.039297e+00
2.839657e-02,2.051255e+00,1.025630e+00
2.839857e-02,2.023598e+00,1.011802e+00
2.840057e-02,1.995622e+00,9.978141e-01
2.840257e-02,1.967332e+00,9.836687e-01
2.840457e-02,1.938731e+00,9.693682e-01
2.840657e-02,1.909824e+00,9.549148e-01
2.840857e-02,1.880616e+00,9.403107e-01
2.841057e-02,1.851111e+00,9.255583e-01
2.841257e-02,1.821314e+00,9.106598e-01
2.841457e-02,1.791230e+00,8.956178e-01
2.841657e-02,1.760863e+00,8.804344e-01
2.841857e-02,1.730219e+00,8.651121e-01
2.842057e-02,1.699302e+00,8.496534e-01
2.842257e-02,1.668116e+00,8.340606e-01
2.842457e-02,1.636668e+00,8.183363e-01
2.842657e-02,1.604961e+00,8.024829e-01
2.842857e-02,1.573001e+00,7.865028e-01
2.843057e-02,1.540793e+00,7.703987e-01
2.843257e-02,1.508342e+00,7.541731e-01
2.843457e-02,1.475653e+00,7.378285e-01
2.843657e-02,1.442731e+00,7.213675e-01
2.843857e-02,1.409581e+00,7.047927e-01
2.844057e-02,1.376209e+00,6.881067e-01
2.844257e-02,1.342620e+00,6.713122e-01
2.844457e-02,1.308820e+00,6.544118e-01
2.844657e-02,1.274812e+00,6.374081e-01
2.844857e-02,1.240604e+00,6.203039e-01
2.845057e-02,1.206200e+00,6.031018e-01
2.845257e-02,1.171606e+00,5.858046e-01
2.845457e-02,1.136827e+00,5.684150e-01
2.845657e-02,1.101868e+00,5.509357e-01
2.845857e-02,1.066736e+00,5.333695e-01
2.846057e-02,1.031435e+00,5.157192e-01
2.846257e-02,9.959720e-01,4.979875e-01
2.846457e-02,9.603516e-01,4.801772e-01
2.846657e-02,9.245797e-01,4.622913e-01
2.846857e-02,8.886620e-01,4.443323e-01
2.847057e-02,8.526040e-01,4.263033e-01
2.847257e-02,8.164116e-01,4.082070e-01
2.847457e-02,7.800904e-01,3.900464e-01
2.847657e-02,7.436461e-01,3.718242e-01
2.847857e-02,7.070845e-01,3.535433e-01
2.848057e-02,6.704114e-01,3.352067e-01
2.848257e-02,6.336325e-01,3.168172e-01
2.848457e-02,5.967536e-01,2.983777e-01
2.848657e-02,5.597806e-01,2.798912e-01
2.848857e-02,5.227193e-01,2.613605e-01
2.849057e-02,4.855756e-01,2.427885e-01
2.849257e-02,4.483552e-01,2.241783e-01
2.849457e-02,4.110641e-01,2.055327e-01
2.849657e-02,3.737082e-01,1.868547e-01
2.849857e-02,3.362933e-01,1.681472e-01
2.850057e-02,2.988254e-01,1.494131e-01
2.850257e-02,2.613103e-01,1.306555e-01
2.850457e-02,2.237540e-01,1.118773e-01
2.850657e-02,1.861624e-01,9.308148e-02
2.850857e-02,1.485414e-01,7.427094e-02
2.851057e-02,1.108970e-01,5.544869e-02
2.851257e-02,7.323515e-02,3.661768e-02
2.851457e-02,3.556170e-02,1.778091e-02
2.851657e-02,-2.117349e-03,-1.058678e-03
2.851857e-02,-3.979607e-02,-1.989809e-02
2.852057e-02,-7.746851e-02,-3.873437e-02
2.852257e-02,-1.151287e-01,-5.756454e-02
2.852457e-02,-1.527708e-01,-7.638563e-02
2.852657e-02,-1.903888e-01,-9.519466e-02
2.852857e-02,-2.279767e-01,-1.139887e-01
2.853057e-02,-2.655286e-01,-1.327647e-01
2.853257e-02,-3.030387e-01,-1.515198e-01
2.853457e-02,-3.405010e-01,-1.702510e-01
2.853657e-02,-3.779095e-01,-1.889553e-01
2.853857e-02,-4.152585e-01,-2.076299e-01
2.854057e-02,-4.525419e-01,-2.262716e-01
2.854257e-02,-4.897539e-01,-2.448777e-01
2.854457e-02,-5.268887e-01,-2.634452e-01
2.854657e-02,-5.639404e-01,-2.819710e-01
2.854857e-02,-6.009031e-01,-3.004525e-01
2.855057e-02,-6.377710e-01,-3.188865e-01
2.855257e-02,-6.745383e-01,-3.372702e-01
2.855457e-02,-7.111992e-01,-3.556007e-01
2.855657e-02,-7.477479e-01,-3.738751e-01
2.855857e-02,-7.841786e-01,-3.920905e-01
2.856057e-02,-8.204857e-01,-4.102441e-01
2.856257e-02,-8.566633e-01,-4.283329e-01
2.856457e-02,-8.927057e-01,-4.463542e-01
2.856657e-02,-9.286074e-01,-4.643051e-01
2.856857e-02,-9.643625e-01,-4.821827e-01
2.857057e-02,-9.999655e-01,-4.999843e-01
2.857257e-02,-1.035411e+00,-5.177070e-01
2.857457e-02,-1.070693e+00,-5.353480e-01
2.857657e-02,-1.105806e+00,-5.529045e-01
2.857857e-02,-1.140744e+00,-5.703739e-01
2.858057e-02,-1.175503e+00,-5.877533e-01
2.858257e-02,-1.210076e+00,-6.050399e-01
2.858457e-02,-1.244458e+00,-6.222311e-01
2.858657e-02,-1.278644e+00,-6.393242e-01
2.858857e-02,-1.312629e+00,-6.563163e-01
2.859057e-02,-1.346406e+00,-6.732050e-01
2.859257e-02,-1.379971e+00,-6.899875e-01
2.859457e-02,-1.413318e+00,-7.066611e-01
2.859657e-02,-1.446442e+00,-7.232232e-01
2.859857e-02,-1.479338e+00,-7.396713e-01
2.860057e-02,-1.512001e+00,-7.560026e-01
2.860257e-02,-1.544425e+00,-7.722147e-01
2.860457e-02,-1.576605e+00,-7.883050e-01
2.860657e-02,-1.608537e+00,-8.042709e-01
2.860857e-02,-1.640215e+00,-8.201100e-01
2.861057e-02,-1.671634e+00,-8.358196e-01
2.861257e-02,-1.702790e+00,-8.513975e-01
2.861457e-02,-1.733677e+00,-8.668410e-01
2.861657e-02,-1.764290e+00,-8.821478e-01
2.861857e-02,-1.794625e+00,-8.973154e-01
2.862057e-02,-1.824677e+00,-9.123414e-01
2.862257e-02,-1.854442e+00,-9.272236e-01
2.862457e-02,-1.883913e+00,-9.419594e-01
2.862657e-02,-1.913088e+00,-9.565467e-01
2.862857e-02,-1.941960e+00,-9.709831e-01
2.863057e-02,-1.970527e+00,-9.852663e-01
2.863257e-02,-1.998782e+00,-9.993940e-01
2.863457e-02,-2.026722e+00,-1.013364e+00
2.863657e-02,-2.054343e+00,-1.027174e+00
2.863857e-02,-2.081639e+00,-1.040823e+00
2.864057e-02,-2.108607e+00,-1.054307e+00
2.864257e-02,-2.135242e+00,-1.067624e+00
2.864457e-02,-2.161541e+00,-1.080774e+00
2.864657e-02,-2.187498e+00,-1.093752e+00
2.864857e-02,-2.213111e+00,-1.106559e+00
2.865057e-02,-2.238374e+00,-1.119190e+00
2.865257e-02,-2.263284e+00,-1.131645e+00
2.865457e-02,-2.287837e+00,-1.143922e+00
2.865657e-02,-2.312030e+00,-1.156018e+00
2.865857e-02,-2.335857e+00,-1.167932e+00
2.866057e-02,-2.359316e+00,-1.179662e+00
2.866257e-02,-2.382403e+00,-1.191205e+00
2.866457e-02,-2.405114e+00,-1.202561e+00
2.866657e-02,-2.427446e+00,-1.213726e+00
2.866857e-02,-2.449394e+00,-1.224701e+00
2.867057e-02,-2.470957e+00,-1.235482e+00
2.867257e-02,-2.492129e+00,-1.246068e+00
2.867457e-02,-2.512908e+00,-1.256458e+00
2.867657e-02,-2.533291e+00,-1.266650e+00
2.867857e-02,-2.553275e+00,-1.276641e+00
2.868057e-02,-2.572855e+00,-1.286431e+00
2.868257e-02,-2.592030e+00,-1.296019e+00
2.868457e-02,-2.610796e+00,-1.305402e+00
2.868657e-02,-2.629150e+00,-1.314579e+00
2.868857e-02,-2.647089e+00,-1.323548e+00
2.869057e-02,-2.664610e+00,-1.332309e+00
2.869257e-02,-2.681711e+00,-1.340860e+00
2.869457e-02,-2.698390e+00,-1.349199e+00
2.869657e-02,-2.714642e+00,-1.357325e+00
2.869857e-02,-2.730466e+00,-1.365237e+00
2.870057e-02,-2.745860e+00,-1.372934e+00
2.870257e-02,-2.760820e+00,-1.380414e+00
2.870457e-02,-2.775345e+00,-1.387677e+00
2.870657e-02,-2.789432e+00,-1.394720e+00
2.870857e-02,-2.803079e+00,-1.401544e+00
2.871057e-02,-2.816284e+00,-1.408146e+00
2.871257e-02,-2.829044e+00,-1.414526e+00
2.871457e-02,-2.841359e+00,-1.420684e+00
2.871657e-02,-2.853225e+00,-1.426617e+00
2.871857e-02,-2.864641e+00,-1.432325e+00
2.872057e-02,-2.875605e+00,-1.437807e+00
2.872257e-02,-2.886115e+00,-1.443062e+00
2.872457e-02,-2.896170e+00,-1.448089e+00
2.872657e-02,-2.905768e+00,-1.452888e+00
2.872857e-02,-2.914908e+00,-1.457458e+00
2.873057e-02,-2.923588e+00,-1.461798e+00
2.873257e-02,-2.931807e+00,-1.465908e+00
2.873457e-02,-2.939563e+00,-1.469786e+00
2.873657e-02,-2.946856e+00,-1.473432e+00
2.873857e-02,-2.953683e+00,-1.476846e+00
2.874057e-02,-2.960045e+00,-1.480027e+00
2.874257e-02,-2.965940e+00,-1.482974e+00
2.874457e-02,-2.971367e+00,-1.485688e+00
2.874657e-02,-2.976325e+00,-1.488167e+00
2.874857e-02,-2.980814e+00,-1.490411e+00
2.875057e-02,-2.984832e+00,-1.492421e+00
2.875257e-02,-2.988380e+00,-1.494194e+00
2.875457e-02,-2.991456e+00,-1.495732e+00
2.875657e-02,-2.994060e+00,-1.497035e+00
2.875857e-02,-2.996192e+00,-1.498101e+00
2.876057e-02,-2.997851e+00,-1.498930e+00
2.876257e-02,-2.999038e+00,-1.499523e+00
2.876457e-02,-2.999751e+00,-1.499880e+00
2.876657e-02,-2.999991e+00,-1.500000e+00
2.876857e-02,-2.999758e+00,-1.499883e+00
2.877057e-02,-2.999051e+00,-1.499530e+00
2.877257e-02,-2.997872e+00,-1.498940e+00
2.877457e-02,-2.996219e+00,-1.498114e+00
2.877657e-02,-2.994094e+00,-1.497052e+00
2.877857e-02,-2.991497e+00,-1.495753e+00
2.878057e-02,-2.988427e+00,-1.494218e+00
2.878257e-02,-2.984887e+00,-1.492448e+00
2.878457e-02,-2.980875e+00,-1.490442e+00
2.878657e-02,-2.976393e+00,-1.488201e+00
2.878857e-02,-2.971442e+00,-1.485725e+00
2.879057e-02,-2.966022e+00,-1.483015e+00
2.879257e-02,-2.960133e+00,-1.480071e+00
2.879457e-02,-2.953778e+00,-1.476894e+00
2.879657e-02,-2.946957e+00,-1.473483e+00
2.879857e-02,-2.939672e+00,-1.469840e+00
2.880057e-02,-2.931922e+00,-1.465965e+00
2.880257e-02,-2.923710e+00,-1.461859e+00
2.880457e-02,-2.915037e+00,-1.457523e+00
2.880657e-02,-2.905903e+00,-1.452956e+00
2.880857e-02,-2.896312e+00,-1.448160e+00
2.881057e-02,-2.886263e+00,-1.443136e+00
2.881257e-02,-2.875759e+00,-1.437884e+00
2.881457e-02,-2.864802e+00,-1.432405e+00
2.881657e-02,-2.853392e+00,-1.426701e+00
2.881857e-02,-2.841533e+00,-1.420771e+00
2.882057e-02,-2.829225e+00,-1.414617e+00
2.882257e-02,-2.816471e+00,-1.408240e+00
2.882457e-02,-2.803273e+00,-1.401641e+00
2.882657e-02,-2.789632e+00,-1.394820e+00
2.882857e-02,-2.775551e+00,-1.387780e+00
2.883057e-02,-2.761033e+00,-1.380521e+00
2.883257e-02,-2.746079e+00,-1.373043e+00
2.883457e-02,-2.730691e+00,-1.365350e+00
2.883657e-02,-2.714873e+00,-1.357441e+00
2.883857e-02,-2.698627e+00,-1.349318e+00
2.884057e-02,-2.681955e+00,-1.340981e+00
2.884257e-02,-2.664860e+00,-1.332434e+00
2.884457e-02,-2.647344e+00,-1.323676e+00
2.884657e-02,-2.629411e+00,-1.314710e+00
2.884857e-02,-2.611063e+00,-1.305536e+00
2.885057e-02,-2.592303e+00,-1.296156e+00
2.885257e-02,-2.573135e+00,-1.286571e+00
2.885457e-02,-2.553560e+00,-1.276784e+00
2.885657e-02,-2.533582e+00,-1.266795e+00
2.885857e-02,-2.513205e+00,-1.256606e+00
2.886057e-02,-2.492432e+00,-1.246219e+00
2.886257e-02,-2.471265e+00,-1.235636e+00
2.886457e-02,-2.449708e+00,-1.224858e+00
2.886657e-02,-2.427765e+00,-1.213886e+00
2.886857e-02,-2.405439e+00,-1.202723e+00
2.887057e-02,-2.382733e+00,-1.191370e+00
2.887257e-02,-2.359652e+00,-1.179829e+00
2.887457e-02,-2.336198e+00,-1.168102e+00
2.887657e-02,-2.312376e+00,-1.156191e+00
2.887857e-02,-2.288189e+00,-1.144098e+00
2.888057e-02,-2.263641e+00,-1.131824e+00
2.888257e-02,-2.238736e+00,-1.119371e+00
2.888457e-02,-2.213477e+00,-1.106742e+00
2.888657e-02,-2.187870e+00,-1.093938e+00
2.888857e-02,-2.161917e+00,-1.080962e+00
2.889057e-02,-2.135624e+00,-1.067815e+00
2.889257e-02,-2.108993e+00,-1.054500e+00
2.889457e-02,-2.082030e+00,-1.041018e+00
2.889657e-02,-2.054738e+00,-1.027372e+00
2.889857e-02,-2.027123e+00,-1.013564e+00
2.890057e-02,-1.999187e+00,-9.995966e-01
2.890257e-02,-1.970936e+00,-9.854710e-01
2.890457e-02,-1.942374e+00,-9.711901e-01
2.890657e-02,-1.913506e+00,-9.567559e-01
2.890857e-02,-1.884336e+00,-9.421708e-01
2.891057e-02,-1.854869e+00,-9.274371e-01
2.891257e-02,-1.825109e+00,-9.125570e-01
2.891457e-02,-1.795061e+00,-8.975330e-01
2.891657e-02,-1.764730e+00,-8.823674e-01
2.891857e-02,-1.734120e+00,-8.670626e-01
2.892057e-02,-1.703237e+00,-8.516211e-01
2.892257e-02,-1.672085e+00,-8.360452e-01
2.892457e-02,-1.640670e+00,-8.203374e-01
2.892657e-02,-1.608996e+00,-8.045002e-01
2.892857e-02,-1.577067e+00,-7.885361e-01
2.893057e-02,-1.544890e+00,-7.724476e-01
2.893257e-02,-1.512470e+00,-7.562372e-01
2.893457e-02,-1.479811e+00,-7.399075e-01
2.893657e-02,-1.446918e+00,-7.234612e-01
2.893857e-02,-1.413797e+00,-7.069007e-01
2.894057e-02,-1.380453e+00,-6.902286e-01
2.894257e-02,-1.346891e+00,-6.734477e-01
2.894457e-02,-1.313117e+00,-6.565606e-01
2.894657e-02,-1.279136e+00,-6.395699e-01
2.894857e-02,-1.244953e+00,-6.224783e-01
2.895057e-02,-1.210573e+00,-6.052884e-01
2.895257e-02,-1.176003e+00,-5.880032e-01
2.895457e-02,-1.141247e+00,-5.706251e-01
2.895657e-02,-1.106311e+00,-5.531570e-01
2.895857e-02,-1.071200e+00,-5.356017e-01
2.896057e-02,-1.035921e+00,-5.179619e-01
2.896257e-02,-1.000478e+00,-5.002404e-01
2.896457e-02,-9.648769e-01,-4.824399e-01
2.896657e-02,-9.291239e-01,-4.645634e-01
2.896857e-02,-8.932244e-01,-4.466135e-01
2.897057e-02,-8.571839e-01,-4.285932e-01
2.897257e-02,-8.210082e-01,-4.105053e-01
2.897457e-02,-7.847030e-01,-3.923527e-01
2.897657e-02,-7.482740e-01,-3.741381e-01
2.897857e-02,-7.117270e-01,-3.558645e-01
2.898057e-02,-6.750676e-01,-3.375348e-01
2.898257e-02,-6.383018e-01,-3.191519e-01
2.898457e-02,-6.014353e-01,-3.007186e-01
2.898657e-02,-5.644740e-01,-2.822378e-01
2.898857e-02,-5.274235e-01,-2.637126e-01
2.899057e-02,-4.902899e-01,-2.451457e-01
2.899257e-02,-4.530789e-01,-2.265401e-01
2.899457e-02,-4.157965e-01,-2.078989e-01
2.899657e-02,-3.784485e-01,-1.892248e-01
2.899857e-02,-3.410407e-01,-1.705209e-01
2.900057e-02,-3.035792e-01,-1.517900e-01
2.900257e-02,-2.660697e-01,-1.330353e-01
2.900457e-02,-2.285183e-01,-1.142595e-01
2.900657e-02,-1.909309e-01,-9.546574e-02
2.900857e-02,-1.533133e-01,-7.665690e-02
2.901057e-02,-1.156716e-01,-5.783596e-02
2.901257e-02,-7.801158e-02,-3.900591e-02
2.901457e-02,-4.033927e-02,-2.016969e-02
2.901657e-02,-2.660596e-03,-1.330302e-03
2.901857e-02,3.501849e-02,1.750930e-02
2.902057e-02,7.269206e-02,3.634614e-02
2.902257e-02,1.103542e-01,5.517725e-02
2.902457e-02,1.479989e-01,7.399965e-02
2.902657e-02,1.856202e-01,9.281038e-02
2.902857e-02,2.232123e-01,1.116065e-01
2.903057e-02,2.607691e-01,1.303849e-01
2.903257e-02,2.982848e-01,1.491429e-01
2.903457e-02,3.357535e-01,1.678772e-01
2.903657e-02,3.731692e-01,1.865851e-01
2.903857e-02,4.105260e-01,2.052636e-01
2.904057e-02,4.478181e-01,2.239097e-01
2.904257e-02,4.850395e-01,2.425205e-01
2.904457e-02,5.221844e-01,2.610930e-01
2.904657e-02,5.592469e-01,2.796243e-01
2.904857e-02,5.962212e-01,2.981115e-01
2.905057e-02,6.331015e-01,3.165517e-01
2.905257e-02,6.698819e-01,3.349419e-01
2.905457e-02,7.065566e-01,3.532793e-01
2.905657e-02,7.431198e-01,3.715610e-01
2.905857e-02,7.795658e-01,3.897841e-01
2.906057e-02,8.158889e-01,4.079457e-01
2.906257e-02,8.520832e-01,4.260429e-01
2.906457e-02,8.881431e-01,4.440729e-01
2.906657e-02,9.240629e-01,4.620328e-01
2.906857e-02,9.598369e-01,4.799199e-01
2.907057e-02,9.954596e-01,4.977313e-01
2.907257e-02,1.030925e+00,5.154641e-01
2.907457e-02,1.066228e+00,5.331156e-01
2.907657e-02,1.101363e+00,5.506831e-01
2.907857e-02,1.136324e+00,5.681636e-01
2.908057e-02,1.171106e+00,5.855546e-01
2.908257e-02,1.205703e+00,6.028531e-01
2.908457e-02,1.240109e+00,6.200566e-01
2.908657e-02,1.274321e+00,6.371622e-01
2.908857e-02,1.308331e+00,6.541674e-01
2.909057e-02,1.342135e+00,6.710693e-01
2.909257e-02,1.375727e+00,6.878654e-01
2.909457e-02,1.409102e+00,7.045529e-01
2.909657e-02,1.442254e+00,7.211293e-01
2.909857e-02,1.475180e+00,7.375920e-01
2.910057e-02,1.507872e+00,7.539383e-01
2.910257e-02,1.540327e+00,7.701656e-01
2.910457e-02,1.572538e+00,7.862715e-01
2.910657e-02,1.604502e+00,8.022534e-01
2.910857e-02,1.636212e+00,8.181086e-01
2.911057e-02,1.667665e+00,8.338348e-01
2.911257e-02,1.698854e+00,8.494295e-01
2.911457e-02,1.729775e+00,8.648902e-01
2.911657e-02,1.760424e+00,8.802145e-01
2.911857e-02,1.790794e+00,8.953998e-01
2.912057e-02,1.820882e+00,9.104440e-01
2.912257e-02,1.850683e+00,9.253445e-01
2.912457e-02,1.880192e+00,9.400990e-01
2.912657e-02,1.909405e+00,9.547053e-01
2.912857e-02,1.938316e+00,9.691609e-01
2.913057e-02,1.966921e+00,9.834637e-01
2.913257e-02,1.995217e+00,9.976113e-01
2.913457e-02,2.023197e+00,1.011601e+00
2.913657e-02,2.050858e+00,1.025432e+00
2.913857e-02,2.078196e+00,1.039101e+00
2.914057e-02,2.105206e+00,1.052606e+00
2.914257e-02,2.131883e+00,1.065945e+00
2.914457e-02,2.158225e+00,1.079116e+00
2.914657e-02,2.184226e+00,1.092116e+00
2.914857e-02,2.209882e+00,1.104944e+00
2.915057e-02,2.235190e+00,1.117598e+00
2.915257e-02,2.260145e+00,1.130076e+00
2.915457e-02,2.284744e+00,1.142375e+00
2.915657e-02,2.308982e+00,1.154494e+00
2.915857e-02,2.332856e+00,1.166432e+00
2.916057e-02,2.356362e+00,1.178185e+00
2.916257e-02,2.379496e+00,1.189752e+00
2.916457e-02,2.402255e+00,1.201131e+00
2.916657e-02,2.424635e+00,1.212321e+00
2.916857e-02,2.446632e+00,1.223320e+00
2.917057e-02,2.468244e+00,1.234126e+00
2.917257e-02,2.489466e+00,1.244737e+00
2.917457e-02,2.510295e+00,1.255151e+00
2.917657e-02,2.530729e+00,1.265368e+00
2.917857e-02,2.550763e+00,1.275385e+00
2.918057e-02,2.570395e+00,1.285201e+00
2.918257e-02,2.589621e+00,1.294814e+00
2.918457e-02,2.608439e+00,1.304223e+00
2.918657e-02,2.626845e+00,1.313426e+00
2.918857e-02,2.644837e+00,1.322422e+00
2.919057e-02,2.662412e+00,1.331210e+00
2.919257e-02,2.679566e+00,1.339787e+00
2.919457e-02,2.696298e+00,1.348153e+00
2.919657e-02,2.712605e+00,1.356307e+00
2.919857e-02,2.728484e+00,1.364246e+00
2.920057e-02,2.743932e+00,1.371970e+00
2.920257e-02,2.758947e+00,1.379478e+00
2.920457e-02,2.773528e+00,1.386768e+00
2.920657e-02,2.787670e+00,1.393839e+00
2.920857e-02,2.801373e+00,1.400691e+00
2.921057e-02,2.814634e+00,1.407321e+00
2.921257e-02,2.827451e+00,1.413730e+00
2.921457e-02,2.839822e+00,1.419915e+00
2.921657e-02,2.851745e+00,1.425877e+00
2.921857e-02,2.863218e+00,1.431613e+00
2.922057e-02,2.874239e+00,1.437124e+00
2.922257e-02,2.884807e+00,1.442408e+00
2.922457e-02,2.894920e+00,1.447464e+00
2.922657e-02,2.904577e+00,1.452293e+00
2.922857e-02,2.913775e+00,1.456892e+00
2.923057e-02,2.922513e+00,1.461261e+00
2.923257e-02,2.930790e+00,1.465400e+00
2.923457e-02,2.938605e+00,1.469307e+00
2.923657e-02,2.945957e+00,1.472983e+00
2.923857e-02,2.952843e+00,1.476426e+00
2.924057e-02,2.959264e+00,1.479637e+00
2.924257e-02,2.965218e+00,1.482614e+00
2.924457e-02,2.970705e+00,1.485357e+00
2.924657e-02,2.975722e+00,1.487866e+00
2.924857e-02,2.980271e+00,1.490140e+00
2.925057e-02,2.984349e+00,1.492179e+00
2.925257e-02,2.987956e+00,1.493982e+00
2.925457e-02,2.991092e+00,1.495550e+00
2.925657e-02,2.993756e+00,1.496883e+00
2.925857e-02,2.995948e+00,1.497978e+00
2.926057e-02,2.997667e+00,1.498838e+00
2.926257e-02,2.998913e+00,1.499461e+00
2.926457e-02,2.999687e+00,1.499848e+00
2.926657e-02,2.999987e+00,1.499998e+00
2.926857e-02,2.999814e+00,1.499911e+00
2.927057e-02,2.999167e+00,1.499588e+00
2.927257e-02,2.998048e+00,1.499028e+00
2.927457e-02,2.996455e+00,1.498232e+00
2.927657e-02,2.994390e+00,1.497199e+00
2.927857e-02,2.991852e+00,1.495931e+00
2.928057e-02,2.988843e+00,1.494426e+00
2.928257e-02,2.985362e+00,1.492685e+00
2.928457e-02,2.981410e+00,1.490709e+00
2.928657e-02,2.976987e+00,1.488498e+00
2.928857e-02,2.972096e+00,1.486052e+00
2.929057e-02,2.966735e+00,1.483372e+00
2.929257e-02,2.960906e+00,1.480457e+00
2.929457e-02,2.954610e+00,1.477309e+00
2.929657e-02,2.947848e+00,1.473929e+00
2.929857e-02,2.940621e+00,1.470315e+00
2.930057e-02,2.932930e+00,1.466470e+00
2.930257e-02,2.924777e+00,1.462393e+00
2.930457e-02,2.916162e+00,1.458085e+00
2.930657e-02,2.907087e+00,1.453548e+00
2.930857e-02,2.897553e+00,1.448781e+00
2.931057e-02,2.887563e+00,1.443786e+00
2.931257e-02,2.877116e+00,1.438563e+00
2.931457e-02,2.866216e+00,1.433112e+00
2.931657e-02,2.854864e+00,1.427436e+00
2.931857e-02,2.843062e+00,1.421535e+00
2.932057e-02,2.830811e+00,1.415410e+00
2.932257e-02,2.818113e+00,1.409061e+00
2.932457e-02,2.804971e+00,1.402490e+00
2.932657e-02,2.791386e+00,1.395697e+00
2.932857e-02,2.777361e+00,1.388685e+00
2.933057e-02,2.762898e+00,1.381453e+00
2.933257e-02,2.747999e+00,1.374004e+00
2.933457e-02,2.732666e+00,1.366337e+00
2.933657e-02,2.716903e+00,1.358456e+00
2.933857e-02,2.700711e+00,1.350359e+00
2.934057e-02,2.684092e+00,1.342050e+00
2.934257e-02,2.667051e+00,1.333529e+00
2.934457e-02,2.649588e+00,1.324798e+00
2.934657e-02,2.631708e+00,1.315858e+00
2.934857e-02,2.613413e+00,1.306710e+00
2.935057e-02,2.594705e+00,1.297356e+00
2.935257e-02,2.575588e+00,1.287798e+00
2.935457e-02,2.556064e+00,1.278036e+00
2.935657e-02,2.536138e+00,1.268073e+00
2.935857e-02,2.515811e+00,1.257909e+00
2.936057e-02,2.495088e+00,1.247548e+00
2.936257e-02,2.473970e+00,1.236989e+00
2.936457e-02,2.452463e+00,1.226235e+00
2.936657e-02,2.430569e+00,1.215288e+00
2.936857e-02,2.408291e+00,1.204149e+00
2.937057e-02,2.385633e+00,1.192820e+00
2.937257e-02,2.362599e+00,1.181303e+00
2.937457e-02,2.339192e+00,1.169600e+00
2.937657e-02,2.315417e+00,1.157712e+00
2.937857e-02,2.291276e+00,1.145641e+00
2.938057e-02,2.266773e+00,1.133390e+00
2.938257e-02,2.241913e+00,1.120960e+00
2.938457e-02,2.216700e+00,1.108353e+00
2.938657e-02,2.191136e+00,1.095571e+00
2.938857e-02,2.165227e+00,1.082617e+00
2.939057e-02,2.138977e+00,1.069492e+00
2.939257e-02,2.112389e+00,1.056198e+00
2.939457e-02,2.085467e+00,1.042737e+00
2.939657e-02,2.058217e+00,1.029112e+00
2.939857e-02,2.030642e+00,1.015324e+00
2.940057e-02,2.002747e+00,1.001377e+00
2.940257e-02,1.974536e+00,9.872709e-01
2.940457e-02,1.946013e+00,9.730095e-01
2.940657e-02,1.917183e+00,9.585946e-01
2.940857e-02,1.888051e+00,9.440285e-01
2.941057e-02,1.858621e+00,9.293135e-01
2.941257e-02,1.828898e+00,9.144519e-01
2.941457e-02,1.798887e+00,8.994460e-01
2.941657e-02,1.768591e+00,8.842982e-01
2.941857e-02,1.738017e+00,8.690110e-01
2.942057e-02,1.707168e+00,8.535866e-01
2.942257e-02,1.676050e+00,8.380276e-01
2.942457e-02,1.644668e+00,8.223364e-01
2.942657e-02,1.613026e+00,8.065155e-01
2.942857e-02,1.581130e+00,7.905673e-01
2.943057e-02,1.548984e+00,7.744944e-01
2.943257e-02,1.516594e+00,7.582994e-01
2.943457e-02,1.483965e+00,7.419847e-01
2.943657e-02,1.451102e+00,7.255530e-01
2.943857e-02,1.418009e+00,7.090068e-01
2.944057e-02,1.384693e+00,6.923488e-01
2.944257e-02,1.351159e+00,6.755815e-01
2.944457e-02,1.317411e+00,6.587077e-01
2.944657e-02,1.283456e+00,6.417300e-01
2.944857e-02,1.249298e+00,6.246510e-01
2.945057e-02,1.214943e+00,6.074735e-01
2.945257e-02,1.180397e+00,5.902002e-01
2.945457e-02,1.145664e+00,5.728337e-01
2.945657e-02,1.110751e+00,5.553769e-01
2.945857e-02,1.075662e+00,5.378325e-01
2.946057e-02,1.040403e+00,5.202033e-01
2.946257e-02,1.004981e+00,5.024919e-01
2.946457e-02,9.693998e-01,4.847013e-01
2.946657e-02,9.336658e-01,4.668343e-01
2.946857e-02,8.977845e-01,4.488936e-01
2.947057e-02,8.617616e-01,4.308821e-01
2.947257e-02,8.256027e-01,4.128026e-01
2.947457e-02,7.893136e-01,3.946580e-01
2.947657e-02,7.529000e-01,3.764511e-01
2.947857e-02,7.163676e-01,3.581849e-01
2.948057e-02,6.797222e-01,3.398621e-01
2.948257e-02,6.429696e-01,3.214857e-01
2.948457e-02,6.061155e-01,3.030587e-01
2.948657e-02,5.691658e-01,2.845838e-01
2.948857e-02,5.321264e-01,2.660640e-01
2.949057e-02,4.950030e-01,2.475022e-01
2.949257e-02,4.578015e-01,2.289014e-01
2.949457e-02,4.205278e-01,2.102645e-01
2.949657e-02,3.831877e-01,1.915944e-01
2.949857e-02,3.457873e-01,1.728941e-01
2.950057e-02,3.083322e-01,1.541666e-01
2.950257e-02,2.708285e-01,1.354147e-01
2.950457e-02,2.332821e-01,1.166414e-01
2.950657e-02,1.956989e-01,9.784975e-02
2.950857e-02,1.580848e-01,7.904266e-02
2.951057e-02,1.204458e-01,6.022309e-02
2.951257e-02,8.278781e-02,4.139403e-02
2.951457e-02,4.511673e-02,2.255843e-02
2.951657e-02,7.438536e-03,3.719279e-03
2.951857e-02,-3.024083e-02,-1.512046e-02
2.952057e-02,-6.791543e-02,-3.395782e-02
2.952257e-02,-1.055793e-01,-5.278981e-02
2.952457e-02,-1.432265e-01,-7.161348e-02
2.952657e-02,-1.808512e-01,-9.042586e-02
2.952857e-02,-2.184473e-01,-1.092240e-01
2.953057e-02,-2.560089e-01,-1.280048e-01
2.953257e-02,-2.935302e-01,-1.467655e-01
2.953457e-02,-3.310051e-01,-1.655031e-01
2.953657e-02,-3.684279e-01,-1.842145e-01
2.953857e-02,-4.057925e-01,-2.028968e-01
2.954057e-02,-4.430931e-01,-2.215472e-01
2.954257e-02,-4.803238e-01,-2.401626e-01
2.954457e-02,-5.174787e-01,-2.587401e-01
2.954657e-02,-5.545520e-01,-2.772768e-01
2.954857e-02,-5.915378e-01,-2.957698e-01
2.955057e-02,-6.284303e-01,-3.142161e-01
2.955257e-02,-6.652237e-01,-3.326128e-01
2.955457e-02,-7.019121e-01,-3.509571e-01
2.955657e-02,-7.384898e-01,-3.692460e-01
2.955857e-02,-7.749510e-01,-3.874767e-01
2.956057e-02,-8.112900e-01,-4.056462e-01
2.956257e-02,-8.475009e-01,-4.237517e-01
2.956457e-02,-8.835782e-01,-4.417904e-01
2.956657e-02,-9.195161e-01,-4.597594e-01
2.956857e-02,-9.553089e-01,-4.776559e-01
2.957057e-02,-9.909511e-01,-4.954770e-01
2.957257e-02,-1.026437e+00,-5.132200e-01
2.957457e-02,-1.061761e+00,-5.308820e-01
2.957657e-02,-1.096917e+00,-5.484602e-01
2.957857e-02,-1.131900e+00,-5.659519e-01
2.958057e-02,-1.166705e+00,-5.833544e-01
2.958257e-02,-1.201326e+00,-6.006648e-01
2.958457e-02,-1.235757e+00,-6.178805e-01
2.958657e-02,-1.269994e+00,-6.349987e-01
2.958857e-02,-1.304029e+00,-6.520167e-01
2.959057e-02,-1.337860e+00,-6.689319e-01
2.959257e-02,-1.371479e+00,-6.857415e-01
2.959457e-02,-1.404882e+00,-7.024430e-01
2.959657e-02,-1.438063e+00,-7.190336e-01
2.959857e-02,-1.471017e+00,-7.355108e-01
2.960057e-02,-1.503740e+00,-7.518720e-01
2.960257e-02,-1.536225e+00,-7.681146e-01
2.960457e-02,-1.568467e+00,-7.842361e-01
2.960657e-02,-1.600463e+00,-8.002338e-01
2.960857e-02,-1.632206e+00,-8.161052e-01
2.961057e-02,-1.663691e+00,-8.318479e-01
2.961257e-02,-1.694914e+00,-8.474594e-01
2.961457e-02,-1.725869e+00,-8.629372e-01
2.961657e-02,-1.756553e+00,-8.782789e-01
2.961857e-02,-1.786959e+00,-8.934821e-01
2.962057e-02,-1.817083e+00,-9.085442e-01
2.962257e-02,-1.846921e+00,-9.234631e-01
2.962457e-02,-1.876467e+00,-9.382363e-01
2.962657e-02,-1.905717e+00,-9.528614e-01
2.962857e-02,-1.934667e+00,-9.673363e-01
2.963057e-02,-1.963311e+00,-9.816586e-01
2.963257e-02,-1.991646e+00,-9.958260e-01
2.963457e-02,-2.019666e+00,-1.009836e+00
2.963657e-02,-2.047368e+00,-1.023687e+00
2.963857e-02,-2.074747e+00,-1.037377e+00
2.964057e-02,-2.101799e+00,-1.050903e+00
2.964257e-02,-2.128519e+00,-1.064263e+00
2.964457e-02,-2.154903e+00,-1.077455e+00
2.964657e-02,-2.180948e+00,-1.090477e+00
2.964857e-02,-2.206648e+00,-1.103327e+00
2.965057e-02,-2.232000e+00,-1.116003e+00
2.965257e-02,-2.257000e+00,-1.128504e+00
2.965457e-02,-2.281644e+00,-1.140826e+00
2.965657e-02,-2.305929e+00,-1.152968e+00
2.965857e-02,-2.329849e+00,-1.164928e+00
2.966057e-02,-2.353402e+00,-1.176704e+00
2.966257e-02,-2.376583e+00,-1.188295e+00
2.966457e-02,-2.399390e+00,-1.199699e+00
2.966657e-02,-2.421818e+00,-1.210913e+00
2.966857e-02,-2.443864e+00,-1.221936e+00
2.967057e-02,-2.465525e+00,-1.232766e+00
2.967257e-02,-2.486797e+00,-1.243402e+00
2.967457e-02,-2.507676e+00,-1.253842e+00
2.967657e-02,-2.528160e+00,-1.264084e+00
2.967857e-02,-2.548245e+00,-1.274126e+00
2.968057e-02,-2.567928e+00,-1.283968e+00
2.968257e-02,-2.587206e+00,-1.293607e+00
2.968457e-02,-2.606075e+00,-1.303042e+00
2.968657e-02,-2.624534e+00,-1.312271e+00
2.968857e-02,-2.642579e+00,-1.321293e+00
2.969057e-02,-2.660206e+00,-1.330107e+00
2.969257e-02,-2.677414e+00,-1.338711e+00
2.969457e-02,-2.694200e+00,-1.347104e+00
2.969657e-02,-2.710561e+00,-1.355284e+00
2.969857e-02,-2.726494e+00,-1.363251e+00
2.970057e-02,-2.741997e+00,-1.371003e+00
2.970257e-02,-2.757067e+00,-1.378538e+00
2.970457e-02,-2.771703e+00,-1.385856e+00
2.970657e-02,-2.785901e+00,-1.392955e+00
2.970857e-02,-2.799660e+00,-1.399834e+00
2.971057e-02,-2.812977e+00,-1.406493e+00
2.971257e-02,-2.825850e+00,-1.412929e+00
2.971457e-02,-2.838278e+00,-1.419143e+00
2.971657e-02,-2.850258e+00,-1.425133e+00
2.971857e-02,-2.861788e+00,-1.430898e+00
2.972057e-02,-2.872867e+00,-1.436438e+00
2.972257e-02,-2.883492e+00,-1.441751e+00
2.972457e-02,-2.893663e+00,-1.446836e+00
2.972657e-02,-2.903377e+00,-1.451693e+00
2.972857e-02,-2.912634e+00,-1.456321e+00
2.973057e-02,-2.921430e+00,-1.460720e+00
2.973257e-02,-2.929766e+00,-1.464888e+00
2.973457e-02,-2.937640e+00,-1.468824e+00
2.973657e-02,-2.945050e+00,-1.472530e+00
2.973857e-02,-2.951996e+00,-1.476002e+00
2.974057e-02,-2.958476e+00,-1.479242e+00
2.974257e-02,-2.964489e+00,-1.482249e+00
2.974457e-02,-2.970035e+00,-1.485022e+00
2.974657e-02,-2.975112e+00,-1.487560e+00
2.974857e-02,-2.979720e+00,-1.489864e+00
2.975057e-02,-2.983858e+00,-1.491933e+00
2.975257e-02,-2.987525e+00,-1.493767e+00
2.975457e-02,-2.990720e+00,-1.495365e+00
2.975657e-02,-2.993444e+00,-1.496727e+00
2.975857e-02,-2.995696e+00,-1.497853e+00
2.976057e-02,-2.997475e+00,-1.498742e+00
2.976257e-02,-2.998782e+00,-1.499395e+00
2.976457e-02,-2.999615e+00,-1.499812e+00
2.976657e-02,-2.999975e+00,-1.499992e+00
2.976857e-02,-2.999862e+00,-1.499935e+00
2.977057e-02,-2.999275e+00,-1.499642e+00
2.977257e-02,-2.998216e+00,-1.499112e+00
2.977457e-02,-2.996683e+00,-1.498346e+00
2.977657e-02,-2.994678e+00,-1.497343e+00
2.977857e-02,-2.992200e+00,-1.496105e+00
2.978057e-02,-2.989250e+00,-1.494630e+00
2.978257e-02,-2.985829e+00,-1.492919e+00
2.978457e-02,-2.981937e+00,-1.490973e+00
2.978657e-02,-2.977574e+00,-1.488792e+00
2.978857e-02,-2.972742e+00,-1.486375e+00
2.979057e-02,-2.967440e+00,-1.483725e+00
2.979257e-02,-2.961671e+00,-1.480840e+00
2.979457e-02,-2.955434e+00,-1.477722e+00
2.979657e-02,-2.948731e+00,-1.474370e+00
2.979857e-02,-2.941563e+00,-1.470786e+00
2.980057e-02,-2.933931e+00,-1.466970e+00
2.980257e-02,-2.925836e+00,-1.462922e+00
2.980457e-02,-2.917280e+00,-1.458644e+00
2.980657e-02,-2.908263e+00,-1.454136e+00
2.980857e-02,-2.898787e+00,-1.449398e+00
2.981057e-02,-2.888855e+00,-1.444432e+00
2.981257e-02,-2.878466e+00,-1.439237e+00
2.981457e-02,-2.867624e+00,-1.433816e+00
2.981657e-02,-2.856329e+00,-1.428169e+00
2.981857e-02,-2.844583e+00,-1.422296e+00
2.982057e-02,-2.832389e+00,-1.416199e+00
2.982257e-02,-2.819748e+00,-1.409878e+00
2.982457e-02,-2.806662e+00,-1.403335e+00
2.982657e-02,-2.793133e+00,-1.396571e+00
2.982857e-02,-2.779164e+00,-1.389586e+00
2.983057e-02,-2.764756e+00,-1.382382e+00
2.983257e-02,-2.749912e+00,-1.374960e+00
2.983457e-02,-2.734635e+00,-1.367321e+00
2.983657e-02,-2.718926e+00,-1.359467e+00
2.983857e-02,-2.702788e+00,-1.351398e+00
2.984057e-02,-2.686223e+00,-1.343116e+00
2.984257e-02,-2.669235e+00,-1.334622e+00
2.984457e-02,-2.651826e+00,-1.325917e+00
2.984657e-02,-2.633998e+00,-1.317003e+00
2.984857e-02,-2.615755e+00,-1.307882e+00
2.985057e-02,-2.597100e+00,-1.298554e+00
2.985257e-02,-2.578034e+00,-1.289021e+00
2.985457e-02,-2.558562e+00,-1.279285e+00
2.985657e-02,-2.538687e+00,-1.269347e+00
2.985857e-02,-2.518411e+00,-1.259209e+00
2.986057e-02,-2.497737e+00,-1.248872e+00
2.986257e-02,-2.476670e+00,-1.238339e+00
2.986457e-02,-2.455212e+00,-1.227609e+00
2.986657e-02,-2.433366e+00,-1.216687e+00
2.986857e-02,-2.411137e+00,-1.205572e+00
2.987057e-02,-2.388527e+00,-1.194267e+00
2.987257e-02,-2.365541e+00,-1.182774e+00
2.987457e-02,-2.342181e+00,-1.171094e+00
2.987657e-02,-2.318452e+00,-1.159229e+00
2.987857e-02,-2.294357e+00,-1.147182e+00
2.988057e-02,-2.269900e+00,-1.134954e+00
2.988257e-02,-2.245085e+00,-1.122546e+00
2.988457e-02,-2.219916e+00,-1.109961e+00
2.988657e-02,-2.194397e+00,-1.097202e+00
2.988857e-02,-2.168532e+00,-1.084269e+00
2.989057e-02,-2.142324e+00,-1.071165e+00
2.989257e-02,-2.115779e+00,-1.057893e+00
2.989457e-02,-2.088899e+00,-1.044453e+00
2.989657e-02,-2.061691e+00,-1.030848e+00
2.989857e-02,-2.034157e+00,-1.017081e+00
2.990057e-02,-2.006302e+00,-1.003154e+00
2.990257e-02,-1.978130e+00,-9.890682e-01
2.990457e-02,-1.949647e+00,-9.748264e-01
2.990657e-02,-1.920856e+00,-9.604309e-01
2.990857e-02,-1.891762e+00,-9.458838e-01
2.991057e-02,-1.862370e+00,-9.311876e-01
2.991257e-02,-1.832683e+00,-9.163444e-01
2.991457e-02,-1.802708e+00,-9.013567e-01
2.991657e-02,-1.772448e+00,-8.862268e-01
2.991857e-02,-1.741909e+00,-8.709571e-01
2.992057e-02,-1.711095e+00,-8.555500e-01
2.992257e-02,-1.680011e+00,-8.400079e-01
2.992457e-02,-1.648662e+00,-8.243333e-01
2.992657e-02,-1.617053e+00,-8.085287e-01
2.992857e-02,-1.585188e+00,-7.925966e-01
2.993057e-02,-1.553074e+00,-7.765394e-01
2.993257e-02,-1.520715e+00,-7.603597e-01
2.993457e-02,-1.488116e+00,-7.440600e-01
2.993657e-02,-1.455282e+00,-7.276430e-01
2.993857e-02,-1.422218e+00,-7.111112e-01
2.994057e-02,-1.388930e+00,-6.944672e-01
2.994257e-02,-1.355423e+00,-6.777136e-01
2.994457e-02,-1.321702e+00,-6.608532e-01
2.994657e-02,-1.287773e+00,-6.438885e-01
2.994857e-02,-1.253641e+00,-6.268222e-01
2.995057e-02,-1.219310e+00,-6.096571e-01
2.995257e-02,-1.184788e+00,-5.923957e-01
2.995457e-02,-1.150078e+00,-5.750409e-01
2.995657e-02,-1.115188e+00,-5.575954e-01
2.995857e-02,-1.080121e+00,-5.400620e-01
2.996057e-02,-1.044883e+00,-5.224433e-01
2.996257e-02,-1.009481e+00,-5.047422e-01
2.996457e-02,-9.739202e-01,-4.869615e-01
2.996657e-02,-9.382052e-01,-4.691040e-01
2.996857e-02,-9.023423e-01,-4.511725e-01
2.997057e-02,-8.663370e-01,-4.331698e-01
2.997257e-02,-8.301951e-01,-4.150988e-01
2.997457e-02,-7.939222e-01,-3.969623e-01
2.997657e-02,-7.575240e-01,-3.787632e-01
2.997857e-02,-7.210064e-01,-3.605043e-01
2.998057e-02,-6.843750e-01,-3.421885e-01
2.998257e-02,-6.476357e-01,-3.238188e-01
2.998457e-02,-6.107942e-01,-3.053980e-01
2.998657e-02,-5.738563e-01,-2.869290e-01
2.998857e-02,-5.368279e-01,-2.684148e-01
2.999057e-02,-4.997148e-01,-2.498582e-01
2.999257e-02,-4.625229e-01,-2.312621e-01
2.999457e-02,-4.252580e-01,-2.126297e-01
2.999657e-02,-3.879261e-01,-1.939636e-01
2.999857e-02,-3.505329e-01,-1.752670e-01
3.000057e-02,-3.130845e-01,-1.565427e-01
3.000257e-02,-2.755866e-01,-1.377937e-01
3.000457e-02,-2.380453e-01,-1.190230e-01
3.000657e-02,-2.004664e-01,-1.002335e-01
3.000857e-02,-1.628559e-01,-8.142822e-02
3.001057e-02,-1.252198e-01,-6.261007e-02
3.001257e-02,-8.756383e-02,-4.378204e-02
3.001457e-02,-4.989408e-02,-2.494711e-02
3.001657e-02,-1.221646e-02,-6.108246e-03
3.001857e-02,2.546309e-02,1.273158e-02
3.002057e-02,6.313862e-02,3.156941e-02
3.002257e-02,1.008042e-01,5.040225e-02
3.002457e-02,1.384539e-01,6.922714e-02
3.002657e-02,1.760817e-01,8.804111e-02
3.002857e-02,2.136817e-01,1.068412e-01
3.003057e-02,2.512481e-01,1.256244e-01
3.003257e-02,2.887748e-01,1.443878e-01
3.003457e-02,3.262559e-01,1.631285e-01
3.003657e-02,3.636856e-01,1.818434e-01
3.003857e-02,4.010579e-01,2.005296e-01
3.004057e-02,4.383670e-01,2.191841e-01
3.004257e-02,4.756069e-01,2.378041e-01
3.004457e-02,5.127717e-01,2.563866e-01
3.004657e-02,5.498557e-01,2.749287e-01
3.004857e-02,5.868529e-01,2.934274e-01
3.005057e-02,6.237576e-01,3.118797e-01
3.005257e-02,6.605639e-01,3.302829e-01
3.005457e-02,6.972659e-01,3.486340e-01
3.005657e-02,7.338580e-01,3.669301e-01
3.005857e-02,7.703343e-01,3.851683e-01
3.006057e-02,8.066890e-01,4.033457e-01
3.006257e-02,8.429165e-01,4.214595e-01
3.006457e-02,8.790111e-01,4.395069e-01
3.006657e-02,9.149670e-01,4.574849e-01
3.006857e-02,9.507785e-01,4.753907e-01
3.007057e-02,9.864400e-01,4.932215e-01
3.007257e-02,1.021946e+00,5.109745e-01
3.007457e-02,1.057291e+00,5.286469e-01
3.007657e-02,1.092469e+00,5.462360e-01
3.007857e-02,1.127474e+00,5.637388e-01
3.008057e-02,1.162302e+00,5.811527e-01
3.008257e-02,1.196946e+00,5.984750e-01
3.008457e-02,1.231402e+00,6.157028e-01
3.008657e-02,1.265663e+00,6.328335e-01
3.008857e-02,1.299725e+00,6.498644e-01
3.009057e-02,1.333581e+00,6.667927e-01
3.009257e-02,1.367228e+00,6.836159e-01
3.009457e-02,1.400658e+00,7.003312e-01
3.009657e-02,1.433868e+00,7.169361e-01
3.009857e-02,1.466851e+00,7.334278e-01
3.010057e-02,1.499603e+00,7.498039e-01
3.010257e-02,1.532119e+00,7.660617e-01
3.010457e-02,1.564392e+00,7.821986e-01
3.010657e-02,1.596419e+00,7.982121e-01
3.010857e-02,1.628195e+00,8.140997e-01
3.011057e-02,1.659713e+00,8.298589e-01
3.011257e-02,1.690969e+00,8.454872e-01
3.011457e-02,1.721959e+00,8.609821e-01
3.011657e-02,1.752677e+00,8.763412e-01
3.011857e-02,1.783119e+00,8.915620e-01
3.012057e-02,1.813279e+00,9.066422e-01
3.012257e-02,1.843153e+00,9.215793e-01
3.012457e-02,1.872737e+00,9.363711e-01
3.012657e-02,1.902025e+00,9.510152e-01
3.012857e-02,1.931013e+00,9.655092e-01
3.013057e-02,1.959696e+00,9.798510e-01
3.013257e-02,1.988070e+00,9.940381e-01
3.013457e-02,2.016131e+00,1.008068e+00
3.013657e-02,2.043873e+00,1.021940e+00
3.013857e-02,2.071294e+00,1.035650e+00
3.014057e-02,2.098387e+00,1.049197e+00
3.014257e-02,2.125149e+00,1.062578e+00
3.014457e-02,2.151576e+00,1.075791e+00
3.014657e-02,2.177664e+00,1.088835e+00
3.014857e-02,2.203408e+00,1.101707e+00
3.015057e-02,2.228805e+00,1.114406e+00
3.015257e-02,2.253850e+00,1.126928e+00
3.015457e-02,2.278539e+00,1.139273e+00
3.015657e-02,2.302869e+00,1.151438e+00
3.015857e-02,2.326836e+00,1.163422e+00
3.016057e-02,2.350436e+00,1.175221e+00
3.016257e-02,2.373665e+00,1.186836e+00
3.016457e-02,2.396519e+00,1.198263e+00
3.016657e-02,2.418995e+00,1.209501e+00
3.016857e-02,2.441090e+00,1.220549e+00
3.017057e-02,2.462800e+00,1.231404e+00
3.017257e-02,2.484121e+00,1.242064e+00
3.017457e-02,2.505050e+00,1.252529e+00
3.017657e-02,2.525584e+00,1.262796e+00
3.017857e-02,2.545720e+00,1.272864e+00
3.018057e-02,2.565454e+00,1.282731e+00
3.018257e-02,2.584784e+00,1.292396e+00
3.018457e-02,2.603705e+00,1.301857e+00
3.018657e-02,2.622216e+00,1.311112e+00
3.018857e-02,2.640314e+00,1.320161e+00
3.019057e-02,2.657994e+00,1.329001e+00
3.019257e-02,2.675256e+00,1.337632e+00
3.019457e-02,2.692095e+00,1.346052e+00
3.019657e-02,2.708510e+00,1.354259e+00
3.019857e-02,2.724497e+00,1.362253e+00
3.020057e-02,2.740055e+00,1.370032e+00
3.020257e-02,2.755180e+00,1.377594e+00
3.020457e-02,2.769871e+00,1.384940e+00
3.020657e-02,2.784125e+00,1.392067e+00
3.020857e-02,2.797940e+00,1.398974e+00
3.021057e-02,2.811313e+00,1.405661e+00
3.021257e-02,2.824243e+00,1.412126e+00
3.021457e-02,2.836727e+00,1.418368e+00
3.021657e-02,2.848764e+00,1.424386e+00
3.021857e-02,2.860351e+00,1.430180e+00
3.022057e-02,2.871487e+00,1.435748e+00
3.022257e-02,2.882170e+00,1.441089e+00
3.022457e-02,2.892399e+00,1.446204e+00
3.022657e-02,2.902171e+00,1.451090e+00
3.022857e-02,2.911485e+00,1.455747e+00
3.023057e-02,2.920340e+00,1.460175e+00
3.023257e-02,2.928735e+00,1.464372e+00
3.023457e-02,2.936667e+00,1.468338e+00
3.023657e-02,2.944136e+00,1.472073e+00
3.023857e-02,2.951141e+00,1.475575e+00
3.024057e-02,2.957680e+00,1.478844e+00
3.024257e-02,2.963753e+00,1.481881e+00
3.024457e-02,2.969358e+00,1.484683e+00
3.024657e-02,2.974494e+00,1.487252e+00
3.024857e-02,2.979162e+00,1.489585e+00
3.025057e-02,2.983359e+00,1.491684e+00
3.025257e-02,2.987086e+00,1.493547e+00
3.025457e-02,2.990341e+00,1.495175e+00
3.025657e-02,2.993125e+00,1.496567e+00
3.025857e-02,2.995437e+00,1.497723e+00
3.026057e-02,2.997276e+00,1.498642e+00
3.026257e-02,2.998642e+00,1.499326e+00
3.026457e-02,2.999535e+00,1.499772e+00
3.026657e-02,2.999955e+00,1.499982e+00
3.026857e-02,2.999902e+00,1.499956e+00
3.027057e-02,2.999376e+00,1.499692e+00
3.027257e-02,2.998376e+00,1.499193e+00
3.027457e-02,2.996904e+00,1.498456e+00
3.027657e-02,2.994958e+00,1.497484e+00
3.027857e-02,2.992541e+00,1.496275e+00
3.028057e-02,2.989651e+00,1.494830e+00
3.028257e-02,2.986289e+00,1.493149e+00
3.028457e-02,2.982457e+00,1.491233e+00
3.028657e-02,2.978153e+00,1.489081e+00
3.028857e-02,2.973381e+00,1.486695e+00
3.029057e-02,2.968139e+00,1.484074e+00
3.029257e-02,2.962428e+00,1.481219e+00
3.029457e-02,2.956251e+00,1.478130e+00
3.029657e-02,2.949607e+00,1.474808e+00
3.029857e-02,2.942498e+00,1.471253e+00
3.030057e-02,2.934925e+00,1.467467e+00
3.030257e-02,2.926888e+00,1.463449e+00
3.030457e-02,2.918390e+00,1.459199e+00
3.030657e-02,2.909432e+00,1.454720e+00
3.030857e-02,2.900014e+00,1.450012e+00
3.031057e-02,2.890139e+00,1.445074e+00
3.031257e-02,2.879809e+00,1.439909e+00
3.031457e-02,2.869024e+00,1.434516e+00
3.031657e-02,2.857786e+00,1.428897e+00
3.031857e-02,2.846097e+00,1.423053e+00
3.032057e-02,2.833960e+00,1.416984e+00
3.032257e-02,2.821375e+00,1.410692e+00
3.032457e-02,2.808346e+00,1.404177e+00
3.032657e-02,2.794873e+00,1.397441e+00
3.032857e-02,2.780960e+00,1.390484e+00
3.033057e-02,2.766607e+00,1.383308e+00
3.033257e-02,2.751819e+00,1.375913e+00
3.033457e-02,2.736596e+00,1.368302e+00
3.033657e-02,2.720941e+00,1.360475e+00
3.033857e-02,2.704858e+00,1.352433e+00
3.034057e-02,2.688347e+00,1.344178e+00
3.034257e-02,2.671413e+00,1.335710e+00
3.034457e-02,2.654057e+00,1.327032e+00
3.034657e-02,2.636282e+00,1.318145e+00
3.034857e-02,2.618092e+00,1.309050e+00
3.035057e-02,2.599488e+00,1.299748e+00
3.035257e-02,2.580475e+00,1.290241e+00
3.035457e-02,2.561054e+00,1.280531e+00
3.035657e-02,2.541229e+00,1.270618e+00
3.035857e-02,2.521004e+00,1.260506e+00
3.036057e-02,2.500381e+00,1.250194e+00
3.036257e-02,2.479363e+00,1.239685e+00
3.036457e-02,2.457954e+00,1.228981e+00
3.036657e-02,2.436158e+00,1.218082e+00
3.036857e-02,2.413977e+00,1.206992e+00
3.037057e-02,2.391415e+00,1.195711e+00
3.037257e-02,2.368476e+00,1.184242e+00
3.037457e-02,2.345164e+00,1.172585e+00
3.037657e-02,2.321481e+00,1.160744e+00
3.037857e-02,2.297432e+00,1.148720e+00
3.038057e-02,2.273021e+00,1.136514e+00
3.038257e-02,2.248252e+00,1.124129e+00
3.038457e-02,2.223127e+00,1.111567e+00
3.038657e-02,2.197652e+00,1.098829e+00
3.038857e-02,2.171830e+00,1.085918e+00
3.039057e-02,2.145666e+00,1.072836e+00
3.039257e-02,2.119163e+00,1.059585e+00
3.039457e-02,2.092326e+00,1.046166e+00
3.039657e-02,2.065159e+00,1.032583e+00
3.039857e-02,2.037666e+00,1.018836e+00
3.040057e-02,2.009852e+00,1.004929e+00
3.040257e-02,1.981720e+00,9.908630e-01
3.040457e-02,1.953276e+00,9.766409e-01
3.040657e-02,1.924524e+00,9.622647e-01
3.040857e-02,1.895468e+00,9.477368e-01
3.041057e-02,1.866113e+00,9.330593e-01
3.041257e-02,1.836464e+00,9.182346e-01
3.041457e-02,1.806525e+00,9.032651e-01
3.041657e-02,1.776301e+00,8.881531e-01
3.041857e-02,1.745797e+00,8.729010e-01
3.042057e-02,1.715017e+00,8.575112e-01
3.042257e-02,1.683967e+00,8.419861e-01
3.042457e-02,1.652651e+00,8.263282e-01
3.042657e-02,1.621075e+00,8.105399e-01
3.042857e-02,1.589243e+00,7.946238e-01
3.043057e-02,1.557160e+00,7.785823e-01
3.043257e-02,1.524831e+00,7.624180e-01
3.043457e-02,1.492262e+00,7.461334e-01
3.043657e-02,1.459458e+00,7.297311e-01
3.043857e-02,1.426423e+00,7.132137e-01
3.044057e-02,1.393163e+00,6.965838e-01
3.044257e-02,1.359684e+00,6.798440e-01
3.044457e-02,1.325990e+00,6.629970e-01
3.044657e-02,1.292087e+00,6.460454e-01
3.044857e-02,1.257980e+00,6.289918e-01
3.045057e-02,1.223674e+00,6.118390e-01
3.045257e-02,1.189176e+00,5.945897e-01
3.045457e-02,1.154490e+00,5.772467e-01
3.045657e-02,1.119622e+00,5.598125e-01
3.045857e-02,1.084577e+00,5.422900e-01
3.046057e-02,1.049361e+00,5.246820e-01
3.046257e-02,1.013979e+00,5.069913e-01
3.046457e-02,9.784381e-01,4.892205e-01
3.046657e-02,9.427423e-01,4.713726e-01
3.046857e-02,9.068979e-01,4.534503e-01
3.047057e-02,8.709103e-01,4.354565e-01
3.047257e-02,8.347854e-01,4.173940e-01
3.047457e-02,7.985288e-01,3.992656e-01
3.047657e-02,7.621462e-01,3.810742e-01
3.047857e-02,7.256434e-01,3.628228e-01
3.048057e-02,6.890261e-01,3.445141e-01
3.048257e-02,6.523001e-01,3.261510e-01
3.048457e-02,6.154712e-01,3.077365e-01
3.048657e-02,5.785453e-01,2.892735e-01
3.048857e-02,5.415280e-01,2.707648e-01
3.049057e-02,5.044254e-01,2.522134e-01
3.049257e-02,4.672431e-01,2.336223e-01
3.049457e-02,4.299872e-01,2.149942e-01
3.049657e-02,3.926634e-01,1.963323e-01
3.049857e-02,3.552777e-01,1.776394e-01
3.050057e-02,3.178359e-01,1.589184e-01
3.050257e-02,2.803440e-01,1.401724e-01
3.050457e-02,2.428079e-01,1.214043e-01
3.050657e-02,2.052334e-01,1.026170e-01
3.050857e-02,1.676266e-01,8.381357e-02
3.051057e-02,1.299934e-01,6.499689e-02
3.051257e-02,9.233962e-02,4.616995e-02
3.051457e-02,5.467130e-02,2.733573e-02
3.051657e-02,1.699435e-02,8.497198e-03
3.051857e-02,-2.068529e-02,-1.034267e-02
3.052057e-02,-5.836166e-02,-2.918092e-02
3.052257e-02,-9.602882e-02,-4.801455e-02
3.052457e-02,-1.336808e-01,-6.684062e-02
3.052657e-02,-1.713118e-01,-8.565614e-02
3.052857e-02,-2.089157e-01,-1.044581e-01
3.053057e-02,-2.464866e-01,-1.232437e-01
3.053257e-02,-2.840187e-01,-1.420098e-01
3.053457e-02,-3.215059e-01,-1.607534e-01
3.053657e-02,-3.589425e-01,-1.794718e-01
3.053857e-02,-3.963224e-01,-1.981618e-01
3.054057e-02,-4.336398e-01,-2.168205e-01
3.054257e-02,-4.708887e-01,-2.354451e-01
3.054457e-02,-5.080635e-01,-2.540325e-01
3.054657e-02,-5.451580e-01,-2.725798e-01
3.054857e-02,-5.821666e-01,-2.910842e-01
3.055057e-02,-6.190833e-01,-3.095426e-01
3.055257e-02,-6.559023e-01,-3.279522e-01
3.055457e-02,-6.926179e-01,-3.463100e-01
3.055657e-02,-7.292242e-01,-3.646132e-01
3.055857e-02,-7.657155e-01,-3.828589e-01
3.056057e-02,-8.020860e-01,-4.010442e-01
3.056257e-02,-8.383300e-01,-4.191663e-01
3.056457e-02,-8.744417e-01,-4.372222e-01
3.056657e-02,-9.104155e-01,-4.552091e-01
3.056857e-02,-9.462456e-01,-4.731242e-01
3.057057e-02,-9.819265e-01,-4.909647e-01
3.057257e-02,-1.017453e+00,-5.087278e-01
3.057457e-02,-1.052818e+00,-5.264106e-01
3.057657e-02,-1.088017e+00,-5.440103e-01
3.057857e-02,-1.123045e+00,-5.615243e-01
3.058057e-02,-1.157896e+00,-5.789496e-01
3.058257e-02,-1.192564e+00,-5.962836e-01
3.058457e-02,-1.227043e+00,-6.135236e-01
3.058657e-02,-1.261330e+00,-6.306668e-01
3.058857e-02,-1.295417e+00,-6.477104e-01
3.059057e-02,-1.329300e+00,-6.646519e-01
3.059257e-02,-1.362973e+00,-6.814886e-01
3.059457e-02,-1.396431e+00,-6.982177e-01
3.059657e-02,-1.429669e+00,-7.148367e-01
3.059857e-02,-1.462682e+00,-7.313430e-01
3.060057e-02,-1.495463e+00,-7.477339e-01
3.060257e-02,-1.528009e+00,-7.640068e-01
3.060457e-02,-1.560314e+00,-7.801592e-01
3.060657e-02,-1.592372e+00,-7.961885e-01
3.060857e-02,-1.624179e+00,-8.120922e-01
3.061057e-02,-1.655731e+00,-8.278678e-01
3.061257e-02,-1.687021e+00,-8.435128e-01
3.061457e-02,-1.718044e+00,-8.590247e-01
3.061657e-02,-1.748797e+00,-8.744012e-01
3.061857e-02,-1.779274e+00,-8.896397e-01
3.062057e-02,-1.809470e+00,-9.047378e-01
3.062257e-02,-1.839381e+00,-9.196933e-01
3.062457e-02,-1.869002e+00,-9.345036e-01
3.062657e-02,-1.898327e+00,-9.491665e-01
3.062857e-02,-1.927354e+00,-9.636797e-01
3.063057e-02,-1.956076e+00,-9.780409e-01
3.063257e-02,-1.984490e+00,-9.922478e-01
3.063457e-02,-2.012590e+00,-1.006298e+00
3.063657e-02,-2.040373e+00,-1.020190e+00
3.063857e-02,-2.067835e+00,-1.033920e+00
3.064057e-02,-2.094970e+00,-1.047488e+00
3.064257e-02,-2.121774e+00,-1.060890e+00
3.064457e-02,-2.148244e+00,-1.074125e+00
3.064657e-02,-2.174375e+00,-1.087191e+00
3.064857e-02,-2.200163e+00,-1.100085e+00
3.065057e-02,-2.225604e+00,-1.112805e+00
3.065257e-02,-2.250694e+00,-1.125350e+00
3.065457e-02,-2.275428e+00,-1.137718e+00
3.065657e-02,-2.299804e+00,-1.149906e+00
3.065857e-02,-2.323817e+00,-1.161912e+00
3.066057e-02,-2.347464e+00,-1.173735e+00
3.066257e-02,-2.370740e+00,-1.185373e+00
3.066457e-02,-2.393642e+00,-1.196825e+00
3.066657e-02,-2.416166e+00,-1.208087e+00
3.066857e-02,-2.438310e+00,-1.219159e+00
3.067057e-02,-2.460068e+00,-1.230038e+00
3.067257e-02,-2.481439e+00,-1.240723e+00
3.067457e-02,-2.502418e+00,-1.251213e+00
3.067657e-02,-2.523003e+00,-1.261505e+00
3.067857e-02,-2.543189e+00,-1.271598e+00
3.068057e-02,-2.562974e+00,-1.281491e+00
3.068257e-02,-2.582355e+00,-1.291181e+00
3.068457e-02,-2.601329e+00,-1.300668e+00
3.068657e-02,-2.619892e+00,-1.309950e+00
3.068857e-02,-2.638042e+00,-1.319025e+00
3.069057e-02,-2.655775e+00,-1.327892e+00
3.069257e-02,-2.673090e+00,-1.336549e+00
3.069457e-02,-2.689983e+00,-1.344996e+00
3.069657e-02,-2.706452e+00,-1.353230e+00
3.069857e-02,-2.722494e+00,-1.361251e+00
3.070057e-02,-2.738106e+00,-1.369057e+00
3.070257e-02,-2.753286e+00,-1.376647e+00
3.070457e-02,-2.768032e+00,-1.384020e+00
3.070657e-02,-2.782342e+00,-1.391175e+00
3.070857e-02,-2.796212e+00,-1.398110e+00
3.071057e-02,-2.809642e+00,-1.404825e+00
3.071257e-02,-2.822628e+00,-1.411318e+00
3.071457e-02,-2.835169e+00,-1.417589e+00
3.071657e-02,-2.847262e+00,-1.423635e+00
3.071857e-02,-2.858907e+00,-1.429458e+00
3.072057e-02,-2.870100e+00,-1.435054e+00
3.072257e-02,-2.880841e+00,-1.440425e+00
3.072457e-02,-2.891127e+00,-1.445568e+00
3.072657e-02,-2.900957e+00,-1.450483e+00
3.072857e-02,-2.910330e+00,-1.455169e+00
3.073057e-02,-2.919243e+00,-1.459626e+00
3.073257e-02,-2.927696e+00,-1.463852e+00
3.073457e-02,-2.935687e+00,-1.467848e+00
3.073657e-02,-2.943215e+00,-1.471612e+00
3.073857e-02,-2.950278e+00,-1.475144e+00
3.074057e-02,-2.956877e+00,-1.478443e+00
3.074257e-02,-2.963008e+00,-1.481509e+00
3.074457e-02,-2.968673e+00,-1.484341e+00
3.074657e-02,-2.973869e+00,-1.486939e+00
3.074857e-02,-2.978596e+00,-1.489302e+00
3.075057e-02,-2.982853e+00,-1.491431e+00
3.075257e-02,-2.986639e+00,-1.493324e+00
3.075457e-02,-2.989955e+00,-1.494982e+00
3.075657e-02,-2.992798e+00,-1.496404e+00
3.075857e-02,-2.995170e+00,-1.497589e+00
3.076057e-02,-2.997069e+00,-1.498539e+00
3.076257e-02,-2.998495e+00,-1.499252e+00
3.076457e-02,-2.999448e+00,-1.499729e+00
3.076657e-02,-2.999928e+00,-1.499969e+00
3.076857e-02,-2.999935e+00,-1.499972e+00
3.077057e-02,-2.999469e+00,-1.499739e+00
3.077257e-02,-2.998529e+00,-1.499269e+00
3.077457e-02,-2.997117e+00,-1.498563e+00
3.077657e-02,-2.995231e+00,-1.497620e+00
3.077857e-02,-2.992873e+00,-1.496441e+00
3.078057e-02,-2.990043e+00,-1.495026e+00
3.078257e-02,-2.986741e+00,-1.493375e+00
3.078457e-02,-2.982969e+00,-1.491489e+00
3.078657e-02,-2.978725e+00,-1.489367e+00
3.078857e-02,-2.974012e+00,-1.487010e+00
3.079057e-02,-2.968829e+00,-1.484419e+00
3.079257e-02,-2.963178e+00,-1.481594e+00
3.079457e-02,-2.957060e+00,-1.478534e+00
3.079657e-02,-2.950475e+00,-1.475242e+00
3.079857e-02,-2.943425e+00,-1.471717e+00
3.080057e-02,-2.935911e+00,-1.467960e+00
3.080257e-02,-2.927933e+00,-1.463971e+00
3.080457e-02,-2.919493e+00,-1.459751e+00
3.080657e-02,-2.910593e+00,-1.455301e+00
3.080857e-02,-2.901234e+00,-1.450621e+00
3.081057e-02,-2.891417e+00,-1.445713e+00
3.081257e-02,-2.881144e+00,-1.440576e+00
3.081457e-02,-2.870416e+00,-1.435212e+00
3.081657e-02,-2.859236e+00,-1.429622e+00
3.081857e-02,-2.847604e+00,-1.423806e+00
3.082057e-02,-2.835524e+00,-1.417766e+00
3.082257e-02,-2.822996e+00,-1.411502e+00
3.082457e-02,-2.810022e+00,-1.405015e+00
3.082657e-02,-2.796606e+00,-1.398307e+00
3.082857e-02,-2.782748e+00,-1.391378e+00
3.083057e-02,-2.768451e+00,-1.384230e+00
3.083257e-02,-2.753718e+00,-1.376863e+00
3.083457e-02,-2.738550e+00,-1.369279e+00
3.083657e-02,-2.722950e+00,-1.361479e+00
3.083857e-02,-2.706921e+00,-1.353464e+00
3.084057e-02,-2.690464e+00,-1.345236e+00
3.084257e-02,-2.673583e+00,-1.336796e+00
3.084457e-02,-2.656281e+00,-1.328144e+00
3.084657e-02,-2.638559e+00,-1.319284e+00
3.084857e-02,-2.620421e+00,-1.310215e+00
3.085057e-02,-2.601870e+00,-1.300939e+00
3.085257e-02,-2.582908e+00,-1.291458e+00
3.085457e-02,-2.563539e+00,-1.281773e+00
3.085657e-02,-2.543765e+00,-1.271887e+00
3.085857e-02,-2.523591e+00,-1.261799e+00
3.086057e-02,-2.503018e+00,-1.251513e+00
3.086257e-02,-2.482050e+00,-1.241029e+00
3.086457e-02,-2.460690e+00,-1.230349e+00
3.086657e-02,-2.438943e+00,-1.219475e+00
3.086857e-02,-2.416810e+00,-1.208409e+00
3.087057e-02,-2.394297e+00,-1.197152e+00
3.087257e-02,-2.371406e+00,-1.185706e+00
3.087457e-02,-2.348140e+00,-1.174074e+00
3.087657e-02,-2.324505e+00,-1.162256e+00
3.087857e-02,-2.300502e+00,-1.150254e+00
3.088057e-02,-2.276137e+00,-1.138072e+00
3.088257e-02,-2.251412e+00,-1.125710e+00
3.088457e-02,-2.226333e+00,-1.113170e+00
3.088657e-02,-2.200902e+00,-1.100454e+00
3.088857e-02,-2.175124e+00,-1.087565e+00
3.089057e-02,-2.149003e+00,-1.074505e+00
3.089257e-02,-2.122543e+00,-1.061274e+00
3.089457e-02,-2.095748e+00,-1.047877e+00
3.089657e-02,-2.068622e+00,-1.034314e+00
3.089857e-02,-2.041170e+00,-1.020588e+00
3.090057e-02,-2.013396e+00,-1.006701e+00
3.090257e-02,-1.985305e+00,-9.926553e-01
3.090457e-02,-1.956900e+00,-9.784529e-01
3.090657e-02,-1.928186e+00,-9.640961e-01
3.090857e-02,-1.899169e+00,-9.495873e-01
3.091057e-02,-1.869852e+00,-9.349287e-01
3.091257e-02,-1.840240e+00,-9.201225e-01
3.091457e-02,-1.810337e+00,-9.051712e-01
3.091657e-02,-1.780149e+00,-8.900772e-01
3.091857e-02,-1.749680e+00,-8.748427e-01
3.092057e-02,-1.718935e+00,-8.594702e-01
3.092257e-02,-1.687919e+00,-8.439621e-01
3.092457e-02,-1.656637e+00,-8.283209e-01
3.092657e-02,-1.625093e+00,-8.125491e-01
3.092857e-02,-1.593293e+00,-7.966490e-01
3.093057e-02,-1.561242e+00,-7.806233e-01
3.093257e-02,-1.528944e+00,-7.644744e-01
3.093457e-02,-1.496405e+00,-7.482049e-01
3.093657e-02,-1.463630e+00,-7.318174e-01
3.093857e-02,-1.430625e+00,-7.153145e-01
3.094057e-02,-1.397393e+00,-6.986987e-01
3.094257e-02,-1.363941e+00,-6.819727e-01
3.094457e-02,-1.330274e+00,-6.651391e-01
3.094657e-02,-1.296397e+00,-6.482006e-01
3.094857e-02,-1.262316e+00,-6.311598e-01
3.095057e-02,-1.228035e+00,-6.140195e-01
3.095257e-02,-1.193561e+00,-5.967823e-01
3.095457e-02,-1.158898e+00,-5.794509e-01
3.095657e-02,-1.124053e+00,-5.620282e-01
3.095857e-02,-1.089030e+00,-5.445168e-01
3.096057e-02,-1.053836e+00,-5.269194e-01
3.096257e-02,-1.018475e+00,-5.092390e-01
3.096457e-02,-9.829535e-01,-4.914782e-01
3.096657e-02,-9.472770e-01,-4.736399e-01
3.096857e-02,-9.114511e-01,-4.557269e-01
3.097057e-02,-8.754814e-01,-4.377420e-01
3.097257e-02,-8.393736e-01,-4.196880e-01
3.097457e-02,-8.031333e-01,-4.015679e-01
3.097657e-02,-7.667664e-01,-3.833844e-01
3.097857e-02,-7.302785e-01,-3.651404e-01
3.098057e-02,-6.936754e-01,-3.468388e-01
3.098257e-02,-6.569629e-01,-3.284825e-01
3.098457e-02,-6.201468e-01,-3.100743e-01
3.098657e-02,-5.832328e-01,-2.916173e-01
3.098857e-02,-5.462268e-01,-2.731142e-01
3.099057e-02,-5.091346e-01,-2.545681e-01
3.099257e-02,-4.719622e-01,-2.359818e-01
3.099457e-02,-4.347153e-01,-2.173583e-01
3.099657e-02,-3.973997e-01,-1.987005e-01
3.099857e-02,-3.600216e-01,-1.800113e-01
3.100057e-02,-3.225866e-01,-1.612938e-01
3.100257e-02,-2.851007e-01,-1.425508e-01
3.100457e-02,-2.475698e-01,-1.237853e-01
3.100657e-02,-2.099999e-01,-1.050003e-01
3.100857e-02,-1.723969e-01,-8.619871e-02
3.101057e-02,-1.347667e-01,-6.738354e-02
3.101257e-02,-9.711519e-02,-4.855774e-02
3.101457e-02,-5.944838e-02,-2.972428e-02
3.101657e-02,-2.177219e-02,-1.088613e-02
3.101857e-02,1.590743e-02,7.953739e-03
3.102057e-02,5.358454e-02,2.679235e-02
3.102257e-02,9.125320e-02,4.562674e-02
3.102457e-02,1.289075e-01,6.445393e-02
3.102657e-02,1.665414e-01,8.327095e-02
3.102857e-02,2.041490e-01,1.020748e-01
3.103057e-02,2.417245e-01,1.208626e-01
3.103257e-02,2.792618e-01,1.396313e-01
3.103457e-02,3.167551e-01,1.583780e-01
3.103657e-02,3.541984e-01,1.770997e-01
3.103857e-02,3.915858e-01,1.957935e-01
3.104057e-02,4.289114e-01,2.144564e-01
3.104257e-02,4.661694e-01,2.330854e-01
3.104457e-02,5.033539e-01,2.516777e-01
3.104657e-02,5.404589e-01,2.702303e-01
3.104857e-02,5.774787e-01,2.887402e-01
3.105057e-02,6.144074e-01,3.072046e-01
3.105257e-02,6.512392e-01,3.256206e-01
3.105457e-02,6.879682e-01,3.439851e-01
3.105657e-02,7.245887e-01,3.622954e-01
3.105857e-02,7.610949e-01,3.805486e-01
3.106057e-02,7.974810e-01,3.987417e-01
3.106257e-02,8.337413e-01,4.168719e-01
3.106457e-02,8.698701e-01,4.349364e-01
3.106657e-02,9.058617e-01,4.529322e-01
3.106857e-02,9.417104e-01,4.708566e-01
3.107057e-02,9.774105e-01,4.887067e-01
3.107257e-02,1.012956e+00,5.064797e-01
3.107457e-02,1.048343e+00,5.241729e-01
3.107657e-02,1.083563e+00,5.417833e-01
3.107857e-02,1.118613e+00,5.593083e-01
3.108057e-02,1.153487e+00,5.767450e-01
3.108257e-02,1.188178e+00,5.940908e-01
3.108457e-02,1.222682e+00,6.113428e-01
3.108657e-02,1.256993e+00,6.284984e-01
3.108857e-02,1.291106e+00,6.455548e-01
3.109057e-02,1.325015e+00,6.625094e-01
3.109257e-02,1.358715e+00,6.793595e-01
3.109457e-02,1.392201e+00,6.961025e-01
3.109657e-02,1.425467e+00,7.127356e-01
3.109857e-02,1.458508e+00,7.292563e-01
3.110057e-02,1.491319e+00,7.456619e-01
3.110257e-02,1.523895e+00,7.619499e-01
3.110457e-02,1.556231e+00,7.781177e-01
3.110657e-02,1.588321e+00,7.941628e-01
3.110857e-02,1.620160e+00,8.100826e-01
3.111057e-02,1.651744e+00,8.258746e-01
3.111257e-02,1.683067e+00,8.415363e-01
3.111457e-02,1.714125e+00,8.570652e-01
3.111657e-02,1.744913e+00,8.724590e-01
3.111857e-02,1.775425e+00,8.877151e-01
3.112057e-02,1.805657e+00,9.028312e-01
3.112257e-02,1.835604e+00,9.178048e-01
3.112457e-02,1.865262e+00,9.326337e-01
3.112657e-02,1.894625e+00,9.473155e-01
3.112857e-02,1.923690e+00,9.618478e-01
3.113057e-02,1.952451e+00,9.762283e-01
3.113257e-02,1.980904e+00,9.904549e-01
3.113457e-02,2.009044e+00,1.004525e+00
3.113657e-02,2.036868e+00,1.018437e+00
3.113857e-02,2.064370e+00,1.032188e+00
3.114057e-02,2.091547e+00,1.045777e+00
3.114257e-02,2.118394e+00,1.059200e+00
3.114457e-02,2.144906e+00,1.072456e+00
3.114657e-02,2.171081e+00,1.085544e+00
3.114857e-02,2.196912e+00,1.098459e+00
3.115057e-02,2.222397e+00,1.111202e+00
3.115257e-02,2.247532e+00,1.123769e+00
3.115457e-02,2.272312e+00,1.136159e+00
3.115657e-02,2.296733e+00,1.148370e+00
3.115857e-02,2.320793e+00,1.160400e+00
3.116057e-02,2.344486e+00,1.172246e+00
3.116257e-02,2.367809e+00,1.183908e+00
3.116457e-02,2.390759e+00,1.195383e+00
3.116657e-02,2.413331e+00,1.206669e+00
3.116857e-02,2.435523e+00,1.217765e+00
3.117057e-02,2.457331e+00,1.228669e+00
3.117257e-02,2.478751e+00,1.239379e+00
3.117457e-02,2.499780e+00,1.249894e+00
3.117657e-02,2.520414e+00,1.260211e+00
3.117857e-02,2.540651e+00,1.270330e+00
3.118057e-02,2.560488e+00,1.280248e+00
3.118257e-02,2.579920e+00,1.289964e+00
3.118457e-02,2.598945e+00,1.299477e+00
3.118657e-02,2.617561e+00,1.308784e+00
3.118857e-02,2.635763e+00,1.317886e+00
3.119057e-02,2.653550e+00,1.326779e+00
3.119257e-02,2.670918e+00,1.335463e+00
3.119457e-02,2.687865e+00,1.343936e+00
3.119657e-02,2.704387e+00,1.352198e+00
3.119857e-02,2.720483e+00,1.360246e+00
3.120057e-02,2.736150e+00,1.368079e+00
3.120257e-02,2.751386e+00,1.375697e+00
3.120457e-02,2.766187e+00,1.383098e+00
3.120657e-02,2.780552e+00,1.390280e+00
3.120857e-02,2.794478e+00,1.397243e+00
3.121057e-02,2.807963e+00,1.403986e+00
3.121257e-02,2.821006e+00,1.410507e+00
3.121457e-02,2.833603e+00,1.416806e+00
3.121657e-02,2.845754e+00,1.422881e+00
3.121857e-02,2.857455e+00,1.428732e+00
3.122057e-02,2.868706e+00,1.434357e+00
3.122257e-02,2.879504e+00,1.439756e+00
3.122457e-02,2.889848e+00,1.444928e+00
3.122657e-02,2.899736e+00,1.449872e+00
3.122857e-02,2.909167e+00,1.454588e+00
3.123057e-02,2.918138e+00,1.459073e+00
3.123257e-02,2.926650e+00,1.463329e+00
3.123457e-02,2.934699e+00,1.467354e+00
3.123657e-02,2.942286e+00,1.471147e+00
3.123857e-02,2.949409e+00,1.474709e+00
3.124057e-02,2.956066e+00,1.478037e+00
3.124257e-02,2.962257e+00,1.481133e+00
3.124457e-02,2.967980e+00,1.483995e+00
3.124657e-02,2.973236e+00,1.486622e+00
3.124857e-02,2.978022e+00,1.489016e+00
3.125057e-02,2.982339e+00,1.491174e+00
3.125257e-02,2.986185e+00,1.493097e+00
3.125457e-02,2.989560e+00,1.494785e+00
3.125657e-02,2.992464e+00,1.496236e+00
3.125857e-02,2.994895e+00,1.497452e+00
3.126057e-02,2.996854e+00,1.498432e+00
3.126257e-02,2.998340e+00,1.499175e+00
3.126457e-02,2.999354e+00,1.499681e+00
3.126657e-02,2.999894e+00,1.499951e+00
3.126857e-02,2.999961e+00,1.499985e+00
3.127057e-02,2.999554e+00,1.499782e+00
3.127257e-02,2.998675e+00,1.499342e+00
3.127457e-02,2.997322e+00,1.498665e+00
3.127657e-02,2.995496e+00,1.497753e+00
3.127857e-02,2.993198e+00,1.496604e+00
3.128057e-02,2.990428e+00,1.495219e+00
3.128257e-02,2.987186e+00,1.493598e+00
3.128457e-02,2.983473e+00,1.491741e+00
3.128657e-02,2.979289e+00,1.489649e+00
3.128857e-02,2.974635e+00,1.487322e+00
3.129057e-02,2.969512e+00,1.484761e+00
3.129257e-02,2.963921e+00,1.481965e+00
3.129457e-02,2.957862e+00,1.478935e+00
3.129657e-02,2.951336e+00,1.475672e+00
3.129857e-02,2.944345e+00,1.472177e+00
3.130057e-02,2.936889e+00,1.468449e+00
3.130257e-02,2.928970e+00,1.464489e+00
3.130457e-02,2.920589e+00,1.460299e+00
3.130657e-02,2.911747e+00,1.455878e+00
3.130857e-02,2.902446e+00,1.451227e+00
3.131057e-02,2.892687e+00,1.446348e+00
3.131257e-02,2.882472e+00,1.441240e+00
3.131457e-02,2.871802e+00,1.435905e+00
3.131657e-02,2.860679e+00,1.430344e+00
3.131857e-02,2.849104e+00,1.424556e+00
3.132057e-02,2.837080e+00,1.418544e+00
3.132257e-02,2.824609e+00,1.412309e+00
3.132457e-02,2.811692e+00,1.405850e+00
3.132657e-02,2.798332e+00,1.399170e+00
3.132857e-02,2.784530e+00,1.392269e+00
3.133057e-02,2.770288e+00,1.385148e+00
3.133257e-02,2.755610e+00,1.377809e+00
3.133457e-02,2.740497e+00,1.370253e+00
3.133657e-02,2.724952e+00,1.362480e+00
3.133857e-02,2.708977e+00,1.354493e+00
3.134057e-02,2.692575e+00,1.346291e+00
3.134257e-02,2.675747e+00,1.337878e+00
3.134457e-02,2.658498e+00,1.329253e+00
3.134657e-02,2.640829e+00,1.320419e+00
3.134857e-02,2.622744e+00,1.311376e+00
3.135057e-02,2.604245e+00,1.302126e+00
3.135257e-02,2.585335e+00,1.292671e+00
3.135457e-02,2.566018e+00,1.283013e+00
3.135657e-02,2.546295e+00,1.273151e+00
3.135857e-02,2.526171e+00,1.263089e+00
3.136057e-02,2.505648e+00,1.252828e+00
3.136257e-02,2.484730e+00,1.242369e+00
3.136457e-02,2.463420e+00,1.231714e+00
3.136657e-02,2.441722e+00,1.220865e+00
3.136857e-02,2.419638e+00,1.209823e+00
3.137057e-02,2.397173e+00,1.198590e+00
3.137257e-02,2.374329e+00,1.187168e+00
3.137457e-02,2.351111e+00,1.175559e+00
3.137657e-02,2.327522e+00,1.163765e+00
3.137857e-02,2.303566e+00,1.151786e+00
3.138057e-02,2.279246e+00,1.139627e+00
3.138257e-02,2.254567e+00,1.127287e+00
3.138457e-02,2.229532e+00,1.114770e+00
3.138657e-02,2.204146e+00,1.102076e+00
3.138857e-02,2.178412e+00,1.089209e+00
3.139057e-02,2.152334e+00,1.076170e+00
3.139257e-02,2.125916e+00,1.062961e+00
3.139457e-02,2.099164e+00,1.049585e+00
3.139657e-02,2.072080e+00,1.036043e+00
3.139857e-02,2.044669e+00,1.022338e+00
3.140057e-02,2.016936e+00,1.008471e+00
3.140257e-02,1.988884e+00,9.944451e-01
3.140457e-02,1.960519e+00,9.802624e-01
3.140657e-02,1.931844e+00,9.659251e-01
3.140857e-02,1.902865e+00,9.514354e-01
3.141057e-02,1.873586e+00,9.367956e-01
3.141257e-02,1.844011e+00,9.220081e-01
3.141457e-02,1.814145e+00,9.070751e-01
3.141657e-02,1.783993e+00,8.919990e-01
3.141857e-02,1.753559e+00,8.767822e-01
3.142057e-02,1.722849e+00,8.614271e-01
3.142257e-02,1.691867e+00,8.459360e-01
3.142457e-02,1.660618e+00,8.303116e-01
3.142657e-02,1.629107e+00,8.145561e-01
3.142857e-02,1.597340e+00,7.986722e-01
3.143057e-02,1.565320e+00,7.826623e-01
3.143257e-02,1.533053e+00,7.665289e-01
3.143457e-02,1.500545e+00,7.502745e-01
3.143657e-02,1.467799e+00,7.339019e-01
3.143857e-02,1.434823e+00,7.174134e-01
3.144057e-02,1.401619e+00,7.008118e-01
3.144257e-02,1.368195e+00,6.840996e-01
3.144457e-02,1.334555e+00,6.672795e-01
3.144657e-02,1.300704e+00,6.503542e-01
3.144857e-02,1.266649e+00,6.333262e-01
3.145057e-02,1.232393e+00,6.161983e-01
3.145257e-02,1.197943e+00,5.989733e-01
3.145457e-02,1.163304e+00,5.816537e-01
3.145657e-02,1.128481e+00,5.642424e-01
3.145857e-02,1.093481e+00,5.467421e-01
3.146057e-02,1.058308e+00,5.291555e-01
3.146257e-02,1.022968e+00,5.114855e-01
3.146457e-02,9.874665e-01,4.937347e-01
3.146657e-02,9.518093e-01,4.759061e-01
3.146857e-02,9.160020e-01,4.580024e-01
3.147057e-02,8.800502e-01,4.400264e-01
3.147257e-02,8.439596e-01,4.219811e-01
3.147457e-02,8.077359e-01,4.038691e-01
3.147657e-02,7.713847e-01,3.856935e-01
3.147857e-02,7.349118e-01,3.674570e-01
3.148057e-02,6.983230e-01,3.491626e-01
3.148257e-02,6.616241e-01,3.308130e-01
3.148457e-02,6.248207e-01,3.124113e-01
3.148657e-02,5.879188e-01,2.939603e-01
3.148857e-02,5.509242e-01,2.754629e-01
3.149057e-02,5.138426e-01,2.569221e-01
3.149257e-02,4.766800e-01,2.383407e-01
3.149457e-02,4.394422e-01,2.197218e-01
3.149657e-02,4.021351e-01,2.010681e-01
3.149857e-02,3.647645e-01,1.823828e-01
3.150057e-02,3.273364e-01,1.636687e-01
3.150257e-02,2.898567e-01,1.449288e-01
3.150457e-02,2.523312e-01,1.261660e-01
3.150657e-02,2.147659e-01,1.073833e-01
3.150857e-02,1.771667e-01,8.858363e-02
3.151057e-02,1.395396e-01,6.977002e-02
3.151257e-02,1.018905e-01,5.094540e-02
3.151457e-02,6.422531e-02,3.211275e-02
3.151657e-02,2.654998e-02,1.327503e-02
3.151857e-02,-1.112953e-02,-5.564783e-03
3.152057e-02,-4.880729e-02,-2.440372e-02
3.152257e-02,-8.647735e-02,-4.323881e-02
3.152457e-02,-1.241338e-01,-6.206707e-02
3.152657e-02,-1.617706e-01,-8.088554e-02
3.152857e-02,-1.993819e-01,-9.969126e-02
3.153057e-02,-2.369618e-01,-1.184812e-01
3.153257e-02,-2.745043e-01,-1.372525e-01
3.153457e-02,-3.120034e-01,-1.560022e-01
3.153657e-02,-3.494534e-01,-1.747272e-01
3.153857e-02,-3.868482e-01,-1.934247e-01
3.154057e-02,-4.241820e-01,-2.120917e-01
3.154257e-02,-4.614489e-01,-2.307252e-01
3.154457e-02,-4.986430e-01,-2.493223e-01
3.154657e-02,-5.357585e-01,-2.678800e-01
3.154857e-02,-5.727894e-01,-2.863956e-01
3.155057e-02,-6.097299e-01,-3.048659e-01
3.155257e-02,-6.465743e-01,-3.232881e-01
3.155457e-02,-6.833167e-01,-3.416594e-01
3.155657e-02,-7.199513e-01,-3.599767e-01
3.155857e-02,-7.564723e-01,-3.782373e-01
3.156057e-02,-7.928740e-01,-3.964382e-01
3.156257e-02,-8.291506e-01,-4.145765e-01
3.156457e-02,-8.652964e-01,-4.326495e-01
3.156657e-02,-9.013057e-01,-4.506542e-01
3.156857e-02,-9.371728e-01,-4.685878e-01
3.157057e-02,-9.728920e-01,-4.864475e-01
3.157257e-02,-1.008458e+00,-5.042304e-01
3.157457e-02,-1.043865e+00,-5.219338e-01
3.157657e-02,-1.079107e+00,-5.395549e-01
3.157857e-02,-1.114178e+00,-5.570909e-01
3.158057e-02,-1.149074e+00,-5.745389e-01
3.158257e-02,-1.183789e+00,-5.918964e-01
3.158457e-02,-1.218317e+00,-6.091605e-01
3.158657e-02,-1.252653e+00,-6.263284e-01
3.158857e-02,-1.286791e+00,-6.433976e-01
3.159057e-02,-1.320727e+00,-6.603653e-01
3.159257e-02,-1.354453e+00,-6.772288e-01
3.159457e-02,-1.387967e+00,-6.939854e-01
3.159657e-02,-1.421261e+00,-7.106326e-01
3.159857e-02,-1.454331e+00,-7.271677e-01
3.160057e-02,-1.487172e+00,-7.435881e-01
3.160257e-02,-1.519778e+00,-7.598911e-01
3.160457e-02,-1.552144e+00,-7.760743e-01
3.160657e-02,-1.584265e+00,-7.921351e-01
3.160857e-02,-1.616137e+00,-8.080709e-01
3.161057e-02,-1.647754e+00,-8.238792e-01
3.161257e-02,-1.679110e+00,-8.395576e-01
3.161457e-02,-1.710202e+00,-8.551035e-01
3.161657e-02,-1.741024e+00,-8.705146e-01
3.161857e-02,-1.771571e+00,-8.857883e-01
3.162057e-02,-1.801839e+00,-9.009222e-01
3.162257e-02,-1.831823e+00,-9.159141e-01
3.162457e-02,-1.861517e+00,-9.307615e-01
3.162657e-02,-1.890918e+00,-9.454620e-01
3.162857e-02,-1.920021e+00,-9.600134e-01
3.163057e-02,-1.948821e+00,-9.744133e-01
3.163257e-02,-1.977313e+00,-9.886595e-01
3.163457e-02,-2.005494e+00,-1.002750e+00
3.163657e-02,-2.033358e+00,-1.016682e+00
3.163857e-02,-2.060901e+00,-1.030454e+00
3.164057e-02,-2.088119e+00,-1.044063e+00
3.164257e-02,-2.115008e+00,-1.057507e+00
3.164457e-02,-2.141563e+00,-1.070785e+00
3.164657e-02,-2.167780e+00,-1.083893e+00
3.164857e-02,-2.193656e+00,-1.096831e+00
3.165057e-02,-2.219185e+00,-1.109596e+00
3.165257e-02,-2.244364e+00,-1.122185e+00
3.165457e-02,-2.269189e+00,-1.134598e+00
3.165657e-02,-2.293657e+00,-1.146832e+00
3.165857e-02,-2.317762e+00,-1.158884e+00
3.166057e-02,-2.341502e+00,-1.170754e+00
3.166257e-02,-2.364872e+00,-1.182440e+00
3.166457e-02,-2.387869e+00,-1.193938e+00
3.166657e-02,-2.410490e+00,-1.205249e+00
3.166857e-02,-2.432730e+00,-1.216369e+00
3.167057e-02,-2.454587e+00,-1.227297e+00
3.167257e-02,-2.476056e+00,-1.238032e+00
3.167457e-02,-2.497135e+00,-1.248571e+00
3.167657e-02,-2.517820e+00,-1.258914e+00
3.167857e-02,-2.538107e+00,-1.269058e+00
3.168057e-02,-2.557995e+00,-1.279001e+00
3.168257e-02,-2.577478e+00,-1.288743e+00
3.168457e-02,-2.596556e+00,-1.298282e+00
3.168657e-02,-2.615223e+00,-1.307615e+00
3.168857e-02,-2.633478e+00,-1.316743e+00
3.169057e-02,-2.651318e+00,-1.325663e+00
3.169257e-02,-2.668739e+00,-1.334373e+00
3.169457e-02,-2.685739e+00,-1.342874e+00
3.169657e-02,-2.702316e+00,-1.351162e+00
3.169857e-02,-2.718466e+00,-1.359237e+00
3.170057e-02,-2.734187e+00,-1.367098e+00
3.170257e-02,-2.749478e+00,-1.374743e+00
3.170457e-02,-2.764334e+00,-1.382171e+00
3.170657e-02,-2.778754e+00,-1.389381e+00
3.170857e-02,-2.792736e+00,-1.396372e+00
3.171057e-02,-2.806278e+00,-1.403143e+00
3.171257e-02,-2.819376e+00,-1.409692e+00
3.171457e-02,-2.832030e+00,-1.416019e+00
3.171657e-02,-2.844238e+00,-1.422123e+00
3.171857e-02,-2.855996e+00,-1.428002e+00
3.172057e-02,-2.867304e+00,-1.433656e+00
3.172257e-02,-2.878160e+00,-1.439084e+00
3.172457e-02,-2.888561e+00,-1.444285e+00
3.172657e-02,-2.898507e+00,-1.449258e+00
3.172857e-02,-2.907996e+00,-1.454002e+00
3.173057e-02,-2.917026e+00,-1.458517e+00
3.173257e-02,-2.925596e+00,-1.462802e+00
3.173457e-02,-2.933704e+00,-1.466856e+00
3.173657e-02,-2.941350e+00,-1.470679e+00
3.173857e-02,-2.948531e+00,-1.474270e+00
3.174057e-02,-2.955247e+00,-1.477628e+00
3.174257e-02,-2.961498e+00,-1.480753e+00
3.174457e-02,-2.967281e+00,-1.483645e+00
3.174657e-02,-2.972595e+00,-1.486302e+00
3.174857e-02,-2.977441e+00,-1.488725e+00
3.175057e-02,-2.981818e+00,-1.490913e+00
3.175257e-02,-2.985724e+00,-1.492866e+00
3.175457e-02,-2.989158e+00,-1.494584e+00
3.175657e-02,-2.992122e+00,-1.496065e+00
3.175857e-02,-2.994613e+00,-1.497311e+00
3.176057e-02,-2.996632e+00,-1.498320e+00
3.176257e-02,-2.998178e+00,-1.499094e+00
3.176457e-02,-2.999251e+00,-1.499630e+00
3.176657e-02,-2.999851e+00,-1.499930e+00
3.176857e-02,-2.999978e+00,-1.499994e+00
3.177057e-02,-2.999632e+00,-1.499820e+00
3.177257e-02,-2.998812e+00,-1.499411e+00
3.177457e-02,-2.997520e+00,-1.498764e+00
3.177657e-02,-2.995754e+00,-1.497882e+00
3.177857e-02,-2.993516e+00,-1.496762e+00
3.178057e-02,-2.990806e+00,-1.495407e+00
3.178257e-02,-2.987623e+00,-1.493816e+00
3.178457e-02,-2.983970e+00,-1.491989e+00
3.178657e-02,-2.979846e+00,-1.489927e+00
3.178857e-02,-2.975252e+00,-1.487630e+00
3.179057e-02,-2.970188e+00,-1.485098e+00
3.179257e-02,-2.964656e+00,-1.482332e+00
3.179457e-02,-2.958656e+00,-1.479332e+00
3.179657e-02,-2.952189e+00,-1.476099e+00
3.179857e-02,-2.945257e+00,-1.472633e+00
3.180057e-02,-2.937860e+00,-1.468935e+00
3.180257e-02,-2.930000e+00,-1.465004e+00
3.180457e-02,-2.921677e+00,-1.460843e+00
3.180657e-02,-2.912894e+00,-1.456451e+00
3.180857e-02,-2.903651e+00,-1.451830e+00
3.181057e-02,-2.893950e+00,-1.446979e+00
3.181257e-02,-2.883792e+00,-1.441900e+00
3.181457e-02,-2.873180e+00,-1.436594e+00
3.181657e-02,-2.862114e+00,-1.431061e+00
3.181857e-02,-2.850597e+00,-1.425303e+00
3.182057e-02,-2.838630e+00,-1.419319e+00
3.182257e-02,-2.826215e+00,-1.413112e+00
3.182457e-02,-2.813355e+00,-1.406682e+00
3.182657e-02,-2.800050e+00,-1.400029e+00
3.182857e-02,-2.786304e+00,-1.393156e+00
3.183057e-02,-2.772119e+00,-1.386063e+00
3.183257e-02,-2.757496e+00,-1.378752e+00
3.183457e-02,-2.742438e+00,-1.371223e+00
3.183657e-02,-2.726947e+00,-1.363478e+00
3.183857e-02,-2.711026e+00,-1.355517e+00
3.184057e-02,-2.694678e+00,-1.347343e+00
3.184257e-02,-2.677905e+00,-1.338956e+00
3.184457e-02,-2.660709e+00,-1.330358e+00
3.184657e-02,-2.643093e+00,-1.321550e+00
3.184857e-02,-2.625060e+00,-1.312534e+00
3.185057e-02,-2.606614e+00,-1.303311e+00
3.185257e-02,-2.587756e+00,-1.293882e+00
3.185457e-02,-2.568490e+00,-1.284249e+00
3.185657e-02,-2.548818e+00,-1.274413e+00
3.185857e-02,-2.528745e+00,-1.264376e+00
3.186057e-02,-2.508273e+00,-1.254140e+00
3.186257e-02,-2.487405e+00,-1.243706e+00
3.186457e-02,-2.466144e+00,-1.233076e+00
3.186657e-02,-2.444495e+00,-1.222251e+00
3.186857e-02,-2.422460e+00,-1.211233e+00
3.187057e-02,-2.400042e+00,-1.200025e+00
3.187257e-02,-2.377247e+00,-1.188627e+00
3.187457e-02,-2.354076e+00,-1.177041e+00
3.187657e-02,-2.330534e+00,-1.165270e+00
3.187857e-02,-2.306624e+00,-1.153315e+00
3.188057e-02,-2.282350e+00,-1.141178e+00
3.188257e-02,-2.257716e+00,-1.128862e+00
3.188457e-02,-2.232726e+00,-1.116367e+00
3.188657e-02,-2.207384e+00,-1.103695e+00
3.188857e-02,-2.181694e+00,-1.090850e+00
3.189057e-02,-2.155659e+00,-1.077833e+00
3.189257e-02,-2.129285e+00,-1.064646e+00
3.189457e-02,-2.102574e+00,-1.051290e+00
3.189657e-02,-2.075532e+00,-1.037769e+00
3.189857e-02,-2.048163e+00,-1.024084e+00
3.190057e-02,-2.020470e+00,-1.010238e+00
3.190257e-02,-1.992459e+00,-9.962323e-01
3.190457e-02,-1.964133e+00,-9.820694e-01
3.190657e-02,-1.935497e+00,-9.677516e-01
3.190857e-02,-1.906556e+00,-9.532811e-01
3.191057e-02,-1.877315e+00,-9.386602e-01
3.191257e-02,-1.847777e+00,-9.238913e-01
3.191457e-02,-1.817948e+00,-9.089766e-01
3.191657e-02,-1.787832e+00,-8.939185e-01
3.191857e-02,-1.757434e+00,-8.787194e-01
3.192057e-02,-1.726758e+00,-8.633817e-01
3.192257e-02,-1.695811e+00,-8.479078e-01
3.192457e-02,-1.664595e+00,-8.323001e-01
3.192657e-02,-1.633117e+00,-8.165612e-01
3.192857e-02,-1.601382e+00,-8.006934e-01
3.193057e-02,-1.569394e+00,-7.846993e-01
3.193257e-02,-1.537158e+00,-7.685814e-01
3.193457e-02,-1.504680e+00,-7.523423e-01
3.193657e-02,-1.471964e+00,-7.359845e-01
3.193857e-02,-1.439017e+00,-7.195105e-01
3.194057e-02,-1.405842e+00,-7.029231e-01
3.194257e-02,-1.372446e+00,-6.862248e-01
3.194457e-02,-1.338832e+00,-6.694183e-01
3.194657e-02,-1.305008e+00,-6.525061e-01
3.194857e-02,-1.270978e+00,-6.354910e-01
3.195057e-02,-1.236748e+00,-6.183757e-01
3.195257e-02,-1.202322e+00,-6.011628e-01
3.195457e-02,-1.167707e+00,-5.838550e-01
3.195657e-02,-1.132907e+00,-5.664552e-01
3.195857e-02,-1.097929e+00,-5.489660e-01
3.196057e-02,-1.062777e+00,-5.313902e-01
3.196257e-02,-1.027458e+00,-5.137306e-01
3.196457e-02,-9.919769e-01,-4.959899e-01
3.196657e-02,-9.563392e-01,-4.781710e-01
3.196857e-02,-9.205507e-01,-4.602767e-01
3.197057e-02,-8.846169e-01,-4.423098e-01
3.197257e-02,-8.485435e-01,-4.242730e-01
3.197457e-02,-8.123363e-01,-4.061694e-01
3.197657e-02,-7.760010e-01,-3.880017e-01
3.197857e-02,-7.395433e-01,-3.697727e-01
3.198057e-02,-7.029688e-01,-3.514855e-01
3.198257e-02,-6.662835e-01,-3.331428e-01
3.198457e-02,-6.294931e-01,-3.147475e-01
3.198657e-02,-5.926034e-01,-2.963026e-01
3.198857e-02,-5.556202e-01,-2.778109e-01
3.199057e-02,-5.185493e-01,-2.592754e-01
3.199257e-02,-4.813967e-01,-2.406991e-01
3.199457e-02,-4.441681e-01,-2.220847e-01
3.199657e-02,-4.068694e-01,-2.034353e-01
3.199857e-02,-3.695065e-01,-1.847538e-01
3.200057e-02,-3.320854e-01,-1.660432e-01
3.200257e-02,-2.946119e-01,-1.473064e-01
3.200457e-02,-2.570919e-01,-1.285463e-01
3.200657e-02,-2.195313e-01,-1.097660e-01
3.200857e-02,-1.819361e-01,-9.096833e-02
3.201057e-02,-1.443122e-01,-7.215633e-02
3.201257e-02,-1.066656e-01,-5.333294e-02
3.201457e-02,-6.900208e-02,-3.450114e-02
3.201657e-02,-3.132771e-02,-1.566390e-02
3.201857e-02,6.351607e-03,3.175813e-03
3.202057e-02,4.402992e-02,2.201502e-02
3.202257e-02,8.170128e-02,4.085076e-02
3.202457e-02,1.193598e-01,5.968006e-02
3.202657e-02,1.569994e-01,7.849994e-02
3.202857e-02,1.946143e-01,9.730744e-02
3.203057e-02,2.321985e-01,1.160996e-01
3.203257e-02,2.697460e-01,1.348734e-01
3.203457e-02,3.072510e-01,1.536260e-01
3.203657e-02,3.447075e-01,1.723543e-01
3.203857e-02,3.821097e-01,1.910554e-01
3.204057e-02,4.194516e-01,2.097264e-01
3.204257e-02,4.567273e-01,2.283643e-01
3.204457e-02,4.939309e-01,2.469662e-01
3.204657e-02,5.310567e-01,2.655291e-01
3.204857e-02,5.680986e-01,2.840502e-01
3.205057e-02,6.050510e-01,3.025264e-01
3.205257e-02,6.419078e-01,3.209549e-01
3.205457e-02,6.786635e-01,3.393328e-01
3.205657e-02,7.153120e-01,3.576571e-01
3.205857e-02,7.518478e-01,3.759250e-01
3.206057e-02,7.882649e-01,3.941336e-01
3.206257e-02,8.245577e-01,4.122801e-01
3.206457e-02,8.607204e-01,4.303615e-01
3.206657e-02,8.967473e-01,4.483750e-01
3.206857e-02,9.326328e-01,4.663178e-01
3.207057e-02,9.683711e-01,4.841870e-01
3.207257e-02,1.003957e+00,5.019798e-01
3.207457e-02,1.039384e+00,5.196935e-01
3.207657e-02,1.074647e+00,5.373252e-01
3.207857e-02,1.109741e+00,5.548721e-01
3.208057e-02,1.144659e+00,5.723314e-01
3.208257e-02,1.179397e+00,5.897005e-01
3.208457e-02,1.213950e+00,6.069766e-01
3.208657e-02,1.248310e+00,6.241569e-01
3.208857e-02,1.282474e+00,6.412387e-01
3.209057e-02,1.316435e+00,6.582194e-01
3.209257e-02,1.350188e+00,6.750963e-01
3.209457e-02,1.383729e+00,6.918666e-01
3.209657e-02,1.417051e+00,7.085278e-01
3.209857e-02,1.450150e+00,7.250773e-01
3.210057e-02,1.483020e+00,7.415123e-01
3.210257e-02,1.515656e+00,7.578304e-01
3.210457e-02,1.548053e+00,7.740290e-01
3.210657e-02,1.580206e+00,7.901054e-01
3.210857e-02,1.612110e+00,8.060572e-01
3.211057e-02,1.643759e+00,8.218818e-01
3.211257e-02,1.675149e+00,8.375768e-01
3.211457e-02,1.706274e+00,8.531397e-01
3.211657e-02,1.737131e+00,8.685679e-01
3.211857e-02,1.767713e+00,8.838592e-01
3.212057e-02,1.798017e+00,8.990110e-01
3.212257e-02,1.828037e+00,9.140210e-01
3.212457e-02,1.857768e+00,9.288868e-01
3.212657e-02,1.887207e+00,9.436061e-01
3.212857e-02,1.916347e+00,9.581765e-01
3.213057e-02,1.945186e+00,9.725958e-01
3.213257e-02,1.973717e+00,9.868616e-01
3.213457e-02,2.001938e+00,1.000972e+00
3.213657e-02,2.029842e+00,1.014924e+00
3.213857e-02,2.057426e+00,1.028716e+00
3.214057e-02,2.084686e+00,1.042346e+00
3.214257e-02,2.111617e+00,1.055812e+00
3.214457e-02,2.138214e+00,1.069110e+00
3.214657e-02,2.164475e+00,1.082241e+00
3.214857e-02,2.190394e+00,1.095200e+00
3.215057e-02,2.215967e+00,1.107987e+00
3.215257e-02,2.241191e+00,1.120599e+00
3.215457e-02,2.266061e+00,1.133034e+00
3.215657e-02,2.290574e+00,1.145290e+00
3.215857e-02,2.314725e+00,1.157366e+00
3.216057e-02,2.338512e+00,1.169259e+00
3.216257e-02,2.361929e+00,1.180968e+00
3.216457e-02,2.384974e+00,1.192491e+00
3.216657e-02,2.407643e+00,1.203825e+00
3.216857e-02,2.429931e+00,1.214969e+00
3.217057e-02,2.451837e+00,1.225922e+00
3.217257e-02,2.473355e+00,1.236681e+00
3.217457e-02,2.494484e+00,1.247246e+00
3.217657e-02,2.515219e+00,1.257613e+00
3.217857e-02,2.535557e+00,1.267782e+00
3.218057e-02,2.555495e+00,1.277751e+00
3.218257e-02,2.575030e+00,1.287519e+00
3.218457e-02,2.594159e+00,1.297083e+00
3.218657e-02,2.612879e+00,1.306443e+00
3.218857e-02,2.631186e+00,1.315597e+00
3.219057e-02,2.649079e+00,1.324543e+00
3.219257e-02,2.666553e+00,1.333281e+00
3.219457e-02,2.683607e+00,1.341807e+00
3.219657e-02,2.700237e+00,1.350123e+00
3.219857e-02,2.716442e+00,1.358225e+00
3.220057e-02,2.732218e+00,1.366113e+00
3.220257e-02,2.747563e+00,1.373785e+00
3.220457e-02,2.762474e+00,1.381241e+00
3.220657e-02,2.776950e+00,1.388479e+00
3.220857e-02,2.790988e+00,1.395498e+00
3.221057e-02,2.804585e+00,1.402297e+00
3.221257e-02,2.817740e+00,1.408874e+00
3.221457e-02,2.830451e+00,1.415230e+00
3.221657e-02,2.842715e+00,1.421362e+00
3.221857e-02,2.854530e+00,1.427269e+00
3.222057e-02,2.865895e+00,1.432952e+00
3.222257e-02,2.876808e+00,1.438408e+00
3.222457e-02,2.887268e+00,1.443638e+00
3.222657e-02,2.897271e+00,1.448640e+00
3.222857e-02,2.906818e+00,1.453413e+00
3.223057e-02,2.915906e+00,1.457958e+00
3.223257e-02,2.924535e+00,1.462272e+00
3.223457e-02,2.932702e+00,1.466355e+00
3.223657e-02,2.940406e+00,1.470207e+00
3.223857e-02,2.947646e+00,1.473828e+00
3.224057e-02,2.954422e+00,1.477215e+00
3.224257e-02,2.960731e+00,1.480370e+00
3.224457e-02,2.966573e+00,1.483291e+00
3.224657e-02,2.971947e+00,1.485978e+00
3.224857e-02,2.976853e+00,1.488431e+00
3.225057e-02,2.981289e+00,1.490649e+00
3.225257e-02,2.985254e+00,1.492632e+00
3.225457e-02,2.988749e+00,1.494379e+00
3.225657e-02,2.991772e+00,1.495891e+00
3.225857e-02,2.994323e+00,1.497166e+00
3.226057e-02,2.996402e+00,1.498206e+00
3.226257e-02,2.998008e+00,1.499009e+00
3.226457e-02,2.999141e+00,1.499575e+00
3.226657e-02,2.999802e+00,1.499905e+00
3.226857e-02,2.999988e+00,1.499999e+00
3.227057e-02,2.999702e+00,1.499855e+00
3.227257e-02,2.998942e+00,1.499476e+00
3.227457e-02,2.997710e+00,1.498859e+00
3.227657e-02,2.996004e+00,1.498007e+00
3.227857e-02,2.993826e+00,1.496917e+00
3.228057e-02,2.991175e+00,1.495592e+00
3.228257e-02,2.988053e+00,1.494031e+00
3.228457e-02,2.984459e+00,1.492234e+00
3.228657e-02,2.980395e+00,1.490202e+00
3.228857e-02,2.975860e+00,1.487935e+00
3.229057e-02,2.970856e+00,1.485432e+00
3.229257e-02,2.965383e+00,1.482696e+00
3.229457e-02,2.959443e+00,1.479726e+00
3.229657e-02,2.953035e+00,1.476522e+00
3.229857e-02,2.946162e+00,1.473085e+00
3.230057e-02,2.938824e+00,1.469416e+00
3.230257e-02,2.931022e+00,1.465515e+00
3.230457e-02,2.922758e+00,1.461383e+00
3.230657e-02,2.914033e+00,1.457021e+00
3.230857e-02,2.904848e+00,1.452429e+00
3.231057e-02,2.895205e+00,1.447607e+00
3.231257e-02,2.885105e+00,1.442557e+00
3.231457e-02,2.874551e+00,1.437280e+00
3.231657e-02,2.863542e+00,1.431775e+00
3.231857e-02,2.852082e+00,1.426045e+00
3.232057e-02,2.840172e+00,1.420090e+00
3.232257e-02,2.827814e+00,1.413911e+00
3.232457e-02,2.815010e+00,1.407509e+00
3.232657e-02,2.801762e+00,1.400885e+00
3.232857e-02,2.788072e+00,1.394040e+00
3.233057e-02,2.773942e+00,1.386975e+00
3.233257e-02,2.759374e+00,1.379691e+00
3.233457e-02,2.744371e+00,1.372190e+00
3.233657e-02,2.728935e+00,1.364472e+00
3.233857e-02,2.713069e+00,1.356539e+00
3.234057e-02,2.696775e+00,1.348391e+00
3.234257e-02,2.680055e+00,1.340031e+00
3.234457e-02,2.662912e+00,1.331460e+00
3.234657e-02,2.645350e+00,1.322679e+00
3.234857e-02,2.627370e+00,1.313689e+00
3.235057e-02,2.608976e+00,1.304492e+00
3.235257e-02,2.590170e+00,1.295089e+00
3.235457e-02,2.570955e+00,1.285481e+00
3.235657e-02,2.551335e+00,1.275671e+00
3.235857e-02,2.531312e+00,1.265660e+00
3.236057e-02,2.510890e+00,1.255449e+00
3.236257e-02,2.490072e+00,1.245040e+00
3.236457e-02,2.468862e+00,1.234435e+00
3.236657e-02,2.447261e+00,1.223634e+00
3.236857e-02,2.425275e+00,1.212641e+00
3.237057e-02,2.402906e+00,1.201457e+00
3.237257e-02,2.380158e+00,1.190083e+00
3.237457e-02,2.357035e+00,1.178521e+00
3.237657e-02,2.333539e+00,1.166773e+00
3.237857e-02,2.309676e+00,1.154841e+00
3.238057e-02,2.285448e+00,1.142727e+00
3.238257e-02,2.260860e+00,1.130433e+00
3.238457e-02,2.235915e+00,1.117961e+00
3.238657e-02,2.210617e+00,1.105312e+00
3.238857e-02,2.184971e+00,1.092489e+00
3.239057e-02,2.158980e+00,1.079493e+00
3.239257e-02,2.132648e+00,1.066327e+00
3.239457e-02,2.105980e+00,1.052993e+00
3.239657e-02,2.078980e+00,1.039493e+00
3.239857e-02,2.051651e+00,1.025829e+00
3.240057e-02,2.023999e+00,1.012003e+00
3.240257e-02,1.996028e+00,9.980170e-01
3.240457e-02,1.967742e+00,9.838739e-01
3.240657e-02,1.939145e+00,9.695756e-01
3.240857e-02,1.910243e+00,9.551244e-01
3.241057e-02,1.881039e+00,9.405225e-01
3.241257e-02,1.851539e+00,9.257722e-01
3.241457e-02,1.821746e+00,9.108758e-01
3.241657e-02,1.791666e+00,8.958358e-01
3.241857e-02,1.761304e+00,8.806545e-01
3.242057e-02,1.730663e+00,8.653342e-01
3.242257e-02,1.699750e+00,8.498774e-01
3.242457e-02,1.668568e+00,8.342866e-01
3.242657e-02,1.637123e+00,8.185641e-01
3.242857e-02,1.605420e+00,8.027125e-01
3.243057e-02,1.573464e+00,7.867343e-01
3.243257e-02,1.541259e+00,7.706320e-01
3.243457e-02,1.508812e+00,7.544081e-01
3.243657e-02,1.476126e+00,7.380652e-01
3.243857e-02,1.443207e+00,7.216058e-01
3.244057e-02,1.410061e+00,7.050327e-01
3.244257e-02,1.376692e+00,6.883483e-01
3.244457e-02,1.343107e+00,6.715553e-01
3.244657e-02,1.309309e+00,6.546564e-01
3.244857e-02,1.275305e+00,6.376542e-01
3.245057e-02,1.241099e+00,6.205514e-01
3.245257e-02,1.206698e+00,6.033507e-01
3.245457e-02,1.172106e+00,5.860549e-01
3.245657e-02,1.137330e+00,5.686666e-01
3.245857e-02,1.102374e+00,5.511886e-01
3.246057e-02,1.067244e+00,5.336236e-01
3.246257e-02,1.031946e+00,5.159745e-01
3.246457e-02,9.964848e-01,4.982439e-01
3.246657e-02,9.608667e-01,4.804348e-01
3.246857e-02,9.250969e-01,4.625499e-01
3.247057e-02,8.891812e-01,4.445920e-01
3.247257e-02,8.531253e-01,4.265639e-01
3.247457e-02,8.169348e-01,4.084686e-01
3.247657e-02,7.806154e-01,3.903089e-01
3.247857e-02,7.441728e-01,3.720875e-01
3.248057e-02,7.076129e-01,3.538075e-01
3.248257e-02,6.709413e-01,3.354717e-01
3.248457e-02,6.341639e-01,3.170829e-01
3.248657e-02,5.972864e-01,2.986441e-01
3.248857e-02,5.603148e-01,2.801582e-01
3.249057e-02,5.232547e-01,2.616281e-01
3.249257e-02,4.861121e-01,2.430568e-01
3.249457e-02,4.488928e-01,2.244471e-01
3.249657e-02,4.116027e-01,2.058020e-01
3.249857e-02,3.742476e-01,1.871244e-01
3.250057e-02,3.368336e-01,1.684173e-01
3.250257e-02,2.993663e-01,1.496836e-01
3.250457e-02,2.618519e-01,1.309263e-01
3.250657e-02,2.242962e-01,1.121484e-01
3.250857e-02,1.867050e-01,9.335280e-02
3.251057e-02,1.490845e-01,7.454245e-02
3.251257e-02,1.114404e-01,5.572034e-02
3.251457e-02,7.377867e-02,3.688945e-02
3.251657e-02,3.610535e-02,1.805273e-02
3.251857e-02,-1.573665e-03,-7.868349e-04
3.252057e-02,-3.925243e-02,-1.962627e-02
3.252257e-02,-7.692501e-02,-3.846262e-02
3.252457e-02,-1.145854e-01,-5.729290e-02
3.252657e-02,-1.522278e-01,-7.611413e-02
3.252857e-02,-1.898462e-01,-9.492336e-02
3.253057e-02,-2.274346e-01,-1.137176e-01
3.253257e-02,-2.649871e-01,-1.324939e-01
3.253457e-02,-3.024978e-01,-1.512494e-01
3.253657e-02,-3.399608e-01,-1.699809e-01
3.253857e-02,-3.773702e-01,-1.886857e-01
3.254057e-02,-4.147200e-01,-2.073606e-01
3.254257e-02,-4.520044e-01,-2.260029e-01
3.254457e-02,-4.892176e-01,-2.446095e-01
3.254657e-02,-5.263535e-01,-2.631775e-01
3.254857e-02,-5.634064e-01,-2.817040e-01
3.255057e-02,-6.003704e-01,-3.001861e-01
3.255257e-02,-6.372397e-01,-3.186208e-01
3.255457e-02,-6.740085e-01,-3.370053e-01
3.255657e-02,-7.106710e-01,-3.553366e-01
3.255857e-02,-7.472214e-01,-3.736118e-01
3.256057e-02,-7.836538e-01,-3.918281e-01
3.256257e-02,-8.199627e-01,-4.099826e-01
3.256457e-02,-8.561422e-01,-4.280724e-01
3.256657e-02,-8.921867e-01,-4.460947e-01
3.256857e-02,-9.280904e-01,-4.640466e-01
3.257057e-02,-9.638477e-01,-4.819253e-01
3.257257e-02,-9.994529e-01,-4.997280e-01
3.257457e-02,-1.034901e+00,-5.174518e-01
3.257657e-02,-1.070185e+00,-5.350940e-01
3.257857e-02,-1.105300e+00,-5.526518e-01
3.258057e-02,-1.140241e+00,-5.701225e-01
3.258257e-02,-1.175003e+00,-5.875031e-01
3.258457e-02,-1.209579e+00,-6.047912e-01
3.258657e-02,-1.243964e+00,-6.219838e-01
3.258857e-02,-1.278153e+00,-6.390782e-01
3.259057e-02,-1.312140e+00,-6.560719e-01
3.259257e-02,-1.345920e+00,-6.729621e-01
3.259457e-02,-1.379488e+00,-6.897461e-01
3.259657e-02,-1.412838e+00,-7.064213e-01
3.259857e-02,-1.445966e+00,-7.229850e-01
3.260057e-02,-1.478865e+00,-7.394347e-01
3.260257e-02,-1.511531e+00,-7.557678e-01
3.260457e-02,-1.543959e+00,-7.719816e-01
3.260657e-02,-1.576143e+00,-7.880737e-01
3.260857e-02,-1.608078e+00,-8.040414e-01
3.261057e-02,-1.639760e+00,-8.198823e-01
3.261257e-02,-1.671183e+00,-8.355939e-01
3.261457e-02,-1.702342e+00,-8.511736e-01
3.261657e-02,-1.733233e+00,-8.666191e-01
3.261857e-02,-1.763850e+00,-8.819279e-01
3.262057e-02,-1.794190e+00,-8.970975e-01
3.262257e-02,-1.824246e+00,-9.121256e-01
3.262457e-02,-1.854014e+00,-9.270099e-01
3.262657e-02,-1.883490e+00,-9.417478e-01
3.262857e-02,-1.912669e+00,-9.563373e-01
3.263057e-02,-1.941546e+00,-9.707758e-01
3.263257e-02,-1.970117e+00,-9.850613e-01
3.263457e-02,-1.998377e+00,-9.991913e-01
3.263657e-02,-2.026321e+00,-1.013164e+00
3.263857e-02,-2.053946e+00,-1.026976e+00
3.264057e-02,-2.081247e+00,-1.040627e+00
3.264257e-02,-2.108220e+00,-1.054113e+00
3.264457e-02,-2.134860e+00,-1.067433e+00
3.264657e-02,-2.161164e+00,-1.080585e+00
3.264857e-02,-2.187126e+00,-1.093566e+00
3.265057e-02,-2.212744e+00,-1.106375e+00
3.265257e-02,-2.238012e+00,-1.119009e+00
3.265457e-02,-2.262927e+00,-1.131467e+00
3.265657e-02,-2.287486e+00,-1.143746e+00
3.265857e-02,-2.311683e+00,-1.155845e+00
3.266057e-02,-2.335516e+00,-1.167761e+00
3.266257e-02,-2.358980e+00,-1.179494e+00
3.266457e-02,-2.382073e+00,-1.191040e+00
3.266657e-02,-2.404789e+00,-1.202398e+00
3.266857e-02,-2.427126e+00,-1.213567e+00
3.267057e-02,-2.449080e+00,-1.224544e+00
3.267257e-02,-2.470648e+00,-1.235328e+00
3.267457e-02,-2.491826e+00,-1.245917e+00
3.267657e-02,-2.512611e+00,-1.256309e+00
3.267857e-02,-2.533000e+00,-1.266504e+00
3.268057e-02,-2.552989e+00,-1.276498e+00
3.268257e-02,-2.572576e+00,-1.286292e+00
3.268457e-02,-2.591756e+00,-1.295882e+00
3.268657e-02,-2.610528e+00,-1.305268e+00
3.268857e-02,-2.628888e+00,-1.314448e+00
3.269057e-02,-2.646833e+00,-1.323420e+00
3.269257e-02,-2.664360e+00,-1.332184e+00
3.269457e-02,-2.681468e+00,-1.340738e+00
3.269657e-02,-2.698152e+00,-1.349080e+00
3.269857e-02,-2.714411e+00,-1.357209e+00
3.270057e-02,-2.730241e+00,-1.365125e+00
3.270257e-02,-2.745641e+00,-1.372825e+00
3.270457e-02,-2.760608e+00,-1.380308e+00
3.270657e-02,-2.775139e+00,-1.387573e+00
3.270857e-02,-2.789232e+00,-1.394620e+00
3.271057e-02,-2.802885e+00,-1.401447e+00
3.271257e-02,-2.816097e+00,-1.408052e+00
3.271457e-02,-2.828863e+00,-1.414436e+00
3.271657e-02,-2.841184e+00,-1.420596e+00
3.271857e-02,-2.853057e+00,-1.426533e+00
3.272057e-02,-2.864479e+00,-1.432244e+00
3.272257e-02,-2.875450e+00,-1.437729e+00
3.272457e-02,-2.885967e+00,-1.442988e+00
3.272657e-02,-2.896028e+00,-1.448018e+00
3.272857e-02,-2.905633e+00,-1.452821e+00
3.273057e-02,-2.914779e+00,-1.457394e+00
3.273257e-02,-2.923466e+00,-1.461737e+00
3.273457e-02,-2.931692e+00,-1.465850e+00
3.273657e-02,-2.939455e+00,-1.469732e+00
3.273857e-02,-2.946754e+00,-1.473381e+00
3.274057e-02,-2.953588e+00,-1.476799e+00
3.274257e-02,-2.959957e+00,-1.479983e+00
3.274457e-02,-2.965858e+00,-1.482934e+00
3.274657e-02,-2.971292e+00,-1.485650e+00
3.274857e-02,-2.976257e+00,-1.488133e+00
3.275057e-02,-2.980752e+00,-1.490381e+00
3.275257e-02,-2.984778e+00,-1.492393e+00
3.275457e-02,-2.988332e+00,-1.494170e+00
3.275657e-02,-2.991415e+00,-1.495712e+00
3.275857e-02,-2.994026e+00,-1.497017e+00
3.276057e-02,-2.996165e+00,-1.498087e+00
3.276257e-02,-2.997831e+00,-1.498920e+00
3.276457e-02,-2.999024e+00,-1.499516e+00
3.276657e-02,-2.999744e+00,-1.499877e+00
3.276857e-02,-2.999991e+00,-1.500000e+00
3.277057e-02,-2.999764e+00,-1.499887e+00
3.277257e-02,-2.999065e+00,-1.499537e+00
3.277457e-02,-2.997892e+00,-1.498951e+00
3.277657e-02,-2.996247e+00,-1.498128e+00
3.277857e-02,-2.994128e+00,-1.497069e+00
3.278057e-02,-2.991538e+00,-1.495773e+00
3.278257e-02,-2.988475e+00,-1.494242e+00
3.278457e-02,-2.984941e+00,-1.492475e+00
3.278657e-02,-2.980936e+00,-1.490473e+00
3.278857e-02,-2.976461e+00,-1.488235e+00
3.279057e-02,-2.971516e+00,-1.485763e+00
3.279257e-02,-2.966103e+00,-1.483056e+00
3.279457e-02,-2.960222e+00,-1.480115e+00
3.279657e-02,-2.953873e+00,-1.476941e+00
3.279857e-02,-2.947059e+00,-1.473534e+00
3.280057e-02,-2.939780e+00,-1.469894e+00
3.280257e-02,-2.932037e+00,-1.466023e+00
3.280457e-02,-2.923832e+00,-1.461920e+00
3.280657e-02,-2.915165e+00,-1.457587e+00
3.280857e-02,-2.906038e+00,-1.453024e+00
3.281057e-02,-2.896453e+00,-1.448231e+00
3.281257e-02,-2.886411e+00,-1.443210e+00
3.281457e-02,-2.875914e+00,-1.437961e+00
3.281657e-02,-2.864963e+00,-1.432486e+00
3.281857e-02,-2.853560e+00,-1.426784e+00
3.282057e-02,-2.841707e+00,-1.420858e+00
3.282257e-02,-2.829406e+00,-1.414707e+00
3.282457e-02,-2.816658e+00,-1.408333e+00
3.282657e-02,-2.803466e+00,-1.401737e+00
3.282857e-02,-2.789832e+00,-1.394920e+00
3.283057e-02,-2.775758e+00,-1.387883e+00
3.283257e-02,-2.761245e+00,-1.380627e+00
3.283457e-02,-2.746298e+00,-1.373153e+00
3.283657e-02,-2.730916e+00,-1.365462e+00
3.283857e-02,-2.715105e+00,-1.357556e+00
3.284057e-02,-2.698864e+00,-1.349436e+00
3.284257e-02,-2.682199e+00,-1.341103e+00
3.284457e-02,-2.665109e+00,-1.332559e+00
3.284657e-02,-2.647600e+00,-1.323804e+00
3.284857e-02,-2.629673e+00,-1.314840e+00
3.285057e-02,-2.611331e+00,-1.305669e+00
3.285257e-02,-2.592577e+00,-1.296292e+00
3.285457e-02,-2.573414e+00,-1.286711e+00
3.285657e-02,-2.553845e+00,-1.276926e+00
3.285857e-02,-2.533873e+00,-1.266941e+00
3.286057e-02,-2.513502e+00,-1.256755e+00
3.286257e-02,-2.492734e+00,-1.246371e+00
3.286457e-02,-2.471573e+00,-1.235790e+00
3.286657e-02,-2.450022e+00,-1.225015e+00
3.286857e-02,-2.428084e+00,-1.214046e+00
3.287057e-02,-2.405764e+00,-1.202885e+00
3.287257e-02,-2.383063e+00,-1.191535e+00
3.287457e-02,-2.359987e+00,-1.179997e+00
3.287657e-02,-2.336539e+00,-1.168273e+00
3.287857e-02,-2.312722e+00,-1.156365e+00
3.288057e-02,-2.288540e+00,-1.144274e+00
3.288257e-02,-2.263997e+00,-1.132002e+00
3.288457e-02,-2.239098e+00,-1.119552e+00
3.288657e-02,-2.213844e+00,-1.106925e+00
3.288857e-02,-2.188242e+00,-1.094124e+00
3.289057e-02,-2.162294e+00,-1.081150e+00
3.289257e-02,-2.136006e+00,-1.068006e+00
3.289457e-02,-2.109380e+00,-1.054693e+00
3.289657e-02,-2.082422e+00,-1.041214e+00
3.289857e-02,-2.055135e+00,-1.027570e+00
3.290057e-02,-2.027523e+00,-1.013765e+00
3.290257e-02,-1.999592e+00,-9.997992e-01
3.290457e-02,-1.971346e+00,-9.856760e-01
3.290657e-02,-1.942789e+00,-9.713972e-01
3.290857e-02,-1.913925e+00,-9.569652e-01
3.291057e-02,-1.884759e+00,-9.423823e-01
3.291257e-02,-1.855296e+00,-9.276507e-01
3.291457e-02,-1.825540e+00,-9.127727e-01
3.291657e-02,-1.795496e+00,-8.977508e-01
3.291857e-02,-1.765169e+00,-8.825872e-01
3.292057e-02,-1.734564e+00,-8.672845e-01
3.292257e-02,-1.703685e+00,-8.518449e-01
3.292457e-02,-1.672537e+00,-8.362709e-01
3.292657e-02,-1.641125e+00,-8.205650e-01
3.292857e-02,-1.609454e+00,-8.047296e-01
3.293057e-02,-1.577530e+00,-7.887673e-01
3.293257e-02,-1.545357e+00,-7.726806e-01
3.293457e-02,-1.512939e+00,-7.564720e-01
3.293657e-02,-1.480284e+00,-7.401440e-01
3.293857e-02,-1.447394e+00,-7.236993e-01
3.294057e-02,-1.414277e+00,-7.071404e-01
3.294257e-02,-1.380936e+00,-6.904700e-01
3.294457e-02,-1.347377e+00,-6.736906e-01
3.294657e-02,-1.313606e+00,-6.568050e-01
3.294857e-02,-1.279628e+00,-6.398157e-01
3.295057e-02,-1.245447e+00,-6.227256e-01
3.295257e-02,-1.211071e+00,-6.055372e-01
3.295457e-02,-1.176503e+00,-5.882532e-01
3.295657e-02,-1.141750e+00,-5.708765e-01
3.295857e-02,-1.106816e+00,-5.534097e-01
3.296057e-02,-1.071708e+00,-5.358556e-01
3.296257e-02,-1.036431e+00,-5.182170e-01
3.296457e-02,-1.000990e+00,-5.004966e-01
3.296657e-02,-9.653917e-01,-4.826973e-01
3.296857e-02,-9.296409e-01,-4.648218e-01
3.297057e-02,-8.937434e-01,-4.468730e-01
3.297257e-02,-8.577049e-01,-4.288537e-01
3.297457e-02,-8.215311e-01,-4.107668e-01
3.297657e-02,-7.852277e-01,-3.926150e-01
3.297857e-02,-7.488005e-01,-3.744014e-01
3.298057e-02,-7.122551e-01,-3.561286e-01
3.298257e-02,-6.755974e-01,-3.377997e-01
3.298457e-02,-6.388331e-01,-3.194175e-01
3.298657e-02,-6.019680e-01,-3.009849e-01
3.298857e-02,-5.650079e-01,-2.825048e-01
3.299057e-02,-5.279587e-01,-2.639802e-01
3.299257e-02,-4.908263e-01,-2.454139e-01
3.299457e-02,-4.536164e-01,-2.268089e-01
3.299657e-02,-4.163349e-01,-2.081681e-01
3.299857e-02,-3.789878e-01,-1.894945e-01
3.300057e-02,-3.415809e-01,-1.707909e-01
3.300257e-02,-3.041201e-01,-1.520605e-01
3.300457e-02,-2.666113e-01,-1.333060e-01
3.300657e-02,-2.290605e-01,-1.145306e-01
3.300857e-02,-1.914735e-01,-9.573703e-02
3.301057e-02,-1.538563e-01,-7.692838e-02
3.301257e-02,-1.162149e-01,-5.810760e-02
3.301457e-02,-7.855508e-02,-3.927766e-02
3.301657e-02,-4.088290e-02,-2.044151e-02
3.301857e-02,-3.204281e-03,-1.602145e-03
3.302057e-02,3.447485e-02,1.723748e-02
3.302257e-02,7.214854e-02,3.607438e-02
3.302457e-02,1.098108e-01,5.490559e-02
3.302657e-02,1.474558e-01,7.372814e-02
3.302857e-02,1.850776e-01,9.253905e-02
3.303057e-02,2.226701e-01,1.113354e-01
3.303257e-02,2.602275e-01,1.301141e-01
3.303457e-02,2.977438e-01,1.488724e-01
3.303657e-02,3.352132e-01,1.676071e-01
3.303857e-02,3.726297e-01,1.863154e-01
3.304057e-02,4.099874e-01,2.049943e-01
3.304257e-02,4.472805e-01,2.236409e-01
3.304457e-02,4.845029e-01,2.422522e-01
3.304657e-02,5.216490e-01,2.608253e-01
3.304857e-02,5.587128e-01,2.793572e-01
3.305057e-02,5.956884e-01,2.978451e-01
3.305257e-02,6.325700e-01,3.162860e-01
3.305457e-02,6.693519e-01,3.346769e-01
3.305657e-02,7.060282e-01,3.530151e-01
3.305857e-02,7.425930e-01,3.712976e-01
3.306057e-02,7.790408e-01,3.895216e-01
3.306257e-02,8.153657e-01,4.076840e-01
3.306457e-02,8.515619e-01,4.257822e-01
3.306657e-02,8.876238e-01,4.438132e-01
3.306857e-02,9.235456e-01,4.617742e-01
3.307057e-02,9.593218e-01,4.796623e-01
3.307257e-02,9.949467e-01,4.974748e-01
3.307457e-02,1.030415e+00,5.152088e-01
3.307657e-02,1.065720e+00,5.328615e-01
3.307857e-02,1.100857e+00,5.504302e-01
3.308057e-02,1.135821e+00,5.679120e-01
3.308257e-02,1.170605e+00,5.853043e-01
3.308457e-02,1.205205e+00,6.026042e-01
3.308657e-02,1.239614e+00,6.198090e-01
3.308857e-02,1.273828e+00,6.369161e-01
3.309057e-02,1.307842e+00,6.539227e-01
3.309257e-02,1.341648e+00,6.708262e-01
3.309457e-02,1.375243e+00,6.876238e-01
3.309657e-02,1.408622e+00,7.043129e-01
3.309857e-02,1.441778e+00,7.208910e-01
3.310057e-02,1.474706e+00,7.373553e-01
3.310257e-02,1.507402e+00,7.537033e-01
3.310457e-02,1.539860e+00,7.699324e-01
3.310657e-02,1.572075e+00,7.860400e-01
3.310857e-02,1.604042e+00,8.020236e-01
3.311057e-02,1.635757e+00,8.178808e-01
3.311257e-02,1.667213e+00,8.336089e-01
3.311457e-02,1.698406e+00,8.492055e-01
3.311657e-02,1.729331e+00,8.646681e-01
3.311857e-02,1.759983e+00,8.799943e-01
3.312057e-02,1.790358e+00,8.951817e-01
3.312257e-02,1.820450e+00,9.102279e-01
3.312457e-02,1.850256e+00,9.251305e-01
3.312657e-02,1.879769e+00,9.398872e-01
3.312857e-02,1.908985e+00,9.544956e-01
3.313057e-02,1.937901e+00,9.689534e-01
3.313257e-02,1.966511e+00,9.832584e-01
3.313457e-02,1.994810e+00,9.974082e-01
3.313657e-02,2.022795e+00,1.011401e+00
3.313857e-02,2.050461e+00,1.025234e+00
3.314057e-02,2.077804e+00,1.038905e+00
3.314257e-02,2.104818e+00,1.052412e+00
3.314457e-02,2.131501e+00,1.065754e+00
3.314657e-02,2.157847e+00,1.078927e+00
3.314857e-02,2.183853e+00,1.091930e+00
3.315057e-02,2.209514e+00,1.104761e+00
3.315257e-02,2.234827e+00,1.117417e+00
3.315457e-02,2.259788e+00,1.129897e+00
3.315657e-02,2.284391e+00,1.142199e+00
3.315857e-02,2.308635e+00,1.154321e+00
3.316057e-02,2.332514e+00,1.166261e+00
3.316257e-02,2.356025e+00,1.178016e+00
3.316457e-02,2.379165e+00,1.189586e+00
3.316657e-02,2.401929e+00,1.200968e+00
3.316857e-02,2.424315e+00,1.212161e+00
3.317057e-02,2.446318e+00,1.223163e+00
3.317257e-02,2.467935e+00,1.233971e+00
3.317457e-02,2.489163e+00,1.244585e+00
3.317657e-02,2.509998e+00,1.255003e+00
3.317857e-02,2.530437e+00,1.265222e+00
3.318057e-02,2.550477e+00,1.275242e+00
3.318257e-02,2.570114e+00,1.285061e+00
3.318457e-02,2.589347e+00,1.294677e+00
3.318657e-02,2.608170e+00,1.304089e+00
3.318857e-02,2.626582e+00,1.313295e+00
3.319057e-02,2.644580e+00,1.322294e+00
3.319257e-02,2.662161e+00,1.331085e+00
3.319457e-02,2.679322e+00,1.339665e+00
3.319657e-02,2.696060e+00,1.348034e+00
3.319857e-02,2.712373e+00,1.356190e+00
3.320057e-02,2.728258e+00,1.364133e+00
3.320257e-02,2.743712e+00,1.371860e+00
3.320457e-02,2.758734e+00,1.379371e+00
3.320657e-02,2.773320e+00,1.386664e+00
3.320857e-02,2.787469e+00,1.393739e+00
3.321057e-02,2.801178e+00,1.400593e+00
3.321257e-02,2.814446e+00,1.407227e+00
3.321457e-02,2.827269e+00,1.413639e+00
3.321657e-02,2.839647e+00,1.419828e+00
3.321857e-02,2.851576e+00,1.425792e+00
3.322057e-02,2.863056e+00,1.431532e+00
3.322257e-02,2.874084e+00,1.437046e+00
3.322457e-02,2.884658e+00,1.442333e+00
3.322657e-02,2.894778e+00,1.447393e+00
3.322857e-02,2.904440e+00,1.452225e+00
3.323057e-02,2.913645e+00,1.456827e+00
3.323257e-02,2.922390e+00,1.461199e+00
3.323457e-02,2.930674e+00,1.465341e+00
3.323657e-02,2.938496e+00,1.469252e+00
3.323857e-02,2.945854e+00,1.472931e+00
3.324057e-02,2.952747e+00,1.476378e+00
3.324257e-02,2.959175e+00,1.479592e+00
3.324457e-02,2.965136e+00,1.482572e+00
3.324657e-02,2.970629e+00,1.485319e+00
3.324857e-02,2.975653e+00,1.487831e+00
3.325057e-02,2.980208e+00,1.490109e+00
3.325257e-02,2.984293e+00,1.492151e+00
3.325457e-02,2.987907e+00,1.493958e+00
3.325657e-02,2.991050e+00,1.495530e+00
3.325857e-02,2.993721e+00,1.496865e+00
3.326057e-02,2.995920e+00,1.497964e+00
3.326257e-02,2.997646e+00,1.498827e+00
3.326457e-02,2.998899e+00,1.499454e+00
3.326657e-02,2.999679e+00,1.499844e+00
3.326857e-02,2.999986e+00,1.499997e+00
3.327057e-02,2.999819e+00,1.499914e+00
3.327257e-02,2.999180e+00,1.499594e+00
3.327457e-02,2.998067e+00,1.499038e+00
3.327657e-02,2.996481e+00,1.498245e+00
3.327857e-02,2.994423e+00,1.497216e+00
3.328057e-02,2.991892e+00,1.495951e+00
3.328257e-02,2.988890e+00,1.494449e+00
3.328457e-02,2.985415e+00,1.492712e+00
3.328657e-02,2.981470e+00,1.490740e+00
3.328857e-02,2.977055e+00,1.488532e+00
3.329057e-02,2.972169e+00,1.486089e+00
3.329257e-02,2.966815e+00,1.483412e+00
3.329457e-02,2.960993e+00,1.480501e+00
3.329657e-02,2.954704e+00,1.477357e+00
3.329857e-02,2.947949e+00,1.473979e+00
3.330057e-02,2.940729e+00,1.470369e+00
3.330257e-02,2.933045e+00,1.466527e+00
3.330457e-02,2.924898e+00,1.462453e+00
3.330657e-02,2.916289e+00,1.458149e+00
3.330857e-02,2.907221e+00,1.453615e+00
3.331057e-02,2.897694e+00,1.448851e+00
3.331257e-02,2.887710e+00,1.443859e+00
3.331457e-02,2.877270e+00,1.438640e+00
3.331657e-02,2.866377e+00,1.433193e+00
3.331857e-02,2.855031e+00,1.427520e+00
3.332057e-02,2.843235e+00,1.421622e+00
3.332257e-02,2.830991e+00,1.415500e+00
3.332457e-02,2.818299e+00,1.409154e+00
3.332657e-02,2.805164e+00,1.402586e+00
3.332857e-02,2.791585e+00,1.395797e+00
3.333057e-02,2.777567e+00,1.388787e+00
3.333257e-02,2.763110e+00,1.381559e+00
3.333457e-02,2.748217e+00,1.374113e+00
3.333657e-02,2.732891e+00,1.366449e+00
3.333857e-02,2.717133e+00,1.358571e+00
3.334057e-02,2.700947e+00,1.350478e+00
3.334257e-02,2.684335e+00,1.342172e+00
3.334457e-02,2.667300e+00,1.333654e+00
3.334657e-02,2.649843e+00,1.324926e+00
3.334857e-02,2.631969e+00,1.315989e+00
3.335057e-02,2.613680e+00,1.306844e+00
3.335257e-02,2.594978e+00,1.297493e+00
3.335457e-02,2.575867e+00,1.287937e+00
3.335657e-02,2.556349e+00,1.278178e+00
3.335857e-02,2.536428e+00,1.268218e+00
3.336057e-02,2.516107e+00,1.258057e+00
3.336257e-02,2.495389e+00,1.247698e+00
3.336457e-02,2.474278e+00,1.237143e+00
3.336657e-02,2.452776e+00,1.226392e+00
3.336857e-02,2.430887e+00,1.215447e+00
3.337057e-02,2.408615e+00,1.204311e+00
3.337257e-02,2.385963e+00,1.192985e+00
3.337457e-02,2.362934e+00,1.181471e+00
3.337657e-02,2.339533e+00,1.169770e+00
3.337857e-02,2.315762e+00,1.157885e+00
3.338057e-02,2.291627e+00,1.145817e+00
3.338257e-02,2.267129e+00,1.133568e+00
3.338457e-02,2.242275e+00,1.121141e+00
3.338657e-02,2.217066e+00,1.108536e+00
3.338857e-02,2.191508e+00,1.095757e+00
3.339057e-02,2.165604e+00,1.082805e+00
3.339257e-02,2.139358e+00,1.069682e+00
3.339457e-02,2.112775e+00,1.056391e+00
3.339657e-02,2.085858e+00,1.042932e+00
3.339857e-02,2.058613e+00,1.029309e+00
3.340057e-02,2.031042e+00,1.015524e+00
3.340257e-02,2.003152e+00,1.001579e+00
3.340457e-02,1.974945e+00,9.874755e-01
3.340657e-02,1.946427e+00,9.732164e-01
3.340857e-02,1.917602e+00,9.588037e-01
3.341057e-02,1.888474e+00,9.442398e-01
3.341257e-02,1.859048e+00,9.295269e-01
3.341457e-02,1.829329e+00,9.146673e-01
3.341657e-02,1.799322e+00,8.996635e-01
3.341857e-02,1.769030e+00,8.845178e-01
3.342057e-02,1.738460e+00,8.692325e-01
3.342257e-02,1.707615e+00,8.538101e-01
3.342457e-02,1.676501e+00,8.382531e-01
3.342657e-02,1.645123e+00,8.225637e-01
3.342857e-02,1.613484e+00,8.067447e-01
3.343057e-02,1.581592e+00,7.907983e-01
3.343257e-02,1.549450e+00,7.747272e-01
3.343457e-02,1.517063e+00,7.585339e-01
3.343657e-02,1.484437e+00,7.422210e-01
3.343857e-02,1.451577e+00,7.257909e-01
3.344057e-02,1.418488e+00,7.092464e-01
3.344257e-02,1.385176e+00,6.925899e-01
3.344457e-02,1.351644e+00,6.758242e-01
3.344657e-02,1.317900e+00,6.589519e-01
3.344857e-02,1.283948e+00,6.419757e-01
3.345057e-02,1.249793e+00,6.248982e-01
3.345257e-02,1.215440e+00,6.077221e-01
3.345457e-02,1.180897e+00,5.904501e-01
3.345657e-02,1.146167e+00,5.730850e-01
3.345857e-02,1.111256e+00,5.556295e-01
3.346057e-02,1.076169e+00,5.380863e-01
3.346257e-02,1.040913e+00,5.204582e-01
3.346457e-02,1.005493e+00,5.027481e-01
3.346657e-02,9.699143e-01,4.849586e-01
3.346857e-02,9.341824e-01,4.670926e-01
3.347057e-02,8.983032e-01,4.491530e-01
3.347257e-02,8.622823e-01,4.311424e-01
3.347457e-02,8.261254e-01,4.130639e-01
3.347657e-02,7.898381e-01,3.949202e-01
3.347857e-02,7.534262e-01,3.767143e-01
3.348057e-02,7.168955e-01,3.584488e-01
3.348257e-02,6.802517e-01,3.401269e-01
3.348457e-02,6.435006e-01,3.217513e-01
3.348657e-02,6.066480e-01,3.033249e-01
3.348857e-02,5.696996e-01,2.848507e-01
3.349057e-02,5.326614e-01,2.663315e-01
3.349257e-02,4.955392e-01,2.477703e-01
3.349457e-02,4.583388e-01,2.291701e-01
3.349657e-02,4.210661e-01,2.105337e-01
3.349857e-02,3.837270e-01,1.918641e-01
3.350057e-02,3.463273e-01,1.731642e-01
3.350257e-02,3.088730e-01,1.544370e-01
3.350457e-02,2.713700e-01,1.356854e-01
3.350657e-02,2.338242e-01,1.169124e-01
3.350857e-02,1.962414e-01,9.812101e-02
3.351057e-02,1.586278e-01,7.931412e-02
3.351257e-02,1.209891e-01,6.049471e-02
3.351457e-02,8.333128e-02,4.166577e-02
3.351657e-02,4.566035e-02,2.283024e-02
3.351857e-02,7.982218e-03,3.991121e-03
3.352057e-02,-2.969717e-02,-1.484863e-02
3.352257e-02,-6.737188e-02,-3.368604e-02
3.352457e-02,-1.050360e-01,-5.251814e-02
3.352657e-02,-1.426835e-01,-7.134195e-02
3.352857e-02,-1.803085e-01,-9.015451e-02
3.353057e-02,-2.179050e-01,-1.089528e-01
3.353257e-02,-2.554672e-01,-1.277340e-01
3.353457e-02,-2.929891e-01,-1.464950e-01
3.353657e-02,-3.304648e-01,-1.652329e-01
3.353857e-02,-3.678883e-01,-1.839447e-01
3.354057e-02,-4.052538e-01,-2.026275e-01
3.354257e-02,-4.425554e-01,-2.212783e-01
3.354457e-02,-4.797871e-01,-2.398943e-01
3.354657e-02,-5.169432e-01,-2.584724e-01
3.354857e-02,-5.540177e-01,-2.770097e-01
3.355057e-02,-5.910048e-01,-2.955033e-01
3.355257e-02,-6.278987e-01,-3.139503e-01
3.355457e-02,-6.646935e-01,-3.323478e-01
3.355657e-02,-7.013835e-01,-3.506928e-01
3.355857e-02,-7.379629e-01,-3.689825e-01
3.356057e-02,-7.744258e-01,-3.872140e-01
3.356257e-02,-8.107665e-01,-4.053845e-01
3.356457e-02,-8.469794e-01,-4.234910e-01
3.356657e-02,-8.830586e-01,-4.415306e-01
3.356857e-02,-9.189986e-01,-4.595007e-01
3.357057e-02,-9.547935e-01,-4.773982e-01
3.357257e-02,-9.904379e-01,-4.952204e-01
3.357457e-02,-1.025926e+00,-5.129645e-01
3.357657e-02,-1.061252e+00,-5.306277e-01
3.357857e-02,-1.096411e+00,-5.482072e-01
3.358057e-02,-1.131397e+00,-5.657002e-01
3.358257e-02,-1.166204e+00,-5.831039e-01
3.358457e-02,-1.200828e+00,-6.004157e-01
3.358657e-02,-1.235262e+00,-6.176328e-01
3.358857e-02,-1.269501e+00,-6.347524e-01
3.359057e-02,-1.303540e+00,-6.517719e-01
3.359257e-02,-1.337373e+00,-6.686885e-01
3.359457e-02,-1.370995e+00,-6.854997e-01
3.359657e-02,-1.404401e+00,-7.022028e-01
3.359857e-02,-1.437586e+00,-7.187950e-01
3.360057e-02,-1.470543e+00,-7.352739e-01
3.360257e-02,-1.503269e+00,-7.516368e-01
3.360457e-02,-1.535758e+00,-7.678811e-01
3.360657e-02,-1.568004e+00,-7.840043e-01
3.360857e-02,-1.600003e+00,-8.000038e-01
3.361057e-02,-1.631749e+00,-8.158771e-01
3.361257e-02,-1.663238e+00,-8.316217e-01
3.361457e-02,-1.694465e+00,-8.472351e-01
3.361657e-02,-1.725425e+00,-8.627149e-01
3.361857e-02,-1.756112e+00,-8.780585e-01
3.362057e-02,-1.786522e+00,-8.932637e-01
3.362257e-02,-1.816650e+00,-9.083279e-01
3.362457e-02,-1.846492e+00,-9.232489e-01
3.362657e-02,-1.876043e+00,-9.380242e-01
3.362857e-02,-1.905297e+00,-9.526515e-01
3.363057e-02,-1.934251e+00,-9.671285e-01
3.363257e-02,-1.962900e+00,-9.814530e-01
3.363457e-02,-1.991239e+00,-9.956226e-01
3.363657e-02,-2.019264e+00,-1.009635e+00
3.363857e-02,-2.046971e+00,-1.023489e+00
3.364057e-02,-2.074355e+00,-1.037180e+00
3.364257e-02,-2.101411e+00,-1.050709e+00
3.364457e-02,-2.128136e+00,-1.064071e+00
3.364657e-02,-2.154525e+00,-1.077266e+00
3.364857e-02,-2.180574e+00,-1.090290e+00
3.365057e-02,-2.206280e+00,-1.103143e+00
3.365257e-02,-2.231637e+00,-1.115822e+00
3.365457e-02,-2.256642e+00,-1.128324e+00
3.365657e-02,-2.281291e+00,-1.140649e+00
3.365857e-02,-2.305581e+00,-1.152794e+00
3.366057e-02,-2.329506e+00,-1.164757e+00
3.366257e-02,-2.353065e+00,-1.176536e+00
3.366457e-02,-2.376252e+00,-1.188129e+00
3.366657e-02,-2.399064e+00,-1.199535e+00
3.366857e-02,-2.421497e+00,-1.210752e+00
3.367057e-02,-2.443549e+00,-1.221778e+00
3.367257e-02,-2.465215e+00,-1.232611e+00
3.367457e-02,-2.486493e+00,-1.243250e+00
3.367657e-02,-2.507378e+00,-1.253693e+00
3.367857e-02,-2.527867e+00,-1.263937e+00
3.368057e-02,-2.547958e+00,-1.273983e+00
3.368257e-02,-2.567647e+00,-1.283827e+00
3.368457e-02,-2.586930e+00,-1.293469e+00
3.368657e-02,-2.605806e+00,-1.302907e+00
3.368857e-02,-2.624271e+00,-1.312139e+00
3.369057e-02,-2.642321e+00,-1.321165e+00
3.369257e-02,-2.659955e+00,-1.329981e+00
3.369457e-02,-2.677169e+00,-1.338589e+00
3.369657e-02,-2.693961e+00,-1.346985e+00
3.369857e-02,-2.710328e+00,-1.355168e+00
3.370057e-02,-2.726267e+00,-1.363138e+00
3.370257e-02,-2.741776e+00,-1.370892e+00
3.370457e-02,-2.756853e+00,-1.378431e+00
3.370657e-02,-2.771495e+00,-1.385752e+00
3.370857e-02,-2.785699e+00,-1.392854e+00
3.371057e-02,-2.799465e+00,-1.399736e+00
3.371257e-02,-2.812788e+00,-1.406398e+00
3.371457e-02,-2.825668e+00,-1.412838e+00
3.371657e-02,-2.838102e+00,-1.419055e+00
3.371857e-02,-2.850088e+00,-1.425048e+00
3.372057e-02,-2.861625e+00,-1.430817e+00
3.372257e-02,-2.872710e+00,-1.436359e+00
3.372457e-02,-2.883342e+00,-1.441676e+00
3.372657e-02,-2.893520e+00,-1.446764e+00
3.372857e-02,-2.903241e+00,-1.451625e+00
3.373057e-02,-2.912503e+00,-1.456256e+00
3.373257e-02,-2.921307e+00,-1.460658e+00
3.373457e-02,-2.929649e+00,-1.464829e+00
3.373657e-02,-2.937530e+00,-1.468769e+00
3.373857e-02,-2.944947e+00,-1.472478e+00
3.374057e-02,-2.951899e+00,-1.475954e+00
3.374257e-02,-2.958386e+00,-1.479197e+00
3.374457e-02,-2.964406e+00,-1.482207e+00
3.374657e-02,-2.969958e+00,-1.484984e+00
3.374857e-02,-2.975042e+00,-1.487526e+00
3.375057e-02,-2.979657e+00,-1.489833e+00
3.375257e-02,-2.983801e+00,-1.491905e+00
3.375457e-02,-2.987475e+00,-1.493742e+00
3.375657e-02,-2.990678e+00,-1.495343e+00
3.375857e-02,-2.993408e+00,-1.496709e+00
3.376057e-02,-2.995667e+00,-1.497838e+00
3.376257e-02,-2.997453e+00,-1.498731e+00
3.376457e-02,-2.998766e+00,-1.499388e+00
3.376657e-02,-2.999606e+00,-1.499808e+00
3.376857e-02,-2.999973e+00,-1.499991e+00
3.377057e-02,-2.999867e+00,-1.499938e+00
3.377257e-02,-2.999287e+00,-1.499648e+00
3.377457e-02,-2.998234e+00,-1.499122e+00
3.377657e-02,-2.996709e+00,-1.498359e+00
3.377857e-02,-2.994710e+00,-1.497360e+00
3.378057e-02,-2.992239e+00,-1.496124e+00
3.378257e-02,-2.989296e+00,-1.494653e+00
3.378457e-02,-2.985882e+00,-1.492945e+00
3.378657e-02,-2.981996e+00,-1.491003e+00
3.378857e-02,-2.977641e+00,-1.488825e+00
3.379057e-02,-2.972815e+00,-1.486412e+00
3.379257e-02,-2.967520e+00,-1.483765e+00
3.379457e-02,-2.961758e+00,-1.480883e+00
3.379657e-02,-2.955528e+00,-1.477768e+00
3.379857e-02,-2.948831e+00,-1.474420e+00
3.380057e-02,-2.941670e+00,-1.470839e+00
3.380257e-02,-2.934045e+00,-1.467027e+00
3.380457e-02,-2.925956e+00,-1.462983e+00
3.380657e-02,-2.917406e+00,-1.458708e+00
3.380857e-02,-2.908396e+00,-1.454203e+00
3.381057e-02,-2.898927e+00,-1.449468e+00
3.381257e-02,-2.889001e+00,-1.444505e+00
3.381457e-02,-2.878619e+00,-1.439314e+00
3.381657e-02,-2.867783e+00,-1.433896e+00
3.381857e-02,-2.856495e+00,-1.428252e+00
3.382057e-02,-2.844756e+00,-1.422382e+00
3.382257e-02,-2.832568e+00,-1.416288e+00
3.382457e-02,-2.819933e+00,-1.409971e+00
3.382657e-02,-2.806854e+00,-1.403431e+00
3.382857e-02,-2.793331e+00,-1.396670e+00
3.383057e-02,-2.779369e+00,-1.389688e+00
3.383257e-02,-2.764967e+00,-1.382488e+00
3.383457e-02,-2.750130e+00,-1.375069e+00
3.383657e-02,-2.734858e+00,-1.367433e+00
3.383857e-02,-2.719155e+00,-1.359582e+00
3.384057e-02,-2.703023e+00,-1.351516e+00
3.384257e-02,-2.686465e+00,-1.343237e+00
3.384457e-02,-2.669483e+00,-1.334746e+00
3.384657e-02,-2.652080e+00,-1.326044e+00
3.384857e-02,-2.634259e+00,-1.317133e+00
3.385057e-02,-2.616022e+00,-1.308015e+00
3.385257e-02,-2.597372e+00,-1.298690e+00
3.385457e-02,-2.578312e+00,-1.289160e+00
3.385657e-02,-2.558846e+00,-1.279427e+00
3.385857e-02,-2.538976e+00,-1.269492e+00
3.386057e-02,-2.518706e+00,-1.259357e+00
3.386257e-02,-2.498038e+00,-1.249023e+00
3.386457e-02,-2.476977e+00,-1.238492e+00
3.386657e-02,-2.455524e+00,-1.227766e+00
3.386857e-02,-2.433684e+00,-1.216846e+00
3.387057e-02,-2.411460e+00,-1.205734e+00
3.387257e-02,-2.388856e+00,-1.194432e+00
3.387457e-02,-2.365875e+00,-1.182941e+00
3.387657e-02,-2.342521e+00,-1.171264e+00
3.387857e-02,-2.318797e+00,-1.159402e+00
3.388057e-02,-2.294707e+00,-1.147357e+00
3.388257e-02,-2.270256e+00,-1.135131e+00
3.388457e-02,-2.245446e+00,-1.122726e+00
3.388657e-02,-2.220282e+00,-1.110144e+00
3.388857e-02,-2.194768e+00,-1.097387e+00
3.389057e-02,-2.168907e+00,-1.084457e+00
3.389257e-02,-2.142705e+00,-1.071356e+00
3.389457e-02,-2.116164e+00,-1.058085e+00
3.389657e-02,-2.089290e+00,-1.044648e+00
3.389857e-02,-2.062086e+00,-1.031046e+00
3.390057e-02,-2.034556e+00,-1.017281e+00
3.390257e-02,-2.006706e+00,-1.003356e+00
3.390457e-02,-1.978539e+00,-9.892725e-01
3.390657e-02,-1.950060e+00,-9.750330e-01
3.390857e-02,-1.921274e+00,-9.606397e-01
3.391057e-02,-1.892184e+00,-9.460948e-01
3.391257e-02,-1.862796e+00,-9.314007e-01
3.391457e-02,-1.833114e+00,-9.165596e-01
3.391657e-02,-1.803143e+00,-9.015740e-01
3.391857e-02,-1.772887e+00,-8.864461e-01
3.392057e-02,-1.742352e+00,-8.711784e-01
3.392257e-02,-1.711541e+00,-8.557733e-01
3.392457e-02,-1.680461e+00,-8.402331e-01
3.392657e-02,-1.649116e+00,-8.245604e-01
3.392857e-02,-1.617511e+00,-8.087577e-01
3.393057e-02,-1.585650e+00,-7.928273e-01
3.393257e-02,-1.553539e+00,-7.767719e-01
3.393457e-02,-1.521183e+00,-7.605940e-01
3.393657e-02,-1.488588e+00,-7.442960e-01
3.393857e-02,-1.455757e+00,-7.278807e-01
3.394057e-02,-1.422697e+00,-7.113505e-01
3.394257e-02,-1.389412e+00,-6.947081e-01
3.394457e-02,-1.355908e+00,-6.779561e-01
3.394657e-02,-1.322190e+00,-6.610972e-01
3.394857e-02,-1.288264e+00,-6.441340e-01
3.395057e-02,-1.254135e+00,-6.270692e-01
3.395257e-02,-1.219807e+00,-6.099054e-01
3.395457e-02,-1.185287e+00,-5.926455e-01
3.395657e-02,-1.150581e+00,-5.752920e-01
3.395857e-02,-1.115692e+00,-5.578478e-01
3.396057e-02,-1.080628e+00,-5.403156e-01
3.396257e-02,-1.045393e+00,-5.226981e-01
3.396457e-02,-1.009993e+00,-5.049982e-01
3.396657e-02,-9.744344e-01,-4.872187e-01
3.396857e-02,-9.387216e-01,-4.693622e-01
3.397057e-02,-9.028608e-01,-4.514318e-01
3.397257e-02,-8.668575e-01,-4.334301e-01
3.397457e-02,-8.307175e-01,-4.153600e-01
3.397657e-02,-7.944465e-01,-3.972244e-01
3.397857e-02,-7.580501e-01,-3.790262e-01
3.398057e-02,-7.215341e-01,-3.607682e-01
3.398257e-02,-6.849043e-01,-3.424532e-01
3.398457e-02,-6.481665e-01,-3.240842e-01
3.398657e-02,-6.113264e-01,-3.056641e-01
3.398857e-02,-5.743899e-01,-2.871958e-01
3.399057e-02,-5.373628e-01,-2.686822e-01
3.399257e-02,-5.002509e-01,-2.501262e-01
3.399457e-02,-4.630601e-01,-2.315307e-01
3.399657e-02,-4.257962e-01,-2.128987e-01
3.399857e-02,-3.884652e-01,-1.942332e-01
3.400057e-02,-3.510729e-01,-1.755370e-01
3.400257e-02,-3.136252e-01,-1.568131e-01
3.400457e-02,-2.761280e-01,-1.380644e-01
3.400657e-02,-2.385873e-01,-1.192940e-01
3.400857e-02,-2.010089e-01,-1.005048e-01
3.401057e-02,-1.633988e-01,-8.169966e-02
3.401257e-02,-1.257630e-01,-6.288167e-02
3.401457e-02,-8.810728e-02,-4.405377e-02
3.401657e-02,-5.043768e-02,-2.521892e-02
3.401857e-02,-1.276014e-02,-6.380087e-03
3.402057e-02,2.491943e-02,1.245975e-02
3.402257e-02,6.259506e-02,3.129762e-02
3.402457e-02,1.002608e-01,5.013056e-02
3.402657e-02,1.379108e-01,6.895558e-02
3.402857e-02,1.755389e-01,8.776973e-02
3.403057e-02,2.131394e-01,1.065700e-01
3.403257e-02,2.507063e-01,1.253535e-01
3.403457e-02,2.882336e-01,1.441172e-01
3.403657e-02,3.257155e-01,1.628582e-01
3.403857e-02,3.631459e-01,1.815735e-01
3.404057e-02,4.005191e-01,2.002602e-01
3.404257e-02,4.378291e-01,2.189152e-01
3.404457e-02,4.750701e-01,2.375357e-01
3.404657e-02,5.122360e-01,2.561188e-01
3.404857e-02,5.493212e-01,2.746614e-01
3.405057e-02,5.863198e-01,2.931608e-01
3.405257e-02,6.232258e-01,3.116138e-01
3.405457e-02,6.600335e-01,3.300177e-01
3.405657e-02,6.967371e-01,3.483696e-01
3.405857e-02,7.333308e-01,3.666665e-01
3.406057e-02,7.698088e-01,3.849055e-01
3.406257e-02,8.061654e-01,4.030839e-01
3.406457e-02,8.423947e-01,4.211986e-01
3.406657e-02,8.784912e-01,4.392469e-01
3.406857e-02,9.144492e-01,4.572260e-01
3.407057e-02,9.502628e-01,4.751328e-01
3.407257e-02,9.859266e-01,4.929648e-01
3.407457e-02,1.021435e+00,5.107189e-01
3.407657e-02,1.056782e+00,5.283925e-01
3.407857e-02,1.091962e+00,5.459828e-01
3.408057e-02,1.126970e+00,5.634869e-01
3.408257e-02,1.161801e+00,5.809021e-01
3.408457e-02,1.196448e+00,5.982257e-01
3.408657e-02,1.230906e+00,6.154549e-01
3.408857e-02,1.265170e+00,6.325870e-01
3.409057e-02,1.299235e+00,6.496194e-01
3.409257e-02,1.333094e+00,6.665492e-01
3.409457e-02,1.366744e+00,6.833739e-01
3.409657e-02,1.400177e+00,7.000908e-01
3.409857e-02,1.433390e+00,7.166973e-01
3.410057e-02,1.466377e+00,7.331907e-01
3.410257e-02,1.499132e+00,7.495684e-01
3.410457e-02,1.531651e+00,7.658279e-01
3.410657e-02,1.563929e+00,7.819666e-01
3.410857e-02,1.595959e+00,7.979820e-01
3.411057e-02,1.627738e+00,8.138714e-01
3.411257e-02,1.659260e+00,8.296325e-01
3.411457e-02,1.690520e+00,8.452626e-01
3.411657e-02,1.721514e+00,8.607595e-01
3.411857e-02,1.752236e+00,8.761205e-01
3.412057e-02,1.782681e+00,8.913434e-01
3.412257e-02,1.812846e+00,9.064256e-01
3.412457e-02,1.842724e+00,9.213648e-01
3.412657e-02,1.872312e+00,9.361587e-01
3.412857e-02,1.901604e+00,9.508050e-01
3.413057e-02,1.930597e+00,9.653012e-01
3.413257e-02,1.959284e+00,9.796451e-01
3.413457e-02,1.987663e+00,9.938345e-01
3.413657e-02,2.015728e+00,1.007867e+00
3.413857e-02,2.043475e+00,1.021741e+00
3.414057e-02,2.070900e+00,1.035453e+00
3.414257e-02,2.097998e+00,1.049002e+00
3.414457e-02,2.124766e+00,1.062386e+00
3.414657e-02,2.151198e+00,1.075602e+00
3.414857e-02,2.177290e+00,1.088648e+00
3.415057e-02,2.203039e+00,1.101523e+00
3.415257e-02,2.228441e+00,1.114224e+00
3.415457e-02,2.253491e+00,1.126749e+00
3.415657e-02,2.278186e+00,1.139096e+00
3.415857e-02,2.302521e+00,1.151264e+00
3.416057e-02,2.326493e+00,1.163250e+00
3.416257e-02,2.350098e+00,1.175052e+00
3.416457e-02,2.373332e+00,1.186670e+00
3.416657e-02,2.396192e+00,1.198100e+00
3.416857e-02,2.418674e+00,1.209341e+00
3.417057e-02,2.440774e+00,1.220391e+00
3.417257e-02,2.462489e+00,1.231248e+00
3.417457e-02,2.483816e+00,1.241912e+00
3.417657e-02,2.504751e+00,1.252379e+00
3.417857e-02,2.525291e+00,1.262649e+00
3.418057e-02,2.545432e+00,1.272720e+00
3.418257e-02,2.565172e+00,1.282590e+00
3.418457e-02,2.584508e+00,1.292258e+00
3.418657e-02,2.603435e+00,1.301722e+00
3.418857e-02,2.621952e+00,1.310980e+00
3.419057e-02,2.640055e+00,1.320032e+00
3.419257e-02,2.657742e+00,1.328875e+00
3.419457e-02,2.675010e+00,1.337509e+00
3.419657e-02,2.691855e+00,1.345932e+00
3.419857e-02,2.708276e+00,1.354142e+00
3.420057e-02,2.724270e+00,1.362139e+00
3.420257e-02,2.739834e+00,1.369921e+00
3.420457e-02,2.754965e+00,1.377487e+00
3.420657e-02,2.769662e+00,1.384835e+00
3.420857e-02,2.783922e+00,1.391965e+00
3.421057e-02,2.797743e+00,1.398876e+00
3.421257e-02,2.811123e+00,1.405566e+00
3.421457e-02,2.824059e+00,1.412034e+00
3.421657e-02,2.836550e+00,1.418279e+00
3.421857e-02,2.848593e+00,1.424301e+00
3.422057e-02,2.860187e+00,1.430098e+00
3.422257e-02,2.871330e+00,1.435669e+00
3.422457e-02,2.882019e+00,1.441014e+00
3.422657e-02,2.892254e+00,1.446132e+00
3.422857e-02,2.902033e+00,1.451021e+00
3.423057e-02,2.911354e+00,1.455681e+00
3.423257e-02,2.920216e+00,1.460112e+00
3.423457e-02,2.928617e+00,1.464313e+00
3.423657e-02,2.936556e+00,1.468282e+00
3.423857e-02,2.944032e+00,1.472020e+00
3.424057e-02,2.951043e+00,1.475526e+00
3.424257e-02,2.957589e+00,1.478799e+00
3.424457e-02,2.963668e+00,1.481839e+00
3.424657e-02,2.969280e+00,1.484645e+00
3.424857e-02,2.974423e+00,1.487216e+00
3.425057e-02,2.979098e+00,1.489553e+00
3.425257e-02,2.983302e+00,1.491655e+00
3.425457e-02,2.987035e+00,1.493522e+00
3.425657e-02,2.990298e+00,1.495153e+00
3.425857e-02,2.993088e+00,1.496549e+00
3.426057e-02,2.995407e+00,1.497708e+00
3.426257e-02,2.997253e+00,1.498631e+00
3.426457e-02,2.998626e+00,1.499317e+00
3.426657e-02,2.999526e+00,1.499767e+00
3.426857e-02,2.999953e+00,1.499981e+00
3.427057e-02,2.999906e+00,1.499958e+00
3.427257e-02,2.999387e+00,1.499698e+00
3.427457e-02,2.998394e+00,1.499202e+00
3.427657e-02,2.996928e+00,1.498469e+00
3.427857e-02,2.994990e+00,1.497499e+00
3.428057e-02,2.992579e+00,1.496294e+00
3.428257e-02,2.989696e+00,1.494852e+00
3.428457e-02,2.986341e+00,1.493175e+00
3.428657e-02,2.982515e+00,1.491262e+00
3.428857e-02,2.978219e+00,1.489114e+00
3.429057e-02,2.973453e+00,1.486731e+00
3.429257e-02,2.968218e+00,1.484113e+00
3.429457e-02,2.962514e+00,1.481262e+00
3.429657e-02,2.956343e+00,1.478176e+00
3.429857e-02,2.949706e+00,1.474858e+00
3.430057e-02,2.942604e+00,1.471306e+00
3.430257e-02,2.935037e+00,1.467523e+00
3.430457e-02,2.927008e+00,1.463508e+00
3.430657e-02,2.918516e+00,1.459262e+00
3.430857e-02,2.909564e+00,1.454787e+00
3.431057e-02,2.900154e+00,1.450081e+00
3.431257e-02,2.890285e+00,1.445147e+00
3.431457e-02,2.879961e+00,1.439985e+00
3.431657e-02,2.869182e+00,1.434596e+00
3.431857e-02,2.857951e+00,1.428980e+00
3.432057e-02,2.846269e+00,1.423139e+00
3.432257e-02,2.834138e+00,1.417073e+00
3.432457e-02,2.821560e+00,1.410784e+00
3.432657e-02,2.808537e+00,1.404273e+00
3.432857e-02,2.795071e+00,1.397539e+00
3.433057e-02,2.781163e+00,1.390586e+00
3.433257e-02,2.766817e+00,1.383413e+00
3.433457e-02,2.752035e+00,1.376022e+00
3.433657e-02,2.736819e+00,1.368413e+00
3.433857e-02,2.721170e+00,1.360589e+00
3.434057e-02,2.705093e+00,1.352550e+00
3.434257e-02,2.688588e+00,1.344298e+00
3.434457e-02,2.671660e+00,1.335834e+00
3.434657e-02,2.654310e+00,1.327159e+00
3.434857e-02,2.636542e+00,1.318275e+00
3.435057e-02,2.618357e+00,1.309182e+00
3.435257e-02,2.599760e+00,1.299884e+00
3.435457e-02,2.580752e+00,1.290380e+00
3.435657e-02,2.561337e+00,1.280672e+00
3.435857e-02,2.541518e+00,1.270763e+00
3.436057e-02,2.521298e+00,1.260653e+00
3.436257e-02,2.500681e+00,1.250344e+00
3.436457e-02,2.479669e+00,1.239838e+00
3.436657e-02,2.458266e+00,1.229137e+00
3.436857e-02,2.436475e+00,1.218241e+00
3.437057e-02,2.414299e+00,1.207153e+00
3.437257e-02,2.391743e+00,1.195875e+00
3.437457e-02,2.368810e+00,1.184408e+00
3.437657e-02,2.345503e+00,1.172755e+00
3.437857e-02,2.321825e+00,1.160916e+00
3.438057e-02,2.297782e+00,1.148894e+00
3.438257e-02,2.273376e+00,1.136691e+00
3.438457e-02,2.248612e+00,1.124309e+00
3.438657e-02,2.223492e+00,1.111749e+00
3.438857e-02,2.198022e+00,1.099014e+00
3.439057e-02,2.172206e+00,1.086106e+00
3.439257e-02,2.146046e+00,1.073026e+00
3.439457e-02,2.119548e+00,1.059777e+00
3.439657e-02,2.092716e+00,1.046361e+00
3.439857e-02,2.065553e+00,1.032780e+00
3.440057e-02,2.038065e+00,1.019036e+00
3.440257e-02,2.010255e+00,1.005131e+00
3.440457e-02,1.982128e+00,9.910671e-01
3.440657e-02,1.953689e+00,9.768472e-01
3.440857e-02,1.924941e+00,9.624732e-01
3.441057e-02,1.895889e+00,9.479475e-01
3.441257e-02,1.866539e+00,9.332721e-01
3.441457e-02,1.836894e+00,9.184496e-01
3.441657e-02,1.806959e+00,9.034821e-01
3.441857e-02,1.776739e+00,8.883722e-01
3.442057e-02,1.746239e+00,8.731221e-01
3.442257e-02,1.715463e+00,8.577342e-01
3.442457e-02,1.684417e+00,8.422111e-01
3.442657e-02,1.653105e+00,8.265550e-01
3.442857e-02,1.621532e+00,8.107686e-01
3.443057e-02,1.589704e+00,7.948543e-01
3.443257e-02,1.557625e+00,7.788146e-01
3.443457e-02,1.525300e+00,7.626521e-01
3.443657e-02,1.492734e+00,7.463692e-01
3.443857e-02,1.459933e+00,7.299686e-01
3.444057e-02,1.426901e+00,7.134529e-01
3.444257e-02,1.393645e+00,6.968246e-01
3.444457e-02,1.360169e+00,6.800863e-01
3.444657e-02,1.326478e+00,6.632408e-01
3.444857e-02,1.292577e+00,6.462907e-01
3.445057e-02,1.258473e+00,6.292386e-01
3.445257e-02,1.224171e+00,6.120872e-01
3.445457e-02,1.189675e+00,5.948393e-01
3.445657e-02,1.154992e+00,5.774976e-01
3.445857e-02,1.120126e+00,5.600647e-01
3.446057e-02,1.085084e+00,5.425435e-01
3.446257e-02,1.049870e+00,5.249367e-01
3.446457e-02,1.014491e+00,5.072471e-01
3.446657e-02,9.789520e-01,4.894775e-01
3.446857e-02,9.432585e-01,4.716306e-01
3.447057e-02,9.074161e-01,4.537094e-01
3.447257e-02,8.714306e-01,4.357166e-01
3.447457e-02,8.353076e-01,4.176551e-01
3.447657e-02,7.990528e-01,3.995276e-01
3.447857e-02,7.626720e-01,3.813372e-01
3.448057e-02,7.261709e-01,3.630865e-01
3.448257e-02,6.895552e-01,3.447787e-01
3.448457e-02,6.528308e-01,3.264164e-01
3.448657e-02,6.160034e-01,3.080026e-01
3.448857e-02,5.790787e-01,2.895402e-01
3.449057e-02,5.420628e-01,2.710322e-01
3.449257e-02,5.049613e-01,2.524814e-01
3.449457e-02,4.677802e-01,2.338908e-01
3.449657e-02,4.305252e-01,2.152633e-01
3.449857e-02,3.932024e-01,1.966018e-01
3.450057e-02,3.558175e-01,1.779093e-01
3.450257e-02,3.183765e-01,1.591887e-01
3.450457e-02,2.808853e-01,1.404431e-01
3.450657e-02,2.433498e-01,1.216753e-01
3.450857e-02,2.057759e-01,1.028882e-01
3.451057e-02,1.681695e-01,8.408499e-02
3.451257e-02,1.305366e-01,6.526847e-02
3.451457e-02,9.288305e-02,4.644166e-02
3.451657e-02,5.521489e-02,2.760753e-02
3.451857e-02,1.753802e-02,8.769037e-03
3.452057e-02,-2.014161e-02,-1.007084e-02
3.452257e-02,-5.781807e-02,-2.890912e-02
3.452457e-02,-9.548541e-02,-4.774285e-02
3.452657e-02,-1.331377e-01,-6.656904e-02
3.452857e-02,-1.707690e-01,-8.538473e-02
3.453057e-02,-2.083733e-01,-1.041870e-01
3.453257e-02,-2.459448e-01,-1.229727e-01
3.453457e-02,-2.834774e-01,-1.417391e-01
3.453657e-02,-3.209654e-01,-1.604832e-01
3.453857e-02,-3.584027e-01,-1.792019e-01
3.454057e-02,-3.957834e-01,-1.978923e-01
3.454257e-02,-4.331018e-01,-2.165515e-01
3.454457e-02,-4.703518e-01,-2.351766e-01
3.454657e-02,-5.075276e-01,-2.537646e-01
3.454857e-02,-5.446234e-01,-2.723125e-01
3.455057e-02,-5.816332e-01,-2.908175e-01
3.455257e-02,-6.185513e-01,-3.092766e-01
3.455457e-02,-6.553718e-01,-3.276869e-01
3.455657e-02,-6.920889e-01,-3.460455e-01
3.455857e-02,-7.286969e-01,-3.643495e-01
3.456057e-02,-7.651898e-01,-3.825961e-01
3.456257e-02,-8.015621e-01,-4.007823e-01
3.456457e-02,-8.378080e-01,-4.189052e-01
3.456657e-02,-8.739216e-01,-4.369621e-01
3.456857e-02,-9.098974e-01,-4.549501e-01
3.457057e-02,-9.457297e-01,-4.728663e-01
3.457257e-02,-9.814128e-01,-4.907079e-01
3.457457e-02,-1.016941e+00,-5.084720e-01
3.457657e-02,-1.052309e+00,-5.261560e-01
3.457857e-02,-1.087511e+00,-5.437570e-01
3.458057e-02,-1.122541e+00,-5.612722e-01
3.458257e-02,-1.157394e+00,-5.786988e-01
3.458457e-02,-1.192065e+00,-5.960342e-01
3.458657e-02,-1.226547e+00,-6.132755e-01
3.458857e-02,-1.260836e+00,-6.304201e-01
3.459057e-02,-1.294927e+00,-6.474652e-01
3.459257e-02,-1.328812e+00,-6.644082e-01
3.459457e-02,-1.362489e+00,-6.812464e-01
3.459657e-02,-1.395950e+00,-6.979771e-01
3.459857e-02,-1.429191e+00,-7.145977e-01
3.460057e-02,-1.462207e+00,-7.311056e-01
3.460257e-02,-1.494992e+00,-7.474982e-01
3.460457e-02,-1.527541e+00,-7.637728e-01
3.460657e-02,-1.559849e+00,-7.799270e-01
3.460857e-02,-1.591911e+00,-7.959581e-01
3.461057e-02,-1.623722e+00,-8.118636e-01
3.461257e-02,-1.655277e+00,-8.276411e-01
3.461457e-02,-1.686571e+00,-8.432880e-01
3.461657e-02,-1.717599e+00,-8.588019e-01
3.461857e-02,-1.748355e+00,-8.741803e-01
3.462057e-02,-1.778836e+00,-8.894208e-01
3.462257e-02,-1.809037e+00,-9.045210e-01
3.462457e-02,-1.838951e+00,-9.194785e-01
3.462657e-02,-1.868576e+00,-9.342909e-01
3.462857e-02,-1.897906e+00,-9.489560e-01
3.463057e-02,-1.926937e+00,-9.634714e-01
3.463257e-02,-1.955664e+00,-9.778348e-01
3.463457e-02,-1.984082e+00,-9.920439e-01
3.463657e-02,-2.012187e+00,-1.006097e+00
3.463857e-02,-2.039975e+00,-1.019990e+00
3.464057e-02,-2.067441e+00,-1.033723e+00
3.464257e-02,-2.094580e+00,-1.047293e+00
3.464457e-02,-2.121390e+00,-1.060698e+00
3.464657e-02,-2.147865e+00,-1.073936e+00
3.464857e-02,-2.174000e+00,-1.087004e+00
3.465057e-02,-2.199793e+00,-1.099900e+00
3.465257e-02,-2.225239e+00,-1.112623e+00
3.465457e-02,-2.250334e+00,-1.125170e+00
3.465657e-02,-2.275074e+00,-1.137540e+00
3.465857e-02,-2.299455e+00,-1.149731e+00
3.466057e-02,-2.323473e+00,-1.161740e+00
3.466257e-02,-2.347125e+00,-1.173566e+00
3.466457e-02,-2.370407e+00,-1.185207e+00
3.466657e-02,-2.393314e+00,-1.196661e+00
3.466857e-02,-2.415844e+00,-1.207926e+00
3.467057e-02,-2.437993e+00,-1.219000e+00
3.467257e-02,-2.459757e+00,-1.229882e+00
3.467457e-02,-2.481133e+00,-1.240570e+00
3.467657e-02,-2.502118e+00,-1.251063e+00
3.467857e-02,-2.522708e+00,-1.261358e+00
3.468057e-02,-2.542901e+00,-1.271454e+00
3.468257e-02,-2.562692e+00,-1.281350e+00
3.468457e-02,-2.582078e+00,-1.291043e+00
3.468657e-02,-2.601058e+00,-1.300533e+00
3.468857e-02,-2.619627e+00,-1.309817e+00
3.469057e-02,-2.637783e+00,-1.318895e+00
3.469257e-02,-2.655523e+00,-1.327765e+00
3.469457e-02,-2.672843e+00,-1.336426e+00
3.469657e-02,-2.689743e+00,-1.344875e+00
3.469857e-02,-2.706217e+00,-1.353113e+00
3.470057e-02,-2.722265e+00,-1.361137e+00
3.470257e-02,-2.737884e+00,-1.368946e+00
3.470457e-02,-2.753071e+00,-1.376539e+00
3.470657e-02,-2.767823e+00,-1.383916e+00
3.470857e-02,-2.782139e+00,-1.391073e+00
3.471057e-02,-2.796015e+00,-1.398012e+00
3.471257e-02,-2.809451e+00,-1.404730e+00
3.471457e-02,-2.822444e+00,-1.411226e+00
3.471657e-02,-2.834991e+00,-1.417500e+00
3.471857e-02,-2.847091e+00,-1.423550e+00
3.472057e-02,-2.858742e+00,-1.429375e+00
3.472257e-02,-2.869942e+00,-1.434975e+00
3.472457e-02,-2.880689e+00,-1.440349e+00
3.472657e-02,-2.890982e+00,-1.445495e+00
3.472857e-02,-2.900819e+00,-1.450414e+00
3.473057e-02,-2.910198e+00,-1.455103e+00
3.473257e-02,-2.919118e+00,-1.459563e+00
3.473457e-02,-2.927577e+00,-1.463793e+00
3.473657e-02,-2.935575e+00,-1.467792e+00
3.473857e-02,-2.943110e+00,-1.471559e+00
3.474057e-02,-2.950180e+00,-1.475094e+00
3.474257e-02,-2.956785e+00,-1.478397e+00
3.474457e-02,-2.962923e+00,-1.481466e+00
3.474657e-02,-2.968594e+00,-1.484302e+00
3.474857e-02,-2.973797e+00,-1.486903e+00
3.475057e-02,-2.978531e+00,-1.489270e+00
3.475257e-02,-2.982795e+00,-1.491402e+00
3.475457e-02,-2.986588e+00,-1.493298e+00
3.475657e-02,-2.989910e+00,-1.494960e+00
3.475857e-02,-2.992761e+00,-1.496385e+00
3.476057e-02,-2.995139e+00,-1.497574e+00
3.476257e-02,-2.997045e+00,-1.498527e+00
3.476457e-02,-2.998478e+00,-1.499243e+00
3.476657e-02,-2.999438e+00,-1.499723e+00
3.476857e-02,-2.999925e+00,-1.499967e+00
3.477057e-02,-2.999938e+00,-1.499974e+00
3.477257e-02,-2.999479e+00,-1.499744e+00
3.477457e-02,-2.998546e+00,-1.499278e+00
3.477657e-02,-2.997140e+00,-1.498575e+00
3.477857e-02,-2.995262e+00,-1.497635e+00
3.478057e-02,-2.992911e+00,-1.496460e+00
3.478257e-02,-2.990087e+00,-1.495048e+00
3.478457e-02,-2.986792e+00,-1.493401e+00
3.478657e-02,-2.983026e+00,-1.491518e+00
3.478857e-02,-2.978790e+00,-1.489399e+00
3.479057e-02,-2.974083e+00,-1.487046e+00
3.479257e-02,-2.968907e+00,-1.484458e+00
3.479457e-02,-2.963263e+00,-1.481636e+00
3.479657e-02,-2.957152e+00,-1.478580e+00
3.479857e-02,-2.950574e+00,-1.475291e+00
3.480057e-02,-2.943530e+00,-1.471769e+00
3.480257e-02,-2.936022e+00,-1.468016e+00
3.480457e-02,-2.928051e+00,-1.464030e+00
3.480657e-02,-2.919618e+00,-1.459814e+00
3.480857e-02,-2.910725e+00,-1.455367e+00
3.481057e-02,-2.901372e+00,-1.450690e+00
3.481257e-02,-2.891562e+00,-1.445785e+00
3.481457e-02,-2.881295e+00,-1.440652e+00
3.481657e-02,-2.870574e+00,-1.435291e+00
3.481857e-02,-2.859400e+00,-1.429704e+00
3.482057e-02,-2.847775e+00,-1.423892e+00
3.482257e-02,-2.835701e+00,-1.417855e+00
3.482457e-02,-2.823180e+00,-1.411594e+00
3.482657e-02,-2.810213e+00,-1.405111e+00
3.482857e-02,-2.796803e+00,-1.398406e+00
3.483057e-02,-2.782951e+00,-1.391480e+00
3.483257e-02,-2.768661e+00,-1.384335e+00
3.483457e-02,-2.753934e+00,-1.376971e+00
3.483657e-02,-2.738772e+00,-1.369390e+00
3.483857e-02,-2.723178e+00,-1.361593e+00
3.484057e-02,-2.707155e+00,-1.353582e+00
3.484257e-02,-2.690705e+00,-1.345356e+00
3.484457e-02,-2.673830e+00,-1.336919e+00
3.484657e-02,-2.656533e+00,-1.328271e+00
3.484857e-02,-2.638818e+00,-1.319413e+00
3.485057e-02,-2.620686e+00,-1.310347e+00
3.485257e-02,-2.602141e+00,-1.301074e+00
3.485457e-02,-2.583185e+00,-1.291596e+00
3.485657e-02,-2.563821e+00,-1.281915e+00
3.485857e-02,-2.544054e+00,-1.272031e+00
3.486057e-02,-2.523884e+00,-1.261946e+00
3.486257e-02,-2.503317e+00,-1.251662e+00
3.486457e-02,-2.482355e+00,-1.241181e+00
3.486657e-02,-2.461001e+00,-1.230504e+00
3.486857e-02,-2.439259e+00,-1.219633e+00
3.487057e-02,-2.417133e+00,-1.208570e+00
3.487257e-02,-2.394624e+00,-1.197316e+00
3.487457e-02,-2.371739e+00,-1.185873e+00
3.487657e-02,-2.348479e+00,-1.174243e+00
3.487857e-02,-2.324848e+00,-1.162428e+00
3.488057e-02,-2.300851e+00,-1.150429e+00
3.488257e-02,-2.276491e+00,-1.138249e+00
3.488457e-02,-2.251772e+00,-1.125889e+00
3.488657e-02,-2.226697e+00,-1.113352e+00
3.488857e-02,-2.201271e+00,-1.100639e+00
3.489057e-02,-2.175498e+00,-1.087752e+00
3.489257e-02,-2.149382e+00,-1.074694e+00
3.489457e-02,-2.122927e+00,-1.061467e+00
3.489657e-02,-2.096137e+00,-1.048071e+00
3.489857e-02,-2.069016e+00,-1.034511e+00
3.490057e-02,-2.041568e+00,-1.020787e+00
3.490257e-02,-2.013799e+00,-1.006903e+00
3.490457e-02,-1.985712e+00,-9.928591e-01
3.490657e-02,-1.957312e+00,-9.786589e-01
3.490857e-02,-1.928603e+00,-9.643044e-01
3.491057e-02,-1.899590e+00,-9.497977e-01
3.491257e-02,-1.870277e+00,-9.351412e-01
3.491457e-02,-1.840669e+00,-9.203372e-01
3.491657e-02,-1.810771e+00,-9.053880e-01
3.491857e-02,-1.780587e+00,-8.902960e-01
3.492057e-02,-1.750122e+00,-8.750635e-01
3.492257e-02,-1.719381e+00,-8.596930e-01
3.492457e-02,-1.688369e+00,-8.441869e-01
3.492657e-02,-1.657090e+00,-8.285476e-01
3.492857e-02,-1.625550e+00,-8.127776e-01
3.493057e-02,-1.593754e+00,-7.968793e-01
3.493257e-02,-1.561706e+00,-7.808554e-01
3.493457e-02,-1.529412e+00,-7.647083e-01
3.493657e-02,-1.496877e+00,-7.484405e-01
3.493857e-02,-1.464105e+00,-7.320547e-01
3.494057e-02,-1.431103e+00,-7.155534e-01
3.494257e-02,-1.397874e+00,-6.989392e-01
3.494457e-02,-1.364426e+00,-6.822148e-01
3.494657e-02,-1.330761e+00,-6.653827e-01
3.494857e-02,-1.296888e+00,-6.484457e-01
3.495057e-02,-1.262809e+00,-6.314064e-01
3.495257e-02,-1.228531e+00,-6.142675e-01
3.495457e-02,-1.194060e+00,-5.970317e-01
3.495657e-02,-1.159400e+00,-5.797017e-01
3.495857e-02,-1.124557e+00,-5.622802e-01
3.496057e-02,-1.089537e+00,-5.447700e-01
3.496257e-02,-1.054345e+00,-5.271740e-01
3.496457e-02,-1.018986e+00,-5.094947e-01
3.496657e-02,-9.834672e-01,-4.917351e-01
3.496857e-02,-9.477929e-01,-4.738979e-01
3.497057e-02,-9.119691e-01,-4.559859e-01
3.497257e-02,-8.760014e-01,-4.380020e-01
3.497457e-02,-8.398955e-01,-4.199490e-01
3.497657e-02,-8.036572e-01,-4.018298e-01
3.497857e-02,-7.672920e-01,-3.836472e-01
3.498057e-02,-7.308059e-01,-3.654040e-01
3.498257e-02,-6.942044e-01,-3.471032e-01
3.498457e-02,-6.574934e-01,-3.287477e-01
3.498657e-02,-6.206787e-01,-3.103403e-01
3.498857e-02,-5.837661e-01,-2.918839e-01
3.499057e-02,-5.467614e-01,-2.733815e-01
3.499257e-02,-5.096704e-01,-2.548360e-01
3.499457e-02,-4.724991e-01,-2.362503e-01
3.499657e-02,-4.352532e-01,-2.176272e-01
3.499857e-02,-3.979386e-01,-1.989699e-01
3.500057e-02,-3.605613e-01,-1.802812e-01
3.500257e-02,-3.231271e-01,-1.615640e-01
3.500457e-02,-2.856419e-01,-1.428214e-01
3.500657e-02,-2.481117e-01,-1.240562e-01
3.500857e-02,-2.105423e-01,-1.052715e-01
3.501057e-02,-1.729397e-01,-8.647010e-02
3.501257e-02,-1.353098e-01,-6.765511e-02
3.501457e-02,-9.765858e-02,-4.882944e-02
3.501657e-02,-5.999195e-02,-2.999607e-02
3.501857e-02,-2.231586e-02,-1.115796e-02
3.502057e-02,1.536375e-02,7.681899e-03
3.502257e-02,5.304094e-02,2.652055e-02
3.502457e-02,9.070977e-02,4.535502e-02
3.502657e-02,1.283643e-01,6.418233e-02
3.502857e-02,1.659985e-01,8.299952e-02
3.503057e-02,2.036066e-01,1.018036e-01
3.503257e-02,2.411826e-01,1.205917e-01
3.503457e-02,2.787205e-01,1.393607e-01
3.503657e-02,3.162144e-01,1.581077e-01
3.503857e-02,3.536585e-01,1.768298e-01
3.504057e-02,3.910468e-01,1.955240e-01
3.504257e-02,4.283733e-01,2.141873e-01
3.504457e-02,4.656323e-01,2.328169e-01
3.504657e-02,5.028179e-01,2.514097e-01
3.504857e-02,5.399241e-01,2.699629e-01
3.505057e-02,5.769452e-01,2.884735e-01
3.505257e-02,6.138752e-01,3.069385e-01
3.505457e-02,6.507084e-01,3.253552e-01
3.505657e-02,6.874390e-01,3.437205e-01
3.505857e-02,7.240611e-01,3.620316e-01
3.506057e-02,7.605690e-01,3.802856e-01
3.506257e-02,7.969569e-01,3.984796e-01
3.506457e-02,8.332191e-01,4.166108e-01
3.506657e-02,8.693498e-01,4.346762e-01
3.506857e-02,9.053434e-01,4.526731e-01
3.507057e-02,9.411942e-01,4.705985e-01
3.507257e-02,9.768965e-01,4.884497e-01
3.507457e-02,1.012445e+00,5.062239e-01
3.507657e-02,1.047833e+00,5.239182e-01
3.507857e-02,1.083056e+00,5.415298e-01
3.508057e-02,1.118109e+00,5.590560e-01
3.508257e-02,1.152985e+00,5.764941e-01
3.508457e-02,1.187679e+00,5.938411e-01
3.508657e-02,1.222185e+00,6.110945e-01
3.508857e-02,1.256499e+00,6.282515e-01
3.509057e-02,1.290615e+00,6.453094e-01
3.509257e-02,1.324527e+00,6.622655e-01
3.509457e-02,1.358230e+00,6.791172e-01
3.509657e-02,1.391719e+00,6.958617e-01
3.509857e-02,1.424988e+00,7.124964e-01
3.510057e-02,1.458033e+00,7.290187e-01
3.510257e-02,1.490848e+00,7.454260e-01
3.510457e-02,1.523427e+00,7.617157e-01
3.510657e-02,1.555766e+00,7.778853e-01
3.510857e-02,1.587860e+00,7.939322e-01
3.511057e-02,1.619703e+00,8.098538e-01
3.511257e-02,1.651290e+00,8.256476e-01
3.511457e-02,1.682617e+00,8.413112e-01
3.511657e-02,1.713679e+00,8.568421e-01
3.511857e-02,1.744470e+00,8.722378e-01
3.512057e-02,1.774987e+00,8.874960e-01
3.512257e-02,1.805223e+00,9.026141e-01
3.512457e-02,1.835174e+00,9.175898e-01
3.512657e-02,1.864836e+00,9.324208e-01
3.512857e-02,1.894204e+00,9.471047e-01
3.513057e-02,1.923273e+00,9.616392e-01
3.513257e-02,1.952038e+00,9.760219e-01
3.513457e-02,1.980496e+00,9.902507e-01
3.513657e-02,2.008641e+00,1.004323e+00
3.513857e-02,2.036469e+00,1.018238e+00
3.514057e-02,2.063976e+00,1.031991e+00
3.514257e-02,2.091157e+00,1.045582e+00
3.514457e-02,2.118009e+00,1.059008e+00
3.514657e-02,2.144526e+00,1.072266e+00
3.514857e-02,2.170705e+00,1.085356e+00
3.515057e-02,2.196542e+00,1.098274e+00
3.515257e-02,2.222032e+00,1.111019e+00
3.515457e-02,2.247172e+00,1.123589e+00
3.515657e-02,2.271957e+00,1.135982e+00
3.515857e-02,2.296384e+00,1.148195e+00
3.516057e-02,2.320448e+00,1.160227e+00
3.516257e-02,2.344146e+00,1.172077e+00
3.516457e-02,2.367475e+00,1.183741e+00
3.516657e-02,2.390430e+00,1.195219e+00
3.516857e-02,2.413008e+00,1.206508e+00
3.517057e-02,2.435206e+00,1.217606e+00
3.517257e-02,2.457019e+00,1.228513e+00
3.517457e-02,2.478444e+00,1.239226e+00
3.517657e-02,2.499479e+00,1.249743e+00
3.517857e-02,2.520120e+00,1.260064e+00
3.518057e-02,2.540362e+00,1.270185e+00
3.518257e-02,2.560204e+00,1.280106e+00
3.518457e-02,2.579643e+00,1.289825e+00
3.518657e-02,2.598674e+00,1.299341e+00
3.518857e-02,2.617295e+00,1.308651e+00
3.519057e-02,2.635504e+00,1.317756e+00
3.519257e-02,2.653296e+00,1.326652e+00
3.519457e-02,2.670670e+00,1.335339e+00
3.519657e-02,2.687623e+00,1.343816e+00
3.519857e-02,2.704152e+00,1.352080e+00
3.520057e-02,2.720254e+00,1.360131e+00
3.520257e-02,2.735927e+00,1.367968e+00
3.520457e-02,2.751169e+00,1.375589e+00
3.520657e-02,2.765976e+00,1.382992e+00
3.520857e-02,2.780347e+00,1.390178e+00
3.521057e-02,2.794280e+00,1.397144e+00
3.521257e-02,2.807772e+00,1.403890e+00
3.521457e-02,2.820821e+00,1.410415e+00
3.521657e-02,2.833425e+00,1.416717e+00
3.521857e-02,2.845581e+00,1.422795e+00
3.522057e-02,2.857289e+00,1.428649e+00
3.522257e-02,2.868547e+00,1.434278e+00
3.522457e-02,2.879351e+00,1.439680e+00
3.522657e-02,2.889702e+00,1.444855e+00
3.522857e-02,2.899596e+00,1.449803e+00
3.523057e-02,2.909034e+00,1.454521e+00
3.523257e-02,2.918012e+00,1.459010e+00
3.523457e-02,2.926530e+00,1.463269e+00
3.523657e-02,2.934586e+00,1.467298e+00
3.523857e-02,2.942180e+00,1.471094e+00
3.524057e-02,2.949309e+00,1.474659e+00
3.524257e-02,2.955973e+00,1.477991e+00
3.524457e-02,2.962171e+00,1.481090e+00
3.524657e-02,2.967901e+00,1.483955e+00
3.524857e-02,2.973163e+00,1.486586e+00
3.525057e-02,2.977957e+00,1.488983e+00
3.525257e-02,2.982280e+00,1.491145e+00
3.525457e-02,2.986133e+00,1.493071e+00
3.525657e-02,2.989515e+00,1.494762e+00
3.525857e-02,2.992425e+00,1.496217e+00
3.526057e-02,2.994863e+00,1.497436e+00
3.526257e-02,2.996829e+00,1.498419e+00
3.526457e-02,2.998322e+00,1.499166e+00
3.526657e-02,2.999342e+00,1.499676e+00
3.526857e-02,2.999889e+00,1.499949e+00
3.527057e-02,2.999963e+00,1.499986e+00
3.527257e-02,2.999563e+00,1.499786e+00
3.527457e-02,2.998691e+00,1.499350e+00
3.527657e-02,2.997345e+00,1.498677e+00
3.527857e-02,2.995526e+00,1.497768e+00
3.528057e-02,2.993235e+00,1.496622e+00
3.528257e-02,2.990472e+00,1.495240e+00
3.528457e-02,2.987236e+00,1.493623e+00
3.528657e-02,2.983530e+00,1.491769e+00
3.528857e-02,2.979353e+00,1.489681e+00
3.529057e-02,2.974706e+00,1.487357e+00
3.529257e-02,2.969590e+00,1.484799e+00
3.529457e-02,2.964005e+00,1.482007e+00
3.529657e-02,2.957953e+00,1.478981e+00
3.529857e-02,2.951434e+00,1.475721e+00
3.530057e-02,2.944449e+00,1.472229e+00
3.530257e-02,2.937000e+00,1.468504e+00
3.530457e-02,2.929088e+00,1.464548e+00
3.530657e-02,2.920713e+00,1.460361e+00
3.530857e-02,2.911878e+00,1.455943e+00
3.531057e-02,2.902584e+00,1.451296e+00
3.531257e-02,2.892831e+00,1.446420e+00
3.531457e-02,2.882622e+00,1.441315e+00
3.531657e-02,2.871959e+00,1.435984e+00
3.531857e-02,2.860842e+00,1.430425e+00
3.532057e-02,2.849274e+00,1.424641e+00
3.532257e-02,2.837257e+00,1.418633e+00
3.532457e-02,2.824792e+00,1.412400e+00
3.532657e-02,2.811882e+00,1.405945e+00
3.532857e-02,2.798528e+00,1.399268e+00
3.533057e-02,2.784732e+00,1.392370e+00
3.533257e-02,2.770497e+00,1.385253e+00
3.533457e-02,2.755825e+00,1.377917e+00
3.533657e-02,2.740719e+00,1.370363e+00
3.533857e-02,2.725179e+00,1.362594e+00
3.534057e-02,2.709211e+00,1.354609e+00
3.534257e-02,2.692814e+00,1.346411e+00
3.534457e-02,2.675993e+00,1.338001e+00
3.534657e-02,2.658750e+00,1.329379e+00
3.534857e-02,2.641087e+00,1.320548e+00
3.535057e-02,2.623008e+00,1.311508e+00
3.535257e-02,2.604515e+00,1.302261e+00
3.535457e-02,2.585611e+00,1.292809e+00
3.535657e-02,2.566299e+00,1.283153e+00
3.535857e-02,2.546582e+00,1.273295e+00
3.536057e-02,2.526464e+00,1.263236e+00
3.536257e-02,2.505947e+00,1.252977e+00
3.536457e-02,2.485035e+00,1.242521e+00
3.536657e-02,2.463731e+00,1.231869e+00
3.536857e-02,2.442038e+00,1.221022e+00
3.537057e-02,2.419959e+00,1.209983e+00
3.537257e-02,2.397500e+00,1.198753e+00
3.537457e-02,2.374661e+00,1.187334e+00
3.537657e-02,2.351449e+00,1.175728e+00
3.537857e-02,2.327865e+00,1.163936e+00
3.538057e-02,2.303914e+00,1.151961e+00
3.538257e-02,2.279600e+00,1.139803e+00
3.538457e-02,2.254926e+00,1.127466e+00
3.538657e-02,2.229896e+00,1.114951e+00
3.538857e-02,2.204515e+00,1.102261e+00
3.539057e-02,2.178785e+00,1.089396e+00
3.539257e-02,2.152712e+00,1.076359e+00
3.539457e-02,2.126300e+00,1.063153e+00
3.539657e-02,2.099552e+00,1.049779e+00
3.539857e-02,2.072473e+00,1.036240e+00
3.540057e-02,2.045067e+00,1.022536e+00
3.540257e-02,2.017338e+00,1.008672e+00
3.540457e-02,1.989291e+00,9.946486e-01
3.540657e-02,1.960930e+00,9.804681e-01
3.540857e-02,1.932260e+00,9.661330e-01
3.541057e-02,1.903285e+00,9.516455e-01
3.541257e-02,1.874010e+00,9.370079e-01
3.541457e-02,1.844439e+00,9.222225e-01
3.541657e-02,1.814578e+00,9.072916e-01
3.541857e-02,1.784430e+00,8.922175e-01
3.542057e-02,1.754000e+00,8.770027e-01
3.542257e-02,1.723294e+00,8.616496e-01
3.542457e-02,1.692316e+00,8.461605e-01
3.542657e-02,1.661071e+00,8.305380e-01
3.542857e-02,1.629564e+00,8.147844e-01
3.543057e-02,1.597800e+00,7.989023e-01
3.543257e-02,1.565784e+00,7.828942e-01
3.543457e-02,1.533520e+00,7.667625e-01
3.543657e-02,1.501015e+00,7.505099e-01
3.543857e-02,1.468273e+00,7.341389e-01
3.544057e-02,1.435300e+00,7.176521e-01
3.544257e-02,1.402100e+00,7.010521e-01
3.544457e-02,1.368679e+00,6.843415e-01
3.544657e-02,1.335042e+00,6.675230e-01
3.544857e-02,1.301194e+00,6.505991e-01
3.545057e-02,1.267141e+00,6.335726e-01
3.545257e-02,1.232889e+00,6.164462e-01
3.545457e-02,1.198441e+00,5.992225e-01
3.545657e-02,1.163805e+00,5.819043e-01
3.545857e-02,1.128985e+00,5.644943e-01
3.546057e-02,1.093987e+00,5.469952e-01
3.546257e-02,1.058817e+00,5.294099e-01
3.546457e-02,1.023479e+00,5.117410e-01
3.546657e-02,9.879798e-01,4.939914e-01
3.546857e-02,9.523249e-01,4.761639e-01
3.547057e-02,9.165197e-01,4.582612e-01
3.547257e-02,8.805700e-01,4.402863e-01
3.547457e-02,8.444813e-01,4.222419e-01
3.547657e-02,8.082595e-01,4.041309e-01
3.547857e-02,7.719101e-01,3.859562e-01
3.548057e-02,7.354389e-01,3.677206e-01
3.548257e-02,6.988518e-01,3.494269e-01
3.548457e-02,6.621544e-01,3.310782e-01
3.548657e-02,6.253525e-01,3.126772e-01
3.548857e-02,5.884520e-01,2.942269e-01
3.549057e-02,5.514586e-01,2.757301e-01
3.549257e-02,5.143783e-01,2.571899e-01
3.549457e-02,4.772168e-01,2.386091e-01
3.549657e-02,4.399800e-01,2.199907e-01
3.549857e-02,4.026739e-01,2.013375e-01
3.550057e-02,3.653042e-01,1.826526e-01
3.550257e-02,3.278768e-01,1.639389e-01
3.550457e-02,2.903978e-01,1.451993e-01
3.550657e-02,2.528729e-01,1.264368e-01
3.550857e-02,2.153082e-01,1.076544e-01
3.551057e-02,1.777095e-01,8.885500e-02
3.551257e-02,1.400827e-01,7.004157e-02
3.551457e-02,1.024339e-01,5.121709e-02
3.551657e-02,6.476887e-02,3.238453e-02
3.551857e-02,2.709365e-02,1.354686e-02
3.552057e-02,-1.058585e-02,-5.292942e-03
3.552257e-02,-4.826368e-02,-2.413191e-02
3.552457e-02,-8.593389e-02,-4.296707e-02
3.552657e-02,-1.235905e-01,-6.179546e-02
3.552857e-02,-1.612277e-01,-8.061410e-02
3.553057e-02,-1.988394e-01,-9.942002e-02
3.553257e-02,-2.364198e-01,-1.182103e-01
3.553457e-02,-2.739629e-01,-1.369818e-01
3.553657e-02,-3.114627e-01,-1.557318e-01
3.553857e-02,-3.489134e-01,-1.744572e-01
3.554057e-02,-3.863091e-01,-1.931551e-01
3.554257e-02,-4.236438e-01,-2.118225e-01
3.554457e-02,-4.609117e-01,-2.304565e-01
3.554657e-02,-4.981069e-01,-2.490542e-01
3.554857e-02,-5.352235e-01,-2.676126e-01
3.555057e-02,-5.722557e-01,-2.861287e-01
3.555257e-02,-6.091976e-01,-3.045997e-01
3.555457e-02,-6.460434e-01,-3.230227e-01
3.555657e-02,-6.827873e-01,-3.413947e-01
3.555857e-02,-7.194235e-01,-3.597128e-01
3.556057e-02,-7.559462e-01,-3.779742e-01
3.556257e-02,-7.923496e-01,-3.961760e-01
3.556457e-02,-8.286280e-01,-4.143153e-01
3.556657e-02,-8.647758e-01,-4.323892e-01
3.556857e-02,-9.007871e-01,-4.503949e-01
3.557057e-02,-9.366563e-01,-4.683295e-01
3.557257e-02,-9.723777e-01,-4.861903e-01
3.557457e-02,-1.007946e+00,-5.039744e-01
3.557657e-02,-1.043355e+00,-5.216790e-01
3.557857e-02,-1.078599e+00,-5.393013e-01
3.558057e-02,-1.113674e+00,-5.568385e-01
3.558257e-02,-1.148572e+00,-5.742878e-01
3.558457e-02,-1.183290e+00,-5.916466e-01
3.558657e-02,-1.217820e+00,-6.089120e-01
3.558857e-02,-1.252159e+00,-6.260814e-01
3.559057e-02,-1.286300e+00,-6.431520e-01
3.559257e-02,-1.320238e+00,-6.601212e-01
3.559457e-02,-1.353968e+00,-6.769862e-01
3.559657e-02,-1.387485e+00,-6.937444e-01
3.559857e-02,-1.420782e+00,-7.103932e-01
3.560057e-02,-1.453855e+00,-7.269299e-01
3.560257e-02,-1.486699e+00,-7.433520e-01
3.560457e-02,-1.519309e+00,-7.596567e-01
3.560657e-02,-1.551679e+00,-7.758417e-01
3.560857e-02,-1.583804e+00,-7.919042e-01
3.561057e-02,-1.615679e+00,-8.078419e-01
3.561257e-02,-1.647299e+00,-8.236521e-01
3.561457e-02,-1.678660e+00,-8.393323e-01
3.561657e-02,-1.709755e+00,-8.548802e-01
3.561857e-02,-1.740581e+00,-8.702932e-01
3.562057e-02,-1.771132e+00,-8.855689e-01
3.562257e-02,-1.801404e+00,-9.007049e-01
3.562457e-02,-1.831392e+00,-9.156988e-01
3.562657e-02,-1.861091e+00,-9.305483e-01
3.562857e-02,-1.890496e+00,-9.452509e-01
3.563057e-02,-1.919603e+00,-9.598045e-01
3.563257e-02,-1.948407e+00,-9.742066e-01
3.563457e-02,-1.976904e+00,-9.884551e-01
3.563657e-02,-2.005089e+00,-1.002548e+00
3.563857e-02,-2.032958e+00,-1.016482e+00
3.564057e-02,-2.060506e+00,-1.030256e+00
3.564257e-02,-2.087729e+00,-1.043868e+00
3.564457e-02,-2.114622e+00,-1.057314e+00
3.564657e-02,-2.141182e+00,-1.070594e+00
3.564857e-02,-2.167405e+00,-1.083706e+00
3.565057e-02,-2.193285e+00,-1.096646e+00
3.565257e-02,-2.218819e+00,-1.109413e+00
3.565457e-02,-2.244003e+00,-1.122005e+00
3.565657e-02,-2.268834e+00,-1.134420e+00
3.565857e-02,-2.293306e+00,-1.146656e+00
3.566057e-02,-2.317417e+00,-1.158712e+00
3.566257e-02,-2.341162e+00,-1.170584e+00
3.566457e-02,-2.364537e+00,-1.182272e+00
3.566657e-02,-2.387540e+00,-1.193774e+00
3.566857e-02,-2.410166e+00,-1.205087e+00
3.567057e-02,-2.432412e+00,-1.216210e+00
3.567257e-02,-2.454274e+00,-1.227141e+00
3.567457e-02,-2.475749e+00,-1.237878e+00
3.567657e-02,-2.496834e+00,-1.248421e+00
3.567857e-02,-2.517524e+00,-1.258766e+00
3.568057e-02,-2.537818e+00,-1.268913e+00
3.568257e-02,-2.557711e+00,-1.278859e+00
3.568457e-02,-2.577200e+00,-1.288604e+00
3.568657e-02,-2.596283e+00,-1.298146e+00
3.568857e-02,-2.614957e+00,-1.307482e+00
3.569057e-02,-2.633218e+00,-1.316613e+00
3.569257e-02,-2.651063e+00,-1.325536e+00
3.569457e-02,-2.668490e+00,-1.334249e+00
3.569657e-02,-2.685497e+00,-1.342752e+00
3.569857e-02,-2.702080e+00,-1.351044e+00
3.570057e-02,-2.718236e+00,-1.359122e+00
3.570257e-02,-2.733964e+00,-1.366986e+00
3.570457e-02,-2.749260e+00,-1.374634e+00
3.570657e-02,-2.764123e+00,-1.382066e+00
3.570857e-02,-2.778549e+00,-1.389279e+00
3.571057e-02,-2.792538e+00,-1.396273e+00
3.571257e-02,-2.806085e+00,-1.403047e+00
3.571457e-02,-2.819191e+00,-1.409600e+00
3.571657e-02,-2.831851e+00,-1.415930e+00
3.571857e-02,-2.844065e+00,-1.422037e+00
3.572057e-02,-2.855830e+00,-1.427919e+00
3.572257e-02,-2.867144e+00,-1.433576e+00
3.572457e-02,-2.878006e+00,-1.439008e+00
3.572657e-02,-2.888415e+00,-1.444212e+00
3.572857e-02,-2.898367e+00,-1.449188e+00
3.573057e-02,-2.907862e+00,-1.453936e+00
3.573257e-02,-2.916899e+00,-1.458454e+00
3.573457e-02,-2.925475e+00,-1.462742e+00
3.573657e-02,-2.933590e+00,-1.466800e+00
3.573857e-02,-2.941243e+00,-1.470626e+00
3.574057e-02,-2.948431e+00,-1.474220e+00
3.574257e-02,-2.955154e+00,-1.477581e+00
3.574457e-02,-2.961411e+00,-1.480710e+00
3.574657e-02,-2.967200e+00,-1.483605e+00
3.574857e-02,-2.972522e+00,-1.486266e+00
3.575057e-02,-2.977375e+00,-1.488692e+00
3.575257e-02,-2.981758e+00,-1.490883e+00
3.575457e-02,-2.985671e+00,-1.492840e+00
3.575657e-02,-2.989112e+00,-1.494561e+00
3.575857e-02,-2.992082e+00,-1.496046e+00
3.576057e-02,-2.994580e+00,-1.497295e+00
3.576257e-02,-2.996606e+00,-1.498308e+00
3.576457e-02,-2.998159e+00,-1.499084e+00
3.576657e-02,-2.999239e+00,-1.499624e+00
3.576857e-02,-2.999846e+00,-1.499928e+00
3.577057e-02,-2.999980e+00,-1.499994e+00
3.577257e-02,-2.999640e+00,-1.499825e+00
3.577457e-02,-2.998827e+00,-1.499418e+00
3.577657e-02,-2.997542e+00,-1.498775e+00
3.577857e-02,-2.995783e+00,-1.497896e+00
3.578057e-02,-2.993552e+00,-1.496780e+00
3.578257e-02,-2.990848e+00,-1.495429e+00
3.578457e-02,-2.987673e+00,-1.493841e+00
3.578657e-02,-2.984026e+00,-1.492018e+00
3.578857e-02,-2.979909e+00,-1.489959e+00
3.579057e-02,-2.975321e+00,-1.487665e+00
3.579257e-02,-2.970264e+00,-1.485137e+00
3.579457e-02,-2.964739e+00,-1.482374e+00
3.579657e-02,-2.958746e+00,-1.479377e+00
3.579857e-02,-2.952286e+00,-1.476147e+00
3.580057e-02,-2.945360e+00,-1.472685e+00
3.580257e-02,-2.937970e+00,-1.468990e+00
3.580457e-02,-2.930117e+00,-1.465063e+00
3.580657e-02,-2.921801e+00,-1.460905e+00
3.580857e-02,-2.913024e+00,-1.456516e+00
3.581057e-02,-2.903787e+00,-1.451898e+00
3.581257e-02,-2.894093e+00,-1.447051e+00
3.581457e-02,-2.883942e+00,-1.441975e+00
3.581657e-02,-2.873336e+00,-1.436672e+00
3.581857e-02,-2.862277e+00,-1.431143e+00
3.582057e-02,-2.850766e+00,-1.425387e+00
3.582257e-02,-2.838806e+00,-1.419407e+00
3.582457e-02,-2.826397e+00,-1.413203e+00
3.582657e-02,-2.813543e+00,-1.406776e+00
3.582857e-02,-2.800245e+00,-1.400127e+00
3.583057e-02,-2.786506e+00,-1.393257e+00
3.583257e-02,-2.772326e+00,-1.386167e+00
3.583457e-02,-2.757710e+00,-1.378859e+00
3.583657e-02,-2.742658e+00,-1.371333e+00
3.583857e-02,-2.727174e+00,-1.363591e+00
3.584057e-02,-2.711259e+00,-1.355634e+00
3.584257e-02,-2.694917e+00,-1.347463e+00
3.584457e-02,-2.678150e+00,-1.339079e+00
3.584657e-02,-2.660960e+00,-1.330484e+00
3.584857e-02,-2.643350e+00,-1.321679e+00
3.585057e-02,-2.625323e+00,-1.312666e+00
3.585257e-02,-2.606883e+00,-1.303445e+00
3.585457e-02,-2.588031e+00,-1.294019e+00
3.585657e-02,-2.568770e+00,-1.284389e+00
3.585857e-02,-2.549105e+00,-1.274556e+00
3.586057e-02,-2.529037e+00,-1.264522e+00
3.586257e-02,-2.508571e+00,-1.254289e+00
3.586457e-02,-2.487708e+00,-1.243858e+00
3.586657e-02,-2.466454e+00,-1.233231e+00
3.586857e-02,-2.444810e+00,-1.222409e+00
3.587057e-02,-2.422780e+00,-1.211394e+00
3.587257e-02,-2.400369e+00,-1.200188e+00
3.587457e-02,-2.377578e+00,-1.188793e+00
3.587657e-02,-2.354413e+00,-1.177210e+00
3.587857e-02,-2.330876e+00,-1.165441e+00
3.588057e-02,-2.306971e+00,-1.153489e+00
3.588257e-02,-2.282703e+00,-1.141355e+00
3.588457e-02,-2.258074e+00,-1.129041e+00
3.588657e-02,-2.233090e+00,-1.116548e+00
3.588857e-02,-2.207752e+00,-1.103880e+00
3.589057e-02,-2.182067e+00,-1.091037e+00
3.589257e-02,-2.156038e+00,-1.078022e+00
3.589457e-02,-2.129668e+00,-1.064837e+00
3.589657e-02,-2.102962e+00,-1.051484e+00
3.589857e-02,-2.075925e+00,-1.037966e+00
3.590057e-02,-2.048560e+00,-1.024283e+00
3.590257e-02,-2.020872e+00,-1.010439e+00
3.590457e-02,-1.992865e+00,-9.964355e-01
3.590657e-02,-1.964544e+00,-9.822749e-01
3.590857e-02,-1.935913e+00,-9.679593e-01
3.591057e-02,-1.906976e+00,-9.534910e-01
3.591257e-02,-1.877739e+00,-9.388723e-01
3.591457e-02,-1.848205e+00,-9.241054e-01
3.591657e-02,-1.818380e+00,-9.091928e-01
3.591857e-02,-1.788268e+00,-8.941368e-01
3.592057e-02,-1.757874e+00,-8.789397e-01
3.592257e-02,-1.727203e+00,-8.636040e-01
3.592457e-02,-1.696259e+00,-8.481320e-01
3.592657e-02,-1.665048e+00,-8.325263e-01
3.592857e-02,-1.633573e+00,-8.167892e-01
3.593057e-02,-1.601842e+00,-8.009232e-01
3.593257e-02,-1.569857e+00,-7.849309e-01
3.593457e-02,-1.537625e+00,-7.688148e-01
3.593657e-02,-1.505150e+00,-7.525774e-01
3.593857e-02,-1.472438e+00,-7.362213e-01
3.594057e-02,-1.439494e+00,-7.197491e-01
3.594257e-02,-1.406322e+00,-7.031633e-01
3.594457e-02,-1.372929e+00,-6.864665e-01
3.594657e-02,-1.339319e+00,-6.696615e-01
3.594857e-02,-1.305498e+00,-6.527509e-01
3.595057e-02,-1.271471e+00,-6.357372e-01
3.595257e-02,-1.237243e+00,-6.186233e-01
3.595457e-02,-1.202820e+00,-6.014118e-01
3.595657e-02,-1.168207e+00,-5.841054e-01
3.595857e-02,-1.133410e+00,-5.667069e-01
3.596057e-02,-1.098435e+00,-5.492190e-01
3.596257e-02,-1.063286e+00,-5.316444e-01
3.596457e-02,-1.027969e+00,-5.139860e-01
3.596657e-02,-9.924900e-01,-4.962465e-01
3.596857e-02,-9.568545e-01,-4.784287e-01
3.597057e-02,-9.210681e-01,-4.605354e-01
3.597257e-02,-8.851364e-01,-4.425695e-01
3.597457e-02,-8.490650e-01,-4.245338e-01
3.597657e-02,-8.128597e-01,-4.064311e-01
3.597857e-02,-7.765262e-01,-3.882643e-01
3.598057e-02,-7.400702e-01,-3.700362e-01
3.598257e-02,-7.034974e-01,-3.517497e-01
3.598457e-02,-6.668136e-01,-3.334078e-01
3.598657e-02,-6.300247e-01,-3.150133e-01
3.598857e-02,-5.931363e-01,-2.965691e-01
3.599057e-02,-5.561544e-01,-2.780781e-01
3.599257e-02,-5.190848e-01,-2.595432e-01
3.599457e-02,-4.819333e-01,-2.409674e-01
3.599657e-02,-4.447057e-01,-2.223535e-01
3.599857e-02,-4.074081e-01,-2.037046e-01
3.600057e-02,-3.700461e-01,-1.850236e-01
3.600257e-02,-3.326257e-01,-1.663134e-01
3.600457e-02,-2.951529e-01,-1.475769e-01
3.600657e-02,-2.576335e-01,-1.288172e-01
3.600857e-02,-2.200735e-01,-1.100371e-01
3.601057e-02,-1.824788e-01,-9.123967e-02
3.601257e-02,-1.448553e-01,-7.242785e-02
3.601457e-02,-1.072089e-01,-5.360461e-02
3.601657e-02,-6.954562e-02,-3.477291e-02
3.601857e-02,-3.187136e-02,-1.593573e-02
3.602057e-02,5.807923e-03,2.903970e-03
3.602257e-02,4.348629e-02,2.174321e-02
3.602457e-02,8.115780e-02,4.057902e-02
3.602657e-02,1.188165e-01,5.940843e-02
3.602857e-02,1.564565e-01,7.822847e-02
3.603057e-02,1.940717e-01,9.703616e-02
3.603257e-02,2.316564e-01,1.158286e-01
3.603457e-02,2.692045e-01,1.346027e-01
3.603657e-02,3.067102e-01,1.533556e-01
3.603857e-02,3.441675e-01,1.720842e-01
3.604057e-02,3.815704e-01,1.907858e-01
3.604257e-02,4.189132e-01,2.094572e-01
3.604457e-02,4.561899e-01,2.280956e-01
3.604657e-02,4.933946e-01,2.466981e-01
3.604857e-02,5.305215e-01,2.652616e-01
3.605057e-02,5.675648e-01,2.837832e-01
3.605257e-02,6.045184e-01,3.022601e-01
3.605457e-02,6.413767e-01,3.206893e-01
3.605657e-02,6.781339e-01,3.390680e-01
3.605857e-02,7.147840e-01,3.573931e-01
3.606057e-02,7.513214e-01,3.756618e-01
3.606257e-02,7.877403e-01,3.938713e-01
3.606457e-02,8.240349e-01,4.120187e-01
3.606657e-02,8.601995e-01,4.301011e-01
3.606857e-02,8.962285e-01,4.481156e-01
3.607057e-02,9.321160e-01,4.660594e-01
3.607257e-02,9.678565e-01,4.839297e-01
3.607457e-02,1.003444e+00,5.017237e-01
3.607657e-02,1.038874e+00,5.194385e-01
3.607857e-02,1.074139e+00,5.370713e-01
3.608057e-02,1.109236e+00,5.546195e-01
3.608257e-02,1.144157e+00,5.720801e-01
3.608457e-02,1.178898e+00,5.894505e-01
3.608657e-02,1.213452e+00,6.067280e-01
3.608857e-02,1.247816e+00,6.239097e-01
3.609057e-02,1.281982e+00,6.409930e-01
3.609257e-02,1.315946e+00,6.579751e-01
3.609457e-02,1.349703e+00,6.748535e-01
3.609657e-02,1.383247e+00,6.916254e-01
3.609857e-02,1.416572e+00,7.082882e-01
3.610057e-02,1.449674e+00,7.248393e-01
3.610257e-02,1.482548e+00,7.412760e-01
3.610457e-02,1.515187e+00,7.575958e-01
3.610657e-02,1.547588e+00,7.737961e-01
3.610857e-02,1.579744e+00,7.898743e-01
3.611057e-02,1.611651e+00,8.058279e-01
3.611257e-02,1.643304e+00,8.216544e-01
3.611457e-02,1.674698e+00,8.373513e-01
3.611657e-02,1.705827e+00,8.529161e-01
3.611857e-02,1.736687e+00,8.683463e-01
3.612057e-02,1.767274e+00,8.836395e-01
3.612257e-02,1.797581e+00,8.987934e-01
3.612457e-02,1.827605e+00,9.138055e-01
3.612657e-02,1.857341e+00,9.286734e-01
3.612857e-02,1.886784e+00,9.433948e-01
3.613057e-02,1.915929e+00,9.579674e-01
3.613257e-02,1.944772e+00,9.723888e-01
3.613457e-02,1.973308e+00,9.866569e-01
3.613657e-02,2.001533e+00,1.000769e+00
3.613857e-02,2.029442e+00,1.014724e+00
3.614057e-02,2.057031e+00,1.028518e+00
3.614257e-02,2.084295e+00,1.042151e+00
3.614457e-02,2.111231e+00,1.055618e+00
3.614657e-02,2.137833e+00,1.068920e+00
3.614857e-02,2.164098e+00,1.082052e+00
3.615057e-02,2.190022e+00,1.095014e+00
3.615257e-02,2.215601e+00,1.107804e+00
3.615457e-02,2.240829e+00,1.120418e+00
3.615657e-02,2.265705e+00,1.132856e+00
3.615857e-02,2.290223e+00,1.145115e+00
3.616057e-02,2.314380e+00,1.157193e+00
3.616257e-02,2.338171e+00,1.169089e+00
3.616457e-02,2.361594e+00,1.180801e+00
3.616657e-02,2.384644e+00,1.192326e+00
3.616857e-02,2.407318e+00,1.203663e+00
3.617057e-02,2.429612e+00,1.214810e+00
3.617257e-02,2.451523e+00,1.225765e+00
3.617457e-02,2.473048e+00,1.236528e+00
3.617657e-02,2.494182e+00,1.247095e+00
3.617857e-02,2.514922e+00,1.257465e+00
3.618057e-02,2.535266e+00,1.267637e+00
3.618257e-02,2.555210e+00,1.277609e+00
3.618457e-02,2.574751e+00,1.287380e+00
3.618657e-02,2.593886e+00,1.296947e+00
3.618857e-02,2.612612e+00,1.306310e+00
3.619057e-02,2.630925e+00,1.315466e+00
3.619257e-02,2.648823e+00,1.324416e+00
3.619457e-02,2.666304e+00,1.333156e+00
3.619657e-02,2.683364e+00,1.341686e+00
3.619857e-02,2.700000e+00,1.350004e+00
3.620057e-02,2.716211e+00,1.358110e+00
3.620257e-02,2.731993e+00,1.366001e+00
3.620457e-02,2.747344e+00,1.373676e+00
3.620657e-02,2.762262e+00,1.381135e+00
3.620857e-02,2.776744e+00,1.388376e+00
3.621057e-02,2.790788e+00,1.395398e+00
3.621257e-02,2.804392e+00,1.402200e+00
3.621457e-02,2.817553e+00,1.408781e+00
3.621657e-02,2.830270e+00,1.415139e+00
3.621857e-02,2.842541e+00,1.421275e+00
3.622057e-02,2.854363e+00,1.427186e+00
3.622257e-02,2.865734e+00,1.432872e+00
3.622457e-02,2.876654e+00,1.438331e+00
3.622657e-02,2.887120e+00,1.443564e+00
3.622857e-02,2.897130e+00,1.448570e+00
3.623057e-02,2.906684e+00,1.453346e+00
3.623257e-02,2.915779e+00,1.457894e+00
3.623457e-02,2.924413e+00,1.462211e+00
3.623657e-02,2.932587e+00,1.466298e+00
3.623857e-02,2.940298e+00,1.470153e+00
3.624057e-02,2.947545e+00,1.473777e+00
3.624257e-02,2.954327e+00,1.477168e+00
3.624457e-02,2.960643e+00,1.480326e+00
3.624657e-02,2.966492e+00,1.483251e+00
3.624857e-02,2.971873e+00,1.485941e+00
3.625057e-02,2.976785e+00,1.488397e+00
3.625257e-02,2.981228e+00,1.490619e+00
3.625457e-02,2.985200e+00,1.492605e+00
3.625657e-02,2.988702e+00,1.494355e+00
3.625857e-02,2.991732e+00,1.495870e+00
3.626057e-02,2.994290e+00,1.497149e+00
3.626257e-02,2.996375e+00,1.498192e+00
3.626457e-02,2.997988e+00,1.498999e+00
3.626657e-02,2.999128e+00,1.499569e+00
3.626857e-02,2.999795e+00,1.499902e+00
3.627057e-02,2.999989e+00,1.499999e+00
3.627257e-02,2.999709e+00,1.499859e+00
3.627457e-02,2.998957e+00,1.499483e+00
3.627657e-02,2.997731e+00,1.498870e+00
3.627857e-02,2.996032e+00,1.498021e+00
3.628057e-02,2.993861e+00,1.496935e+00
3.628257e-02,2.991217e+00,1.495613e+00
3.628457e-02,2.988101e+00,1.494055e+00
3.628657e-02,2.984515e+00,1.492262e+00
3.628857e-02,2.980457e+00,1.490233e+00
3.629057e-02,2.975929e+00,1.487969e+00
3.629257e-02,2.970932e+00,1.485470e+00
3.629457e-02,2.965465e+00,1.482737e+00
3.629657e-02,2.959532e+00,1.479770e+00
3.629857e-02,2.953131e+00,1.476570e+00
3.630057e-02,2.946264e+00,1.473137e+00
3.630257e-02,2.938933e+00,1.469471e+00
3.630457e-02,2.931138e+00,1.465573e+00
3.630657e-02,2.922881e+00,1.461445e+00
3.630857e-02,2.914162e+00,1.457085e+00
3.631057e-02,2.904984e+00,1.452496e+00
3.631257e-02,2.895348e+00,1.447678e+00
3.631457e-02,2.885254e+00,1.442632e+00
3.631657e-02,2.874706e+00,1.437357e+00
3.631857e-02,2.863704e+00,1.431856e+00
3.632057e-02,2.852251e+00,1.426130e+00
3.632257e-02,2.840347e+00,1.420178e+00
3.632457e-02,2.827996e+00,1.414002e+00
3.632657e-02,2.815198e+00,1.407603e+00
3.632857e-02,2.801956e+00,1.400982e+00
3.633057e-02,2.788272e+00,1.394140e+00
3.633257e-02,2.774149e+00,1.387078e+00
3.633457e-02,2.759587e+00,1.379798e+00
3.633657e-02,2.744591e+00,1.372299e+00
3.633857e-02,2.729161e+00,1.364585e+00
3.634057e-02,2.713301e+00,1.356655e+00
3.634257e-02,2.697013e+00,1.348510e+00
3.634457e-02,2.680299e+00,1.340154e+00
3.634657e-02,2.663163e+00,1.331585e+00
3.634857e-02,2.645606e+00,1.322807e+00
3.635057e-02,2.627632e+00,1.313820e+00
3.635257e-02,2.609244e+00,1.304626e+00
3.635457e-02,2.590444e+00,1.295226e+00
3.635657e-02,2.571235e+00,1.285621e+00
3.635857e-02,2.551621e+00,1.275814e+00
3.636057e-02,2.531604e+00,1.265806e+00
3.636257e-02,2.511188e+00,1.255598e+00
3.636457e-02,2.490376e+00,1.245192e+00
3.636657e-02,2.469170e+00,1.234589e+00
3.636857e-02,2.447576e+00,1.223792e+00
3.637057e-02,2.425595e+00,1.212801e+00
3.637257e-02,2.403232e+00,1.201619e+00
3.637457e-02,2.380489e+00,1.190248e+00
3.637657e-02,2.357371e+00,1.178689e+00
3.637857e-02,2.333881e+00,1.166944e+00
3.638057e-02,2.310023e+00,1.155015e+00
3.638257e-02,2.285800e+00,1.142904e+00
3.638457e-02,2.261217e+00,1.130612e+00
3.638657e-02,2.236277e+00,1.118142e+00
3.638857e-02,2.210985e+00,1.105496e+00
3.639057e-02,2.185343e+00,1.092675e+00
3.639257e-02,2.159357e+00,1.079682e+00
3.639457e-02,2.133030e+00,1.066518e+00
3.639657e-02,2.106367e+00,1.053187e+00
3.639857e-02,2.079371e+00,1.039689e+00
3.640057e-02,2.052048e+00,1.026027e+00
3.640257e-02,2.024401e+00,1.012203e+00
3.640457e-02,1.996434e+00,9.982200e-01
3.640657e-02,1.968152e+00,9.840791e-01
3.640857e-02,1.939560e+00,9.697830e-01
3.641057e-02,1.910662e+00,9.553340e-01
3.641257e-02,1.881463e+00,9.407342e-01
3.641457e-02,1.851967e+00,9.259860e-01
3.641657e-02,1.822178e+00,9.110918e-01
3.641857e-02,1.792102e+00,8.960538e-01
3.642057e-02,1.761744e+00,8.808745e-01
3.642257e-02,1.731107e+00,8.655562e-01
3.642457e-02,1.700198e+00,8.501014e-01
3.642657e-02,1.669020e+00,8.345125e-01
3.642857e-02,1.637579e+00,8.187919e-01
3.643057e-02,1.605879e+00,8.029421e-01
3.643257e-02,1.573927e+00,7.869657e-01
3.643457e-02,1.541726e+00,7.708652e-01
3.643657e-02,1.509281e+00,7.546430e-01
3.643857e-02,1.476599e+00,7.383018e-01
3.644057e-02,1.443684e+00,7.218441e-01
3.644257e-02,1.410541e+00,7.052726e-01
3.644457e-02,1.377175e+00,6.885898e-01
3.644657e-02,1.343593e+00,6.717984e-01
3.644857e-02,1.309798e+00,6.549009e-01
3.645057e-02,1.275797e+00,6.379002e-01
3.645257e-02,1.241594e+00,6.207989e-01
3.645457e-02,1.207196e+00,6.035996e-01
3.645657e-02,1.172607e+00,5.863051e-01
3.645857e-02,1.137833e+00,5.689181e-01
3.646057e-02,1.102879e+00,5.514414e-01
3.646257e-02,1.067752e+00,5.338776e-01
3.646457e-02,1.032456e+00,5.162297e-01
3.646657e-02,9.969976e-01,4.985003e-01
3.646857e-02,9.613817e-01,4.806923e-01
3.647057e-02,9.256141e-01,4.628084e-01
3.647257e-02,8.897005e-01,4.448516e-01
3.647457e-02,8.536465e-01,4.268245e-01
3.647657e-02,8.174579e-01,4.087302e-01
3.647857e-02,7.811403e-01,3.905713e-01
3.648057e-02,7.446995e-01,3.723509e-01
3.648257e-02,7.081412e-01,3.540717e-01
3.648457e-02,6.714712e-01,3.357366e-01
3.648657e-02,6.346953e-01,3.173486e-01
3.648857e-02,5.978192e-01,2.989105e-01
3.649057e-02,5.608489e-01,2.804253e-01
3.649257e-02,5.237900e-01,2.618958e-01
3.649457e-02,4.866486e-01,2.433250e-01
3.649657e-02,4.494303e-01,2.247158e-01
3.649857e-02,4.121412e-01,2.060712e-01
3.650057e-02,3.747871e-01,1.873941e-01
3.650257e-02,3.373738e-01,1.686874e-01
3.650457e-02,2.999073e-01,1.499541e-01
3.650657e-02,2.623935e-01,1.311972e-01
3.650857e-02,2.248383e-01,1.124195e-01
3.651057e-02,1.872477e-01,9.362411e-02
3.651257e-02,1.496275e-01,7.481396e-02
3.651457e-02,1.119837e-01,5.599200e-02
3.651657e-02,7.432219e-02,3.716121e-02
3.651857e-02,3.664899e-02,1.832455e-02
3.652057e-02,-1.029981e-03,-5.149919e-04
3.652257e-02,-3.870879e-02,-1.935445e-02
3.652457e-02,-7.638150e-02,-3.819086e-02
3.652657e-02,-1.140422e-01,-5.702125e-02
3.652857e-02,-1.516848e-01,-7.584264e-02
3.653057e-02,-1.893036e-01,-9.465207e-02
3.653257e-02,-2.268924e-01,-1.134466e-01
3.653457e-02,-2.644455e-01,-1.322232e-01
3.653657e-02,-3.019569e-01,-1.509789e-01
3.653857e-02,-3.394206e-01,-1.697108e-01
3.654057e-02,-3.768308e-01,-1.884160e-01
3.654257e-02,-4.141815e-01,-2.070914e-01
3.654457e-02,-4.514670e-01,-2.257342e-01
3.654657e-02,-4.886811e-01,-2.443413e-01
3.654857e-02,-5.258182e-01,-2.629099e-01
3.655057e-02,-5.628724e-01,-2.814370e-01
3.655257e-02,-5.998377e-01,-2.999198e-01
3.655457e-02,-6.367085e-01,-3.183552e-01
3.655657e-02,-6.734787e-01,-3.367404e-01
3.655857e-02,-7.101428e-01,-3.550725e-01
3.656057e-02,-7.466948e-01,-3.733485e-01
3.656257e-02,-7.831290e-01,-3.915657e-01
3.656457e-02,-8.194397e-01,-4.097211e-01
3.656657e-02,-8.556211e-01,-4.278118e-01
3.656857e-02,-8.916676e-01,-4.458351e-01
3.657057e-02,-9.275733e-01,-4.637881e-01
3.657257e-02,-9.633328e-01,-4.816678e-01
3.657457e-02,-9.989403e-01,-4.994716e-01
3.657657e-02,-1.034390e+00,-5.171966e-01
3.657857e-02,-1.069677e+00,-5.348401e-01
3.658057e-02,-1.104795e+00,-5.523991e-01
3.658257e-02,-1.139739e+00,-5.698710e-01
3.658457e-02,-1.174502e+00,-5.872530e-01
3.658657e-02,-1.209081e+00,-6.045424e-01
3.658857e-02,-1.243469e+00,-6.217364e-01
3.659057e-02,-1.277661e+00,-6.388323e-01
3.659257e-02,-1.311651e+00,-6.558274e-01
3.659457e-02,-1.345434e+00,-6.727191e-01
3.659657e-02,-1.379005e+00,-6.895047e-01
3.659857e-02,-1.412359e+00,-7.061815e-01
3.660057e-02,-1.445489e+00,-7.227468e-01
3.660257e-02,-1.478392e+00,-7.391982e-01
3.660457e-02,-1.511061e+00,-7.555330e-01
3.660657e-02,-1.543492e+00,-7.717486e-01
3.660857e-02,-1.575680e+00,-7.878424e-01
3.661057e-02,-1.607619e+00,-8.038119e-01
3.661257e-02,-1.639304e+00,-8.196547e-01
3.661457e-02,-1.670731e+00,-8.353681e-01
3.661657e-02,-1.701894e+00,-8.509498e-01
3.661857e-02,-1.732789e+00,-8.663972e-01
3.662057e-02,-1.763411e+00,-8.817080e-01
3.662257e-02,-1.793754e+00,-8.968796e-01
3.662457e-02,-1.823814e+00,-9.119098e-01
3.662657e-02,-1.853587e+00,-9.267961e-01
3.662857e-02,-1.883067e+00,-9.415362e-01
3.663057e-02,-1.912250e+00,-9.561278e-01
3.663257e-02,-1.941131e+00,-9.705686e-01
3.663457e-02,-1.969707e+00,-9.848562e-01
3.663657e-02,-1.997971e+00,-9.989885e-01
3.663857e-02,-2.025920e+00,-1.012963e+00
3.664057e-02,-2.053550e+00,-1.026778e+00
3.664257e-02,-2.080856e+00,-1.040431e+00
3.664457e-02,-2.107833e+00,-1.053920e+00
3.664657e-02,-2.134478e+00,-1.067242e+00
3.664857e-02,-2.160787e+00,-1.080397e+00
3.665057e-02,-2.186754e+00,-1.093380e+00
3.665257e-02,-2.212376e+00,-1.106192e+00
3.665457e-02,-2.237650e+00,-1.118828e+00
3.665657e-02,-2.262570e+00,-1.131289e+00
3.665857e-02,-2.287134e+00,-1.143570e+00
3.666057e-02,-2.311337e+00,-1.155672e+00
3.666257e-02,-2.335175e+00,-1.167591e+00
3.666457e-02,-2.358644e+00,-1.179326e+00
3.666657e-02,-2.381742e+00,-1.190875e+00
3.666857e-02,-2.404464e+00,-1.202236e+00
3.667057e-02,-2.426807e+00,-1.213407e+00
3.667257e-02,-2.448766e+00,-1.224387e+00
3.667457e-02,-2.470340e+00,-1.235174e+00
3.667657e-02,-2.491524e+00,-1.245766e+00
3.667857e-02,-2.512314e+00,-1.256161e+00
3.668057e-02,-2.532709e+00,-1.266358e+00
3.668257e-02,-2.552704e+00,-1.276356e+00
3.668457e-02,-2.572296e+00,-1.286152e+00
3.668657e-02,-2.591482e+00,-1.295745e+00
3.668857e-02,-2.610260e+00,-1.305134e+00
3.669057e-02,-2.628626e+00,-1.314317e+00
3.669257e-02,-2.646577e+00,-1.323292e+00
3.669457e-02,-2.664110e+00,-1.332059e+00
3.669657e-02,-2.681224e+00,-1.340616e+00
3.669857e-02,-2.697914e+00,-1.348961e+00
3.670057e-02,-2.714179e+00,-1.357094e+00
3.670257e-02,-2.730016e+00,-1.365012e+00
3.670457e-02,-2.745422e+00,-1.372715e+00
3.670657e-02,-2.760395e+00,-1.380201e+00
3.670857e-02,-2.774932e+00,-1.387470e+00
3.671057e-02,-2.789032e+00,-1.394520e+00
3.671257e-02,-2.802691e+00,-1.401350e+00
3.671457e-02,-2.815909e+00,-1.407959e+00
3.671657e-02,-2.828682e+00,-1.414345e+00
3.671857e-02,-2.841010e+00,-1.420509e+00
3.672057e-02,-2.852889e+00,-1.426449e+00
3.672257e-02,-2.864317e+00,-1.432163e+00
3.672457e-02,-2.875295e+00,-1.437652e+00
3.672657e-02,-2.885818e+00,-1.442913e+00
3.672857e-02,-2.895886e+00,-1.447947e+00
3.673057e-02,-2.905498e+00,-1.452753e+00
3.673257e-02,-2.914651e+00,-1.457330e+00
3.673457e-02,-2.923344e+00,-1.461676e+00
3.673657e-02,-2.931576e+00,-1.465792e+00
3.673857e-02,-2.939346e+00,-1.469677e+00
3.674057e-02,-2.946652e+00,-1.473330e+00
3.674257e-02,-2.953493e+00,-1.476751e+00
3.674457e-02,-2.959868e+00,-1.479939e+00
3.674657e-02,-2.965776e+00,-1.482893e+00
3.674857e-02,-2.971217e+00,-1.485613e+00
3.675057e-02,-2.976189e+00,-1.488099e+00
3.675257e-02,-2.980691e+00,-1.490350e+00
3.675457e-02,-2.984723e+00,-1.492366e+00
3.675657e-02,-2.988284e+00,-1.494146e+00
3.675857e-02,-2.991374e+00,-1.495691e+00
3.676057e-02,-2.993992e+00,-1.497000e+00
3.676257e-02,-2.996137e+00,-1.498073e+00
3.676457e-02,-2.997810e+00,-1.498910e+00
3.676657e-02,-2.999010e+00,-1.499510e+00
3.676857e-02,-2.999737e+00,-1.499873e+00
3.677057e-02,-2.999991e+00,-1.500000e+00
3.677257e-02,-2.999771e+00,-1.499890e+00
3.677457e-02,-2.999078e+00,-1.499544e+00
3.677657e-02,-2.997912e+00,-1.498961e+00
3.677857e-02,-2.996274e+00,-1.498141e+00
3.678057e-02,-2.994162e+00,-1.497086e+00
3.678257e-02,-2.991578e+00,-1.495794e+00
3.678457e-02,-2.988523e+00,-1.494266e+00
3.678657e-02,-2.984995e+00,-1.492502e+00
3.678857e-02,-2.980997e+00,-1.490503e+00
3.679057e-02,-2.976529e+00,-1.488269e+00
3.679257e-02,-2.971591e+00,-1.485800e+00
3.679457e-02,-2.966185e+00,-1.483097e+00
3.679657e-02,-2.960310e+00,-1.480159e+00
3.679857e-02,-2.953968e+00,-1.476989e+00
3.680057e-02,-2.947161e+00,-1.473585e+00
3.680257e-02,-2.939888e+00,-1.469949e+00
3.680457e-02,-2.932152e+00,-1.466080e+00
3.680657e-02,-2.923953e+00,-1.461981e+00
3.680857e-02,-2.915293e+00,-1.457651e+00
3.681057e-02,-2.906173e+00,-1.453091e+00
3.681257e-02,-2.896595e+00,-1.448302e+00
3.681457e-02,-2.886560e+00,-1.443284e+00
3.681657e-02,-2.876069e+00,-1.438039e+00
3.681857e-02,-2.865124e+00,-1.432567e+00
3.682057e-02,-2.853728e+00,-1.426868e+00
3.682257e-02,-2.841881e+00,-1.420945e+00
3.682457e-02,-2.829587e+00,-1.414798e+00
3.682657e-02,-2.816845e+00,-1.408427e+00
3.682857e-02,-2.803660e+00,-1.401834e+00
3.683057e-02,-2.790032e+00,-1.395020e+00
3.683257e-02,-2.775964e+00,-1.387986e+00
3.683457e-02,-2.761458e+00,-1.380733e+00
3.683657e-02,-2.746516e+00,-1.373262e+00
3.683857e-02,-2.731141e+00,-1.365575e+00
3.684057e-02,-2.715336e+00,-1.357672e+00
3.684257e-02,-2.699102e+00,-1.349555e+00
3.684457e-02,-2.682442e+00,-1.341225e+00
3.684657e-02,-2.665359e+00,-1.332684e+00
3.684857e-02,-2.647856e+00,-1.323932e+00
3.685057e-02,-2.629934e+00,-1.314971e+00
3.685257e-02,-2.611598e+00,-1.305803e+00
3.685457e-02,-2.592850e+00,-1.296429e+00
3.685657e-02,-2.573693e+00,-1.286851e+00
3.685857e-02,-2.554130e+00,-1.277069e+00
3.686057e-02,-2.534164e+00,-1.267086e+00
3.686257e-02,-2.513799e+00,-1.256903e+00
3.686457e-02,-2.493037e+00,-1.246522e+00
3.686657e-02,-2.471881e+00,-1.235944e+00
3.686857e-02,-2.450335e+00,-1.225171e+00
3.687057e-02,-2.428403e+00,-1.214205e+00
3.687257e-02,-2.406088e+00,-1.203048e+00
3.687457e-02,-2.383394e+00,-1.191700e+00
3.687657e-02,-2.360323e+00,-1.180165e+00
3.687857e-02,-2.336880e+00,-1.168443e+00
3.688057e-02,-2.313068e+00,-1.156538e+00
3.688257e-02,-2.288892e+00,-1.144449e+00
3.688457e-02,-2.264354e+00,-1.132180e+00
3.688657e-02,-2.239459e+00,-1.119733e+00
3.688857e-02,-2.214211e+00,-1.107109e+00
3.689057e-02,-2.188614e+00,-1.094310e+00
3.689257e-02,-2.162671e+00,-1.081339e+00
3.689457e-02,-2.136387e+00,-1.068197e+00
3.689657e-02,-2.109767e+00,-1.054886e+00
3.689857e-02,-2.082813e+00,-1.041410e+00
3.690057e-02,-2.055531e+00,-1.027768e+00
3.690257e-02,-2.027924e+00,-1.013965e+00
3.690457e-02,-1.999998e+00,-1.000002e+00
3.690657e-02,-1.971756e+00,-9.858809e-01
3.690857e-02,-1.943203e+00,-9.716044e-01
3.691057e-02,-1.914343e+00,-9.571746e-01
3.691257e-02,-1.885182e+00,-9.425938e-01
3.691457e-02,-1.855723e+00,-9.278643e-01
3.691657e-02,-1.825971e+00,-9.129885e-01
3.691857e-02,-1.795932e+00,-8.979686e-01
3.692057e-02,-1.765609e+00,-8.828070e-01
3.692257e-02,-1.735007e+00,-8.675062e-01
3.692457e-02,-1.704132e+00,-8.520686e-01
3.692657e-02,-1.672988e+00,-8.364965e-01
3.692857e-02,-1.641580e+00,-8.207925e-01
3.693057e-02,-1.609913e+00,-8.049590e-01
3.693257e-02,-1.577992e+00,-7.889985e-01
3.693457e-02,-1.545822e+00,-7.729136e-01
3.693657e-02,-1.513409e+00,-7.567067e-01
3.693857e-02,-1.480756e+00,-7.403804e-01
3.694057e-02,-1.447870e+00,-7.239374e-01
3.694257e-02,-1.414756e+00,-7.073801e-01
3.694457e-02,-1.381418e+00,-6.907113e-01
3.694657e-02,-1.347863e+00,-6.739335e-01
3.694857e-02,-1.314095e+00,-6.570494e-01
3.695057e-02,-1.280119e+00,-6.400616e-01
3.695257e-02,-1.245942e+00,-6.229729e-01
3.695457e-02,-1.211568e+00,-6.057859e-01
3.695657e-02,-1.177003e+00,-5.885033e-01
3.695857e-02,-1.142252e+00,-5.711279e-01
3.696057e-02,-1.107321e+00,-5.536624e-01
3.696257e-02,-1.072216e+00,-5.361095e-01
3.696457e-02,-1.036941e+00,-5.184721e-01
3.696657e-02,-1.001503e+00,-5.007529e-01
3.696857e-02,-9.659064e-01,-4.829547e-01
3.697057e-02,-9.301578e-01,-4.650803e-01
3.697257e-02,-8.942624e-01,-4.471325e-01
3.697457e-02,-8.582259e-01,-4.291142e-01
3.697657e-02,-8.220540e-01,-4.110282e-01
3.697857e-02,-7.857524e-01,-3.928774e-01
3.698057e-02,-7.493269e-01,-3.746646e-01
3.698257e-02,-7.127832e-01,-3.563927e-01
3.698457e-02,-6.761271e-01,-3.380646e-01
3.698657e-02,-6.393643e-01,-3.196831e-01
3.698857e-02,-6.025006e-01,-3.012512e-01
3.699057e-02,-5.655419e-01,-2.827718e-01
3.699257e-02,-5.284939e-01,-2.642478e-01
3.699457e-02,-4.913626e-01,-2.456820e-01
3.699657e-02,-4.541538e-01,-2.270776e-01
3.699857e-02,-4.168733e-01,-2.084373e-01
3.700057e-02,-3.795271e-01,-1.897641e-01
3.700257e-02,-3.421210e-01,-1.710610e-01
3.700457e-02,-3.046609e-01,-1.523309e-01
3.700657e-02,-2.671528e-01,-1.335768e-01
3.700857e-02,-2.296025e-01,-1.148016e-01
3.701057e-02,-1.920161e-01,-9.600831e-02
3.701257e-02,-1.543993e-01,-7.719987e-02
3.701457e-02,-1.167581e-01,-5.837924e-02
3.701657e-02,-7.909857e-02,-3.954940e-02
3.701857e-02,-4.142654e-02,-2.071333e-02
3.702057e-02,-3.747965e-03,-1.873988e-03
3.702257e-02,3.393120e-02,1.696565e-02
3.702457e-02,7.160501e-02,3.580261e-02
3.702657e-02,1.092675e-01,5.463392e-02
3.702857e-02,1.469128e-01,7.345662e-02
3.703057e-02,1.845349e-01,9.226773e-02
3.703257e-02,2.221279e-01,1.110643e-01
3.703457e-02,2.596858e-01,1.298433e-01
3.703657e-02,2.972028e-01,1.486019e-01
3.703857e-02,3.346729e-01,1.673370e-01
3.704057e-02,3.720902e-01,1.860457e-01
3.704257e-02,4.094488e-01,2.047250e-01
3.704457e-02,4.467428e-01,2.233721e-01
3.704657e-02,4.839664e-01,2.419839e-01
3.704857e-02,5.211136e-01,2.605576e-01
3.705057e-02,5.581786e-01,2.790901e-01
3.705257e-02,5.951555e-01,2.975786e-01
3.705457e-02,6.320386e-01,3.160202e-01
3.705657e-02,6.688219e-01,3.344120e-01
3.705857e-02,7.054997e-01,3.527509e-01
3.706057e-02,7.420663e-01,3.710343e-01
3.706257e-02,7.785158e-01,3.892590e-01
3.706457e-02,8.148424e-01,4.074224e-01
3.706657e-02,8.510405e-01,4.255215e-01
3.706857e-02,8.871044e-01,4.435535e-01
3.707057e-02,9.230283e-01,4.615156e-01
3.707257e-02,9.588067e-01,4.794048e-01
3.707457e-02,9.944337e-01,4.972184e-01
3.707657e-02,1.029904e+00,5.149535e-01
3.707857e-02,1.065212e+00,5.326074e-01
3.708057e-02,1.100351e+00,5.501773e-01
3.708257e-02,1.135317e+00,5.676604e-01
3.708457e-02,1.170104e+00,5.850540e-01
3.708657e-02,1.204707e+00,6.023552e-01
3.708857e-02,1.239119e+00,6.195615e-01
3.709057e-02,1.273336e+00,6.366700e-01
3.709257e-02,1.307352e+00,6.536781e-01
3.709457e-02,1.341162e+00,6.705830e-01
3.709657e-02,1.374760e+00,6.873822e-01
3.709857e-02,1.408142e+00,7.040729e-01
3.710057e-02,1.441301e+00,7.206525e-01
3.710257e-02,1.474233e+00,7.371185e-01
3.710457e-02,1.506932e+00,7.534682e-01
3.710657e-02,1.539393e+00,7.696990e-01
3.710857e-02,1.571612e+00,7.858085e-01
3.711057e-02,1.603583e+00,8.017939e-01
3.711257e-02,1.635301e+00,8.176529e-01
3.711457e-02,1.666761e+00,8.333829e-01
3.711657e-02,1.697958e+00,8.489814e-01
3.711857e-02,1.728887e+00,8.644459e-01
3.712057e-02,1.759543e+00,8.797742e-01
3.712257e-02,1.789922e+00,8.949636e-01
3.712457e-02,1.820018e+00,9.100118e-01
3.712657e-02,1.849828e+00,9.249165e-01
3.712857e-02,1.879345e+00,9.396753e-01
3.713057e-02,1.908566e+00,9.542859e-01
3.713257e-02,1.937486e+00,9.687459e-01
3.713457e-02,1.966100e+00,9.830531e-01
3.713657e-02,1.994404e+00,9.972052e-01
3.713857e-02,2.022394e+00,1.011200e+00
3.714057e-02,2.050064e+00,1.025035e+00
3.714257e-02,2.077411e+00,1.038709e+00
3.714457e-02,2.104431e+00,1.052219e+00
3.714657e-02,2.131118e+00,1.065562e+00
3.714857e-02,2.157469e+00,1.078738e+00
3.715057e-02,2.183480e+00,1.091743e+00
3.715257e-02,2.209147e+00,1.104577e+00
3.715457e-02,2.234465e+00,1.117236e+00
3.715657e-02,2.259430e+00,1.129718e+00
3.715857e-02,2.284039e+00,1.142023e+00
3.716057e-02,2.308288e+00,1.154147e+00
3.716257e-02,2.332172e+00,1.166090e+00
3.716457e-02,2.355689e+00,1.177848e+00
3.716657e-02,2.378834e+00,1.189421e+00
3.716857e-02,2.401604e+00,1.200805e+00
3.717057e-02,2.423995e+00,1.212001e+00
3.717257e-02,2.446003e+00,1.223005e+00
3.717457e-02,2.467626e+00,1.233817e+00
3.717657e-02,2.488859e+00,1.244433e+00
3.717857e-02,2.509700e+00,1.254854e+00
3.718057e-02,2.530145e+00,1.265076e+00
3.718257e-02,2.550190e+00,1.275099e+00
3.718457e-02,2.569834e+00,1.284921e+00
3.718657e-02,2.589072e+00,1.294540e+00
3.718857e-02,2.607902e+00,1.303955e+00
3.719057e-02,2.626320e+00,1.313164e+00
3.719257e-02,2.644324e+00,1.322166e+00
3.719457e-02,2.661910e+00,1.330959e+00
3.719657e-02,2.679077e+00,1.339543e+00
3.719857e-02,2.695821e+00,1.347915e+00
3.720057e-02,2.712140e+00,1.356074e+00
3.720257e-02,2.728031e+00,1.364020e+00
3.720457e-02,2.743492e+00,1.371750e+00
3.720657e-02,2.758520e+00,1.379264e+00
3.720857e-02,2.773113e+00,1.386561e+00
3.721057e-02,2.787268e+00,1.393638e+00
3.721257e-02,2.800984e+00,1.400496e+00
3.721457e-02,2.814258e+00,1.407133e+00
3.721657e-02,2.827087e+00,1.413548e+00
3.721857e-02,2.839471e+00,1.419740e+00
3.722057e-02,2.851407e+00,1.425708e+00
3.722257e-02,2.862893e+00,1.431451e+00
3.722457e-02,2.873928e+00,1.436968e+00
3.722657e-02,2.884509e+00,1.442259e+00
3.722857e-02,2.894635e+00,1.447322e+00
3.723057e-02,2.904304e+00,1.452156e+00
3.723257e-02,2.913516e+00,1.456762e+00
3.723457e-02,2.922267e+00,1.461138e+00
3.723657e-02,2.930558e+00,1.465283e+00
3.723857e-02,2.938386e+00,1.469198e+00
3.724057e-02,2.945751e+00,1.472880e+00
3.724257e-02,2.952651e+00,1.476330e+00
3.724457e-02,2.959086e+00,1.479547e+00
3.724657e-02,2.965053e+00,1.482531e+00
3.724857e-02,2.970553e+00,1.485281e+00
3.725057e-02,2.975584e+00,1.487797e+00
3.725257e-02,2.980146e+00,1.490077e+00
3.725457e-02,2.984238e+00,1.492123e+00
3.725657e-02,2.987858e+00,1.493934e+00
3.725857e-02,2.991008e+00,1.495509e+00
3.726057e-02,2.993686e+00,1.496847e+00
3.726257e-02,2.995891e+00,1.497950e+00
3.726457e-02,2.997624e+00,1.498817e+00
3.726657e-02,2.998884e+00,1.499447e+00
3.726857e-02,2.999671e+00,1.499840e+00
3.727057e-02,2.999985e+00,1.499997e+00
3.727257e-02,2.999825e+00,1.499917e+00
3.727457e-02,2.999192e+00,1.499601e+00
3.727657e-02,2.998086e+00,1.499048e+00
3.727857e-02,2.996508e+00,1.498258e+00
3.728057e-02,2.994456e+00,1.497233e+00
3.728257e-02,2.991932e+00,1.495971e+00
3.728457e-02,2.988936e+00,1.494473e+00
3.728657e-02,2.985469e+00,1.492739e+00
3.728857e-02,2.981530e+00,1.490770e+00
3.729057e-02,2.977122e+00,1.488565e+00
3.729257e-02,2.972243e+00,1.486126e+00
3.729457e-02,2.966896e+00,1.483452e+00
3.729657e-02,2.961081e+00,1.480545e+00
3.729857e-02,2.954798e+00,1.477404e+00
3.730057e-02,2.948050e+00,1.474029e+00
3.730257e-02,2.940836e+00,1.470423e+00
3.730457e-02,2.933159e+00,1.466584e+00
3.730657e-02,2.925019e+00,1.462514e+00
3.730857e-02,2.916417e+00,1.458213e+00
3.731057e-02,2.907355e+00,1.453682e+00
3.731257e-02,2.897835e+00,1.448922e+00
3.731457e-02,2.887857e+00,1.443933e+00
3.731657e-02,2.877424e+00,1.438716e+00
3.731857e-02,2.866537e+00,1.433273e+00
3.732057e-02,2.855198e+00,1.427603e+00
3.732257e-02,2.843409e+00,1.421709e+00
3.732457e-02,2.831170e+00,1.415589e+00
3.732657e-02,2.818486e+00,1.409247e+00
3.732857e-02,2.805356e+00,1.402682e+00
3.733057e-02,2.791784e+00,1.395896e+00
3.733257e-02,2.777772e+00,1.388890e+00
3.733457e-02,2.763321e+00,1.381665e+00
3.733657e-02,2.748435e+00,1.374222e+00
3.733857e-02,2.733115e+00,1.366562e+00
3.734057e-02,2.717364e+00,1.358686e+00
3.734257e-02,2.701184e+00,1.350596e+00
3.734457e-02,2.684578e+00,1.342293e+00
3.734657e-02,2.667549e+00,1.333778e+00
3.734857e-02,2.650098e+00,1.325053e+00
3.735057e-02,2.632230e+00,1.316119e+00
3.735257e-02,2.613946e+00,1.306977e+00
3.735457e-02,2.595250e+00,1.297629e+00
3.735657e-02,2.576145e+00,1.288076e+00
3.735857e-02,2.556633e+00,1.278321e+00
3.736057e-02,2.536718e+00,1.268363e+00
3.736257e-02,2.516403e+00,1.258205e+00
3.736457e-02,2.495691e+00,1.247849e+00
3.736657e-02,2.474585e+00,1.237296e+00
3.736857e-02,2.453089e+00,1.226548e+00
3.737057e-02,2.431206e+00,1.215607e+00
3.737257e-02,2.408939e+00,1.204473e+00
3.737457e-02,2.386292e+00,1.193150e+00
3.737657e-02,2.363269e+00,1.181638e+00
3.737857e-02,2.339873e+00,1.169940e+00
3.738057e-02,2.316108e+00,1.158057e+00
3.738257e-02,2.291978e+00,1.145992e+00
3.738457e-02,2.267485e+00,1.133746e+00
3.738657e-02,2.242636e+00,1.121321e+00
3.738857e-02,2.217432e+00,1.108719e+00
3.739057e-02,2.191879e+00,1.095943e+00
3.739257e-02,2.165980e+00,1.082993e+00
3.739457e-02,2.139739e+00,1.069873e+00
3.739657e-02,2.113161e+00,1.056583e+00
3.739857e-02,2.086249e+00,1.043128e+00
3.740057e-02,2.059008e+00,1.029507e+00
3.740257e-02,2.031443e+00,1.015724e+00
3.740457e-02,2.003556e+00,1.001781e+00
3.740657e-02,1.975354e+00,9.876801e-01
3.740857e-02,1.946841e+00,9.734232e-01
3.741057e-02,1.918020e+00,9.590127e-01
3.741257e-02,1.888896e+00,9.444510e-01
3.741457e-02,1.859475e+00,9.297402e-01
3.741657e-02,1.829760e+00,9.148828e-01
3.741857e-02,1.799757e+00,8.998810e-01
3.742057e-02,1.769469e+00,8.847373e-01
3.742257e-02,1.738903e+00,8.694541e-01
3.742457e-02,1.708062e+00,8.540336e-01
3.742657e-02,1.676952e+00,8.384785e-01
3.742857e-02,1.645577e+00,8.227911e-01
3.743057e-02,1.613943e+00,8.069738e-01
3.743257e-02,1.582054e+00,7.910293e-01
3.743457e-02,1.549915e+00,7.749600e-01
3.743657e-02,1.517532e+00,7.587684e-01
3.743857e-02,1.484910e+00,7.424572e-01
3.744057e-02,1.452053e+00,7.260288e-01
3.744257e-02,1.418968e+00,7.094859e-01
3.744457e-02,1.385658e+00,6.928311e-01
3.744657e-02,1.352130e+00,6.760669e-01
3.744857e-02,1.318388e+00,6.591961e-01
3.745057e-02,1.284439e+00,6.422214e-01
3.745257e-02,1.250287e+00,6.251453e-01
3.745457e-02,1.215938e+00,6.079706e-01
3.745657e-02,1.181396e+00,5.907000e-01
3.745857e-02,1.146669e+00,5.733362e-01
3.746057e-02,1.111761e+00,5.558819e-01
3.746257e-02,1.076677e+00,5.383400e-01
3.746457e-02,1.041423e+00,5.207132e-01
3.746657e-02,1.006005e+00,5.030042e-01
3.746857e-02,9.704287e-01,4.852158e-01
3.747057e-02,9.346991e-01,4.673509e-01
3.747257e-02,8.988219e-01,4.494123e-01
3.747457e-02,8.628030e-01,4.314028e-01
3.747657e-02,8.266480e-01,4.133253e-01
3.747857e-02,7.903626e-01,3.951825e-01
3.748057e-02,7.539525e-01,3.769774e-01
3.748257e-02,7.174234e-01,3.587128e-01
3.748457e-02,6.807812e-01,3.403916e-01
3.748657e-02,6.440316e-01,3.220168e-01
3.748857e-02,6.071804e-01,3.035911e-01
3.749057e-02,5.702334e-01,2.851176e-01
3.749257e-02,5.331965e-01,2.665990e-01
3.749457e-02,4.960754e-01,2.480385e-01
3.749657e-02,4.588761e-01,2.294387e-01
3.749857e-02,4.216044e-01,2.108028e-01
3.750057e-02,3.842662e-01,1.921337e-01
3.750257e-02,3.468674e-01,1.734342e-01
3.750457e-02,3.094138e-01,1.547074e-01
3.750657e-02,2.719114e-01,1.359561e-01
3.750857e-02,2.343662e-01,1.171834e-01
3.751057e-02,1.967840e-01,9.839227e-02
3.751257e-02,1.591707e-01,7.958558e-02
3.751457e-02,1.215323e-01,6.076634e-02
3.751657e-02,8.387476e-02,4.193750e-02
3.751857e-02,4.620397e-02,2.310206e-02
3.752057e-02,8.525901e-03,4.262963e-03
3.752257e-02,-2.915352e-02,-1.457680e-02
3.752457e-02,-6.682833e-02,-3.341427e-02
3.752657e-02,-1.044926e-01,-5.224646e-02
3.752857e-02,-1.421404e-01,-7.107041e-02
3.753057e-02,-1.797658e-01,-8.988315e-02
3.753257e-02,-2.173628e-01,-1.086817e-01
3.753457e-02,-2.549255e-01,-1.274631e-01
3.753657e-02,-2.924480e-01,-1.462244e-01
3.753857e-02,-3.299244e-01,-1.649627e-01
3.754057e-02,-3.673487e-01,-1.836749e-01
3.754257e-02,-4.047151e-01,-2.023581e-01
3.754457e-02,-4.420176e-01,-2.210095e-01
3.754657e-02,-4.792504e-01,-2.396259e-01
3.754857e-02,-5.164076e-01,-2.582046e-01
3.755057e-02,-5.534833e-01,-2.767425e-01
3.755257e-02,-5.904718e-01,-2.952368e-01
3.755457e-02,-6.273670e-01,-3.136845e-01
3.755657e-02,-6.641634e-01,-3.320827e-01
3.755857e-02,-7.008549e-01,-3.504285e-01
3.756057e-02,-7.374359e-01,-3.687190e-01
3.756257e-02,-7.739005e-01,-3.869514e-01
3.756457e-02,-8.102431e-01,-4.051227e-01
3.756657e-02,-8.464578e-01,-4.232302e-01
3.756857e-02,-8.825390e-01,-4.412708e-01
3.757057e-02,-9.184810e-01,-4.592419e-01
3.757257e-02,-9.542781e-01,-4.771405e-01
3.757457e-02,-9.899247e-01,-4.949638e-01
3.757657e-02,-1.025415e+00,-5.127091e-01
3.757857e-02,-1.060744e+00,-5.303734e-01
3.758057e-02,-1.095905e+00,-5.479541e-01
3.758257e-02,-1.130893e+00,-5.654484e-01
3.758457e-02,-1.165703e+00,-5.828535e-01
3.758657e-02,-1.200330e+00,-6.001666e-01
3.758857e-02,-1.234766e+00,-6.173850e-01
3.759057e-02,-1.269008e+00,-6.345061e-01
3.759257e-02,-1.303050e+00,-6.515270e-01
3.759457e-02,-1.336886e+00,-6.684452e-01
3.759657e-02,-1.370512e+00,-6.852579e-01
3.759857e-02,-1.403921e+00,-7.019625e-01
3.760057e-02,-1.437109e+00,-7.185564e-01
3.760257e-02,-1.470070e+00,-7.350370e-01
3.760457e-02,-1.502799e+00,-7.514015e-01
3.760657e-02,-1.535291e+00,-7.676476e-01
3.760857e-02,-1.567540e+00,-7.837725e-01
3.761057e-02,-1.599543e+00,-7.997738e-01
3.761257e-02,-1.631293e+00,-8.156490e-01
3.761457e-02,-1.662786e+00,-8.313955e-01
3.761657e-02,-1.694016e+00,-8.470108e-01
3.761857e-02,-1.724980e+00,-8.624925e-01
3.762057e-02,-1.755671e+00,-8.778381e-01
3.762257e-02,-1.786085e+00,-8.930453e-01
3.762457e-02,-1.816218e+00,-9.081116e-01
3.762657e-02,-1.846064e+00,-9.230346e-01
3.762857e-02,-1.875618e+00,-9.378120e-01
3.763057e-02,-1.904877e+00,-9.524415e-01
3.763257e-02,-1.933836e+00,-9.669207e-01
3.763457e-02,-1.962489e+00,-9.812474e-01
3.763657e-02,-1.990833e+00,-9.954193e-01
3.763857e-02,-2.018862e+00,-1.009434e+00
3.764057e-02,-2.046573e+00,-1.023290e+00
3.764257e-02,-2.073962e+00,-1.036984e+00
3.764457e-02,-2.101023e+00,-1.050515e+00
3.764657e-02,-2.127753e+00,-1.063880e+00
3.764857e-02,-2.154147e+00,-1.077077e+00
3.765057e-02,-2.180201e+00,-1.090104e+00
3.765257e-02,-2.205911e+00,-1.102959e+00
3.765457e-02,-2.231274e+00,-1.115640e+00
3.765657e-02,-2.256284e+00,-1.128145e+00
3.765857e-02,-2.280938e+00,-1.140473e+00
3.766057e-02,-2.305233e+00,-1.152620e+00
3.766257e-02,-2.329164e+00,-1.164585e+00
3.766457e-02,-2.352727e+00,-1.176367e+00
3.766657e-02,-2.375920e+00,-1.187963e+00
3.766857e-02,-2.398737e+00,-1.199372e+00
3.767057e-02,-2.421176e+00,-1.210592e+00
3.767257e-02,-2.443234e+00,-1.221620e+00
3.767457e-02,-2.464905e+00,-1.232456e+00
3.767657e-02,-2.486188e+00,-1.243098e+00
3.767857e-02,-2.507079e+00,-1.253543e+00
3.768057e-02,-2.527574e+00,-1.263791e+00
3.768257e-02,-2.547671e+00,-1.273839e+00
3.768457e-02,-2.567365e+00,-1.283687e+00
3.768657e-02,-2.586655e+00,-1.293331e+00
3.768857e-02,-2.605537e+00,-1.302772e+00
3.769057e-02,-2.624007e+00,-1.312007e+00
3.769257e-02,-2.642064e+00,-1.321036e+00
3.769457e-02,-2.659703e+00,-1.329856e+00
3.769657e-02,-2.676924e+00,-1.338466e+00
3.769857e-02,-2.693722e+00,-1.346865e+00
3.770057e-02,-2.710095e+00,-1.355051e+00
3.770257e-02,-2.726040e+00,-1.363024e+00
3.770457e-02,-2.741556e+00,-1.370782e+00
3.770657e-02,-2.756639e+00,-1.378323e+00
3.770857e-02,-2.771287e+00,-1.385647e+00
3.771057e-02,-2.785498e+00,-1.392753e+00
3.771257e-02,-2.799269e+00,-1.399639e+00
3.771457e-02,-2.812599e+00,-1.406304e+00
3.771657e-02,-2.825485e+00,-1.412747e+00
3.771857e-02,-2.837926e+00,-1.418967e+00
3.772057e-02,-2.849918e+00,-1.424964e+00
3.772257e-02,-2.861462e+00,-1.430735e+00
3.772457e-02,-2.872554e+00,-1.436281e+00
3.772657e-02,-2.883192e+00,-1.441600e+00
3.772857e-02,-2.893376e+00,-1.446692e+00
3.773057e-02,-2.903103e+00,-1.451556e+00
3.773257e-02,-2.912373e+00,-1.456191e+00
3.773457e-02,-2.921183e+00,-1.460596e+00
3.773657e-02,-2.929532e+00,-1.464770e+00
3.773857e-02,-2.937419e+00,-1.468714e+00
3.774057e-02,-2.944843e+00,-1.472426e+00
3.774257e-02,-2.951802e+00,-1.475905e+00
3.774457e-02,-2.958295e+00,-1.479152e+00
3.774657e-02,-2.964322e+00,-1.482166e+00
3.774857e-02,-2.969881e+00,-1.484945e+00
3.775057e-02,-2.974972e+00,-1.487491e+00
3.775257e-02,-2.979593e+00,-1.489801e+00
3.775457e-02,-2.983745e+00,-1.491877e+00
3.775657e-02,-2.987425e+00,-1.493717e+00
3.775857e-02,-2.990635e+00,-1.495322e+00
3.776057e-02,-2.993372e+00,-1.496691e+00
3.776257e-02,-2.995638e+00,-1.497823e+00
3.776457e-02,-2.997431e+00,-1.498720e+00
3.776657e-02,-2.998751e+00,-1.499380e+00
3.776857e-02,-2.999597e+00,-1.499803e+00
3.777057e-02,-2.999971e+00,-1.499990e+00
3.777257e-02,-2.999872e+00,-1.499940e+00
3.777457e-02,-2.999299e+00,-1.499654e+00
3.777657e-02,-2.998253e+00,-1.499131e+00
3.777857e-02,-2.996734e+00,-1.498372e+00
3.778057e-02,-2.994742e+00,-1.497376e+00
3.778257e-02,-2.992278e+00,-1.496144e+00
3.778457e-02,-2.989342e+00,-1.494676e+00
3.778657e-02,-2.985935e+00,-1.492972e+00
3.778857e-02,-2.982056e+00,-1.491032e+00
3.779057e-02,-2.977707e+00,-1.488858e+00
3.779257e-02,-2.972888e+00,-1.486448e+00
3.779457e-02,-2.967600e+00,-1.483804e+00
3.779657e-02,-2.961844e+00,-1.480926e+00
3.779857e-02,-2.955621e+00,-1.477815e+00
3.780057e-02,-2.948931e+00,-1.474470e+00
3.780257e-02,-2.941777e+00,-1.470893e+00
3.780457e-02,-2.934158e+00,-1.467083e+00
3.780657e-02,-2.926076e+00,-1.463043e+00
3.780857e-02,-2.917533e+00,-1.458771e+00
3.781057e-02,-2.908530e+00,-1.454269e+00
3.781257e-02,-2.899067e+00,-1.449538e+00
3.781457e-02,-2.889148e+00,-1.444578e+00
3.781657e-02,-2.878772e+00,-1.439391e+00
3.781857e-02,-2.867943e+00,-1.433976e+00
3.782057e-02,-2.856661e+00,-1.428335e+00
3.782257e-02,-2.844928e+00,-1.422468e+00
3.782457e-02,-2.832747e+00,-1.416378e+00
3.782657e-02,-2.820119e+00,-1.410064e+00
3.782857e-02,-2.807046e+00,-1.403527e+00
3.783057e-02,-2.793530e+00,-1.396769e+00
3.783257e-02,-2.779573e+00,-1.389791e+00
3.783457e-02,-2.765178e+00,-1.382593e+00
3.783657e-02,-2.750347e+00,-1.375177e+00
3.783857e-02,-2.735082e+00,-1.367545e+00
3.784057e-02,-2.719385e+00,-1.359697e+00
3.784257e-02,-2.703259e+00,-1.351634e+00
3.784457e-02,-2.686707e+00,-1.343358e+00
3.784657e-02,-2.669731e+00,-1.334870e+00
3.784857e-02,-2.652334e+00,-1.326171e+00
3.785057e-02,-2.634519e+00,-1.317263e+00
3.785257e-02,-2.616288e+00,-1.308148e+00
3.785457e-02,-2.597644e+00,-1.298826e+00
3.785657e-02,-2.578590e+00,-1.289299e+00
3.785857e-02,-2.559130e+00,-1.279569e+00
3.786057e-02,-2.539266e+00,-1.269637e+00
3.786257e-02,-2.519001e+00,-1.259504e+00
3.786457e-02,-2.498339e+00,-1.249173e+00
3.786657e-02,-2.477283e+00,-1.238645e+00
3.786857e-02,-2.455836e+00,-1.227922e+00
3.787057e-02,-2.434002e+00,-1.217005e+00
3.787257e-02,-2.411784e+00,-1.205895e+00
3.787457e-02,-2.389185e+00,-1.194596e+00
3.787657e-02,-2.366209e+00,-1.183108e+00
3.787857e-02,-2.342860e+00,-1.171434e+00
3.788057e-02,-2.319142e+00,-1.159574e+00
3.788257e-02,-2.295057e+00,-1.147532e+00
3.788457e-02,-2.270611e+00,-1.135309e+00
3.788657e-02,-2.245806e+00,-1.122907e+00
3.788857e-02,-2.220648e+00,-1.110327e+00
3.789057e-02,-2.195138e+00,-1.097572e+00
3.789257e-02,-2.169283e+00,-1.084645e+00
3.789457e-02,-2.143085e+00,-1.071546e+00
3.789657e-02,-2.116549e+00,-1.058278e+00
3.789857e-02,-2.089680e+00,-1.044843e+00
3.790057e-02,-2.062480e+00,-1.031243e+00
3.790257e-02,-2.034956e+00,-1.017481e+00
3.790457e-02,-2.007110e+00,-1.003558e+00
3.790657e-02,-1.978948e+00,-9.894769e-01
3.790857e-02,-1.950473e+00,-9.752396e-01
3.791057e-02,-1.921691e+00,-9.608484e-01
3.791257e-02,-1.892606e+00,-9.463057e-01
3.791457e-02,-1.863222e+00,-9.316138e-01
3.791657e-02,-1.833544e+00,-9.167748e-01
3.791857e-02,-1.803577e+00,-9.017912e-01
3.792057e-02,-1.773325e+00,-8.866654e-01
3.792257e-02,-1.742794e+00,-8.713997e-01
3.792457e-02,-1.711988e+00,-8.559965e-01
3.792657e-02,-1.680912e+00,-8.404583e-01
3.792857e-02,-1.649570e+00,-8.247875e-01
3.793057e-02,-1.617968e+00,-8.089866e-01
3.793257e-02,-1.586111e+00,-7.930581e-01
3.793457e-02,-1.554004e+00,-7.770045e-01
3.793657e-02,-1.521652e+00,-7.608283e-01
3.793857e-02,-1.489060e+00,-7.445320e-01
3.794057e-02,-1.456232e+00,-7.281184e-01
3.794257e-02,-1.423175e+00,-7.115898e-01
3.794457e-02,-1.389894e+00,-6.949490e-01
3.794657e-02,-1.356393e+00,-6.781986e-01
3.794857e-02,-1.322678e+00,-6.613412e-01
3.795057e-02,-1.288755e+00,-6.443795e-01
3.795257e-02,-1.254628e+00,-6.273161e-01
3.795457e-02,-1.220304e+00,-6.101538e-01
3.795657e-02,-1.185787e+00,-5.928952e-01
3.795857e-02,-1.151083e+00,-5.755430e-01
3.796057e-02,-1.116197e+00,-5.581001e-01
3.796257e-02,-1.081135e+00,-5.405692e-01
3.796457e-02,-1.045903e+00,-5.229529e-01
3.796657e-02,-1.010505e+00,-5.052542e-01
3.796857e-02,-9.749486e-01,-4.874757e-01
3.797057e-02,-9.392380e-01,-4.696204e-01
3.797257e-02,-9.033793e-01,-4.516910e-01
3.797457e-02,-8.673780e-01,-4.336903e-01
3.797657e-02,-8.312399e-01,-4.156212e-01
3.797857e-02,-7.949707e-01,-3.974866e-01
3.798057e-02,-7.585761e-01,-3.792892e-01
3.798257e-02,-7.220618e-01,-3.610320e-01
3.798457e-02,-6.854337e-01,-3.427179e-01
3.798657e-02,-6.486974e-01,-3.243496e-01
3.798857e-02,-6.118587e-01,-3.059303e-01
3.799057e-02,-5.749235e-01,-2.874626e-01
3.799257e-02,-5.378977e-01,-2.689496e-01
3.799457e-02,-5.007870e-01,-2.503942e-01
3.799657e-02,-4.635972e-01,-2.317993e-01
3.799857e-02,-4.263344e-01,-2.131678e-01
3.800057e-02,-3.890043e-01,-1.945027e-01
3.800257e-02,-3.516128e-01,-1.758069e-01
3.800457e-02,-3.141659e-01,-1.570834e-01
3.800657e-02,-2.766694e-01,-1.383351e-01
3.800857e-02,-2.391292e-01,-1.195650e-01
3.801057e-02,-2.015514e-01,-1.007760e-01
3.801257e-02,-1.639417e-01,-8.197110e-02
3.801457e-02,-1.263062e-01,-6.315328e-02
3.801657e-02,-8.865073e-02,-4.432550e-02
3.801857e-02,-5.098129e-02,-2.549072e-02
3.802057e-02,-1.330381e-02,-6.651927e-03
3.802257e-02,2.437576e-02,1.218792e-02
3.802457e-02,6.205149e-02,3.102584e-02
3.802657e-02,9.971743e-02,4.985887e-02
3.802857e-02,1.373676e-01,6.868403e-02
3.803057e-02,1.749962e-01,8.749835e-02
3.803257e-02,2.125971e-01,1.062989e-01
3.803457e-02,2.501645e-01,1.250826e-01
3.803657e-02,2.876924e-01,1.438467e-01
3.803857e-02,3.251750e-01,1.625880e-01
3.804057e-02,3.626062e-01,1.813037e-01
3.804257e-02,3.999803e-01,1.999907e-01
3.804457e-02,4.372913e-01,2.186463e-01
3.804657e-02,4.745332e-01,2.372673e-01
3.804857e-02,5.117003e-01,2.558509e-01
3.805057e-02,5.487867e-01,2.743942e-01
3.805257e-02,5.857865e-01,2.928942e-01
3.805457e-02,6.226940e-01,3.113479e-01
3.805657e-02,6.595031e-01,3.297526e-01
3.805857e-02,6.962083e-01,3.481052e-01
3.806057e-02,7.328036e-01,3.664029e-01
3.806257e-02,7.692833e-01,3.846428e-01
3.806457e-02,8.056417e-01,4.028220e-01
3.806657e-02,8.418729e-01,4.209377e-01
3.806857e-02,8.779714e-01,4.389870e-01
3.807057e-02,9.139313e-01,4.569670e-01
3.807257e-02,9.497471e-01,4.748750e-01
3.807457e-02,9.854131e-01,4.927080e-01
3.807657e-02,1.020924e+00,5.104633e-01
3.807857e-02,1.056273e+00,5.281381e-01
3.808057e-02,1.091456e+00,5.457296e-01
3.808257e-02,1.126467e+00,5.632349e-01
3.808457e-02,1.161299e+00,5.806515e-01
3.808657e-02,1.195949e+00,5.979764e-01
3.808857e-02,1.230410e+00,6.152070e-01
3.809057e-02,1.264677e+00,6.323405e-01
3.809257e-02,1.298745e+00,6.493743e-01
3.809457e-02,1.332607e+00,6.663057e-01
3.809657e-02,1.366260e+00,6.831319e-01
3.809857e-02,1.399697e+00,6.998504e-01
3.810057e-02,1.432913e+00,7.164585e-01
3.810257e-02,1.465903e+00,7.329535e-01
3.810457e-02,1.498661e+00,7.493330e-01
3.810657e-02,1.531184e+00,7.655942e-01
3.810857e-02,1.563465e+00,7.817346e-01
3.811057e-02,1.595499e+00,7.977518e-01
3.811257e-02,1.627281e+00,8.136430e-01
3.811457e-02,1.658807e+00,8.294060e-01
3.811657e-02,1.690071e+00,8.450380e-01
3.811857e-02,1.721068e+00,8.605368e-01
3.812057e-02,1.751794e+00,8.758999e-01
3.812257e-02,1.782244e+00,8.911247e-01
3.812457e-02,1.812413e+00,9.062090e-01
3.812657e-02,1.842295e+00,9.211503e-01
3.812857e-02,1.871887e+00,9.359463e-01
3.813057e-02,1.901184e+00,9.505947e-01
3.813257e-02,1.930180e+00,9.650931e-01
3.813457e-02,1.958873e+00,9.794392e-01
3.813657e-02,1.987256e+00,9.936309e-01
3.813857e-02,2.015326e+00,1.007666e+00
3.814057e-02,2.043077e+00,1.021542e+00
3.814257e-02,2.070507e+00,1.035257e+00
3.814457e-02,2.097610e+00,1.048808e+00
3.814657e-02,2.124382e+00,1.062194e+00
3.814857e-02,2.150819e+00,1.075413e+00
3.815057e-02,2.176916e+00,1.088461e+00
3.815257e-02,2.202670e+00,1.101338e+00
3.815457e-02,2.228077e+00,1.114042e+00
3.815657e-02,2.253132e+00,1.126569e+00
3.815857e-02,2.277832e+00,1.138919e+00
3.816057e-02,2.302172e+00,1.151090e+00
3.816257e-02,2.326150e+00,1.163078e+00
3.816457e-02,2.349760e+00,1.174883e+00
3.816657e-02,2.373000e+00,1.186503e+00
3.816857e-02,2.395865e+00,1.197936e+00
3.817057e-02,2.418352e+00,1.209180e+00
3.817257e-02,2.440458e+00,1.220233e+00
3.817457e-02,2.462179e+00,1.231093e+00
3.817657e-02,2.483511e+00,1.241759e+00
3.817857e-02,2.504452e+00,1.252230e+00
3.818057e-02,2.524997e+00,1.262503e+00
3.818257e-02,2.545145e+00,1.272576e+00
3.818457e-02,2.564890e+00,1.282449e+00
3.818657e-02,2.584232e+00,1.292120e+00
3.818857e-02,2.603165e+00,1.301586e+00
3.819057e-02,2.621688e+00,1.310848e+00
3.819257e-02,2.639797e+00,1.319902e+00
3.819457e-02,2.657490e+00,1.328749e+00
3.819657e-02,2.674763e+00,1.337386e+00
3.819857e-02,2.691615e+00,1.345812e+00
3.820057e-02,2.708042e+00,1.354025e+00
3.820257e-02,2.724042e+00,1.362025e+00
3.820457e-02,2.739612e+00,1.369810e+00
3.820657e-02,2.754750e+00,1.377379e+00
3.820857e-02,2.769453e+00,1.384731e+00
3.821057e-02,2.783720e+00,1.391864e+00
3.821257e-02,2.797547e+00,1.398778e+00
3.821457e-02,2.810933e+00,1.405471e+00
3.821657e-02,2.823876e+00,1.411942e+00
3.821857e-02,2.836373e+00,1.418191e+00
3.822057e-02,2.848423e+00,1.424216e+00
3.822257e-02,2.860023e+00,1.430016e+00
3.822457e-02,2.871172e+00,1.435590e+00
3.822657e-02,2.881868e+00,1.440938e+00
3.822857e-02,2.892110e+00,1.446059e+00
3.823057e-02,2.901895e+00,1.450952e+00
3.823257e-02,2.911223e+00,1.455616e+00
3.823457e-02,2.920091e+00,1.460050e+00
3.823657e-02,2.928499e+00,1.464254e+00
3.823857e-02,2.936445e+00,1.468227e+00
3.824057e-02,2.943927e+00,1.471968e+00
3.824257e-02,2.950945e+00,1.475477e+00
3.824457e-02,2.957498e+00,1.478753e+00
3.824657e-02,2.963584e+00,1.481796e+00
3.824857e-02,2.969202e+00,1.484606e+00
3.825057e-02,2.974353e+00,1.487181e+00
3.825257e-02,2.979033e+00,1.489521e+00
3.825457e-02,2.983244e+00,1.491627e+00
3.825657e-02,2.986985e+00,1.493497e+00
3.825857e-02,2.990254e+00,1.495131e+00
3.826057e-02,2.993051e+00,1.496530e+00
3.826257e-02,2.995377e+00,1.497693e+00
3.826457e-02,2.997229e+00,1.498619e+00
3.826657e-02,2.998609e+00,1.499309e+00
3.826857e-02,2.999516e+00,1.499763e+00
3.827057e-02,2.999950e+00,1.499979e+00
3.827257e-02,2.999910e+00,1.499960e+00
3.827457e-02,2.999398e+00,1.499703e+00
3.827657e-02,2.998412e+00,1.499210e+00
3.827857e-02,2.996953e+00,1.498481e+00
3.828057e-02,2.995021e+00,1.497515e+00
3.828257e-02,2.992617e+00,1.496313e+00
3.828457e-02,2.989741e+00,1.494875e+00
3.828657e-02,2.986393e+00,1.493201e+00
3.828857e-02,2.982574e+00,1.491291e+00
3.829057e-02,2.978284e+00,1.489147e+00
3.829257e-02,2.973525e+00,1.486767e+00
3.829457e-02,2.968296e+00,1.484153e+00
3.829657e-02,2.962600e+00,1.481304e+00
3.829857e-02,2.956436e+00,1.478222e+00
3.830057e-02,2.949805e+00,1.474907e+00
3.830257e-02,2.942710e+00,1.471359e+00
3.830457e-02,2.935150e+00,1.467579e+00
3.830657e-02,2.927127e+00,1.463568e+00
3.830857e-02,2.918642e+00,1.459325e+00
3.831057e-02,2.909697e+00,1.454853e+00
3.831257e-02,2.900293e+00,1.450151e+00
3.831457e-02,2.890431e+00,1.445220e+00
3.831657e-02,2.880113e+00,1.440061e+00
3.831857e-02,2.869341e+00,1.434675e+00
3.832057e-02,2.858117e+00,1.429063e+00
3.832257e-02,2.846441e+00,1.423225e+00
3.832457e-02,2.834316e+00,1.417162e+00
3.832657e-02,2.821745e+00,1.410877e+00
3.832857e-02,2.808728e+00,1.404368e+00
3.833057e-02,2.795268e+00,1.397638e+00
3.833257e-02,2.781367e+00,1.390688e+00
3.833457e-02,2.767028e+00,1.383518e+00
3.833657e-02,2.752251e+00,1.376130e+00
3.833857e-02,2.737041e+00,1.368525e+00
3.834057e-02,2.721399e+00,1.360704e+00
3.834257e-02,2.705328e+00,1.352668e+00
3.834457e-02,2.688830e+00,1.344419e+00
3.834657e-02,2.671907e+00,1.335958e+00
3.834857e-02,2.654563e+00,1.327286e+00
3.835057e-02,2.636801e+00,1.318404e+00
3.835257e-02,2.618622e+00,1.309315e+00
3.835457e-02,2.600031e+00,1.300019e+00
3.835657e-02,2.581029e+00,1.290518e+00
3.835857e-02,2.561620e+00,1.280814e+00
3.836057e-02,2.541807e+00,1.270907e+00
3.836257e-02,2.521593e+00,1.260800e+00
3.836457e-02,2.500981e+00,1.250494e+00
3.836657e-02,2.479975e+00,1.239991e+00
3.836857e-02,2.458577e+00,1.229292e+00
3.837057e-02,2.436792e+00,1.218400e+00
3.837257e-02,2.414622e+00,1.207315e+00
3.837457e-02,2.392071e+00,1.196039e+00
3.837657e-02,2.369143e+00,1.184575e+00
3.837857e-02,2.345842e+00,1.172924e+00
3.838057e-02,2.322170e+00,1.161088e+00
3.838257e-02,2.298132e+00,1.149069e+00
3.838457e-02,2.273731e+00,1.136869e+00
3.838657e-02,2.248971e+00,1.124489e+00
3.838857e-02,2.223857e+00,1.111932e+00
3.839057e-02,2.198392e+00,1.099199e+00
3.839257e-02,2.172580e+00,1.086293e+00
3.839457e-02,2.146426e+00,1.073216e+00
3.839657e-02,2.119933e+00,1.059970e+00
3.839857e-02,2.093105e+00,1.046556e+00
3.840057e-02,2.065948e+00,1.032977e+00
3.840257e-02,2.038464e+00,1.019235e+00
3.840457e-02,2.010659e+00,1.005332e+00
3.840657e-02,1.982536e+00,9.912711e-01
3.840857e-02,1.954101e+00,9.770535e-01
3.841057e-02,1.925358e+00,9.626817e-01
3.841257e-02,1.896311e+00,9.481581e-01
3.841457e-02,1.866964e+00,9.334849e-01
3.841657e-02,1.837323e+00,9.186645e-01
3.841857e-02,1.807393e+00,9.036991e-01
3.842057e-02,1.777177e+00,8.885912e-01
3.842257e-02,1.746681e+00,8.733431e-01
3.842457e-02,1.715909e+00,8.579572e-01
3.842657e-02,1.684867e+00,8.424360e-01
3.842857e-02,1.653559e+00,8.267819e-01
3.843057e-02,1.621990e+00,8.109973e-01
3.843257e-02,1.590165e+00,7.950849e-01
3.843457e-02,1.558089e+00,7.790470e-01
3.843657e-02,1.525768e+00,7.628862e-01
3.843857e-02,1.493206e+00,7.466050e-01
3.844057e-02,1.460408e+00,7.302061e-01
3.844257e-02,1.427380e+00,7.136920e-01
3.844457e-02,1.394126e+00,6.970653e-01
3.844657e-02,1.360653e+00,6.803286e-01
3.844857e-02,1.326965e+00,6.634846e-01
3.845057e-02,1.293068e+00,6.465360e-01
3.845257e-02,1.258967e+00,6.294853e-01
3.845457e-02,1.224667e+00,6.123354e-01
3.845657e-02,1.190174e+00,5.950889e-01
3.845857e-02,1.155493e+00,5.777484e-01
3.846057e-02,1.120630e+00,5.603169e-01
3.846257e-02,1.085591e+00,5.427969e-01
3.846457e-02,1.050380e+00,5.251913e-01
3.846657e-02,1.015003e+00,5.075029e-01
3.846857e-02,9.794659e-01,4.897344e-01
3.847057e-02,9.437746e-01,4.718887e-01
3.847257e-02,9.079343e-01,4.539685e-01
3.847457e-02,8.719508e-01,4.359767e-01
3.847657e-02,8.358298e-01,4.179161e-01
3.847857e-02,7.995769e-01,3.997896e-01
3.848057e-02,7.631978e-01,3.816001e-01
3.848257e-02,7.266984e-01,3.633503e-01
3.848457e-02,6.900844e-01,3.450432e-01
3.848657e-02,6.533614e-01,3.266817e-01
3.848857e-02,6.165354e-01,3.082686e-01
3.849057e-02,5.796122e-01,2.898070e-01
3.849257e-02,5.425975e-01,2.712996e-01
3.849457e-02,5.054972e-01,2.527494e-01
3.849657e-02,4.683172e-01,2.341593e-01
3.849857e-02,4.310633e-01,2.155323e-01
3.850057e-02,3.937414e-01,1.968713e-01
3.850257e-02,3.563574e-01,1.781792e-01
3.850457e-02,3.189171e-01,1.594591e-01
3.850657e-02,2.814266e-01,1.407137e-01
3.850857e-02,2.438917e-01,1.219462e-01
3.851057e-02,2.063183e-01,1.031594e-01
3.851257e-02,1.687123e-01,8.435640e-02
3.851457e-02,1.310797e-01,6.554006e-02
3.851657e-02,9.342647e-02,4.671338e-02
3.851857e-02,5.575848e-02,2.787932e-02
3.852057e-02,1.808170e-02,9.040875e-03
3.852257e-02,-1.959794e-02,-9.799001e-03
3.852457e-02,-5.727449e-02,-2.863733e-02
3.852657e-02,-9.494200e-02,-4.747114e-02
3.852857e-02,-1.325945e-01,-6.629747e-02
3.853057e-02,-1.702262e-01,-8.511333e-02
3.853257e-02,-2.078309e-01,-1.039158e-01
3.853457e-02,-2.454029e-01,-1.227018e-01
3.853657e-02,-2.829362e-01,-1.414685e-01
3.853857e-02,-3.204248e-01,-1.602129e-01
3.854057e-02,-3.578629e-01,-1.789320e-01
3.854257e-02,-3.952445e-01,-1.976228e-01
3.854457e-02,-4.325638e-01,-2.162825e-01
3.854657e-02,-4.698148e-01,-2.349081e-01
3.854857e-02,-5.069918e-01,-2.534966e-01
3.855057e-02,-5.440887e-01,-2.720452e-01
3.855257e-02,-5.810998e-01,-2.905508e-01
3.855457e-02,-6.180193e-01,-3.090106e-01
3.855657e-02,-6.548412e-01,-3.274216e-01
3.855857e-02,-6.915599e-01,-3.457810e-01
3.856057e-02,-7.281694e-01,-3.640858e-01
3.856257e-02,-7.646641e-01,-3.823332e-01
3.856457e-02,-8.010382e-01,-4.005203e-01
3.856657e-02,-8.372859e-01,-4.186442e-01
3.856857e-02,-8.734015e-01,-4.367021e-01
3.857057e-02,-9.093793e-01,-4.546910e-01
3.857257e-02,-9.452137e-01,-4.726083e-01
3.857457e-02,-9.808990e-01,-4.904510e-01
3.857657e-02,-1.016430e+00,-5.082163e-01
3.857857e-02,-1.051800e+00,-5.259014e-01
3.858057e-02,-1.087004e+00,-5.435036e-01
3.858257e-02,-1.122037e+00,-5.610201e-01
3.858457e-02,-1.156893e+00,-5.784480e-01
3.858657e-02,-1.191566e+00,-5.957847e-01
3.858857e-02,-1.226051e+00,-6.130274e-01
3.859057e-02,-1.260343e+00,-6.301734e-01
3.859257e-02,-1.294436e+00,-6.472200e-01
3.859457e-02,-1.328325e+00,-6.641645e-01
3.859657e-02,-1.362004e+00,-6.810042e-01
3.859857e-02,-1.395469e+00,-6.977365e-01
3.860057e-02,-1.428713e+00,-7.143587e-01
3.860257e-02,-1.461732e+00,-7.308683e-01
3.860457e-02,-1.494520e+00,-7.472625e-01
3.860657e-02,-1.527073e+00,-7.635388e-01
3.860857e-02,-1.559385e+00,-7.796947e-01
3.861057e-02,-1.591451e+00,-7.957276e-01
3.861257e-02,-1.623265e+00,-8.116350e-01
3.861457e-02,-1.654824e+00,-8.274144e-01
3.861657e-02,-1.686121e+00,-8.430632e-01
3.861857e-02,-1.717153e+00,-8.585790e-01
3.862057e-02,-1.747913e+00,-8.739594e-01
3.862257e-02,-1.778398e+00,-8.892019e-01
3.862457e-02,-1.808603e+00,-9.043041e-01
3.862657e-02,-1.838522e+00,-9.192637e-01
3.862857e-02,-1.868151e+00,-9.340783e-01
3.863057e-02,-1.897485e+00,-9.487455e-01
3.863257e-02,-1.926520e+00,-9.632630e-01
3.863457e-02,-1.955251e+00,-9.776286e-01
3.863657e-02,-1.983674e+00,-9.918400e-01
3.863857e-02,-2.011784e+00,-1.005895e+00
3.864057e-02,-2.039576e+00,-1.019791e+00
3.864257e-02,-2.067047e+00,-1.033526e+00
3.864457e-02,-2.094191e+00,-1.047099e+00
3.864657e-02,-2.121005e+00,-1.060506e+00
3.864857e-02,-2.147485e+00,-1.073746e+00
3.865057e-02,-2.173626e+00,-1.086816e+00
3.865257e-02,-2.199424e+00,-1.099715e+00
3.865457e-02,-2.224875e+00,-1.112441e+00
3.865657e-02,-2.249975e+00,-1.124991e+00
3.865857e-02,-2.274720e+00,-1.137363e+00
3.866057e-02,-2.299106e+00,-1.149556e+00
3.866257e-02,-2.323129e+00,-1.161568e+00
3.866457e-02,-2.346786e+00,-1.173397e+00
3.866657e-02,-2.370073e+00,-1.185040e+00
3.866857e-02,-2.392986e+00,-1.196497e+00
3.867057e-02,-2.415522e+00,-1.207764e+00
3.867257e-02,-2.437676e+00,-1.218842e+00
3.867457e-02,-2.459446e+00,-1.229727e+00
3.867657e-02,-2.480828e+00,-1.240418e+00
3.867857e-02,-2.501818e+00,-1.250913e+00
3.868057e-02,-2.522414e+00,-1.261211e+00
3.868257e-02,-2.542612e+00,-1.271310e+00
3.868457e-02,-2.562409e+00,-1.281208e+00
3.868657e-02,-2.581802e+00,-1.290905e+00
3.868857e-02,-2.600787e+00,-1.300397e+00
3.869057e-02,-2.619362e+00,-1.309685e+00
3.869257e-02,-2.637524e+00,-1.318766e+00
3.869457e-02,-2.655270e+00,-1.327639e+00
3.869657e-02,-2.672596e+00,-1.336302e+00
3.869857e-02,-2.689502e+00,-1.344755e+00
3.870057e-02,-2.705983e+00,-1.352995e+00
3.870257e-02,-2.722037e+00,-1.361023e+00
3.870457e-02,-2.737662e+00,-1.368835e+00
3.870657e-02,-2.752854e+00,-1.376431e+00
3.870857e-02,-2.767613e+00,-1.383811e+00
3.871057e-02,-2.781935e+00,-1.390972e+00
3.871257e-02,-2.795818e+00,-1.397913e+00
3.871457e-02,-2.809260e+00,-1.404634e+00
3.871657e-02,-2.822259e+00,-1.411134e+00
3.871857e-02,-2.834813e+00,-1.417411e+00
3.872057e-02,-2.846919e+00,-1.423464e+00
3.872257e-02,-2.858577e+00,-1.429293e+00
3.872457e-02,-2.869783e+00,-1.434896e+00
3.872657e-02,-2.880537e+00,-1.440273e+00
3.872857e-02,-2.890837e+00,-1.445423e+00
3.873057e-02,-2.900680e+00,-1.450344e+00
3.873257e-02,-2.910066e+00,-1.455037e+00
3.873457e-02,-2.918992e+00,-1.459500e+00
3.873657e-02,-2.927458e+00,-1.463734e+00
3.873857e-02,-2.935463e+00,-1.467736e+00
3.874057e-02,-2.943004e+00,-1.471506e+00
3.874257e-02,-2.950081e+00,-1.475045e+00
3.874457e-02,-2.956693e+00,-1.478351e+00
3.874657e-02,-2.962838e+00,-1.481423e+00
3.874857e-02,-2.968516e+00,-1.484262e+00
3.875057e-02,-2.973725e+00,-1.486867e+00
3.875257e-02,-2.978466e+00,-1.489237e+00
3.875457e-02,-2.982737e+00,-1.491373e+00
3.875657e-02,-2.986537e+00,-1.493273e+00
3.875857e-02,-2.989866e+00,-1.494937e+00
3.876057e-02,-2.992723e+00,-1.496366e+00
3.876257e-02,-2.995108e+00,-1.497558e+00
3.876457e-02,-2.997021e+00,-1.498515e+00
3.876657e-02,-2.998461e+00,-1.499235e+00
3.876857e-02,-2.999427e+00,-1.499718e+00
3.877057e-02,-2.999921e+00,-1.499965e+00
3.877257e-02,-2.999942e+00,-1.499975e+00
3.877457e-02,-2.999489e+00,-1.499749e+00
3.877657e-02,-2.998563e+00,-1.499286e+00
3.877857e-02,-2.997164e+00,-1.498586e+00
3.878057e-02,-2.995292e+00,-1.497651e+00
3.878257e-02,-2.992948e+00,-1.496478e+00
3.878457e-02,-2.990131e+00,-1.495070e+00
3.878657e-02,-2.986843e+00,-1.493426e+00
3.878857e-02,-2.983084e+00,-1.491547e+00
3.879057e-02,-2.978854e+00,-1.489432e+00
3.879257e-02,-2.974154e+00,-1.487082e+00
3.879457e-02,-2.968985e+00,-1.484497e+00
3.879657e-02,-2.963348e+00,-1.481678e+00
3.879857e-02,-2.957243e+00,-1.478626e+00
3.880057e-02,-2.950672e+00,-1.475340e+00
3.880257e-02,-2.943635e+00,-1.471822e+00
3.880457e-02,-2.936134e+00,-1.468071e+00
3.880657e-02,-2.928170e+00,-1.464089e+00
3.880857e-02,-2.919743e+00,-1.459876e+00
3.881057e-02,-2.910856e+00,-1.455433e+00
3.881257e-02,-2.901510e+00,-1.450760e+00
3.881457e-02,-2.891707e+00,-1.445858e+00
3.881657e-02,-2.881447e+00,-1.440728e+00
3.881857e-02,-2.870732e+00,-1.435370e+00
3.882057e-02,-2.859565e+00,-1.429787e+00
3.882257e-02,-2.847946e+00,-1.423977e+00
3.882457e-02,-2.835879e+00,-1.417944e+00
3.882657e-02,-2.823364e+00,-1.411686e+00
3.882857e-02,-2.810403e+00,-1.405206e+00
3.883057e-02,-2.796999e+00,-1.398504e+00
3.883257e-02,-2.783154e+00,-1.391581e+00
3.883457e-02,-2.768870e+00,-1.384439e+00
3.883657e-02,-2.754149e+00,-1.377079e+00
3.883857e-02,-2.738994e+00,-1.369501e+00
3.884057e-02,-2.723406e+00,-1.361707e+00
3.884257e-02,-2.707389e+00,-1.353699e+00
3.884457e-02,-2.690945e+00,-1.345477e+00
3.884657e-02,-2.674076e+00,-1.337042e+00
3.884857e-02,-2.656786e+00,-1.328397e+00
3.885057e-02,-2.639076e+00,-1.319542e+00
3.885257e-02,-2.620950e+00,-1.310479e+00
3.885457e-02,-2.602411e+00,-1.301209e+00
3.885657e-02,-2.583461e+00,-1.291734e+00
3.885857e-02,-2.564104e+00,-1.282056e+00
3.886057e-02,-2.544342e+00,-1.272175e+00
3.886257e-02,-2.524178e+00,-1.262093e+00
3.886457e-02,-2.503617e+00,-1.251812e+00
3.886657e-02,-2.482660e+00,-1.241334e+00
3.886857e-02,-2.461312e+00,-1.230660e+00
3.887057e-02,-2.439576e+00,-1.219792e+00
3.887257e-02,-2.417455e+00,-1.208731e+00
3.887457e-02,-2.394952e+00,-1.197480e+00
3.887657e-02,-2.372072e+00,-1.186039e+00
3.887857e-02,-2.348817e+00,-1.174412e+00
3.888057e-02,-2.325192e+00,-1.162599e+00
3.888257e-02,-2.301200e+00,-1.150603e+00
3.888457e-02,-2.276845e+00,-1.138426e+00
3.888657e-02,-2.252131e+00,-1.126069e+00
3.888857e-02,-2.227061e+00,-1.113534e+00
3.889057e-02,-2.201641e+00,-1.100824e+00
3.889257e-02,-2.175873e+00,-1.087940e+00
3.889457e-02,-2.149761e+00,-1.074884e+00
3.889657e-02,-2.123311e+00,-1.061659e+00
3.889857e-02,-2.096525e+00,-1.048266e+00
3.890057e-02,-2.069409e+00,-1.034708e+00
3.890257e-02,-2.041967e+00,-1.020986e+00
3.890457e-02,-2.014202e+00,-1.007104e+00
3.890657e-02,-1.986120e+00,-9.930628e-01
3.890857e-02,-1.957724e+00,-9.788649e-01
3.891057e-02,-1.929019e+00,-9.645126e-01
3.891257e-02,-1.900010e+00,-9.500081e-01
3.891457e-02,-1.870702e+00,-9.353537e-01
3.891657e-02,-1.841098e+00,-9.205518e-01
3.891857e-02,-1.811204e+00,-9.056047e-01
3.892057e-02,-1.781024e+00,-8.905147e-01
3.892257e-02,-1.750563e+00,-8.752843e-01
3.892457e-02,-1.719826e+00,-8.599157e-01
3.892657e-02,-1.688818e+00,-8.444116e-01
3.892857e-02,-1.657543e+00,-8.287742e-01
3.893057e-02,-1.626007e+00,-8.130060e-01
3.893257e-02,-1.594214e+00,-7.971096e-01
3.893457e-02,-1.562170e+00,-7.810875e-01
3.893657e-02,-1.529880e+00,-7.649421e-01
3.893857e-02,-1.497348e+00,-7.486761e-01
3.894057e-02,-1.464580e+00,-7.322920e-01
3.894257e-02,-1.431580e+00,-7.157923e-01
3.894457e-02,-1.398355e+00,-6.991798e-01
3.894657e-02,-1.364910e+00,-6.824569e-01
3.894857e-02,-1.331249e+00,-6.656264e-01
3.895057e-02,-1.297378e+00,-6.486908e-01
3.895257e-02,-1.263302e+00,-6.316530e-01
3.895457e-02,-1.229027e+00,-6.145155e-01
3.895657e-02,-1.194558e+00,-5.972810e-01
3.895857e-02,-1.159901e+00,-5.799524e-01
3.896057e-02,-1.125061e+00,-5.625322e-01
3.896257e-02,-1.090043e+00,-5.450233e-01
3.896457e-02,-1.054854e+00,-5.274284e-01
3.896657e-02,-1.019498e+00,-5.097504e-01
3.896857e-02,-9.839808e-01,-4.919919e-01
3.897057e-02,-9.483087e-01,-4.741558e-01
3.897257e-02,-9.124870e-01,-4.562449e-01
3.897457e-02,-8.765214e-01,-4.382620e-01
3.897657e-02,-8.404175e-01,-4.202100e-01
3.897857e-02,-8.041810e-01,-4.020917e-01
3.898057e-02,-7.678176e-01,-3.839100e-01
3.898257e-02,-7.313331e-01,-3.656677e-01
3.898457e-02,-6.947333e-01,-3.473677e-01
3.898657e-02,-6.580239e-01,-3.290129e-01
3.898857e-02,-6.212106e-01,-3.106062e-01
3.899057e-02,-5.842994e-01,-2.921506e-01
3.899257e-02,-5.472960e-01,-2.736488e-01
3.899457e-02,-5.102062e-01,-2.551039e-01
3.899657e-02,-4.730360e-01,-2.365187e-01
3.899857e-02,-4.357911e-01,-2.178962e-01
3.900057e-02,-3.984775e-01,-1.992394e-01
3.900257e-02,-3.611010e-01,-1.805511e-01
3.900457e-02,-3.236676e-01,-1.618343e-01
3.900657e-02,-2.861831e-01,-1.430920e-01
3.900857e-02,-2.486535e-01,-1.243271e-01
3.901057e-02,-2.110846e-01,-1.055426e-01
3.901257e-02,-1.734825e-01,-8.674149e-02
3.901457e-02,-1.358529e-01,-6.792667e-02
3.901657e-02,-9.820198e-02,-4.910114e-02
3.901857e-02,-6.053553e-02,-3.026786e-02
3.902057e-02,-2.285953e-02,-1.142980e-02
3.902257e-02,1.482008e-02,7.410060e-03
3.902457e-02,5.249734e-02,2.624875e-02
3.902657e-02,9.016633e-02,4.508330e-02
3.902857e-02,1.278211e-01,6.391074e-02
3.903057e-02,1.654557e-01,8.272809e-02
3.903257e-02,2.030642e-01,1.015324e-01
3.903457e-02,2.406406e-01,1.203207e-01
3.903657e-02,2.781792e-01,1.390900e-01
3.903857e-02,3.156738e-01,1.578374e-01
3.904057e-02,3.531186e-01,1.765598e-01
3.904257e-02,3.905077e-01,1.952544e-01
3.904457e-02,4.278352e-01,2.139183e-01
3.904657e-02,4.650952e-01,2.325483e-01
3.904857e-02,5.022819e-01,2.511417e-01
3.905057e-02,5.393893e-01,2.696955e-01
3.905257e-02,5.764116e-01,2.882067e-01
3.905457e-02,6.133430e-01,3.066724e-01
3.905657e-02,6.501777e-01,3.250898e-01
3.905857e-02,6.869097e-01,3.434559e-01
3.906057e-02,7.235335e-01,3.617678e-01
3.906257e-02,7.600430e-01,3.800227e-01
3.906457e-02,7.964327e-01,3.982176e-01
3.906657e-02,8.326967e-01,4.163496e-01
3.906857e-02,8.688294e-01,4.344160e-01
3.907057e-02,9.048250e-01,4.524139e-01
3.907257e-02,9.406779e-01,4.703404e-01
3.907457e-02,9.763824e-01,4.881927e-01
3.907657e-02,1.011933e+00,5.059680e-01
3.907857e-02,1.047324e+00,5.236634e-01
3.908057e-02,1.082549e+00,5.412763e-01
3.908257e-02,1.117604e+00,5.588038e-01
3.908457e-02,1.152483e+00,5.762431e-01
3.908657e-02,1.187179e+00,5.935915e-01
3.908857e-02,1.221689e+00,6.108463e-01
3.909057e-02,1.256006e+00,6.280047e-01
3.909257e-02,1.290124e+00,6.450640e-01
3.909457e-02,1.324039e+00,6.620216e-01
3.909657e-02,1.357745e+00,6.788748e-01
3.909857e-02,1.391237e+00,6.956208e-01
3.910057e-02,1.424510e+00,7.122571e-01
3.910257e-02,1.457558e+00,7.287811e-01
3.910457e-02,1.490376e+00,7.451901e-01
3.910657e-02,1.522959e+00,7.614815e-01
3.910857e-02,1.555301e+00,7.776529e-01
3.911057e-02,1.587398e+00,7.937015e-01
3.911257e-02,1.619245e+00,8.096249e-01
3.911457e-02,1.650836e+00,8.254207e-01
3.911657e-02,1.682167e+00,8.410862e-01
3.911857e-02,1.713233e+00,8.566190e-01
3.912057e-02,1.744028e+00,8.720167e-01
3.912257e-02,1.774548e+00,8.872768e-01
3.912457e-02,1.804788e+00,9.023969e-01
3.912657e-02,1.834744e+00,9.173747e-01
3.912857e-02,1.864410e+00,9.322078e-01
3.913057e-02,1.893782e+00,9.468939e-01
3.913257e-02,1.922855e+00,9.614305e-01
3.913457e-02,1.951625e+00,9.758155e-01
3.913657e-02,1.980087e+00,9.900465e-01
3.913857e-02,2.008237e+00,1.004121e+00
3.914057e-02,2.036070e+00,1.018038e+00
3.914257e-02,2.063581e+00,1.031794e+00
3.914457e-02,2.090767e+00,1.045387e+00
3.914657e-02,2.117624e+00,1.058815e+00
3.914857e-02,2.144146e+00,1.072076e+00
3.915057e-02,2.170330e+00,1.085168e+00
3.915257e-02,2.196172e+00,1.098089e+00
3.915457e-02,2.221667e+00,1.110837e+00
3.915657e-02,2.246811e+00,1.123409e+00
3.915857e-02,2.271602e+00,1.135804e+00
3.916057e-02,2.296034e+00,1.148020e+00
3.916257e-02,2.320103e+00,1.160055e+00
3.916457e-02,2.343807e+00,1.171907e+00
3.916657e-02,2.367141e+00,1.183574e+00
3.916857e-02,2.390102e+00,1.195054e+00
3.917057e-02,2.412685e+00,1.206346e+00
3.917257e-02,2.434888e+00,1.217448e+00
3.917457e-02,2.456707e+00,1.228357e+00
3.917657e-02,2.478138e+00,1.239073e+00
3.917857e-02,2.499178e+00,1.249593e+00
3.918057e-02,2.519824e+00,1.259916e+00
3.918257e-02,2.540073e+00,1.270040e+00
3.918457e-02,2.559921e+00,1.279964e+00
3.918657e-02,2.579365e+00,1.289686e+00
3.918857e-02,2.598402e+00,1.299205e+00
3.919057e-02,2.617029e+00,1.308519e+00
3.919257e-02,2.635244e+00,1.317626e+00
3.919457e-02,2.653042e+00,1.326525e+00
3.919657e-02,2.670423e+00,1.335215e+00
3.919857e-02,2.687381e+00,1.343695e+00
3.920057e-02,2.703916e+00,1.351962e+00
3.920257e-02,2.720025e+00,1.360017e+00
3.920457e-02,2.735704e+00,1.367856e+00
3.920657e-02,2.750952e+00,1.375480e+00
3.920857e-02,2.765766e+00,1.382887e+00
3.921057e-02,2.780143e+00,1.390076e+00
3.921257e-02,2.794082e+00,1.397045e+00
3.921457e-02,2.807580e+00,1.403794e+00
3.921657e-02,2.820636e+00,1.410322e+00
3.921857e-02,2.833246e+00,1.416627e+00
3.922057e-02,2.845409e+00,1.422709e+00
3.922257e-02,2.857124e+00,1.428566e+00
3.922457e-02,2.868387e+00,1.434198e+00
3.922657e-02,2.879199e+00,1.439604e+00
3.922857e-02,2.889556e+00,1.444782e+00
3.923057e-02,2.899457e+00,1.449733e+00
3.923257e-02,2.908901e+00,1.454455e+00
3.923457e-02,2.917886e+00,1.458947e+00
3.923657e-02,2.926410e+00,1.463210e+00
3.923857e-02,2.934473e+00,1.467241e+00
3.924057e-02,2.942074e+00,1.471041e+00
3.924257e-02,2.949210e+00,1.474609e+00
3.924457e-02,2.955880e+00,1.477945e+00
3.924657e-02,2.962085e+00,1.481047e+00
3.924857e-02,2.967822e+00,1.483915e+00
3.925057e-02,2.973091e+00,1.486550e+00
3.925257e-02,2.977891e+00,1.488950e+00
3.925457e-02,2.982221e+00,1.491115e+00
3.925657e-02,2.986081e+00,1.493045e+00
3.925857e-02,2.989469e+00,1.494739e+00
3.926057e-02,2.992387e+00,1.496198e+00
3.926257e-02,2.994832e+00,1.497420e+00
3.926457e-02,2.996804e+00,1.498407e+00
3.926657e-02,2.998304e+00,1.499157e+00
3.926857e-02,2.999331e+00,1.499670e+00
3.927057e-02,2.999885e+00,1.499947e+00
3.927257e-02,2.999965e+00,1.499987e+00
3.927457e-02,2.999572e+00,1.499791e+00
3.927657e-02,2.998707e+00,1.499358e+00
3.927857e-02,2.997368e+00,1.498688e+00
3.928057e-02,2.995556e+00,1.497782e+00
3.928257e-02,2.993271e+00,1.496640e+00
3.928457e-02,2.990515e+00,1.495262e+00
3.928657e-02,2.987286e+00,1.493648e+00
3.928857e-02,2.983587e+00,1.491798e+00
3.929057e-02,2.979417e+00,1.489713e+00
3.929257e-02,2.974776e+00,1.487393e+00
3.929457e-02,2.969667e+00,1.484838e+00
3.929657e-02,2.964089e+00,1.482049e+00
3.929857e-02,2.958043e+00,1.479026e+00
3.930057e-02,2.951531e+00,1.475770e+00
3.930257e-02,2.944553e+00,1.472281e+00
3.930457e-02,2.937111e+00,1.468560e+00
3.930657e-02,2.929205e+00,1.464607e+00
3.930857e-02,2.920837e+00,1.460423e+00
3.931057e-02,2.912009e+00,1.456009e+00
3.931257e-02,2.902721e+00,1.451365e+00
3.931457e-02,2.892975e+00,1.446492e+00
3.931657e-02,2.882773e+00,1.441391e+00
3.931857e-02,2.872116e+00,1.436062e+00
3.932057e-02,2.861006e+00,1.430507e+00
3.932257e-02,2.849445e+00,1.424727e+00
3.932457e-02,2.837434e+00,1.418721e+00
3.932657e-02,2.824975e+00,1.412492e+00
3.932857e-02,2.812071e+00,1.406040e+00
3.933057e-02,2.798723e+00,1.399366e+00
3.933257e-02,2.784934e+00,1.392471e+00
3.933457e-02,2.770706e+00,1.385357e+00
3.933657e-02,2.756040e+00,1.378024e+00
3.933857e-02,2.740940e+00,1.370474e+00
3.934057e-02,2.725407e+00,1.362707e+00
3.934257e-02,2.709444e+00,1.354726e+00
3.934457e-02,2.693054e+00,1.346531e+00
3.934657e-02,2.676239e+00,1.338123e+00
3.934857e-02,2.659002e+00,1.329505e+00
3.935057e-02,2.641345e+00,1.320677e+00
3.935257e-02,2.623272e+00,1.311640e+00
3.935457e-02,2.604785e+00,1.302396e+00
3.935657e-02,2.585887e+00,1.292947e+00
3.935857e-02,2.566581e+00,1.283294e+00
3.936057e-02,2.546870e+00,1.273439e+00
3.936257e-02,2.526757e+00,1.263382e+00
3.936457e-02,2.506246e+00,1.253127e+00
3.936657e-02,2.485339e+00,1.242673e+00
3.936857e-02,2.464041e+00,1.232024e+00
3.937057e-02,2.442353e+00,1.221180e+00
3.937257e-02,2.420281e+00,1.210144e+00
3.937457e-02,2.397826e+00,1.198917e+00
3.937657e-02,2.374994e+00,1.187500e+00
3.937857e-02,2.351786e+00,1.175897e+00
3.938057e-02,2.328208e+00,1.164107e+00
3.938257e-02,2.304262e+00,1.152135e+00
3.938457e-02,2.279953e+00,1.139980e+00
3.938657e-02,2.255284e+00,1.127646e+00
3.938857e-02,2.230260e+00,1.115133e+00
3.939057e-02,2.204883e+00,1.102445e+00
3.939257e-02,2.179159e+00,1.089583e+00
3.939457e-02,2.153091e+00,1.076549e+00
3.939657e-02,2.126683e+00,1.063345e+00
3.939857e-02,2.099940e+00,1.049973e+00
3.940057e-02,2.072866e+00,1.036436e+00
3.940257e-02,2.045465e+00,1.022735e+00
3.940457e-02,2.017740e+00,1.008873e+00
3.940657e-02,1.989698e+00,9.948520e-01
3.940857e-02,1.961342e+00,9.806739e-01
3.941057e-02,1.932676e+00,9.663410e-01
3.941257e-02,1.903706e+00,9.518557e-01
3.941457e-02,1.874435e+00,9.372202e-01
3.941657e-02,1.844868e+00,9.224369e-01
3.941857e-02,1.815011e+00,9.075080e-01
3.942057e-02,1.784867e+00,8.924360e-01
3.942257e-02,1.754441e+00,8.772233e-01
3.942457e-02,1.723739e+00,8.618721e-01
3.942657e-02,1.692765e+00,8.463850e-01
3.942857e-02,1.661524e+00,8.307643e-01
3.943057e-02,1.630020e+00,8.150126e-01
3.943257e-02,1.598260e+00,7.991324e-01
3.943457e-02,1.566247e+00,7.831260e-01
3.943657e-02,1.533988e+00,7.669962e-01
3.943857e-02,1.501486e+00,7.507453e-01
3.944057e-02,1.468748e+00,7.343760e-01
3.944257e-02,1.435777e+00,7.178908e-01
3.944457e-02,1.402581e+00,7.012924e-01
3.944657e-02,1.369163e+00,6.845834e-01
3.944857e-02,1.335529e+00,6.677664e-01
3.945057e-02,1.301684e+00,6.508440e-01
3.945257e-02,1.267634e+00,6.338190e-01
3.945457e-02,1.233384e+00,6.166940e-01
3.945657e-02,1.198940e+00,5.994717e-01
3.945857e-02,1.164306e+00,5.821548e-01
3.946057e-02,1.129489e+00,5.647461e-01
3.946257e-02,1.094493e+00,5.472483e-01
3.946457e-02,1.059325e+00,5.296642e-01
3.946657e-02,1.023990e+00,5.119965e-01
3.946857e-02,9.884932e-01,4.942481e-01
3.947057e-02,9.528405e-01,4.764217e-01
3.947257e-02,9.170374e-01,4.585201e-01
3.947457e-02,8.810897e-01,4.405462e-01
3.947657e-02,8.450030e-01,4.225028e-01
3.947857e-02,8.087830e-01,4.043927e-01
3.948057e-02,7.724355e-01,3.862189e-01
3.948257e-02,7.359660e-01,3.679841e-01
3.948457e-02,6.993805e-01,3.496913e-01
3.948657e-02,6.626846e-01,3.313433e-01
3.948857e-02,6.258842e-01,3.129430e-01
3.949057e-02,5.889851e-01,2.944934e-01
3.949257e-02,5.519930e-01,2.759973e-01
3.949457e-02,5.149139e-01,2.574577e-01
3.949657e-02,4.777535e-01,2.388775e-01
3.949857e-02,4.405178e-01,2.202596e-01
3.950057e-02,4.032126e-01,2.016069e-01
3.950257e-02,3.658438e-01,1.829224e-01
3.950457e-02,3.284173e-01,1.642091e-01
3.950657e-02,2.909389e-01,1.454699e-01
3.950857e-02,2.534147e-01,1.267077e-01
3.951057e-02,2.158505e-01,1.079256e-01
3.951257e-02,1.782522e-01,8.912636e-02
3.951457e-02,1.406258e-01,7.031312e-02
3.951657e-02,1.029772e-01,5.148877e-02
3.951857e-02,6.531242e-02,3.265631e-02
3.952057e-02,2.763731e-02,1.381869e-02
3.952257e-02,-1.004217e-02,-5.021100e-03
3.952457e-02,-4.772006e-02,-2.386010e-02
3.952657e-02,-8.539043e-02,-4.269534e-02
3.952857e-02,-1.230473e-01,-6.152385e-02
3.953057e-02,-1.606848e-01,-8.034264e-02
3.953257e-02,-1.982969e-01,-9.914877e-02
3.953457e-02,-2.358778e-01,-1.179393e-01
3.953657e-02,-2.734214e-01,-1.367111e-01
3.953857e-02,-3.109220e-01,-1.554614e-01
3.954057e-02,-3.483734e-01,-1.741872e-01
3.954257e-02,-3.857699e-01,-1.928855e-01
3.954457e-02,-4.231056e-01,-2.115534e-01
3.954657e-02,-4.603745e-01,-2.301879e-01
3.954857e-02,-4.975708e-01,-2.487861e-01
3.955057e-02,-5.346885e-01,-2.673451e-01
3.955257e-02,-5.717220e-01,-2.858618e-01
3.955457e-02,-6.086652e-01,-3.043335e-01
3.955657e-02,-6.455125e-01,-3.227572e-01
3.955857e-02,-6.822579e-01,-3.411300e-01
3.956057e-02,-7.188956e-01,-3.594489e-01
3.956257e-02,-7.554200e-01,-3.777111e-01
3.956457e-02,-7.918252e-01,-3.959138e-01
3.956657e-02,-8.281055e-01,-4.140540e-01
3.956857e-02,-8.642551e-01,-4.321289e-01
3.957057e-02,-9.002685e-01,-4.501356e-01
3.957257e-02,-9.361398e-01,-4.680713e-01
3.957457e-02,-9.718634e-01,-4.859331e-01
3.957657e-02,-1.007434e+00,-5.037184e-01
3.957857e-02,-1.042845e+00,-5.214241e-01
3.958057e-02,-1.078092e+00,-5.390476e-01
3.958257e-02,-1.113169e+00,-5.565860e-01
3.958457e-02,-1.148070e+00,-5.740367e-01
3.958657e-02,-1.182790e+00,-5.913968e-01
3.958857e-02,-1.217324e+00,-6.086636e-01
3.959057e-02,-1.251665e+00,-6.258344e-01
3.959257e-02,-1.285809e+00,-6.429064e-01
3.959457e-02,-1.319750e+00,-6.598771e-01
3.959657e-02,-1.353483e+00,-6.767436e-01
3.959857e-02,-1.387003e+00,-6.935034e-01
3.960057e-02,-1.420303e+00,-7.101538e-01
3.960257e-02,-1.453380e+00,-7.266921e-01
3.960457e-02,-1.486227e+00,-7.431158e-01
3.960657e-02,-1.518840e+00,-7.594223e-01
3.960857e-02,-1.551213e+00,-7.756090e-01
3.961057e-02,-1.583342e+00,-7.916734e-01
3.961257e-02,-1.615221e+00,-8.076128e-01
3.961457e-02,-1.646845e+00,-8.234249e-01
3.961657e-02,-1.678209e+00,-8.391070e-01
3.961857e-02,-1.709308e+00,-8.546568e-01
3.962057e-02,-1.740138e+00,-8.700717e-01
3.962257e-02,-1.770694e+00,-8.853494e-01
3.962457e-02,-1.800970e+00,-9.004875e-01
3.962657e-02,-1.830961e+00,-9.154835e-01
3.962857e-02,-1.860664e+00,-9.303350e-01
3.963057e-02,-1.890074e+00,-9.450398e-01
3.963257e-02,-1.919185e+00,-9.595956e-01
3.963457e-02,-1.947994e+00,-9.739999e-01
3.963657e-02,-1.976495e+00,-9.882506e-01
3.963857e-02,-2.004685e+00,-1.002345e+00
3.964057e-02,-2.032558e+00,-1.016282e+00
3.964257e-02,-2.060111e+00,-1.030058e+00
3.964457e-02,-2.087338e+00,-1.043672e+00
3.964657e-02,-2.114237e+00,-1.057121e+00
3.964857e-02,-2.140801e+00,-1.070404e+00
3.965057e-02,-2.167029e+00,-1.083518e+00
3.965257e-02,-2.192914e+00,-1.096460e+00
3.965457e-02,-2.218453e+00,-1.109230e+00
3.965657e-02,-2.243643e+00,-1.121825e+00
3.965857e-02,-2.268478e+00,-1.134242e+00
3.966057e-02,-2.292956e+00,-1.146481e+00
3.966257e-02,-2.317071e+00,-1.158539e+00
3.966457e-02,-2.340822e+00,-1.170414e+00
3.966657e-02,-2.364203e+00,-1.182105e+00
3.966857e-02,-2.387211e+00,-1.193609e+00
3.967057e-02,-2.409842e+00,-1.204925e+00
3.967257e-02,-2.432094e+00,-1.216051e+00
3.967457e-02,-2.453962e+00,-1.226984e+00
3.967657e-02,-2.475442e+00,-1.237725e+00
3.967857e-02,-2.496532e+00,-1.248270e+00
3.968057e-02,-2.517228e+00,-1.258618e+00
3.968257e-02,-2.537528e+00,-1.268768e+00
3.968457e-02,-2.557426e+00,-1.278717e+00
3.968657e-02,-2.576922e+00,-1.288465e+00
3.968857e-02,-2.596011e+00,-1.298009e+00
3.969057e-02,-2.614690e+00,-1.307349e+00
3.969257e-02,-2.632957e+00,-1.316482e+00
3.969457e-02,-2.650809e+00,-1.325408e+00
3.969657e-02,-2.668242e+00,-1.334125e+00
3.969857e-02,-2.685254e+00,-1.342631e+00
3.970057e-02,-2.701843e+00,-1.350926e+00
3.970257e-02,-2.718006e+00,-1.359007e+00
3.970457e-02,-2.733740e+00,-1.366874e+00
3.970657e-02,-2.749042e+00,-1.374525e+00
3.970857e-02,-2.763911e+00,-1.381960e+00
3.971057e-02,-2.778344e+00,-1.389176e+00
3.971257e-02,-2.792339e+00,-1.396174e+00
3.971457e-02,-2.805893e+00,-1.402951e+00
3.971657e-02,-2.819005e+00,-1.409507e+00
3.971857e-02,-2.831672e+00,-1.415840e+00
3.972057e-02,-2.843892e+00,-1.421950e+00
3.972257e-02,-2.855663e+00,-1.427836e+00
3.972457e-02,-2.866984e+00,-1.433496e+00
3.972657e-02,-2.877853e+00,-1.438931e+00
3.972857e-02,-2.888268e+00,-1.444138e+00
3.973057e-02,-2.898227e+00,-1.449118e+00
3.973257e-02,-2.907729e+00,-1.453869e+00
3.973457e-02,-2.916772e+00,-1.458390e+00
3.973657e-02,-2.925355e+00,-1.462682e+00
3.973857e-02,-2.933477e+00,-1.466743e+00
3.974057e-02,-2.941135e+00,-1.470572e+00
3.974257e-02,-2.948330e+00,-1.474170e+00
3.974457e-02,-2.955060e+00,-1.477535e+00
3.974657e-02,-2.961324e+00,-1.480666e+00
3.974857e-02,-2.967120e+00,-1.483565e+00
3.975057e-02,-2.972449e+00,-1.486229e+00
3.975257e-02,-2.977308e+00,-1.488659e+00
3.975457e-02,-2.981698e+00,-1.490853e+00
3.975657e-02,-2.985617e+00,-1.492813e+00
3.975857e-02,-2.989066e+00,-1.494537e+00
3.976057e-02,-2.992043e+00,-1.496026e+00
3.976257e-02,-2.994548e+00,-1.497278e+00
3.976457e-02,-2.996580e+00,-1.498295e+00
3.976657e-02,-2.998140e+00,-1.499075e+00
3.976857e-02,-2.999227e+00,-1.499618e+00
3.977057e-02,-2.999841e+00,-1.499925e+00
3.977257e-02,-2.999981e+00,-1.499995e+00
3.977457e-02,-2.999648e+00,-1.499829e+00
3.977657e-02,-2.998843e+00,-1.499426e+00
3.977857e-02,-2.997564e+00,-1.498786e+00
3.978057e-02,-2.995812e+00,-1.497910e+00
3.978257e-02,-2.993587e+00,-1.496798e+00
3.978457e-02,-2.990890e+00,-1.495450e+00
3.978657e-02,-2.987722e+00,-1.493865e+00
3.978857e-02,-2.984082e+00,-1.492045e+00
3.979057e-02,-2.979971e+00,-1.489990e+00
3.979257e-02,-2.975391e+00,-1.487700e+00
3.979457e-02,-2.970341e+00,-1.485175e+00
3.979657e-02,-2.964822e+00,-1.482415e+00
3.979857e-02,-2.958836e+00,-1.479422e+00
3.980057e-02,-2.952383e+00,-1.476196e+00
3.980257e-02,-2.945464e+00,-1.472736e+00
3.980457e-02,-2.938080e+00,-1.469044e+00
3.980657e-02,-2.930233e+00,-1.465121e+00
3.980857e-02,-2.921924e+00,-1.460966e+00
3.981057e-02,-2.913154e+00,-1.456581e+00
3.981257e-02,-2.903924e+00,-1.451966e+00
3.981457e-02,-2.894236e+00,-1.447122e+00
3.981657e-02,-2.884092e+00,-1.442050e+00
3.981857e-02,-2.873492e+00,-1.436751e+00
3.982057e-02,-2.862440e+00,-1.431224e+00
3.982257e-02,-2.850935e+00,-1.425472e+00
3.982457e-02,-2.838982e+00,-1.419495e+00
3.982657e-02,-2.826580e+00,-1.413294e+00
3.982857e-02,-2.813732e+00,-1.406870e+00
3.983057e-02,-2.800440e+00,-1.400224e+00
3.983257e-02,-2.786707e+00,-1.393358e+00
3.983457e-02,-2.772534e+00,-1.386271e+00
3.983657e-02,-2.757924e+00,-1.378966e+00
3.983857e-02,-2.742878e+00,-1.371443e+00
3.984057e-02,-2.727400e+00,-1.363704e+00
3.984257e-02,-2.711492e+00,-1.355750e+00
3.984457e-02,-2.695156e+00,-1.347582e+00
3.984657e-02,-2.678395e+00,-1.339201e+00
3.984857e-02,-2.661211e+00,-1.330609e+00
3.985057e-02,-2.643607e+00,-1.321808e+00
3.985257e-02,-2.625587e+00,-1.312797e+00
3.985457e-02,-2.607152e+00,-1.303580e+00
3.985657e-02,-2.588306e+00,-1.294157e+00
3.985857e-02,-2.569051e+00,-1.284529e+00
3.986057e-02,-2.549392e+00,-1.274700e+00
3.986257e-02,-2.529330e+00,-1.264669e+00
3.986457e-02,-2.508869e+00,-1.254438e+00
3.986657e-02,-2.488012e+00,-1.244010e+00
3.986857e-02,-2.466763e+00,-1.233385e+00
3.987057e-02,-2.445125e+00,-1.222566e+00
3.987257e-02,-2.423101e+00,-1.211554e+00
3.987457e-02,-2.400695e+00,-1.200351e+00
3.987657e-02,-2.377910e+00,-1.188958e+00
3.987857e-02,-2.354750e+00,-1.177378e+00
3.988057e-02,-2.331218e+00,-1.165613e+00
3.988257e-02,-2.307319e+00,-1.153663e+00
3.988457e-02,-2.283056e+00,-1.141531e+00
3.988657e-02,-2.258432e+00,-1.129219e+00
3.988857e-02,-2.233453e+00,-1.116730e+00
3.989057e-02,-2.208121e+00,-1.104064e+00
3.989257e-02,-2.182440e+00,-1.091223e+00
3.989457e-02,-2.156416e+00,-1.078211e+00
3.989657e-02,-2.130051e+00,-1.065029e+00
3.989857e-02,-2.103350e+00,-1.051678e+00
3.990057e-02,-2.076317e+00,-1.038162e+00
3.990257e-02,-2.048957e+00,-1.024482e+00
3.990457e-02,-2.021274e+00,-1.010640e+00
3.990657e-02,-1.993271e+00,-9.966387e-01
3.990857e-02,-1.964955e+00,-9.824803e-01
3.991057e-02,-1.936328e+00,-9.681669e-01
3.991257e-02,-1.907396e+00,-9.537008e-01
3.991457e-02,-1.878163e+00,-9.390843e-01
3.991657e-02,-1.848634e+00,-9.243196e-01
3.991857e-02,-1.818813e+00,-9.094090e-01
3.992057e-02,-1.788705e+00,-8.943551e-01
3.992257e-02,-1.758315e+00,-8.791600e-01
3.992457e-02,-1.727647e+00,-8.638263e-01
3.992657e-02,-1.696707e+00,-8.483562e-01
3.992857e-02,-1.665500e+00,-8.327524e-01
3.993057e-02,-1.634029e+00,-8.170172e-01
3.993257e-02,-1.602301e+00,-8.011531e-01
3.993457e-02,-1.570320e+00,-7.851626e-01
3.993657e-02,-1.538092e+00,-7.690482e-01
3.993857e-02,-1.505621e+00,-7.528126e-01
3.994057e-02,-1.472912e+00,-7.364581e-01
3.994257e-02,-1.439971e+00,-7.199875e-01
3.994457e-02,-1.406803e+00,-7.034034e-01
3.994657e-02,-1.373412e+00,-6.867082e-01
3.994857e-02,-1.339805e+00,-6.699048e-01
3.995057e-02,-1.305987e+00,-6.529956e-01
3.995257e-02,-1.271963e+00,-6.359834e-01
3.995457e-02,-1.237738e+00,-6.188710e-01
3.995657e-02,-1.203318e+00,-6.016608e-01
3.995857e-02,-1.168708e+00,-5.843558e-01
3.996057e-02,-1.133914e+00,-5.669586e-01
3.996257e-02,-1.098941e+00,-5.494719e-01
3.996457e-02,-1.063794e+00,-5.318986e-01
3.996657e-02,-1.028480e+00,-5.142414e-01
3.996857e-02,-9.930031e-01,-4.965030e-01
3.997057e-02,-9.573698e-01,-4.786863e-01
3.997257e-02,-9.215855e-01,-4.607941e-01
3.997457e-02,-8.856558e-01,-4.428292e-01
3.997657e-02,-8.495864e-01,-4.247945e-01
3.997857e-02,-8.133830e-01,-4.066927e-01
3.998057e-02,-7.770513e-01,-3.885268e-01
3.998257e-02,-7.405970e-01,-3.702996e-01
3.998457e-02,-7.040259e-01,-3.520140e-01
3.998657e-02,-6.673437e-01,-3.336728e-01
3.998857e-02,-6.305562e-01,-3.152791e-01
3.999057e-02,-5.936693e-01,-2.968355e-01
3.999257e-02,-5.566887e-01,-2.783452e-01
3.999457e-02,-5.196203e-01,-2.598109e-01
3.999657e-02,-4.824699e-01,-2.412357e-01
3.999857e-02,-4.452434e-01,-2.226224e-01
4.000057e-02,-4.079467e-01,-2.039740e-01
